TIME,NAME,ADDRESS,RSSI/SIGNAL
2026-08-20 13:57:56.506416,None,0D:DD:2D:80:3C:EE,-67
2026-08-20 13:57:56.610841,None,76:B1:0A:46:00:31,-75
2026-08-20 13:57:56.688600,113685_9C139E7A644C,9C:13:9E:7A:64:4E,-64
2026-08-20 13:57:56.705406,None,7F:AD:40:1A:EE:9E,-87
2026-08-20 13:57:56.717034,None,4A:AC:0B:C7:E1:70,-74
2026-08-20 13:57:56.773632,None,57:46:63:DE:7D:62,-87
2026-08-20 13:57:56.774152,None,FB:C0:68:94:33:70,-88
2026-08-20 13:57:56.784427,ResMed 223238,E8:E0:7E:34:BB:D4,-88
2026-08-20 13:57:56.840526,Peak Pro 01502,F0:AD:4E:40:19:D5,-85
2026-08-20 13:57:56.900071,None,61:CC:8D:F2:3A:71,-69
2026-08-20 13:57:56.915665,None,5F:E9:CA:B8:8E:E7,-71
2026-08-20 13:57:57.192737,Charge 4,F1:D1:F5:5E:21:37,-88
2026-08-20 13:57:57.340298,20HL39284591421094,48:87:2D:89:79:5D,-92
2026-08-20 13:57:57.414013,None,62:26:D2:78:87:B3,-90
2026-08-20 13:57:57.810751,None,CD:95:9B:D6:80:D4,-72
2026-08-20 13:57:58.226382,None,D3:5D:5D:4C:08:3D,-91
2026-08-20 13:57:58.615464,None,D6:E2:24:71:6A:FF,-95
2026-08-20 13:57:58.701887,[LG] webOS TV LR600BZUC,DC:EC:4F:D3:8E:A7,-97
2026-08-20 13:57:58.708292,None,C2:F9:18:4D:68:70,-71
2026-08-20 13:57:58.789411,MELK-OF21   5C,BE:28:03:00:20:5C,-97
2026-08-20 13:57:59.782862,None,40:FB:5B:99:77:DA,-96
2026-08-20 13:57:59.812420,None,6C:A0:F9:03:E3:C6,-94
2026-08-20 13:58:00.146579,Platco PR1,B4:CB:B8:1B:D4:50,-94
2026-08-20 13:58:00.455087,None,D7:3B:8C:76:07:08,-80
2026-08-20 13:58:00.527451,None,52:16:DB:40:E9:AB,-96
2026-08-20 13:58:43.892913,None,78:91:40:73:92:C5,-85
2026-08-20 13:58:46.038095,None,C3:B5:21:19:14:4C,-92
2026-08-20 13:59:28.712018,None,DB:75:D1:FA:F7:80,-95
2026-08-20 14:00:00.290893,None,CE:4E:CA:17:C0:63,-75
2026-08-20 14:00:01.017596,None,D0:FD:08:21:06:F5,-71
2026-08-20 14:00:12.951853,None,E3:BA:90:31:5C:D8,-83
2026-08-20 14:00:16.014231,None,74:B0:9B:3D:62:18,-93
2026-08-20 14:00:16.565434,None,D2:D6:AF:F9:B1:99,-94
2026-08-20 14:00:30.137469,None,FF:B4:AE:C5:8A:B8,-92
2026-08-20 14:00:42.163427,None,7C:F5:94:0C:18:2C,-98
2026-08-20 14:01:16.026875,None,DA:B3:F9:C9:CE:D8,-89
2026-08-20 14:01:16.037032,None,7B:12:19:D8:53:45,-91
2026-08-20 14:01:44.034380,None,77:F3:8C:38:74:DD,-93
2026-08-20 14:01:46.063451,None,E4:16:9B:39:8A:32,-92
2026-08-20 14:02:01.155398,None,69:9B:E4:78:DB:40,-72
2026-08-20 14:02:44.742536,None,D7:C4:58:12:53:CD,-96
2026-08-20 14:03:13.472493,None,67:25:E6:D3:FB:23,-87
2026-08-20 14:04:00.087309,None,D0:98:5F:2D:AE:9F,-93
2026-08-20 14:04:31.896403,None,DF:70:3D:2A:22:FD,-90
2026-08-20 14:04:57.704670,None,70:B0:8C:D5:B6:8C,-89
2026-08-20 14:05:12.661678,None,F7:65:48:76:C8:BB,-97
2026-08-20 14:07:42.739010,None,0B:BD:E8:E5:F2:AA,-64
2026-08-20 14:07:57.770255,None,5F:E9:CA:B8:8E:E7,-85
2026-08-20 14:07:57.771443,Peak Pro 01502,F0:AD:4E:40:19:D5,-91
2026-08-20 14:07:57.830769,ResMed 223238,E8:E0:7E:34:BB:D4,-84
2026-08-20 14:07:57.831933,113685_9C139E7A644C,9C:13:9E:7A:64:4E,-64
2026-08-20 14:07:57.989308,None,7F:AD:40:1A:EE:9E,-79
2026-08-20 14:07:58.347137,20HL39284591421094,48:87:2D:89:79:5D,-91
2026-08-20 14:07:58.394730,None,76:B1:0A:46:00:31,-75
2026-08-20 14:07:58.662303,None,4A:AC:0B:C7:E1:70,-78
2026-08-20 14:07:59.386414,[LG] webOS TV LR600BZUC,DC:EC:4F:D3:8E:A7,-96
2026-08-20 14:08:00.917180,Charge 4,F1:D1:F5:5E:21:37,-84
2026-08-20 14:08:13.629511,None,52:16:DB:40:E9:AB,-93
2026-08-20 14:08:13.786663,None,D7:3B:8C:76:07:08,-79
2026-08-20 14:08:15.002720,Platco PR1,B4:CB:B8:1B:D4:50,-83
2026-08-20 14:08:15.584437,None,40:FB:5B:99:77:DA,-94
2026-08-20 14:08:15.964836,MELK-OF21   5C,BE:28:03:00:20:5C,-98
2026-08-20 14:08:16.940742,20HL39284450541189,48:87:2D:86:05:3D,-95
2026-08-20 14:08:27.839877,None,4E:C2:CE:18:06:5F,-77
2026-08-20 14:08:43.012224,None,4C:1C:1D:F8:FF:CC,-79
2026-08-20 14:08:43.624859,None,4A:8B:EF:ED:32:E3,-79
2026-08-20 14:09:27.968328,None,7A:B6:4D:1D:10:5F,-96
2026-08-20 14:09:28.914041,None,44:C2:86:F7:B4:72,-96
2026-08-20 14:09:43.216736,None,50:C4:FE:A9:87:7A,-70
2026-08-20 14:09:44.119807,None,F4:E5:B4:2E:16:AA,-91
2026-08-20 14:09:46.996497,None,71:72:E8:64:B5:50,-96
2026-08-20 14:10:01.841343,None,CE:4E:CA:17:C0:63,-73
2026-08-20 14:10:02.155595,None,D0:FD:08:21:06:F5,-72
2026-08-20 14:10:02.337323,None,56:5C:90:48:45:A7,-97
2026-08-20 14:10:14.396314,None,E3:BA:90:31:5C:D8,-79
2026-08-20 14:10:17.308300,None,D2:D6:AF:F9:B1:99,-90
2026-08-20 14:10:59.670745,None,FF:B4:AE:C5:8A:B8,-90
2026-08-20 14:11:28.531225,None,7C:F5:94:0C:18:2C,-100
2026-08-20 14:11:44.433990,None,77:F3:8C:38:74:DD,-90
2026-08-20 14:11:59.764199,None,E4:16:9B:39:8A:32,-90
2026-08-20 14:12:47.122298,C2 Pro 1362,E8:06:41:9E:00:95,-94
2026-08-20 14:13:14.179931,None,67:25:E6:D3:FB:23,-86
2026-08-20 14:14:13.508864,None,7E:C3:A3:95:97:C3,-72
2026-08-20 14:14:58.758255,None,70:B0:8C:D5:B6:8C,-75
2026-08-20 14:15:00.405039,None,EC:70:1A:7D:34:DF,-77
2026-08-20 14:15:00.947352,None,C7:F6:89:5E:68:08,-81
2026-08-20 14:15:13.822830,None,7A:B8:7A:CD:A4:BB,-73
2026-08-20 14:15:14.202297,None,E0:66:9E:F3:26:31,-79
2026-08-20 14:15:16.561611,None,CD:5C:B7:9B:50:06,-88
2026-08-20 14:15:45.501525,None,5C:51:A7:CC:4C:6A,-98
2026-08-20 14:15:45.693683,None,57:83:97:60:B5:DF,-96
2026-08-20 14:15:45.953099,None,60:DE:55:74:2F:53,-100
2026-08-20 14:15:48.178732,None,E7:09:93:CF:7E:0B,-91
2026-08-20 14:17:15.585568,None,4A:E6:0C:4E:21:B1,-92
2026-08-20 14:17:43.909710,None,3D:00:68:19:36:4A,-64
2026-08-20 14:17:58.989477,Peak Pro 01502,F0:AD:4E:40:19:D5,-86
2026-08-20 14:17:59.161769,113685_9C139E7A644C,9C:13:9E:7A:64:4E,-66
2026-08-20 14:17:59.311227,ResMed 223238,E8:E0:7E:34:BB:D4,-89
2026-08-20 14:18:00.375818,None,68:43:15:C9:90:11,-96
2026-08-20 14:18:00.416622,20HL39284591421094,48:87:2D:89:79:5D,-89
2026-08-20 14:18:00.914443,[LG] webOS TV LR600BZUC,DC:EC:4F:D3:8E:A7,-96
2026-08-20 14:18:03.350980,Charge 4,F1:D1:F5:5E:21:37,-88
2026-08-20 14:18:14.403188,None,6D:A2:E4:A9:CF:C5,-89
2026-08-20 14:18:16.431166,None,CF:65:62:11:BE:FB,-99
2026-08-20 14:18:29.062745,None,D7:3B:8C:76:07:08,-79
2026-08-20 14:18:29.871263,Platco PR1,B4:CB:B8:1B:D4:50,-86
2026-08-20 14:18:44.201931,None,4A:8B:EF:ED:32:E3,-86
2026-08-20 14:18:44.214092,None,4C:1C:1D:F8:FF:CC,-80
2026-08-20 14:19:44.292868,None,50:C4:FE:A9:87:7A,-71
2026-08-20 14:19:46.653110,None,4E:C2:CE:18:06:5F,-79
2026-08-20 14:20:00.066247,MELK-OF21   5C,BE:28:03:00:20:5C,-95
2026-08-20 14:20:30.271338,None,F4:20:EA:71:0F:CE,-96
2026-08-20 14:20:59.973473,None,71:72:E8:64:B5:50,-95
2026-08-20 14:21:16.387509,None,D6:7D:E5:41:59:5C,-89
2026-08-20 14:21:29.561744,None,70:57:48:EE:E9:25,-94
2026-08-20 14:21:44.524148,None,77:F3:8C:38:74:DD,-91
2026-08-20 14:21:46.842066,None,52:04:82:B5:41:CA,-84
2026-08-20 14:23:15.747014,None,E0:C2:40:DB:40:44,-100
2026-08-20 14:23:15.802760,None,56:5C:90:48:45:A7,-98
2026-08-20 14:23:17.220175,20HL39284450541189,48:87:2D:86:05:3D,-94
2026-08-20 14:23:18.125983,None,FA:0D:2F:CE:18:51,-96
2026-08-20 14:25:01.766840,None,EC:70:1A:7D:34:DF,-73
2026-08-20 14:25:14.992811,None,7A:B8:7A:CD:A4:BB,-75
2026-08-20 14:25:15.907704,None,C7:F6:89:5E:68:08,-70
2026-08-20 14:25:17.665766,None,E0:66:9E:F3:26:31,-76
2026-08-20 14:25:29.973858,None,7D:34:DB:F4:36:8E,-86
2026-08-20 14:25:30.492430,None,CD:5C:B7:9B:50:06,-87
2026-08-20 14:25:47.947242,None,57:83:97:60:B5:DF,-99
2026-08-20 14:25:49.718304,None,06:EB:B7:C2:6D:C1,-98
2026-08-20 14:26:01.036276,None,60:DE:55:74:2F:53,-99
2026-08-20 14:26:17.157204,None,5C:51:A7:CC:4C:6A,-98
2026-08-20 14:26:45.691298,None,E7:09:93:CF:7E:0B,-96
2026-08-20 14:27:00.795327,None,47:32:46:1F:F5:47,-97
2026-08-20 14:27:15.763535,None,4A:E6:0C:4E:21:B1,-83
2026-08-20 14:27:32.328116,None,F8:4E:58:0B:C3:AF,-99
2026-08-20 14:27:32.580089,None,43:60:62:52:D7:80,-97
2026-08-20 14:27:32.748058,None,77:AB:06:FE:33:70,-99
2026-08-20 14:27:34.798445,None,1B:08:B4:65:76:56,-70
2026-08-20 14:28:00.170281,113685_9C139E7A644C,9C:13:9E:7A:64:4E,-65
2026-08-20 14:28:00.218680,Peak Pro 01502,F0:AD:4E:40:19:D5,-86
2026-08-20 14:28:00.481794,ResMed 223238,E8:E0:7E:34:BB:D4,-88
2026-08-20 14:28:01.034209,20HL39284591421094,48:87:2D:89:79:5D,-89
2026-08-20 14:28:04.244961,[LG] webOS TV LR600BZUC,DC:EC:4F:D3:8E:A7,-96
2026-08-20 14:28:04.325416,Charge 4,F1:D1:F5:5E:21:37,-95
2026-08-20 14:28:15.244766,None,6D:A2:E4:A9:CF:C5,-86
2026-08-20 14:28:18.061316,None,CF:65:62:11:BE:FB,-97
2026-08-20 14:28:30.556774,None,D7:3B:8C:76:07:08,-79
2026-08-20 14:28:45.387472,None,4C:1C:1D:F8:FF:CC,-78
2026-08-20 14:28:46.872321,None,4A:8B:EF:ED:32:E3,-76
2026-08-20 14:28:50.228860,Platco PR1,B4:CB:B8:1B:D4:50,-86
2026-08-20 14:29:34.085429,None,F7:8E:A0:47:F0:C8,-92
2026-08-20 14:29:45.564548,None,50:C4:FE:A9:87:7A,-72
2026-08-20 14:29:47.413254,None,44:FB:F0:BC:F2:64,-92
2026-08-20 14:29:48.997831,None,4A:84:1C:37:0E:66,-83
2026-08-20 14:29:49.005543,None,4C:FD:47:F9:41:6E,-86
2026-08-20 14:30:00.990260,None,FB:A5:AE:B7:8F:A3,-86
2026-08-20 14:30:01.378222,None,F9:B4:2C:DF:1B:9F,-92
2026-08-20 14:30:02.308200,None,FE:36:6B:5B:24:87,-69
2026-08-20 14:30:02.374345,None,D1:E8:F5:DC:54:47,-79
2026-08-20 14:30:04.283524,None,C4:72:5A:2C:DE:BA,-85
2026-08-20 14:30:16.563142,None,CA:AF:67:85:CB:91,-86
2026-08-20 14:30:18.604603,None,E8:CF:CF:48:69:11,-75
2026-08-20 14:30:32.115779,None,C6:13:53:DB:C5:B1,-92
2026-08-20 14:31:15.557089,None,55:88:25:0E:C8:C7,-95
2026-08-20 14:31:16.865712,None,FD:71:A1:27:61:23,-89
2026-08-20 14:31:31.041192,None,45:68:5D:B1:95:AB,-86
2026-08-20 14:31:32.031856,None,71:D5:F6:69:7D:B7,-90
2026-08-20 14:31:33.528869,None,D6:BF:59:0B:0F:0C,-87
2026-08-20 14:31:45.612801,None,61:18:CA:07:49:BA,-72
2026-08-20 14:31:47.748655,None,F1:5A:06:F4:DB:BE,-98
2026-08-20 14:32:01.303241,None,EA:D4:63:5A:72:1D,-100
2026-08-20 14:32:15.955438,None,6D:CD:82:98:C0:EB,-75
2026-08-20 14:33:00.843165,None,64:72:58:A8:B4:F5,-83
2026-08-20 14:33:03.278808,None,FF:DF:10:85:12:23,-85
2026-08-20 14:33:15.895044,None,4E:01:20:3E:97:26,-87
2026-08-20 14:33:18.846936,None,D4:EE:FF:1F:31:D8,-95
2026-08-20 14:34:17.216449,None,E3:E9:0A:FF:67:A7,-82
2026-08-20 14:34:20.748129,MELK-OF21   5C,BE:28:03:00:20:5C,-92
2026-08-20 14:34:31.256910,None,77:4E:16:DD:EF:FD,-77
2026-08-20 14:34:47.843907,None,C7:47:5A:6E:67:AB,-91
2026-08-20 14:35:31.513917,None,7D:34:DB:F4:36:8E,-76
2026-08-20 14:37:16.623136,None,4A:E6:0C:4E:21:B1,-84
2026-08-20 14:37:34.674700,None,04:E6:06:E3:5C:CE,-69
2026-08-20 14:38:01.569273,Peak Pro 01502,F0:AD:4E:40:19:D5,-87
2026-08-20 14:38:01.634371,113685_9C139E7A644C,9C:13:9E:7A:64:4E,-65
2026-08-20 14:38:01.820041,ResMed 223238,E8:E0:7E:34:BB:D4,-89
2026-08-20 14:38:01.959656,20HL39284591421094,48:87:2D:89:79:5D,-90
2026-08-20 14:38:05.470254,Charge 4,F1:D1:F5:5E:21:37,-86
2026-08-20 14:38:06.359125,[LG] webOS TV LR600BZUC,DC:EC:4F:D3:8E:A7,-95
2026-08-20 14:38:31.530454,None,77:AB:06:FE:33:70,-100
2026-08-20 14:39:05.118585,Platco PR1,B4:CB:B8:1B:D4:50,-84
2026-08-20 14:39:19.224000,None,52:48:1E:46:8D:0F,-101
2026-08-20 14:39:19.279607,None,43:60:62:52:D7:80,-97
2026-08-20 14:39:19.484257,None,47:32:46:1F:F5:47,-97
2026-08-20 14:39:32.413884,None,40:EC:04:0F:1C:CA,-103
2026-08-20 14:39:49.007239,None,4A:84:1C:37:0E:66,-74
2026-08-20 14:39:50.638985,None,4C:FD:47:F9:41:6E,-87
2026-08-20 14:40:02.671916,None,D1:E8:F5:DC:54:47,-86
2026-08-20 14:40:03.011383,None,FB:A5:AE:B7:8F:A3,-78
2026-08-20 14:40:05.182486,None,FE:36:6B:5B:24:87,-91
2026-08-20 14:40:06.127810,None,C4:72:5A:2C:DE:BA,-85
2026-08-20 14:40:06.262075,None,5A:06:7A:52:69:D9,-95
2026-08-20 14:40:06.464467,None,71:A0:0D:B5:1B:B3,-98
2026-08-20 14:40:06.628694,None,6A:13:DF:0F:8D:3C,-100
2026-08-20 14:40:19.117247,None,E8:CF:CF:48:69:11,-79
2026-08-20 14:40:19.551709,None,CA:AF:67:85:CB:91,-87
2026-08-20 14:40:35.583559,None,C6:13:53:DB:C5:B1,-91
2026-08-20 14:41:05.044659,None,5C:4D:49:65:68:0C,-82
2026-08-20 14:41:18.269087,None,55:88:25:0E:C8:C7,-93
2026-08-20 14:41:18.569388,None,FD:71:A1:27:61:23,-91
2026-08-20 14:42:06.242463,None,78:9C:10:BF:2D:8F,-101
2026-08-20 14:42:47.359105,None,61:18:CA:07:49:BA,-78
2026-08-20 14:43:17.921207,None,4E:01:20:3E:97:26,-88
2026-08-20 14:43:21.397332,None,7D:2C:4D:40:A4:23,-96
2026-08-20 14:43:36.884456,None,D4:EE:FF:1F:31:D8,-98
2026-08-20 14:44:03.408666,None,71:D5:F6:69:7D:B7,-97
2026-08-20 14:44:17.858594,None,E3:E9:0A:FF:67:A7,-90
2026-08-20 14:44:18.289289,None,6D:CD:82:98:C0:EB,-79
2026-08-20 14:44:32.454236,None,77:4E:16:DD:EF:FD,-74
2026-08-20 14:44:34.609433,MELK-OF21   5C,BE:28:03:00:20:5C,-95
2026-08-20 14:45:04.074945,None,F6:D3:98:CE:F2:65,-93
2026-08-20 14:45:04.299238,None,FA:5D:A0:E2:B0:2B,-75
2026-08-20 14:45:04.548347,None,EC:D5:7F:85:F6:54,-96
2026-08-20 14:45:06.051113,None,D3:68:4F:EC:64:1E,-74
2026-08-20 14:45:06.301116,None,DC:C6:91:21:D9:C8,-73
2026-08-20 14:45:20.466572,None,F0:50:01:01:63:5D,-75
2026-08-20 14:46:03.829968,None,F1:5A:06:F4:DB:BE,-103
2026-08-20 14:46:05.041855,None,D2:DF:4F:C2:96:77,-84
2026-08-20 14:46:19.403502,None,E7:29:0D:76:77:77,-97
2026-08-20 14:47:18.665233,None,4A:E6:0C:4E:21:B1,-75
2026-08-20 14:47:34.742124,None,32:74:4D:2D:47:A6,-84
2026-08-20 14:48:02.789729,113685_9C139E7A644C,9C:13:9E:7A:64:4E,-65
2026-08-20 14:48:02.917388,Peak Pro 01502,F0:AD:4E:40:19:D5,-90
2026-08-20 14:48:03.187324,ResMed 223238,E8:E0:7E:34:BB:D4,-88
2026-08-20 14:48:03.196055,20HL39284591421094,48:87:2D:89:79:5D,-90
2026-08-20 14:48:06.611755,Charge 4,F1:D1:F5:5E:21:37,-84
2026-08-20 14:48:07.338828,[LG] webOS TV LR600BZUC,DC:EC:4F:D3:8E:A7,-95
2026-08-20 14:48:17.953496,None,4F:67:6B:25:0B:D2,-85
2026-08-20 14:48:52.672766,None,77:CE:02:74:85:84,-95
2026-08-20 14:49:20.453386,Platco PR1,B4:CB:B8:1B:D4:50,-81
2026-08-20 14:49:49.087217,None,4A:84:1C:37:0E:66,-73
2026-08-20 14:49:51.303051,20HL39284450541189,48:87:2D:86:05:3D,-94
2026-08-20 14:50:03.228319,None,52:32:4B:61:9C:6F,-82
2026-08-20 14:50:04.032753,None,73:C1:BE:9C:AC:8F,-83
2026-08-20 14:50:07.170796,None,EF:80:AC:3D:CE:22,-98
2026-08-20 14:50:07.986821,None,F8:4E:58:0B:C3:AF,-96
2026-08-20 14:51:05.084017,None,5C:4D:49:65:68:0C,-76
2026-08-20 14:51:07.852962,None,52:48:1E:46:8D:0F,-95
2026-08-20 14:51:21.050473,None,6F:1F:3A:A0:27:4A,-91
2026-08-20 14:52:03.759376,None,4D:B2:98:5A:FC:E4,-97
2026-08-20 14:52:33.665689,None,4E:AC:A6:E7:0C:B6,-92
2026-08-20 14:52:35.428159,None,7C:E4:17:44:CE:8F,-95
2026-08-20 14:53:01.082344,None,56:51:1B:48:E3:0E,-76
2026-08-20 14:54:19.882343,None,E3:E9:0A:FF:67:A7,-88
2026-08-20 14:54:25.545222,None,56:52:AA:33:DB:A9,-85
2026-08-20 14:54:33.181102,None,77:4E:16:DD:EF:FD,-79
2026-08-20 14:54:54.595619,MELK-OF21   5C,BE:28:03:00:20:5C,-92
2026-08-20 14:55:08.270641,None,EC:D5:7F:85:F6:54,-92
2026-08-20 14:55:08.323579,None,DC:C6:91:21:D9:C8,-90
2026-08-20 14:55:09.488672,None,D3:68:4F:EC:64:1E,-82
2026-08-20 14:55:09.516793,None,FA:5D:A0:E2:B0:2B,-79
2026-08-20 14:55:09.600741,None,F6:D3:98:CE:F2:65,-92
2026-08-20 14:55:10.471187,None,69:3F:45:60:0F:A7,-96
2026-08-20 14:55:23.381709,None,F0:50:01:01:63:5D,-74
2026-08-20 14:55:37.246973,None,D2:1A:7C:A7:7B:D8,-94
2026-08-20 14:56:03.956679,LE_WF-C500,61:36:A0:50:42:E9,-94
2026-08-20 14:56:06.528283,None,D2:DF:4F:C2:96:77,-82
2026-08-20 14:56:39.296238,None,E7:29:0D:76:77:77,-93
2026-08-20 14:57:16.682335,None,77:57:DA:3B:81:5D,-80
2026-08-20 14:57:29.010286,None,6E:85:06:62:8B:9D,-90
2026-08-20 14:57:31.539470,None,7D:88:76:E4:70:34,-87
2026-08-20 14:57:49.487689,None,65:16:9B:CE:7A:20,-88
2026-08-20 14:57:52.827501,None,DA:48:70:B6:C2:FF,-88
2026-08-20 14:57:56.519313,None,7F:87:E8:34:9C:0D,-83
2026-08-20 14:57:56.877677,None,61:0C:CD:CB:60:D7,-86
2026-08-20 14:58:03.459596,113685_9C139E7A644C,9C:13:9E:7A:64:4E,-69
2026-08-20 14:58:03.536649,Peak Pro 01502,F0:AD:4E:40:19:D5,-88
2026-08-20 14:58:03.545709,ResMed 223238,E8:E0:7E:34:BB:D4,-89
2026-08-20 14:58:03.694071,20HL39284591421094,48:87:2D:89:79:5D,-90
2026-08-20 14:58:07.496617,[LG] webOS TV LR600BZUC,DC:EC:4F:D3:8E:A7,-96
2026-08-20 14:58:12.758355,Charge 4,F1:D1:F5:5E:21:37,-95
2026-08-20 14:58:17.975892,None,4F:67:6B:25:0B:D2,-86
2026-08-20 14:59:03.212789,None,44:85:7C:F2:29:03,-92
2026-08-20 14:59:25.312669,Platco PR1,B4:CB:B8:1B:D4:50,-86
2026-08-20 15:00:00.037069,None,E4:E4:26:FF:97:66,-77
2026-08-20 15:00:03.285760,None,DB:12:05:73:9F:C2,-60
2026-08-20 15:00:03.525640,None,D6:D1:6F:6B:94:F2,-93
2026-08-20 15:00:03.848081,None,D1:AF:AE:2C:B3:AE,-77
2026-08-20 15:00:10.470462,None,D8:B0:40:38:94:10,-77
2026-08-20 15:00:42.709387,None,F1:F1:99:18:E8:03,-95
2026-08-20 15:01:16.359604,None,57:62:86:63:A4:BC,-95
2026-08-20 15:01:21.361532,None,6F:1F:3A:A0:27:4A,-96
2026-08-20 15:02:05.128533,None,4D:B2:98:5A:FC:E4,-95
2026-08-20 15:02:53.277805,None,4E:AC:A6:E7:0C:B6,-91
2026-08-20 15:03:13.287900,None,5E:61:8F:3D:19:5A,-89
2026-08-20 15:03:16.875370,None,C9:76:39:1F:AD:59,-95
2026-08-20 15:03:17.526497,20HL39284450541189,48:87:2D:86:05:3D,-95
2026-08-20 15:03:34.175464,None,56:51:1B:48:E3:0E,-71
2026-08-20 15:04:25.746916,None,56:52:AA:33:DB:A9,-90
2026-08-20 15:04:33.197325,None,E3:E9:0A:FF:67:A7,-88
2026-08-20 15:04:39.975676,None,D4:53:63:3F:BC:7A,-99
2026-08-20 15:05:06.062140,None,58:6E:B6:A0:F1:DA,-77
2026-08-20 15:05:42.866247,None,5F:71:A4:04:4A:F5,-97
2026-08-20 15:05:54.861772,None,DA:CE:C7:78:A1:E8,-97
2026-08-20 15:05:57.839702,None,DE:8B:9E:87:DB:1D,-99
2026-08-20 15:06:05.499944,None,F8:4E:58:0B:C3:AF,-97
2026-08-20 15:06:32.512343,None,69:12:B8:A8:2A:72,-99
2026-08-20 15:06:43.675244,None,65:EC:11:50:82:29,-77
2026-08-20 15:07:19.511259,None,77:57:DA:3B:81:5D,-82
2026-08-20 15:07:49.239538,None,6E:85:06:62:8B:9D,-99
2026-08-20 15:07:56.753681,None,65:16:9B:CE:7A:20,-96
2026-08-20 15:07:57.238886,None,61:0C:CD:CB:60:D7,-71
2026-08-20 15:07:57.810872,None,7F:87:E8:34:9C:0D,-79
2026-08-20 15:08:03.679069,113685_9C139E7A644C,9C:13:9E:7A:64:4E,-70
2026-08-20 15:08:03.857024,ResMed 223238,E8:E0:7E:34:BB:D4,-87
2026-08-20 15:08:03.887734,Peak Pro 01502,F0:AD:4E:40:19:D5,-89
2026-08-20 15:08:04.196765,20HL39284591421094,48:87:2D:89:79:5D,-91
2026-08-20 15:08:10.697262,[LG] webOS TV LR600BZUC,DC:EC:4F:D3:8E:A7,-99
2026-08-20 15:08:16.470468,Charge 4,F1:D1:F5:5E:21:37,-82
2026-08-20 15:09:14.463014,None,61:02:53:EE:C3:7E,-73
2026-08-20 15:09:30.168557,Platco PR1,B4:CB:B8:1B:D4:50,-84
2026-08-20 15:09:33.137140,None,44:2E:4D:C8:35:60,-81
2026-08-20 15:09:43.445519,None,7D:88:76:E4:70:34,-97
2026-08-20 15:10:01.443164,None,E4:E4:26:FF:97:66,-82
2026-08-20 15:10:03.909215,None,D1:AF:AE:2C:B3:AE,-76
2026-08-20 15:10:04.034526,None,DB:12:05:73:9F:C2,-77
2026-08-20 15:10:10.297916,None,D6:D1:6F:6B:94:F2,-95
2026-08-20 15:10:12.171641,None,D8:B0:40:38:94:10,-77
2026-08-20 15:10:33.404873,None,55:2B:AE:1E:19:81,-71
2026-08-20 15:10:44.363234,None,F1:F1:99:18:E8:03,-93
2026-08-20 15:11:20.055037,None,5B:39:C0:8D:9E:E1,-77
2026-08-20 15:11:22.144372,None,6F:1F:3A:A0:27:4A,-91
2026-08-20 15:11:43.059195,MELK-OF21   5C,BE:28:03:00:20:5C,-100
2026-08-20 15:12:44.489582,None,4D:B2:98:5A:FC:E4,-95
2026-08-20 15:13:14.279454,None,5E:61:8F:3D:19:5A,-96
2026-08-20 15:13:19.056289,None,E1:77:FE:4F:D1:E8,-96
2026-08-20 15:14:36.560033,None,E3:E9:0A:FF:67:A7,-86
2026-08-20 15:14:36.679114,None,C9:76:39:1F:AD:59,-97
2026-08-20 15:14:39.320218,None,4C:DA:8D:C5:B0:5A,-98
2026-08-20 15:14:39.555843,None,66:6F:4A:82:4C:91,-98
2026-08-20 15:15:04.530233,None,E0:5E:64:7A:9A:A5,-88
2026-08-20 15:15:06.032444,None,D6:D5:71:9F:D8:56,-83
2026-08-20 15:15:06.775300,None,69:CB:02:79:54:86,-97
2026-08-20 15:15:11.743283,None,E7:E6:C4:D7:41:A4,-75
2026-08-20 15:15:11.872587,None,E4:53:D8:15:2B:45,-74
2026-08-20 15:15:14.113431,None,E5:CC:E3:EB:9A:38,-100
2026-08-20 15:15:31.475639,None,D2:DA:33:05:06:82,-90
2026-08-20 15:15:33.101486,None,76:9B:C1:F4:9A:C3,-92
2026-08-20 15:16:07.690610,None,F8:4E:58:0B:C3:AF,-97
2026-08-20 15:16:45.172024,None,69:12:B8:A8:2A:72,-90
2026-08-20 15:17:19.689228,None,77:57:DA:3B:81:5D,-82
2026-08-20 15:17:20.669268,None,69:12:B3:C8:E9:D9,-69
2026-08-20 15:18:05.638710,20HL39284591421094,48:87:2D:89:79:5D,-89
2026-08-20 15:18:05.842611,Peak Pro 01502,F0:AD:4E:40:19:D5,-90
2026-08-20 15:18:05.883643,113685_9C139E7A644C,9C:13:9E:7A:64:4E,-71
2026-08-20 15:18:05.896959,ResMed 223238,E8:E0:7E:34:BB:D4,-87
2026-08-20 15:18:13.527587,None,73:3F:A0:57:0E:8E,-88
2026-08-20 15:18:13.545357,[LG] webOS TV LR600BZUC,DC:EC:4F:D3:8E:A7,-102
2026-08-20 15:18:21.477286,Charge 4,F1:D1:F5:5E:21:37,-87
2026-08-20 15:19:16.219682,None,61:02:53:EE:C3:7E,-74
2026-08-20 15:19:17.073903,None,F1:91:02:BE:6D:FB,-77
2026-08-20 15:19:17.265525,None,65:EC:11:50:82:29,-80
2026-08-20 15:19:33.244990,None,44:2E:4D:C8:35:60,-84
2026-08-20 15:19:40.034518,Platco PR1,B4:CB:B8:1B:D4:50,-86
2026-08-20 15:20:33.554514,None,55:2B:AE:1E:19:81,-74
2026-08-20 15:20:33.639532,None,4A:3F:E8:3F:23:B1,-90
2026-08-20 15:21:02.030893,None,52:46:A2:FE:E8:BD,-98
2026-08-20 15:22:09.169395,MELK-OF21   5C,BE:28:03:00:20:5C,-103
2026-08-20 15:22:09.170252,None,D6:26:8C:4C:BC:5A,-98
2026-08-20 15:22:47.130152,None,7B:0E:B3:0C:5F:7F,-87
2026-08-20 15:22:57.250077,None,60:46:A3:E4:42:A6,-89
2026-08-20 15:23:02.694370,None,4F:16:BA:B3:B7:09,-95
2026-08-20 15:24:04.364411,4,71:81:5F:0D:BE:BA,-88
2026-08-20 15:24:05.071104,None,5B:39:C0:8D:9E:E1,-77
2026-08-20 15:24:39.913860,None,E3:E9:0A:FF:67:A7,-79
2026-08-20 15:25:07.585866,None,D6:D5:71:9F:D8:56,-81
2026-08-20 15:25:07.803057,None,E0:5E:64:7A:9A:A5,-89
2026-08-20 15:25:12.089593,None,E7:E6:C4:D7:41:A4,-83
2026-08-20 15:25:15.418942,None,E4:53:D8:15:2B:45,-79
2026-08-20 15:25:18.883277,None,6F:85:AF:07:34:B6,-95
2026-08-20 15:25:22.986694,None,69:CB:02:79:54:86,-97
2026-08-20 15:25:33.533584,None,76:9B:C1:F4:9A:C3,-97
2026-08-20 15:25:53.259756,None,D2:DA:33:05:06:82,-96
2026-08-20 15:25:53.936688,None,4C:DA:8D:C5:B0:5A,-98
2026-08-20 15:25:58.333371,None,66:6F:4A:82:4C:91,-101
2026-08-20 15:26:14.015062,None,E5:CC:E3:EB:9A:38,-100
2026-08-20 15:26:19.080059,None,4A:B8:3A:9B:2D:B1,-70
2026-08-20 15:27:43.055094,None,44:77:44:B6:24:86,-80
2026-08-20 15:27:43.167039,None,D3:CF:78:09:3C:CE,-77
2026-08-20 15:28:05.782143,20HL39284591421094,48:87:2D:89:79:5D,-89
2026-08-20 15:28:05.990413,Peak Pro 01502,F0:AD:4E:40:19:D5,-89
2026-08-20 15:28:06.113033,113685_9C139E7A644C,9C:13:9E:7A:64:4E,-72
2026-08-20 15:28:06.614036,ResMed 223238,E8:E0:7E:34:BB:D4,-87
2026-08-20 15:28:13.578229,[LG] webOS TV LR600BZUC,DC:EC:4F:D3:8E:A7,-95
2026-08-20 15:28:13.716902,None,73:3F:A0:57:0E:8E,-92
2026-08-20 15:28:26.332177,Charge 4,F1:D1:F5:5E:21:37,-84
2026-08-20 15:28:42.210167,None,4D:E3:AC:A0:4C:57,-97
2026-08-20 15:29:20.820960,None,F1:91:02:BE:6D:FB,-77
2026-08-20 15:29:50.389418,Platco PR1,B4:CB:B8:1B:D4:50,-85
2026-08-20 15:30:00.035921,None,CF:99:A1:E7:41:22,-84
2026-08-20 15:30:07.462472,None,F8:4E:58:0B:C3:AF,-98
2026-08-20 15:30:12.575531,None,C6:15:EA:4C:54:BE,-88
2026-08-20 15:30:24.170683,None,56:52:95:A5:02:3D,-71
2026-08-20 15:30:25.101004,None,C5:9C:AB:CD:30:F5,-76
2026-08-20 15:30:25.370900,None,D5:57:6B:F6:21:85,-69
2026-08-20 15:30:34.370495,None,55:2B:AE:1E:19:81,-86
2026-08-20 15:30:49.464230,None,F0:88:BB:00:75:3C,-91
2026-08-20 15:30:54.249278,None,FE:B1:9E:E7:05:47,-86
2026-08-20 15:30:54.488480,None,55:AE:AB:5F:39:4F,-86
2026-08-20 15:31:22.302909,None,52:46:A2:FE:E8:BD,-94
2026-08-20 15:31:57.798345,None,FA:92:F8:CB:BB:60,-96
2026-08-20 15:32:47.139174,None,7B:0E:B3:0C:5F:7F,-86
2026-08-20 15:32:59.398857,None,60:46:A3:E4:42:A6,-84
2026-08-20 15:33:13.514589,None,4F:8F:19:10:27:93,-88
2026-08-20 15:33:17.642315,None,F0:D4:7F:B9:A5:B8,-93
2026-08-20 15:33:23.979259,None,72:6E:9C:A7:4A:A1,-100
2026-08-20 15:33:34.503627,None,4F:16:BA:B3:B7:09,-92
2026-08-20 15:33:40.983140,None,65:79:93:16:0B:F3,-98
2026-08-20 15:33:42.490374,None,4B:DD:68:8D:67:0C,-89
2026-08-20 15:33:55.467567,None,7B:DF:3F:A4:F7:CF,-70
2026-08-20 15:34:45.243725,None,E3:E9:0A:FF:67:A7,-82
2026-08-20 15:35:35.373269,None,76:9B:C1:F4:9A:C3,-91
2026-08-20 15:35:56.808235,MELK-OF21   5C,BE:28:03:00:20:5C,-99
2026-08-20 15:36:09.766436,None,55:85:94:E2:2A:8E,-90
2026-08-20 15:36:19.339849,None,4A:B8:3A:9B:2D:B1,-71
2026-08-20 15:36:38.526073,None,69:99:D9:8D:95:F2,-86
2026-08-20 15:36:55.488360,None,44:66:30:07:A5:D7,-96
2026-08-20 15:37:09.593599,None,43:AF:2A:86:EE:09,-77
2026-08-20 15:38:08.112806,ResMed 223238,E8:E0:7E:34:BB:D4,-85
2026-08-20 15:38:08.154223,113685_9C139E7A644C,9C:13:9E:7A:64:4E,-72
2026-08-20 15:38:08.208668,Peak Pro 01502,F0:AD:4E:40:19:D5,-88
2026-08-20 15:38:09.171741,20HL39284591421094,48:87:2D:89:79:5D,-90
2026-08-20 15:38:22.249661,[LG] webOS TV LR600BZUC,DC:EC:4F:D3:8E:A7,-99
2026-08-20 15:38:30.059232,Charge 4,F1:D1:F5:5E:21:37,-89
2026-08-20 15:38:51.946595,None,45:10:D2:9C:78:3E,-90
2026-08-20 15:39:55.263655,Platco PR1,B4:CB:B8:1B:D4:50,-87
2026-08-20 15:40:01.468076,None,CF:99:A1:E7:41:22,-84
2026-08-20 15:40:22.595261,None,C6:15:EA:4C:54:BE,-92
2026-08-20 15:40:25.123152,None,C5:9C:AB:CD:30:F5,-77
2026-08-20 15:40:26.178594,None,D5:57:6B:F6:21:85,-68
2026-08-20 15:40:36.722977,None,C3:A0:6D:F5:1F:F2,-96
2026-08-20 15:40:50.045681,None,F0:88:BB:00:75:3C,-92
2026-08-20 15:40:54.806110,None,55:AE:AB:5F:39:4F,-70
2026-08-20 15:40:58.135623,None,FE:B1:9E:E7:05:47,-90
2026-08-20 15:41:08.490346,None,46:AE:FC:54:21:B6,-98
2026-08-20 15:41:11.172612,None,D1:0B:64:75:18:0F,-86
2026-08-20 15:42:07.917174,None,FA:92:F8:CB:BB:60,-97
2026-08-20 15:42:09.180150,None,71:C5:F4:18:5F:C8,-68
2026-08-20 15:42:22.617821,None,5D:17:53:56:75:90,-98
2026-08-20 15:42:49.385544,None,F8:4E:58:0B:C3:AF,-97
2026-08-20 15:43:14.722311,None,4F:8F:19:10:27:93,-88
2026-08-20 15:43:35.403981,None,F0:D4:7F:B9:A5:B8,-98
2026-08-20 15:43:42.732635,None,65:79:93:16:0B:F3,-89
2026-08-20 15:43:42.993784,None,72:6E:9C:A7:4A:A1,-87
2026-08-20 15:43:46.197669,None,56:52:95:A5:02:3D,-78
2026-08-20 15:43:48.266293,None,4B:DD:68:8D:67:0C,-87
2026-08-20 15:43:54.620750,None,4F:16:BA:B3:B7:09,-94
2026-08-20 15:44:46.434014,None,E3:E9:0A:FF:67:A7,-80
2026-08-20 15:45:00.562950,None,DB:14:9E:47:5D:97,-88
2026-08-20 15:45:04.070581,None,E7:EF:66:74:2A:D8,-86
2026-08-20 15:45:04.404882,None,ED:3F:DB:DD:3D:E5,-99
2026-08-20 15:45:42.795237,None,69:E6:C8:89:AF:5B,-108
2026-08-20 15:45:52.606528,None,DB:CA:6C:72:89:4C,-73
2026-08-20 15:45:52.930220,None,D0:22:2F:7D:CA:74,-75
2026-08-20 15:45:56.451680,None,CD:43:E4:D6:9B:AE,-98
2026-08-20 15:45:59.247818,MELK-OF21   5C,BE:28:03:00:20:5C,-98
2026-08-20 15:46:14.488776,None,55:85:94:E2:2A:8E,-91
2026-08-20 15:46:39.001059,None,69:99:D9:8D:95:F2,-82
2026-08-20 15:47:26.913831,None,D6:E2:A6:BC:86:29,-97
2026-08-20 15:48:07.601101,None,4C:B8:98:8E:6B:B0,-94
2026-08-20 15:48:08.190337,ResMed 223238,E8:E0:7E:34:BB:D4,-86
2026-08-20 15:48:08.325915,113685_9C139E7A644C,9C:13:9E:7A:64:4E,-69
2026-08-20 15:48:08.331981,Peak Pro 01502,F0:AD:4E:40:19:D5,-90
2026-08-20 15:48:09.705885,20HL39284591421094,48:87:2D:89:79:5D,-91
2026-08-20 15:48:13.697956,None,4B:54:87:48:CB:B1,-89
2026-08-20 15:48:31.213428,Charge 4,F1:D1:F5:5E:21:37,-88
2026-08-20 15:48:55.066001,None,45:10:D2:9C:78:3E,-86
2026-08-20 15:49:02.725767,WQ-NOTACTIVATED,CC:DB:A7:AF:F4:96,-97
2026-08-20 15:49:48.545881,None,72:CC:9B:43:F1:EB,-82
2026-08-20 15:49:58.845492,None,60:BA:C4:E2:A8:09,-89
2026-08-20 15:49:59.428462,Brock’s iPhone,69:3B:84:25:B7:FD,-87
2026-08-20 15:50:01.187284,None,73:72:36:86:13:F2,-98
2026-08-20 15:50:10.133017,Platco PR1,B4:CB:B8:1B:D4:50,-84
2026-08-20 15:50:27.926332,None,C5:9C:AB:CD:30:F5,-81
2026-08-20 15:50:54.986957,None,55:AE:AB:5F:39:4F,-74
2026-08-20 15:50:57.146337,None,EF:D9:0C:1D:82:D9,-77
2026-08-20 15:50:57.359306,None,5C:47:BD:52:E7:C4,-74
2026-08-20 15:50:57.719139,[LG] webOS TV LR600BZUC,DC:EC:4F:D3:8E:A7,-101
2026-08-20 15:52:09.395390,None,71:C5:F4:18:5F:C8,-77
2026-08-20 15:52:09.428007,20HL39284450541189,48:87:2D:86:05:3D,-93
2026-08-20 15:52:23.305723,None,5D:17:53:56:75:90,-99
2026-08-20 15:52:33.924072,None,50:AE:F9:EC:5E:CE,-98
2026-08-20 15:53:12.608399,None,6E:2D:1D:71:3B:FD,-102
2026-08-20 15:53:44.421747,None,67:4C:5C:CA:AD:DF,-86
2026-08-20 15:54:07.923965,None,52:43:55:3A:D0:FF,-96
2026-08-20 15:54:14.315919,None,6C:4C:67:F8:7B:E9,-93
2026-08-20 15:54:49.892798,None,E3:E9:0A:FF:67:A7,-79
2026-08-20 15:55:03.689932,None,63:00:F8:FE:02:21,-94
2026-08-20 15:55:09.522753,None,E7:EF:66:74:2A:D8,-80
2026-08-20 15:55:24.804271,LFSmart Scale,CF:E9:17:28:41:0D,-95
2026-08-20 15:55:30.436202,None,DB:14:9E:47:5D:97,-95
2026-08-20 15:55:53.346418,None,77:31:C8:89:76:8F,-73
2026-08-20 15:55:57.383842,None,D0:22:2F:7D:CA:74,-68
2026-08-20 15:55:57.456124,None,CD:43:E4:D6:9B:AE,-97
2026-08-20 15:55:58.035760,None,DB:CA:6C:72:89:4C,-73
2026-08-20 15:55:59.560853,MELK-OF21   5C,BE:28:03:00:20:5C,-95
2026-08-20 15:56:14.620309,None,55:85:94:E2:2A:8E,-90
2026-08-20 15:57:24.304459,None,ED:3F:DB:DD:3D:E5,-98
2026-08-20 15:57:36.596621,None,D6:E2:A6:BC:86:29,-91
2026-08-20 15:58:08.298020,None,4C:B8:98:8E:6B:B0,-97
2026-08-20 15:58:08.421427,ResMed 223238,E8:E0:7E:34:BB:D4,-86
2026-08-20 15:58:08.455202,113685_9C139E7A644C,9C:13:9E:7A:64:4E,-72
2026-08-20 15:58:10.840932,Peak Pro 01502,F0:AD:4E:40:19:D5,-93
2026-08-20 15:58:11.338954,20HL39284591421094,48:87:2D:89:79:5D,-91
2026-08-20 15:58:14.538265,None,4B:54:87:48:CB:B1,-94
2026-08-20 15:58:32.176032,Charge 4,F1:D1:F5:5E:21:37,-85
2026-08-20 15:58:54.909214,None,50:6B:4E:31:4C:A4,-93
2026-08-20 15:59:16.812931,None,63:34:A6:5A:91:04,-76
2026-08-20 15:59:49.092576,None,72:CC:9B:43:F1:EB,-89
2026-08-20 15:59:58.943451,None,60:BA:C4:E2:A8:09,-85
2026-08-20 16:00:00.837953,None,FC:85:99:62:64:5F,-82
2026-08-20 16:00:04.091561,None,DE:17:8D:60:1C:66,-80
2026-08-20 16:00:04.169726,None,DF:C6:00:78:46:0E,-72
2026-08-20 16:00:06.516274,None,F6:F9:F3:56:8E:62,-95
2026-08-20 16:00:18.160726,None,D6:CB:4C:DD:1C:85,-77
2026-08-20 16:00:20.470237,Platco PR1,B4:CB:B8:1B:D4:50,-84
2026-08-20 16:00:46.844848,None,7A:EE:C4:EB:FD:14,-81
2026-08-20 16:01:00.339302,[LG] webOS TV LR600BZUC,DC:EC:4F:D3:8E:A7,-94
2026-08-20 16:01:45.434455,None,47:8D:BD:EC:C5:91,-94
2026-08-20 16:02:06.821638,None,F8:4E:58:0B:C3:AF,-100
2026-08-20 16:02:10.992119,None,46:16:CA:32:C3:73,-95
2026-08-20 16:02:18.963055,None,F7:FC:61:03:91:DA,-96
2026-08-20 16:02:19.267317,None,E7:B5:6D:E9:D0:B2,-93
2026-08-20 16:02:37.750976,None,65:4F:5A:58:38:C1,-87
2026-08-20 16:02:38.057037,None,5A:94:75:4D:5B:CA,-87
2026-08-20 16:02:38.095368,None,6C:C5:E8:D9:BA:92,-89
2026-08-20 16:03:05.867120,None,50:60:9C:67:4C:BE,-80
2026-08-20 16:03:13.329786,None,6B:47:FD:D9:34:23,-90
2026-08-20 16:03:43.889368,None,4E:6E:B3:1C:6B:66,-96
2026-08-20 16:03:49.798521,None,76:DE:00:90:24:BC,-98
2026-08-20 16:03:51.218371,None,78:59:56:04:90:88,-100
2026-08-20 16:04:09.708703,None,D7:C9:43:18:CD:03,-90
2026-08-20 16:04:32.837804,None,76:6A:86:B7:0A:1F,-81
2026-08-20 16:04:53.107392,None,E3:E9:0A:FF:67:A7,-75
2026-08-20 16:05:37.704425,None,5C:CE:21:EA:0A:25,-94
2026-08-20 16:05:54.813133,None,77:31:C8:89:76:8F,-97
2026-08-20 16:06:04.212641,None,67:E6:10:07:00:A8,-94
2026-08-20 16:06:05.823294,MELK-OF21   5C,BE:28:03:00:20:5C,-96
2026-08-20 16:06:25.222710,None,01:00:00:92:42:B7,-95
2026-08-20 16:06:39.431284,None,58:4A:1C:F2:61:F1,-100
2026-08-20 16:06:59.944515,None,75:72:00:53:43:B9,-101
2026-08-20 16:07:13.545757,None,C3:6E:C1:4A:7A:15,-89
2026-08-20 16:08:08.489882,113685_9C139E7A644C,9C:13:9E:7A:64:4E,-72
2026-08-20 16:08:08.658586,ResMed 223238,E8:E0:7E:34:BB:D4,-87
2026-08-20 16:08:10.879162,Peak Pro 01502,F0:AD:4E:40:19:D5,-91
2026-08-20 16:08:12.168975,20HL39284591421094,48:87:2D:89:79:5D,-88
2026-08-20 16:08:33.325971,Charge 4,F1:D1:F5:5E:21:37,-87
2026-08-20 16:08:58.259422,None,50:6B:4E:31:4C:A4,-90
2026-08-20 16:09:18.987135,None,63:34:A6:5A:91:04,-79
2026-08-20 16:10:01.533685,None,FC:85:99:62:64:5F,-81
2026-08-20 16:10:08.357854,None,F6:F9:F3:56:8E:62,-87
2026-08-20 16:10:08.815474,None,DE:17:8D:60:1C:66,-79
2026-08-20 16:10:08.966885,20HL39284450541189,48:87:2D:86:05:3D,-79
2026-08-20 16:10:09.394151,None,DF:C6:00:78:46:0E,-94
2026-08-20 16:10:18.460762,None,D6:CB:4C:DD:1C:85,-81
2026-08-20 16:10:25.362364,Platco PR1,B4:CB:B8:1B:D4:50,-84
2026-08-20 16:11:00.370012,[LG] webOS TV LR600BZUC,DC:EC:4F:D3:8E:A7,-95
2026-08-20 16:11:48.539393,None,47:8D:BD:EC:C5:91,-96
2026-08-20 16:12:11.220078,None,46:16:CA:32:C3:73,-95
2026-08-20 16:12:52.962932,None,E7:B5:6D:E9:D0:B2,-90
2026-08-20 16:12:54.475411,None,74:72:9E:82:D1:B6,-95
2026-08-20 16:13:06.271662,None,50:60:9C:67:4C:BE,-79
2026-08-20 16:13:13.347338,None,6B:47:FD:D9:34:23,-89
2026-08-20 16:13:18.767037,None,F7:FC:61:03:91:DA,-94
2026-08-20 16:13:36.945708,None,6B:F8:A6:CD:3E:79,-82
2026-08-20 16:13:48.071738,None,7A:EE:C4:EB:FD:14,-77
2026-08-20 16:14:08.761008,None,65:00:05:93:9C:A4,-81
2026-08-20 16:14:14.375823,None,76:DE:00:90:24:BC,-98
2026-08-20 16:14:15.410273,None,4E:6E:B3:1C:6B:66,-98
2026-08-20 16:14:33.155790,None,76:6A:86:B7:0A:1F,-81
2026-08-20 16:14:49.527891,None,D7:C9:43:18:CD:03,-97
2026-08-20 16:14:54.421566,None,E3:E9:0A:FF:67:A7,-82
2026-08-20 16:14:58.057918,None,78:59:56:04:90:88,-96
2026-08-20 16:15:00.030926,None,C2:95:5F:3D:52:02,-77
2026-08-20 16:15:00.518745,None,F6:BD:1C:64:4B:8C,-96
2026-08-20 16:15:00.593197,None,E4:9F:F5:BA:C2:DB,-85
2026-08-20 16:15:06.621957,None,E3:AA:7C:7C:DD:B7,-82
2026-08-20 16:15:08.211659,None,EF:A5:BC:6A:92:FD,-98
2026-08-20 16:15:19.849765,None,4B:CA:13:C0:20:DD,-73
2026-08-20 16:15:29.285960,None,DB:59:2F:D1:7C:3B,-93
2026-08-20 16:15:32.469171,None,ED:80:33:FD:49:63,-98
2026-08-20 16:15:32.774711,None,58:59:16:E0:E3:05,-91
2026-08-20 16:15:55.102738,None,77:31:C8:89:76:8F,-82
2026-08-20 16:15:57.425337,None,D3:0D:26:76:8F:3D,-91
2026-08-20 16:16:08.082078,MELK-OF21   5C,BE:28:03:00:20:5C,-94
2026-08-20 16:16:57.160233,None,C5:B7:59:66:A5:F7,-90
2026-08-20 16:16:57.214361,None,76:89:B1:A0:D4:F1,-81
2026-08-20 16:17:21.202067,None,D2:47:0E:2D:2C:58,-89
2026-08-20 16:18:02.346282,None,62:C7:61:AF:62:D6,-95
2026-08-20 16:18:08.614559,113685_9C139E7A644C,9C:13:9E:7A:64:4E,-70
2026-08-20 16:18:09.205516,ResMed 223238,E8:E0:7E:34:BB:D4,-87
2026-08-20 16:18:13.540477,None,4A:7A:99:39:C5:24,-96
2026-08-20 16:18:13.725588,None,71:8B:8C:CA:78:C1,-100
2026-08-20 16:18:14.137538,20HL39284591421094,48:87:2D:89:79:5D,-88
2026-08-20 16:18:14.346616,Peak Pro 01502,F0:AD:4E:40:19:D5,-90
2026-08-20 16:18:35.765923,Charge 4,F1:D1:F5:5E:21:37,-87
2026-08-20 16:18:35.935016,None,4B:AB:5A:82:0F:7C,-100
2026-08-20 16:18:35.971963,None,59:D4:FD:3A:BB:4C,-93
2026-08-20 16:18:58.485018,None,50:6B:4E:31:4C:A4,-91
2026-08-20 16:20:30.192091,Platco PR1,B4:CB:B8:1B:D4:50,-85
2026-08-20 16:21:02.925964,[LG] webOS TV LR600BZUC,DC:EC:4F:D3:8E:A7,-96
2026-08-20 16:21:51.874493,None,37:83:A4:8C:7E:86,-95
2026-08-20 16:21:54.202157,None,57:A7:3A:3D:7B:79,-91
2026-08-20 16:22:43.176083,None,7F:CF:6A:DD:2D:0B,-98
2026-08-20 16:22:56.417937,None,74:72:9E:82:D1:B6,-96
2026-08-20 16:23:06.564881,None,50:60:9C:67:4C:BE,-85
2026-08-20 16:23:11.490899,None,F7:A5:2D:FE:36:F6,-98
2026-08-20 16:23:26.574647,AABL36YG147115,00:25:CA:DC:41:A2,-94
2026-08-20 16:23:39.252485,None,46:16:CA:32:C3:73,-95
2026-08-20 16:23:44.881490,None,44:EE:3F:82:05:A1,-86
2026-08-20 16:24:00.899547,None,25:A7:8F:5C:25:04,-98
2026-08-20 16:24:00.987643,None,34:C1:6E:8F:AA:09,-94
2026-08-20 16:24:02.740981,None,2C:8E:45:22:0B:40,-93
2026-08-20 16:24:09.682200,None,65:00:05:93:9C:A4,-82
2026-08-20 16:24:33.568922,None,76:6A:86:B7:0A:1F,-80
2026-08-20 16:24:55.898720,None,E3:E9:0A:FF:67:A7,-82
2026-08-20 16:25:02.705372,None,C2:95:5F:3D:52:02,-78
2026-08-20 16:25:03.194921,None,F6:BD:1C:64:4B:8C,-90
2026-08-20 16:25:10.392552,None,E3:AA:7C:7C:DD:B7,-77
2026-08-20 16:25:20.114101,None,4B:CA:13:C0:20:DD,-73
2026-08-20 16:25:52.981668,None,EF:A5:BC:6A:92:FD,-98
2026-08-20 16:26:04.995629,20HL39284450541189,48:87:2D:86:05:3D,-95
2026-08-20 16:26:05.000681,None,00:68:FA:55:C7:E9,-68
2026-08-20 16:26:05.868651,None,51:89:79:6B:B1:44,-77
2026-08-20 16:26:06.879310,None,4A:6E:C3:20:53:98,-94
2026-08-20 16:26:08.653091,MELK-OF21   5C,BE:28:03:00:20:5C,-97
2026-08-20 16:26:34.407300,None,D3:0D:26:76:8F:3D,-78
2026-08-20 16:26:57.335480,None,76:89:B1:A0:D4:F1,-80
2026-08-20 16:26:57.628950,None,C5:B7:59:66:A5:F7,-83
2026-08-20 16:27:11.349227,None,DB:59:2F:D1:7C:3B,-98
2026-08-20 16:27:27.209190,None,D2:47:0E:2D:2C:58,-91
2026-08-20 16:27:40.555839,TOZO NC9,94:4B:F8:5F:14:DA,-75
2026-08-20 16:28:08.654004,113685_9C139E7A644C,9C:13:9E:7A:64:4E,-69
2026-08-20 16:28:09.489935,None,78:36:CD:AD:CC:DA,-96
2026-08-20 16:28:11.755579,ResMed 223238,E8:E0:7E:34:BB:D4,-86
2026-08-20 16:28:14.228863,None,4A:7A:99:39:C5:24,-90
2026-08-20 16:28:14.489158,Peak Pro 01502,F0:AD:4E:40:19:D5,-89
2026-08-20 16:28:15.694557,20HL39284591421094,48:87:2D:89:79:5D,-88
2026-08-20 16:28:27.247829,None,27:56:DC:CD:A6:1B,-67
2026-08-20 16:28:36.734423,Charge 4,F1:D1:F5:5E:21:37,-84
2026-08-20 16:28:43.710223,None,71:8B:8C:CA:78:C1,-88
2026-08-20 16:28:43.763434,None,4B:AB:5A:82:0F:7C,-86
2026-08-20 16:28:49.304718,None,62:C7:61:AF:62:D6,-89
2026-08-20 16:29:02.975980,None,59:D4:FD:3A:BB:4C,-96
2026-08-20 16:29:29.940161,None,4A:7A:91:C4:10:BF,-83
2026-08-20 16:29:37.280665,None,6B:E3:F2:05:15:58,-95
2026-08-20 16:30:02.027015,None,FA:65:7B:6E:92:24,-82
2026-08-20 16:30:04.570013,None,F9:74:2F:59:35:99,-95
2026-08-20 16:30:05.903283,None,E0:FA:A9:6D:17:61,-92
2026-08-20 16:30:06.080582,None,53:75:04:90:FE:07,-96
2026-08-20 16:30:07.534845,None,C4:C9:F5:68:FF:84,-77
2026-08-20 16:30:19.532155,None,6B:C7:4D:5B:9C:5B,-87
2026-08-20 16:30:40.091382,Platco PR1,B4:CB:B8:1B:D4:50,-87
2026-08-20 16:31:00.474670,None,78:F0:5F:44:91:7C,-93
2026-08-20 16:31:08.273704,[LG] webOS TV LR600BZUC,DC:EC:4F:D3:8E:A7,-96
2026-08-20 16:31:18.732433,None,70:37:B2:0C:3B:82,-71
2026-08-20 16:31:26.346543,None,42:FC:35:6A:F4:BB,-94
2026-08-20 16:31:39.035377,None,F7:50:E4:86:2A:CB,-96
2026-08-20 16:31:44.463060,None,F1:EE:31:AA:F6:F2,-99
2026-08-20 16:31:54.332735,None,57:A7:3A:3D:7B:79,-92
2026-08-20 16:32:53.282170,None,E8:51:35:E7:60:67,-94
2026-08-20 16:33:14.472741,None,61:0D:50:DC:73:A2,-87
2026-08-20 16:33:49.857654,None,44:EE:3F:82:05:A1,-97
2026-08-20 16:33:53.354957,None,2C:16:C7:A8:AE:8B,-95
2026-08-20 16:34:10.737435,None,65:00:05:93:9C:A4,-77
2026-08-20 16:34:48.151677,None,E0:AD:BA:A6:79:40,-92
2026-08-20 16:34:49.847657,None,69:92:9F:E0:0A:16,-96
2026-08-20 16:34:50.150775,None,41:82:CC:DE:92:26,-94
2026-08-20 16:34:57.128484,None,E3:E9:0A:FF:67:A7,-74
2026-08-20 16:35:13.917049,None,E3:AA:7C:7C:DD:B7,-77
2026-08-20 16:35:45.809323,None,69:39:1B:66:46:F8,-101
2026-08-20 16:36:06.635674,None,51:89:79:6B:B1:44,-83
2026-08-20 16:36:06.733274,None,7A:95:89:0A:35:41,-98
2026-08-20 16:36:11.115142,MELK-OF21   5C,BE:28:03:00:20:5C,-94
2026-08-20 16:36:49.583427,None,4B:36:46:BE:A1:57,-99
2026-08-20 16:37:15.965950,20HL39284450541189,48:87:2D:86:05:3D,-95
2026-08-20 16:37:41.510978,TOZO NC9,94:4B:F8:5F:14:DA,-80
2026-08-20 16:37:42.493975,None,E1:3E:BC:94:07:24,-95
2026-08-20 16:38:09.771446,113685_9C139E7A644C,9C:13:9E:7A:64:4E,-71
2026-08-20 16:38:11.890972,ResMed 223238,E8:E0:7E:34:BB:D4,-86
2026-08-20 16:38:14.602938,Peak Pro 01502,F0:AD:4E:40:19:D5,-89
2026-08-20 16:38:16.720488,20HL39284591421094,48:87:2D:89:79:5D,-88
2026-08-20 16:38:38.517750,None,EA:78:DA:28:FC:8F,-95
2026-08-20 16:38:39.175116,Charge 4,F1:D1:F5:5E:21:37,-86
2026-08-20 16:38:45.630870,None,D9:2F:6F:90:FA:7B,-90
2026-08-20 16:38:46.973200,None,55:E9:4B:8D:6E:9F,-95
2026-08-20 16:38:47.522540,None,40:AB:8A:0D:DD:7B,-96
2026-08-20 16:38:47.766651,None,61:2A:9F:7F:4C:AE,-84
2026-08-20 16:38:52.336136,None,62:08:BE:34:A3:4D,-93
2026-08-20 16:39:00.344964,None,E3:AB:BF:FB:04:0E,-90
2026-08-20 16:39:03.792938,None,59:D4:FD:3A:BB:4C,-92
2026-08-20 16:39:14.224366,None,C9:39:49:B2:9C:26,-94
2026-08-20 16:39:30.371770,None,4A:7A:91:C4:10:BF,-74
--------------------Davin testing--------------------
2026-08-20 16:40:03.918413,None,FA:65:7B:6E:92:24,-65
2026-08-20 16:40:05.833273,None,F9:74:2F:59:35:99,-90
2026-08-20 16:40:09.700744,None,C4:C9:F5:68:FF:84,-73
2026-08-20 16:40:32.000194,None,6B:C7:4D:5B:9C:5B,-97
2026-08-20 16:40:40.405228,Platco PR1,B4:CB:B8:1B:D4:50,-84
2026-08-20 16:41:06.505954,None,58:C7:5B:77:E6:0D,-92
2026-08-20 16:41:08.159613,None,77:BA:99:4B:F4:88,-71
2026-08-20 16:41:08.184088,None,71:C7:BE:E9:70:1C,-71
--------------------End Davin--------------------
2026-08-20 16:41:09.040010,[LG] webOS TV LR600BZUC,DC:EC:4F:D3:8E:A7,-95
2026-08-20 16:41:14.618105,None,D9:EE:78:51:02:D2,-99
2026-08-20 16:41:19.726326,None,70:37:B2:0C:3B:82,-72
2026-08-20 16:41:41.482932,None,F7:50:E4:86:2A:CB,-93
2026-08-20 16:41:56.138289,None,57:A7:3A:3D:7B:79,-92
2026-08-20 16:41:56.547014,None,4B:73:16:7B:71:B3,-90
2026-08-20 16:41:59.769823,None,F1:EE:31:AA:F6:F2,-99
2026-08-20 16:42:04.235583,None,06:57:A9:B9:7C:0D,-75
2026-08-20 16:42:13.742698,None,58:2F:29:D6:56:85,-96
2026-08-20 16:42:51.416813,None,48:AD:D5:62:02:ED,-77
2026-08-20 16:43:12.450770,None,4A:06:C8:40:84:18,-95
2026-08-20 16:43:15.544377,None,61:0D:50:DC:73:A2,-92
2026-08-20 16:43:51.459356,None,44:EE:3F:82:05:A1,-93
2026-08-20 16:44:10.911898,None,65:00:05:93:9C:A4,-80
2026-08-20 16:44:45.834763,None,72:86:1B:5D:EC:40,-90
2026-08-20 16:45:00.020669,None,D0:67:F0:E4:12:4A,-92
2026-08-20 16:45:00.337009,None,CB:8D:43:07:7C:15,-80
2026-08-20 16:45:01.309315,None,E7:E6:62:F4:FC:B3,-74
2026-08-20 16:45:02.017990,None,D2:53:F6:C6:46:3B,-61
2026-08-20 16:45:02.388854,None,E3:E9:0A:FF:67:A7,-74
2026-08-20 16:45:02.547509,None,C7:F9:A4:C5:A4:83,-90
2026-08-20 16:45:02.865122,None,E0:AD:BA:A6:79:40,-89
2026-08-20 16:45:06.035979,None,E7:DF:9B:DF:A6:19,-81
2026-08-20 16:45:12.208241,None,D5:DD:FF:4A:CD:5B,-75
2026-08-20 16:45:12.959718,None,43:65:69:99:BE:17,-93
2026-08-20 16:45:19.950864,None,40:1C:F4:00:EA:B3,-85
2026-08-20 16:45:19.960139,None,C6:9A:12:8B:F3:31,-96
2026-08-20 16:45:27.373158,None,E3:AA:7C:7C:DD:B7,-83
2026-08-20 16:45:33.378441,None,FA:F2:FF:B9:9F:5C,-92
2026-08-20 16:45:49.195884,None,CE:B6:9F:EA:42:FF,-89
2026-08-20 16:46:03.181416,None,E2:D0:29:C0:47:64,-91
2026-08-20 16:46:08.471880,None,51:89:79:6B:B1:44,-86
2026-08-20 16:46:11.219239,MELK-OF21   5C,BE:28:03:00:20:5C,-95
2026-08-20 16:46:17.490712,None,69:39:1B:66:46:F8,-95
2026-08-20 16:46:18.563463,None,F0:EC:75:B4:AB:F0,-94
2026-08-20 16:46:19.924558,None,7A:95:89:0A:35:41,-95
2026-08-20 16:47:01.665453,None,4B:36:46:BE:A1:57,-95
2026-08-20 16:47:20.755236,20HL39284450541189,48:87:2D:86:05:3D,-93
2026-08-20 16:48:10.143189,113685_9C139E7A644C,9C:13:9E:7A:64:4E,-70
2026-08-20 16:48:11.965778,ResMed 223238,E8:E0:7E:34:BB:D4,-85
2026-08-20 16:48:12.620584,None,E8:61:E2:76:F7:16,-94
2026-08-20 16:48:15.493026,Peak Pro 01502,F0:AD:4E:40:19:D5,-88
2026-08-20 16:48:15.579153,None,5E:CA:AB:36:5E:71,-90
2026-08-20 16:48:17.025811,20HL39284591421094,48:87:2D:89:79:5D,-92
2026-08-20 16:48:30.934674,None,71:7D:88:38:01:1F,-83
2026-08-20 16:48:39.365870,None,4F:D9:6E:A7:D0:F7,-77
2026-08-20 16:48:39.547303,None,E2:BD:29:FC:5D:14,-76
2026-08-20 16:48:45.468017,Charge 4,F1:D1:F5:5E:21:37,-84
2026-08-20 16:48:47.140660,None,55:E9:4B:8D:6E:9F,-80
2026-08-20 16:48:47.582612,None,50:04:F4:C8:1F:AF,-71
2026-08-20 16:48:53.646211,None,62:08:BE:34:A3:4D,-84
2026-08-20 16:48:54.071135,None,48:A3:27:E8:96:D1,-99
2026-08-20 16:49:12.668769,None,4D:67:87:9D:94:B9,-97
2026-08-20 16:49:30.272271,None,C9:39:49:B2:9C:26,-96
2026-08-20 16:50:17.083851,None,F6:53:CF:64:AC:AA,-95
2026-08-20 16:50:50.313023,Platco PR1,B4:CB:B8:1B:D4:50,-83
2026-08-20 16:50:52.978266,None,77:F8:31:33:ED:DE,-100
2026-08-20 16:51:05.871440,None,6B:CA:FF:C7:0D:6D,-99
2026-08-20 16:51:11.210388,[LG] webOS TV LR600BZUC,DC:EC:4F:D3:8E:A7,-97
2026-08-20 16:51:13.941383,None,71:C7:BE:E9:70:1C,-89
2026-08-20 16:51:43.993754,None,6F:6D:A4:8C:8A:4A,-95
2026-08-20 16:52:04.264332,None,06:57:A9:B9:7C:0D,-72
2026-08-20 16:52:04.545763,None,21:7C:BB:8F:84:3F,-67
2026-08-20 16:52:51.459319,None,48:AD:D5:62:02:ED,-81
2026-08-20 16:53:27.485935,None,77:BA:99:4B:F4:88,-78
2026-08-20 16:53:28.385723,None,5E:FF:94:D3:05:4B,-81
2026-08-20 16:53:28.635303,None,6F:64:46:1C:72:B6,-93
2026-08-20 16:54:28.244811,None,5E:B2:39:2D:C8:45,-94
2026-08-20 16:54:46.185868,None,72:86:1B:5D:EC:40,-89
2026-08-20 16:55:03.474594,None,CB:8D:43:07:7C:15,-78
2026-08-20 16:55:03.577965,None,42:6D:F7:E3:78:41,-98
2026-08-20 16:55:04.732466,None,E7:E6:62:F4:FC:B3,-71
2026-08-20 16:55:04.815861,None,D2:53:F6:C6:46:3B,-62
2026-08-20 16:55:05.149372,None,D0:67:F0:E4:12:4A,-76
2026-08-20 16:55:06.891249,None,E7:DF:9B:DF:A6:19,-91
2026-08-20 16:55:07.307863,None,C7:F9:A4:C5:A4:83,-90
2026-08-20 16:55:12.293073,None,D5:DD:FF:4A:CD:5B,-72
2026-08-20 16:55:13.324507,None,43:65:69:99:BE:17,-97
2026-08-20 16:55:15.248156,None,E3:E9:0A:FF:67:A7,-85
2026-08-20 16:55:20.000223,None,40:1C:F4:00:EA:B3,-84
2026-08-20 16:55:56.434727,None,56:24:7D:26:3C:24,-91
2026-08-20 16:56:09.085382,None,CE:B6:9F:EA:42:FF,-93
2026-08-20 16:56:14.374840,MELK-OF21   5C,BE:28:03:00:20:5C,-95
2026-08-20 16:57:06.774163,None,E2:D0:29:C0:47:64,-94
2026-08-20 16:57:07.139514,None,F8:4E:58:0B:C3:AF,-99
2026-08-20 16:57:21.189980,None,C6:9A:12:8B:F3:31,-92
2026-08-20 16:57:28.015023,20HL39284450541189,48:87:2D:86:05:3D,-100
2026-08-20 16:58:09.513230,None,4B:E6:EA:EC:10:5D,-93
2026-08-20 16:58:10.225884,113685_9C139E7A644C,9C:13:9E:7A:64:4E,-68
2026-08-20 16:58:13.613109,ResMed 223238,E8:E0:7E:34:BB:D4,-85
2026-08-20 16:58:15.659918,Peak Pro 01502,F0:AD:4E:40:19:D5,-91
2026-08-20 16:58:15.692059,None,5E:CA:AB:36:5E:71,-86
2026-08-20 16:58:17.448002,20HL39284591421094,48:87:2D:89:79:5D,-90
2026-08-20 16:58:30.956865,None,71:7D:88:38:01:1F,-92
2026-08-20 16:58:39.541796,None,4F:D9:6E:A7:D0:F7,-76
2026-08-20 16:58:43.034919,None,E2:BD:29:FC:5D:14,-83
2026-08-20 16:58:46.495484,Charge 4,F1:D1:F5:5E:21:37,-86
2026-08-20 16:58:48.887402,None,50:04:F4:C8:1F:AF,-70
2026-08-20 16:59:56.937559,None,4D:67:87:9D:94:B9,-93
2026-08-20 17:00:00.010516,None,C6:B1:83:41:9A:17,-61
2026-08-20 17:00:02.019770,None,CE:87:07:CC:07:25,-90
2026-08-20 17:00:02.209592,None,CA:D6:2F:F5:6B:CA,-67
2026-08-20 17:00:02.533387,None,D8:39:AB:75:75:24,-88
2026-08-20 17:00:07.641809,None,CF:20:31:AA:21:F9,-84
2026-08-20 17:00:08.111140,None,EF:27:70:36:6D:79,-79
2026-08-20 17:00:08.355319,None,EF:CE:F7:E1:D0:51,-85
2026-08-20 17:00:08.987447,None,CA:A7:0F:32:E6:DC,-94
2026-08-20 17:00:22.208279,None,E0:4F:58:F2:4A:E0,-96
2026-08-20 17:00:58.155920,None,77:F8:31:33:ED:DE,-95
2026-08-20 17:01:00.141681,Platco PR1,B4:CB:B8:1B:D4:50,-83
2026-08-20 17:01:04.922825,None,F6:53:CF:64:AC:AA,-95
2026-08-20 17:01:11.257013,[LG] webOS TV LR600BZUC,DC:EC:4F:D3:8E:A7,-95
2026-08-20 17:01:18.392661,None,71:C7:BE:E9:70:1C,-88
2026-08-20 17:01:20.720525,None,10:68:38:43:F2:58,-86
2026-08-20 17:01:25.444029,None,58:03:D5:7F:0F:0D,-73
2026-08-20 17:01:54.031078,None,6F:6D:A4:8C:8A:4A,-96
2026-08-20 17:02:06.032242,None,00:0C:BB:D3:C0:69,-77
2026-08-20 17:02:27.435203,None,6B:CA:FF:C7:0D:6D,-97
2026-08-20 17:02:43.789241,None,49:F0:CD:78:A1:27,-98
2026-08-20 17:02:48.393861,None,41:28:88:91:19:F2,-97
2026-08-20 17:03:05.183552,None,54:37:9A:81:69:FC,-95
2026-08-20 17:03:13.362125,None,53:DF:1E:F8:24:59,-88
2026-08-20 17:03:30.584239,None,6F:64:46:1C:72:B6,-85
2026-08-20 17:03:35.153732,None,5E:FF:94:D3:05:4B,-83
2026-08-20 17:04:05.582841,None,71:C3:DE:36:43:4A,-99
2026-08-20 17:04:15.148162,None,FD:C3:E1:7B:9B:74,-99
2026-08-20 17:04:16.310366,None,E6:B3:21:A3:1A:F6,-90
2026-08-20 17:04:23.943148,None,5F:1D:25:69:3A:0E,-98
2026-08-20 17:04:26.689460,None,F6:1A:52:92:23:CA,-97
2026-08-20 17:04:47.758836,None,72:86:1B:5D:EC:40,-91
2026-08-20 17:04:48.885065,None,45:8F:29:47:AA:EF,-90
2026-08-20 17:05:05.920477,None,D2:53:F6:C6:46:3B,-62
2026-08-20 17:05:06.509580,None,5B:D0:FA:5F:22:E2,-97
2026-08-20 17:05:06.584781,None,65:89:F3:17:40:09,-90
2026-08-20 17:05:17.189799,None,E3:E9:0A:FF:67:A7,-74
2026-08-20 17:05:20.117875,None,40:1C:F4:00:EA:B3,-95
2026-08-20 17:05:23.024631,None,4E:AE:3F:BE:C4:E9,-74
2026-08-20 17:05:26.104423,None,6A:BC:90:32:33:E3,-87
2026-08-20 17:05:26.326811,None,45:BD:FC:9A:3D:E9,-89
2026-08-20 17:05:30.388796,None,71:E6:BA:C9:3B:48,-94
2026-08-20 17:06:19.611550,MELK-OF21   5C,BE:28:03:00:20:5C,-96
2026-08-20 17:06:36.390361,Triones-A4C13817BA,A4:C1:38:17:BA:11,-92
2026-08-20 17:06:36.620792,None,D3:40:07:E0:39:6A,-97
2026-08-20 17:06:36.918810,Triones-A4C1381FC9,A4:C1:38:1F:C9:0F,-91
2026-08-20 17:07:10.336244,None,DA:47:E5:76:A3:FD,-96
2026-08-20 17:07:30.667555,None,77:67:04:81:24:EF,-100
2026-08-20 17:07:39.821248,20HL39284450541189,48:87:2D:86:05:3D,-94
2026-08-20 17:07:40.193229,None,4D:12:90:B7:F3:5B,-97
2026-08-20 17:08:12.060183,113685_9C139E7A644C,9C:13:9E:7A:64:4E,-72
2026-08-20 17:08:13.851985,ResMed 223238,E8:E0:7E:34:BB:D4,-86
2026-08-20 17:08:15.664055,Peak Pro 01502,F0:AD:4E:40:19:D5,-88
2026-08-20 17:08:21.228918,20HL39284591421094,48:87:2D:89:79:5D,-93
2026-08-20 17:08:33.579045,None,71:7D:88:38:01:1F,-81
2026-08-20 17:08:40.073785,None,7E:C8:48:38:90:06,-83
2026-08-20 17:08:42.532334,None,4F:D9:6E:A7:D0:F7,-76
2026-08-20 17:08:42.639752,None,4A:D6:63:71:B6:64,-96
2026-08-20 17:08:44.555458,None,E2:BD:29:FC:5D:14,-76
2026-08-20 17:08:50.170909,Charge 4,F1:D1:F5:5E:21:37,-85
2026-08-20 17:09:12.936087,None,42:E9:AB:89:0A:9B,-95
2026-08-20 17:09:16.225559,None,ED:98:4B:4C:18:5B,-90
2026-08-20 17:09:54.923840,None,57:02:A1:22:2B:E2,-97
2026-08-20 17:10:04.752925,None,CE:87:07:CC:07:25,-84
2026-08-20 17:10:05.795155,None,D8:39:AB:75:75:24,-90
2026-08-20 17:10:05.964714,None,CA:D6:2F:F5:6B:CA,-72
2026-08-20 17:10:06.269520,None,C6:B1:83:41:9A:17,-62
2026-08-20 17:10:08.888254,None,CF:20:31:AA:21:F9,-72
2026-08-20 17:10:11.553685,None,EF:27:70:36:6D:79,-71
2026-08-20 17:10:11.838112,None,EF:CE:F7:E1:D0:51,-84
2026-08-20 17:11:10.016428,Platco PR1,B4:CB:B8:1B:D4:50,-86
2026-08-20 17:11:11.891079,[LG] webOS TV LR600BZUC,DC:EC:4F:D3:8E:A7,-98
2026-08-20 17:11:25.640424,None,58:03:D5:7F:0F:0D,-79
2026-08-20 17:12:04.770247,None,08:16:69:3B:A7:8C,-74
2026-08-20 17:13:14.624989,None,53:DF:1E:F8:24:59,-96
2026-08-20 17:13:19.439883,None,E0:4F:58:F2:4A:E0,-96
2026-08-20 17:13:30.682241,None,6F:64:46:1C:72:B6,-87
2026-08-20 17:13:36.403262,None,5E:FF:94:D3:05:4B,-80
2026-08-20 17:13:44.888249,None,60:F7:F3:D3:CF:3C,-94
2026-08-20 17:14:25.601146,None,E6:B3:21:A3:1A:F6,-90
2026-08-20 17:14:36.954051,None,C5:CB:1F:F7:36:B1,-84
2026-08-20 17:14:40.978728,None,5F:5D:F4:18:C5:FF,-81
2026-08-20 17:14:41.003883,None,70:50:73:94:DF:30,-85
2026-08-20 17:14:41.061111,None,4E:44:94:EF:75:D9,-83
2026-08-20 17:14:49.033648,None,45:8F:29:47:AA:EF,-69
2026-08-20 17:15:00.397928,None,E2:E2:82:54:F6:87,-82
2026-08-20 17:15:01.084987,None,EC:DF:3A:25:AF:6B,-78
2026-08-20 17:15:02.010700,None,DD:14:19:6F:A8:B9,-86
2026-08-20 17:15:02.031259,None,DC:A6:E0:FB:2E:C4,-82
2026-08-20 17:15:03.040152,None,5F:1D:25:69:3A:0E,-99
2026-08-20 17:15:04.003663,None,E1:95:4D:DB:48:1A,-62
2026-08-20 17:15:04.435768,None,D4:BF:F8:FB:51:CC,-69
2026-08-20 17:15:07.576135,None,65:89:F3:17:40:09,-91
2026-08-20 17:15:07.736202,None,FF:0D:DD:05:1B:9E,-96
2026-08-20 17:15:19.160877,None,C9:59:BD:28:5C:CE,-97
2026-08-20 17:15:22.430524,None,E3:E9:0A:FF:67:A7,-76
2026-08-20 17:15:23.661144,None,E9:BD:F4:5F:5C:FD,-93
2026-08-20 17:15:24.146679,None,F7:2B:7B:A8:93:E9,-90
2026-08-20 17:15:28.565633,None,C3:BA:96:D2:FE:4F,-91
2026-08-20 17:15:30.811858,None,71:E6:BA:C9:3B:48,-80
2026-08-20 17:15:42.463218,None,35:2C:64:DD:3D:1A,-65
2026-08-20 17:16:00.722795,None,C3:0D:A6:1E:D3:7C,-97
2026-08-20 17:16:21.443324,None,5C:83:80:59:FC:67,-97
2026-08-20 17:16:32.023997,MELK-OF21   5C,BE:28:03:00:20:5C,-95
2026-08-20 17:16:40.323949,None,D3:40:07:E0:39:6A,-94
2026-08-20 17:16:49.668953,None,47:80:D8:B4:E1:35,-97
2026-08-20 17:17:00.834117,None,DF:B7:02:97:B4:CA,-94
2026-08-20 17:17:07.069404,None,4E:AE:3F:BE:C4:E9,-69
2026-08-20 17:17:07.118034,None,7C:46:62:CE:6E:63,-73
2026-08-20 17:17:15.794753,None,6A:BC:90:32:33:E3,-99
2026-08-20 17:17:44.057374,None,5B:D0:FA:5F:22:E2,-95
2026-08-20 17:17:53.139784,20HL39284450541189,48:87:2D:86:05:3D,-101
2026-08-20 17:18:07.331947,None,45:BD:FC:9A:3D:E9,-99
2026-08-20 17:18:10.647861,None,CA:D1:59:75:18:36,-99
2026-08-20 17:18:12.223858,113685_9C139E7A644C,9C:13:9E:7A:64:4E,-66
2026-08-20 17:18:13.564578,None,47:BB:4E:0D:EA:DF,-90
2026-08-20 17:18:14.189423,None,52:27:85:1F:70:83,-97
2026-08-20 17:18:14.295942,ResMed 223238,E8:E0:7E:34:BB:D4,-86
2026-08-20 17:18:17.590084,Peak Pro 01502,F0:AD:4E:40:19:D5,-91
2026-08-20 17:18:22.001949,20HL39284591421094,48:87:2D:89:79:5D,-91
2026-08-20 17:18:34.281539,None,71:7D:88:38:01:1F,-81
2026-08-20 17:18:40.292667,None,7E:C8:48:38:90:06,-86
2026-08-20 17:18:52.606410,Charge 4,F1:D1:F5:5E:21:37,-87
2026-08-20 17:19:08.391047,None,77:E5:28:4C:99:44,-72
2026-08-20 17:19:08.499860,None,76:02:D3:5A:DA:BB,-82
2026-08-20 17:19:15.221055,None,42:E9:AB:89:0A:9B,-92
2026-08-20 17:19:35.758637,ISP165B_BLE,C4:C1:03:E0:2C:DC,-91
2026-08-20 17:21:10.343228,Platco PR1,B4:CB:B8:1B:D4:50,-86
2026-08-20 17:21:14.339076,[LG] webOS TV LR600BZUC,DC:EC:4F:D3:8E:A7,-97
2026-08-20 17:22:04.942089,None,1B:FD:5D:F3:CE:CF,-64
2026-08-20 17:22:53.362681,None,6B:6A:D6:0A:B2:20,-97
2026-08-20 17:23:02.197190,None,4C:C7:FE:72:9C:5B,-96
2026-08-20 17:23:02.703209,None,4C:CB:D2:92:11:BA,-90
2026-08-20 17:23:03.030602,None,41:11:07:AC:39:08,-101
2026-08-20 17:23:29.022546,None,4E:E2:5D:09:BD:D3,-94
2026-08-20 17:23:52.576686,None,60:F7:F3:D3:CF:3C,-95
2026-08-20 17:24:26.894128,None,64:CC:95:9F:72:8B,-93
2026-08-20 17:24:38.358357,None,C5:CB:1F:F7:36:B1,-83
2026-08-20 17:24:41.244721,None,5F:5D:F4:18:C5:FF,-76
2026-08-20 17:24:41.856653,None,70:50:73:94:DF:30,-92
2026-08-20 17:24:42.022003,None,4E:44:94:EF:75:D9,-78
2026-08-20 17:25:01.922141,None,E2:E2:82:54:F6:87,-83
2026-08-20 17:25:02.775476,None,EC:DF:3A:25:AF:6B,-79
2026-08-20 17:25:06.925984,None,E1:95:4D:DB:48:1A,-61
2026-08-20 17:25:08.616185,None,65:89:F3:17:40:09,-88
2026-08-20 17:25:09.561211,None,DC:A6:E0:FB:2E:C4,-79
2026-08-20 17:25:09.939795,None,FF:0D:DD:05:1B:9E,-89
2026-08-20 17:25:10.147328,None,DD:14:19:6F:A8:B9,-95
2026-08-20 17:25:10.397599,None,D4:BF:F8:FB:51:CC,-95
2026-08-20 17:25:22.168796,None,78:F0:41:31:31:C8,-90
2026-08-20 17:25:23.975729,None,E3:E9:0A:FF:67:A7,-81
2026-08-20 17:25:27.381190,None,F7:2B:7B:A8:93:E9,-91
2026-08-20 17:25:28.882730,None,C3:BA:96:D2:FE:4F,-87
2026-08-20 17:25:31.303268,None,71:E6:BA:C9:3B:48,-79
2026-08-20 17:26:44.216052,None,39:37:61:C2:96:DF,-67
2026-08-20 17:26:51.705377,None,4F:7D:7C:94:D9:D0,-84
2026-08-20 17:26:52.231758,None,7A:42:ED:9F:90:79,-84
2026-08-20 17:27:07.383191,None,7C:46:62:CE:6E:63,-82
2026-08-20 17:27:08.152771,None,47:80:D8:B4:E1:35,-97
2026-08-20 17:27:20.691742,None,DF:B7:02:97:B4:CA,-94
2026-08-20 17:27:21.554021,None,51:FF:92:83:53:10,-83
2026-08-20 17:27:23.601324,None,C3:0D:A6:1E:D3:7C,-95
2026-08-20 17:27:55.439961,MELK-OF21   5C,BE:28:03:00:20:5C,-98
2026-08-20 17:28:12.386219,113685_9C139E7A644C,9C:13:9E:7A:64:4E,-68
2026-08-20 17:28:15.844720,None,47:BB:4E:0D:EA:DF,-91
2026-08-20 17:28:15.899861,ResMed 223238,E8:E0:7E:34:BB:D4,-86
2026-08-20 17:28:17.742184,Peak Pro 01502,F0:AD:4E:40:19:D5,-88
2026-08-20 17:28:23.237620,20HL39284591421094,48:87:2D:89:79:5D,-89
2026-08-20 17:28:25.031269,None,5E:BE:3D:71:1F:99,-73
2026-08-20 17:28:36.962576,None,71:7D:88:38:01:1F,-81
2026-08-20 17:28:58.747048,Charge 4,F1:D1:F5:5E:21:37,-88
2026-08-20 17:29:12.528728,None,77:E5:28:4C:99:44,-87
2026-08-20 17:29:37.832084,None,E9:BD:F4:5F:5C:FD,-95
2026-08-20 17:29:40.103102,None,75:BB:A6:72:43:13,-81
2026-08-20 17:30:01.858883,None,E0:90:D3:CB:9D:2A,-81
2026-08-20 17:30:02.028809,None,F7:34:72:CB:7E:70,-80
2026-08-20 17:30:02.063397,None,CF:B6:69:8E:DE:36,-74
2026-08-20 17:30:02.797976,None,CB:06:6C:C4:CE:FD,-78
2026-08-20 17:30:03.951625,None,EB:7F:F4:95:FE:6E,-98
2026-08-20 17:30:04.533758,None,DD:84:B9:00:A4:00,-89
2026-08-20 17:30:06.016654,None,FF:93:1C:E8:5D:D2,-98
2026-08-20 17:30:08.814017,ISP165B_BLE,C4:C1:03:E0:2C:DC,-93
2026-08-20 17:30:23.052583,TOZO NC9,94:4B:F8:5F:14:DA,-94
2026-08-20 17:30:29.878199,None,7E:13:6E:4F:41:55,-81
2026-08-20 17:30:45.224080,None,DF:9D:0F:51:32:A8,-98
2026-08-20 17:31:15.198651,Platco PR1,B4:CB:B8:1B:D4:50,-86
2026-08-20 17:31:36.845744,None,E4:7A:1D:10:05:6E,-95
2026-08-20 17:31:43.381097,[LG] webOS TV LR600BZUC,DC:EC:4F:D3:8E:A7,-97
2026-08-20 17:31:58.797218,None,DC:C0:64:98:72:8C,-93
2026-08-20 17:32:07.913376,None,2A:74:66:B5:11:E5,-78
2026-08-20 17:32:08.470716,None,E0:29:52:61:50:D7,-99
2026-08-20 17:33:13.374999,None,77:BC:33:DE:94:20,-90
2026-08-20 17:33:47.388552,None,F2:65:89:66:82:04,-90
2026-08-20 17:33:47.633938,None,45:20:3B:C1:09:49,-97
2026-08-20 17:34:04.503720,None,72:B3:C3:B2:0C:83,-94
2026-08-20 17:34:28.991547,None,4C:59:CD:D0:E8:34,-92
2026-08-20 17:34:29.089893,None,50:0A:07:D1:B7:3E,-90
2026-08-20 17:34:29.610838,None,7D:8E:EC:F6:59:02,-87
2026-08-20 17:34:30.787645,None,EB:AD:69:87:19:81,-87
2026-08-20 17:34:32.970912,None,64:CC:95:9F:72:8B,-95
2026-08-20 17:34:33.158161,None,D4:86:0D:8E:93:94,-91
2026-08-20 17:34:38.208698,None,F4:CE:EF:0F:F3:02,-92
2026-08-20 17:34:43.826745,None,C5:CB:1F:F7:36:B1,-78
2026-08-20 17:34:47.136472,None,4E:44:94:EF:75:D9,-78
2026-08-20 17:34:57.584528,None,41:11:07:AC:39:08,-104
2026-08-20 17:35:07.437522,None,6B:6A:D6:0A:B2:20,-100
2026-08-20 17:35:22.594958,None,78:F0:41:31:31:C8,-93
2026-08-20 17:35:22.622754,None,69:1F:35:5C:33:5C,-97
2026-08-20 17:35:25.153104,None,E3:E9:0A:FF:67:A7,-76
2026-08-20 17:36:01.846241,None,4D:EC:12:F5:84:92,-99
2026-08-20 17:36:11.762413,None,5E:BF:49:6B:B4:43,-91
2026-08-20 17:36:16.883605,None,45:18:66:BD:EC:C4,-98
2026-08-20 17:36:37.796673,None,68:64:81:AE:86:DC,-98
2026-08-20 17:36:52.424057,None,7A:42:ED:9F:90:79,-79
2026-08-20 17:36:53.585622,None,4F:7D:7C:94:D9:D0,-80
2026-08-20 17:36:58.248950,None,47:4D:76:B2:07:A2,-92
2026-08-20 17:37:32.143043,None,51:FF:92:83:53:10,-88
2026-08-20 17:37:33.623379,None,EE:BE:FC:65:F8:89,-78
2026-08-20 17:37:56.366529,MELK-OF21   5C,BE:28:03:00:20:5C,-95
2026-08-20 17:37:59.961852,None,76:02:D3:5A:DA:BB,-79
2026-08-20 17:38:07.826973,None,70:8E:25:BA:22:2B,-91
2026-08-20 17:38:13.930270,113685_9C139E7A644C,9C:13:9E:7A:64:4E,-72
2026-08-20 17:38:16.543318,ResMed 223238,E8:E0:7E:34:BB:D4,-87
2026-08-20 17:38:21.148789,Peak Pro 01502,F0:AD:4E:40:19:D5,-89
2026-08-20 17:38:23.438588,20HL39284591421094,48:87:2D:89:79:5D,-88
2026-08-20 17:38:25.076398,None,5E:BE:3D:71:1F:99,-73
2026-08-20 17:38:59.894251,Charge 4,F1:D1:F5:5E:21:37,-86
2026-08-20 17:39:13.077257,None,77:E5:28:4C:99:44,-66
2026-08-20 17:39:40.123839,None,75:BB:A6:72:43:13,-92
2026-08-20 17:40:02.825054,None,F7:34:72:CB:7E:70,-83
2026-08-20 17:40:03.448386,None,CF:B6:69:8E:DE:36,-76
2026-08-20 17:40:03.884851,None,CB:06:6C:C4:CE:FD,-85
2026-08-20 17:40:07.469939,None,61:71:80:27:52:A6,-72
2026-08-20 17:40:09.142164,None,E0:90:D3:CB:9D:2A,-81
2026-08-20 17:40:09.488416,None,EB:7F:F4:95:FE:6E,-96
2026-08-20 17:40:13.762095,None,7B:4D:22:B0:74:E2,-69
2026-08-20 17:40:17.204906,None,FF:93:1C:E8:5D:D2,-93
2026-08-20 17:40:21.944131,None,DD:84:B9:00:A4:00,-89
2026-08-20 17:40:29.570179,None,40:68:BA:F8:1E:6C,-81
2026-08-20 17:40:30.126898,None,7E:13:6E:4F:41:55,-82
2026-08-20 17:40:31.578470,None,CF:E0:1D:D0:1F:11,-77
2026-08-20 17:40:41.670963,None,F8:4E:58:0B:C3:AF,-97
2026-08-20 17:40:46.569930,None,DF:9D:0F:51:32:A8,-98
2026-08-20 17:41:06.495404,None,55:59:35:20:5F:B3,-85
2026-08-20 17:41:07.024507,None,65:5A:FF:B1:22:0B,-79
2026-08-20 17:41:20.069012,Platco PR1,B4:CB:B8:1B:D4:50,-86
2026-08-20 17:42:02.657920,ISP165B_BLE,C4:C1:03:E0:2C:DC,-92
2026-08-20 17:42:32.044849,None,E0:29:52:61:50:D7,-100
2026-08-20 17:42:36.603584,None,DC:C0:64:98:72:8C,-95
2026-08-20 17:43:07.433698,[LG] webOS TV LR600BZUC,DC:EC:4F:D3:8E:A7,-99
2026-08-20 17:43:13.459024,None,77:BC:33:DE:94:20,-90
2026-08-20 17:43:16.684087,None,40:63:18:1A:28:E7,-94
2026-08-20 17:43:52.845658,None,45:20:3B:C1:09:49,-95
2026-08-20 17:43:58.763632,None,EB:EE:06:38:9A:74,-89
2026-08-20 17:44:00.078279,None,75:B9:59:75:ED:0B,-88
2026-08-20 17:44:06.087536,None,72:B3:C3:B2:0C:83,-89
2026-08-20 17:44:06.336718,None,41:25:20:25:04:2C,-90
2026-08-20 17:44:22.846123,None,E4:7A:1D:10:05:6E,-98
2026-08-20 17:44:29.102257,None,F2:65:89:66:82:04,-90
2026-08-20 17:44:34.150242,None,72:E5:FA:2B:0D:32,-95
2026-08-20 17:44:35.576708,None,5E:63:F9:F8:68:65,-97
2026-08-20 17:44:38.108389,None,73:69:52:AB:5F:D8,-93
2026-08-20 17:44:42.268237,None,4F:91:82:68:68:CF,-93
2026-08-20 17:44:49.721345,None,F4:CE:EF:0F:F3:02,-89
2026-08-20 17:44:59.973170,None,F9:9D:4B:A2:21:48,-80
2026-08-20 17:45:00.036820,None,C2:86:24:B7:CF:50,-85
2026-08-20 17:45:02.212669,None,CE:74:B8:DD:36:C8,-77
2026-08-20 17:45:02.297593,None,C8:92:C4:A1:30:FE,-86
2026-08-20 17:45:02.549745,None,CE:46:6A:63:26:D7,-89
2026-08-20 17:45:02.724419,None,F0:A8:7A:DB:F9:7C,-65
2026-08-20 17:45:03.239757,None,71:19:A1:58:35:A5,-94
2026-08-20 17:45:05.765870,None,E4:DE:88:58:B7:A8,-94
2026-08-20 17:45:06.391813,None,C0:5F:88:4F:74:B2,-97
2026-08-20 17:45:06.591927,None,E2:74:FA:21:99:0C,-80
2026-08-20 17:45:07.059419,None,D9:04:C0:FC:0A:5D,-92
2026-08-20 17:45:12.090002,None,E2:3D:17:54:7F:FD,-95
2026-08-20 17:45:13.204981,None,44:FF:38:C9:52:12,-100
2026-08-20 17:45:23.304421,None,78:F0:41:31:31:C8,-90
2026-08-20 17:45:26.380083,None,E3:E9:0A:FF:67:A7,-86
2026-08-20 17:45:33.602702,None,4D:AE:53:DD:B4:FA,-97
2026-08-20 17:45:37.739514,None,C2:A2:2F:28:24:E1,-95
2026-08-20 17:45:48.042700,None,D7:45:49:21:43:FD,-90
2026-08-20 17:46:21.739707,None,69:1F:35:5C:33:5C,-97
2026-08-20 17:46:27.171611,20HL39284450541189,48:87:2D:86:05:3D,-94
2026-08-20 17:46:34.149970,None,5E:29:EB:CC:BD:6E,-90
2026-08-20 17:46:58.825696,None,47:4D:76:B2:07:A2,-88
2026-08-20 17:47:12.723416,None,C0:18:B5:E4:C5:69,-100
2026-08-20 17:47:23.249845,None,6E:76:92:23:E7:1E,-77
2026-08-20 17:47:25.439970,None,68:64:81:AE:86:DC,-96
2026-08-20 17:47:30.018486,None,45:18:66:BD:EC:C4,-97
2026-08-20 17:47:30.616996,None,5C:96:73:98:0C:05,-92
2026-08-20 17:47:32.564883,None,4D:EC:12:F5:84:92,-94
2026-08-20 17:47:58.662814,None,6A:24:87:89:7C:14,-98
2026-08-20 17:48:01.162974,MELK-OF21   5C,BE:28:03:00:20:5C,-96
2026-08-20 17:48:05.625601,None,60:3C:0F:19:A7:4B,-96
2026-08-20 17:48:08.683237,None,5F:11:AF:B4:AB:64,-98
2026-08-20 17:48:13.636083,None,69:8A:0A:0D:06:C0,-90
2026-08-20 17:48:14.030392,113685_9C139E7A644C,9C:13:9E:7A:64:4E,-68
2026-08-20 17:48:16.560780,ResMed 223238,E8:E0:7E:34:BB:D4,-86
2026-08-20 17:48:21.656878,Peak Pro 01502,F0:AD:4E:40:19:D5,-90
2026-08-20 17:48:23.632435,20HL39284591421094,48:87:2D:89:79:5D,-89
2026-08-20 17:48:36.064166,None,6B:88:C5:EE:B9:A9,-98
2026-08-20 17:48:51.561037,None,74:5B:D2:F0:32:F1,-99
2026-08-20 17:48:58.083145,None,56:A3:7D:B5:CD:52,-89
2026-08-20 17:49:02.332047,Charge 4,F1:D1:F5:5E:21:37,-82
2026-08-20 17:49:10.153001,None,EA:21:15:2B:E3:5B,-91
2026-08-20 17:49:19.452701,None,4B:98:12:A9:F6:66,-90
2026-08-20 17:50:08.805357,None,61:71:80:27:52:A6,-83
2026-08-20 17:50:30.345817,None,7E:13:6E:4F:41:55,-82
2026-08-20 17:50:30.418181,None,40:68:BA:F8:1E:6C,-78
2026-08-20 17:50:34.084310,None,CF:E0:1D:D0:1F:11,-80
2026-08-20 17:50:50.990595,None,75:9F:5F:47:AA:43,-98
2026-08-20 17:51:08.684546,None,55:59:35:20:5F:B3,-75
2026-08-20 17:51:09.348236,None,65:5A:FF:B1:22:0B,-76
2026-08-20 17:51:29.974804,Platco PR1,B4:CB:B8:1B:D4:50,-86
2026-08-20 17:51:38.071011,None,5E:C0:20:34:9A:97,-81
2026-08-20 17:52:12.013737,None,4C:CA:94:27:26:36,-85
2026-08-20 17:52:33.949679,ISP165B_BLE,C4:C1:03:E0:2C:DC,-91
2026-08-20 17:53:51.842921,None,3A:3F:15:47:B7:F2,-88
2026-08-20 17:54:07.635413,None,41:25:20:25:04:2C,-89
2026-08-20 17:54:28.636532,[LG] webOS TV LR600BZUC,DC:EC:4F:D3:8E:A7,-96
2026-08-20 17:55:02.887593,None,CE:46:6A:63:26:D7,-95
2026-08-20 17:55:02.921284,None,C8:92:C4:A1:30:FE,-89
2026-08-20 17:55:03.326812,None,CE:74:B8:DD:36:C8,-81
2026-08-20 17:55:03.346481,None,C2:86:24:B7:CF:50,-89
2026-08-20 17:55:03.579247,None,F0:A8:7A:DB:F9:7C,-71
2026-08-20 17:55:04.410671,None,F9:9D:4B:A2:21:48,-83
2026-08-20 17:55:09.602739,None,E2:74:FA:21:99:0C,-87
2026-08-20 17:55:23.267058,None,E4:DE:88:58:B7:A8,-93
2026-08-20 17:55:29.309857,None,E3:E9:0A:FF:67:A7,-64
2026-08-20 17:55:33.776873,None,4D:AE:53:DD:B4:FA,-77
2026-08-20 17:55:45.311619,None,C2:A2:2F:28:24:E1,-93
2026-08-20 17:55:50.857978,None,D7:45:49:21:43:FD,-91
2026-08-20 17:55:57.756625,None,FD:37:69:EE:BC:3D,-76
2026-08-20 17:56:34.272566,None,5E:29:EB:CC:BD:6E,-89
2026-08-20 17:57:23.405162,None,6E:76:92:23:E7:1E,-78
2026-08-20 17:57:25.807899,None,E2:3D:17:54:7F:FD,-95
2026-08-20 17:57:33.285522,None,5C:96:73:98:0C:05,-91
2026-08-20 17:58:00.043095,None,C3:87:80:A4:1B:07,-94
2026-08-20 17:58:07.284893,None,60:3C:0F:19:A7:4B,-101
2026-08-20 17:58:07.984769,None,6A:24:87:89:7C:14,-96
2026-08-20 17:58:14.120452,113685_9C139E7A644C,9C:13:9E:7A:64:4E,-64
2026-08-20 17:58:14.329213,None,69:8A:0A:0D:06:C0,-95
2026-08-20 17:58:18.049157,ResMed 223238,E8:E0:7E:34:BB:D4,-89
2026-08-20 17:58:21.792227,Peak Pro 01502,F0:AD:4E:40:19:D5,-91
2026-08-20 17:58:25.080904,20HL39284591421094,48:87:2D:89:79:5D,-87
2026-08-20 17:58:31.952149,None,4D:8C:7E:22:6D:5A,-76
2026-08-20 17:58:33.997845,None,5D:1F:B2:EF:8B:BA,-80
2026-08-20 17:58:39.769933,MELK-OF21   5C,BE:28:03:00:20:5C,-97
2026-08-20 17:58:39.774376,None,48:9E:C4:2F:7C:80,-87
2026-08-20 17:58:54.690239,None,74:5B:D2:F0:32:F1,-103
2026-08-20 17:59:00.162586,None,56:A3:7D:B5:CD:52,-88
2026-08-20 17:59:03.525828,None,5F:11:AF:B4:AB:64,-97
2026-08-20 17:59:04.599996,Charge 4,F1:D1:F5:5E:21:37,-84
2026-08-20 17:59:14.367660,None,46:EE:E3:7C:C3:02,-84
2026-08-20 17:59:14.377645,None,4B:AD:FA:8C:EA:BA,-95
2026-08-20 17:59:21.779030,None,EA:21:15:2B:E3:5B,-90
2026-08-20 17:59:37.763678,None,D9:04:C0:FC:0A:5D,-94
2026-08-20 17:59:44.541682,None,C0:18:B5:E4:C5:69,-97
2026-08-20 17:59:51.041372,4,4B:4D:AC:7D:54:FB,-97
2026-08-20 17:59:52.473258,LFSmart Scale,CF:E9:17:28:41:0D,-97
2026-08-20 18:00:00.545736,None,FD:0C:2A:D7:04:45,-90
2026-08-20 18:00:00.674438,None,CB:F8:CA:9B:EB:D1,-90
2026-08-20 18:00:04.363886,None,E4:96:1C:43:10:71,-95
2026-08-20 18:00:04.474420,None,E2:21:D2:A6:09:61,-98
2026-08-20 18:00:19.098286,None,5A:61:7F:D0:A1:7F,-92
2026-08-20 18:00:19.534301,None,78:07:F5:10:44:93,-92
2026-08-20 18:00:24.725777,None,CA:C4:8E:F2:16:80,-94
2026-08-20 18:00:31.896521,None,69:AB:A3:CD:07:21,-98
2026-08-20 18:00:32.170629,None,C6:9F:84:05:B6:7D,-92
2026-08-20 18:00:32.331450,None,40:68:BA:F8:1E:6C,-75
2026-08-20 18:00:55.236505,None,F8:CF:27:95:81:42,-96
2026-08-20 18:00:55.304394,None,59:DF:95:14:1D:B6,-94
2026-08-20 18:01:02.845004,None,EF:11:10:F4:C1:23,-83
2026-08-20 18:01:22.325488,None,D3:56:FF:0C:0E:E5,-96
2026-08-20 18:01:30.280451,Platco PR1,B4:CB:B8:1B:D4:50,-83
2026-08-20 18:01:38.199898,None,5E:C0:20:34:9A:97,-84
2026-08-20 18:02:06.381371,None,F8:4E:58:0B:C3:AF,-99
2026-08-20 18:02:12.172059,None,4C:CA:94:27:26:36,-79
2026-08-20 18:02:27.550978,None,50:CE:88:4A:9B:D5,-92
2026-08-20 18:02:56.412712,None,DC:F4:42:69:A6:67,-95
2026-08-20 18:03:07.238609,None,44:FB:61:FB:77:58,-94
2026-08-20 18:03:09.644680,None,D2:FC:B8:77:91:FF,-90
2026-08-20 18:03:13.392323,None,42:1A:14:B4:AD:FF,-90
2026-08-20 18:03:16.200659,None,F1:48:50:3D:20:33,-89
2026-08-20 18:03:18.208154,None,DD:8C:9E:A8:42:C9,-91
2026-08-20 18:03:18.210183,None,7C:3F:3F:37:49:B5,-90
2026-08-20 18:03:37.963298,None,EE:DA:79:E2:55:C3,-90
2026-08-20 18:03:38.779999,None,48:17:4E:3E:59:3D,-98
2026-08-20 18:03:41.836347,None,EE:2A:5E:A9:4C:48,-90
2026-08-20 18:03:48.741402,None,4E:C5:10:F8:8D:93,-79
2026-08-20 18:04:02.795873,None,7E:9F:EA:12:7C:A7,-81
2026-08-20 18:04:09.762090,None,41:25:20:25:04:2C,-78
2026-08-20 18:04:27.021744,None,DE:29:8F:B0:09:CF,-92
2026-08-20 18:04:41.394531,None,51:8B:42:CE:6A:EC,-74
2026-08-20 18:04:44.985786,None,72:12:A8:8A:9F:36,-94
2026-08-20 18:04:45.891678,None,75:42:CB:30:9F:DE,-96
2026-08-20 18:04:56.602759,[LG] webOS TV LR600BZUC,DC:EC:4F:D3:8E:A7,-99
2026-08-20 18:05:02.386546,None,5E:F9:54:44:43:3E,-101
2026-08-20 18:05:31.182082,None,E3:E9:0A:FF:67:A7,-65
2026-08-20 18:05:34.372405,None,4D:AE:53:DD:B4:FA,-85
2026-08-20 18:05:59.129727,None,FD:37:69:EE:BC:3D,-78
2026-08-20 18:06:23.575892,None,48:F6:0F:28:FF:F2,-73
2026-08-20 18:06:35.082817,None,5E:29:EB:CC:BD:6E,-84
2026-08-20 18:06:51.623728,None,67:7A:9B:7A:ED:98,-86
2026-08-20 18:06:53.771676,None,40:37:22:81:AA:1D,-91
2026-08-20 18:07:07.405508,None,5A:F5:FF:98:BB:45,-87
2026-08-20 18:07:34.666258,None,7A:85:60:0C:A0:CB,-83
2026-08-20 18:07:43.693952,ISP165B_BLE,C4:C1:03:E0:2C:DC,-98
2026-08-20 18:08:06.232218,None,46:A5:30:6A:E2:ED,-84
2026-08-20 18:08:16.388295,113685_9C139E7A644C,9C:13:9E:7A:64:4E,-70
2026-08-20 18:08:18.271629,ResMed 223238,E8:E0:7E:34:BB:D4,-88
2026-08-20 18:08:23.321246,Peak Pro 01502,F0:AD:4E:40:19:D5,-92
2026-08-20 18:08:25.568094,20HL39284591421094,48:87:2D:89:79:5D,-90
2026-08-20 18:08:25.586444,None,63:F8:14:1B:9C:E9,-92
2026-08-20 18:08:34.530543,None,5D:1F:B2:EF:8B:BA,-88
2026-08-20 18:08:39.795631,None,48:9E:C4:2F:7C:80,-88
2026-08-20 18:09:01.048390,None,56:A3:7D:B5:CD:52,-90
2026-08-20 18:09:05.740292,Charge 4,F1:D1:F5:5E:21:37,-84
2026-08-20 18:09:19.775553,None,46:EE:E3:7C:C3:02,-89
2026-08-20 18:10:02.269329,None,CB:F8:CA:9B:EB:D1,-86
2026-08-20 18:10:02.417626,None,FD:0C:2A:D7:04:45,-94
2026-08-20 18:10:09.988143,None,E4:96:1C:43:10:71,-91
2026-08-20 18:10:16.924811,None,E2:21:D2:A6:09:61,-89
2026-08-20 18:10:25.670984,None,CA:C4:8E:F2:16:80,-90
2026-08-20 18:10:31.929100,None,69:AB:A3:CD:07:21,-95
2026-08-20 18:10:32.339026,None,40:68:BA:F8:1E:6C,-81
2026-08-20 18:10:41.051199,None,5F:48:49:E4:34:69,-68
2026-08-20 18:10:58.289717,None,D8:57:B5:78:13:AA,-75
2026-08-20 18:10:58.338689,None,5E:57:3C:D4:94:A1,-78
2026-08-20 18:11:06.436005,None,EF:11:10:F4:C1:23,-84
2026-08-20 18:11:34.733121,None,F8:CF:27:95:81:42,-98
2026-08-20 18:11:45.142706,Platco PR1,B4:CB:B8:1B:D4:50,-83
2026-08-20 18:11:49.084526,None,5B:0F:EF:B7:46:1F,-93
2026-08-20 18:12:12.693688,None,4C:CA:94:27:26:36,-93
2026-08-20 18:12:29.762894,None,50:CE:88:4A:9B:D5,-92
2026-08-20 18:12:46.336475,None,C6:9F:84:05:B6:7D,-94
2026-08-20 18:12:47.037682,None,54:3E:29:51:CF:EB,-89
2026-08-20 18:13:13.668236,None,42:1A:14:B4:AD:FF,-89
2026-08-20 18:13:29.414919,MELK-OF21   5C,BE:28:03:00:20:5C,-101
2026-08-20 18:13:34.047542,None,45:8F:B2:D0:84:F4,-99
2026-08-20 18:13:48.984749,None,4E:C5:10:F8:8D:93,-85
2026-08-20 18:14:36.213855,None,D7:3B:8C:76:07:08,-87
2026-08-20 18:14:38.670553,None,DE:29:8F:B0:09:CF,-89
2026-08-20 18:15:00.153099,None,5F:58:17:C8:40:7B,-87
2026-08-20 18:15:00.249871,None,F6:E8:09:B0:D0:A7,-92
2026-08-20 18:15:00.545396,None,F2:50:4D:31:0A:7A,-86
2026-08-20 18:15:04.547571,None,C1:C6:52:54:39:3E,-88
2026-08-20 18:15:12.322593,None,F9:B1:52:CD:13:55,-95
2026-08-20 18:15:12.479951,None,D1:F9:CB:FF:4E:98,-95
2026-08-20 18:15:18.739586,None,D4:4D:25:22:8F:46,-91
2026-08-20 18:15:48.999363,[LG] webOS TV LR600BZUC,DC:EC:4F:D3:8E:A7,-102
2026-08-20 18:16:01.863405,None,77:2E:72:71:3F:0E,-91
2026-08-20 18:16:03.288440,None,F2:A7:9F:03:97:B1,-89
2026-08-20 18:16:24.100857,None,48:F6:0F:28:FF:F2,-75
2026-08-20 18:16:50.764256,None,7E:21:DE:4C:BF:20,-97
2026-08-20 18:17:27.931150,None,6E:DE:5E:82:FF:FA,-95
2026-08-20 18:17:34.910336,None,7A:85:60:0C:A0:CB,-80
2026-08-20 18:17:36.998307,None,5D:72:E1:2A:44:83,-93
2026-08-20 18:17:46.094923,None,F2:DC:35:C8:1F:52,-85
2026-08-20 18:17:47.253692,ISP165B_BLE,C4:C1:03:E0:2C:DC,-91
2026-08-20 18:17:53.230929,None,50:3A:5F:97:33:B3,-91
2026-08-20 18:17:55.895252,None,EB:50:86:FC:E1:3A,-96
2026-08-20 18:18:03.035373,None,71:9D:D0:18:AA:B3,-90
2026-08-20 18:18:04.724829,None,5B:B1:3D:89:E4:32,-95
2026-08-20 18:18:07.200495,None,46:A5:30:6A:E2:ED,-92
2026-08-20 18:18:15.058297,None,61:A2:7A:FD:F3:E3,-90
2026-08-20 18:18:16.541084,113685_9C139E7A644C,9C:13:9E:7A:64:4E,-67
2026-08-20 18:18:18.653743,ResMed 223238,E8:E0:7E:34:BB:D4,-86
2026-08-20 18:18:21.779834,None,51:FE:82:60:8A:8B,-77
2026-08-20 18:18:24.087619,Peak Pro 01502,F0:AD:4E:40:19:D5,-94
2026-08-20 18:18:25.753975,20HL39284591421094,48:87:2D:89:79:5D,-92
2026-08-20 18:18:35.741254,None,5D:1F:B2:EF:8B:BA,-86
2026-08-20 18:18:39.993221,None,48:9E:C4:2F:7C:80,-80
2026-08-20 18:18:59.645104,None,EA:7B:F2:46:AF:E7,-98
2026-08-20 18:19:08.176008,Charge 4,F1:D1:F5:5E:21:37,-90
2026-08-20 18:19:08.364602,None,7E:84:6A:C1:7B:24,-100
2026-08-20 18:19:11.502050,None,70:3C:80:93:FC:B2,-79
2026-08-20 18:19:11.703971,None,56:0E:1F:9B:BF:39,-81
2026-08-20 18:19:19.065120,None,67:7A:9B:7A:ED:98,-96
2026-08-20 18:19:25.581736,None,C3:02:35:34:05:4E,-85
2026-08-20 18:19:25.611410,None,40:37:22:81:AA:1D,-85
2026-08-20 18:19:25.711464,None,5A:F5:FF:98:BB:45,-86
2026-08-20 18:19:46.886830,None,DE:94:01:D4:26:8D,-96
2026-08-20 18:20:52.829525,None,51:EC:FB:A6:55:41,-90
2026-08-20 18:20:58.387217,None,5E:57:3C:D4:94:A1,-78
2026-08-20 18:20:59.782575,None,D8:57:B5:78:13:AA,-80
2026-08-20 18:21:27.827693,None,E1:4B:3A:3A:1D:EF,-93
2026-08-20 18:21:49.959314,None,5B:0F:EF:B7:46:1F,-91
2026-08-20 18:21:49.995039,Platco PR1,B4:CB:B8:1B:D4:50,-84
2026-08-20 18:22:44.189591,None,68:3E:B9:A9:83:EA,-93
2026-08-20 18:23:07.120491,None,F8:4E:58:0B:C3:AF,-100
2026-08-20 18:24:37.633884,None,D7:3B:8C:76:07:08,-79
2026-08-20 18:24:57.898273,None,53:18:98:9E:7E:C0,-75
2026-08-20 18:25:00.240655,None,5F:58:17:C8:40:7B,-81
2026-08-20 18:25:03.846461,None,F6:E8:09:B0:D0:A7,-80
2026-08-20 18:25:04.982002,None,F2:50:4D:31:0A:7A,-79
2026-08-20 18:25:06.556385,None,C1:C6:52:54:39:3E,-92
2026-08-20 18:25:06.632868,MELK-OF21   5C,BE:28:03:00:20:5C,-98
2026-08-20 18:25:14.010356,None,D1:F9:CB:FF:4E:98,-80
2026-08-20 18:25:30.791004,None,4B:2C:63:27:22:AF,-84
2026-08-20 18:25:45.405501,None,21:41:DE:35:5A:3A,-91
2026-08-20 18:25:45.495948,Z900,18:7A:93:F7:24:57,-99
2026-08-20 18:25:45.783850,None,55:46:81:24:9C:9A,-95
2026-08-20 18:25:48.756328,None,7E:68:26:72:33:67,-95
2026-08-20 18:25:52.288242,None,D4:4D:25:22:8F:46,-94
2026-08-20 18:25:56.753620,None,79:1F:8F:A8:C2:33,-91
2026-08-20 18:26:02.210859,None,77:2E:72:71:3F:0E,-94
2026-08-20 18:26:02.419858,None,CE:59:02:BC:2F:2D,-90
2026-08-20 18:26:07.650962,[LG] webOS TV LR600BZUC,DC:EC:4F:D3:8E:A7,-98
2026-08-20 18:26:08.973497,None,F2:A7:9F:03:97:B1,-93
2026-08-20 18:26:24.847386,None,F9:B1:52:CD:13:55,-97
2026-08-20 18:27:30.646946,None,6E:DE:5E:82:FF:FA,-94
2026-08-20 18:27:34.962592,None,7A:85:60:0C:A0:CB,-85
2026-08-20 18:27:46.543830,None,F2:DC:35:C8:1F:52,-90
2026-08-20 18:28:02.468257,None,7F:7A:D1:93:B1:8E,-94
2026-08-20 18:28:05.908305,None,40:0F:65:46:46:9A,-93
2026-08-20 18:28:06.916179,None,CE:CF:BB:9C:A1:2A,-94
2026-08-20 18:28:07.453700,None,46:A5:30:6A:E2:ED,-90
2026-08-20 18:28:08.163984,None,D0:69:BB:48:D2:52,-93
2026-08-20 18:28:15.648042,None,61:A2:7A:FD:F3:E3,-91
2026-08-20 18:28:16.629231,113685_9C139E7A644C,9C:13:9E:7A:64:4E,-71
2026-08-20 18:28:20.144989,ResMed 223238,E8:E0:7E:34:BB:D4,-87
2026-08-20 18:28:21.995357,None,51:FE:82:60:8A:8B,-91
2026-08-20 18:28:22.011414,None,5B:B1:3D:89:E4:32,-93
2026-08-20 18:28:26.668123,None,40:C4:7D:48:12:34,-86
2026-08-20 18:28:26.673117,Peak Pro 01502,F0:AD:4E:40:19:D5,-92
2026-08-20 18:28:26.850235,None,58:D4:B9:27:84:16,-96
2026-08-20 18:28:27.091917,20HL39284591421094,48:87:2D:89:79:5D,-89
2026-08-20 18:29:09.140350,Charge 4,F1:D1:F5:5E:21:37,-85
2026-08-20 18:29:11.736000,None,56:0E:1F:9B:BF:39,-75
2026-08-20 18:29:13.474866,None,70:3C:80:93:FC:B2,-76
2026-08-20 18:29:24.412149,None,55:2C:EA:38:77:EC,-90
2026-08-20 18:29:24.478954,None,61:2C:49:62:F3:29,-89
2026-08-20 18:29:24.864634,None,67:F5:ED:8E:E9:C6,-85
2026-08-20 18:30:00.233663,None,E9:C6:C4:20:73:04,-80
2026-08-20 18:30:02.181266,None,CE:9D:24:F3:57:E6,-75
2026-08-20 18:30:08.617539,None,DD:FE:88:5A:F7:3C,-84
2026-08-20 18:30:08.770041,None,CF:0B:E4:6D:59:E7,-94
2026-08-20 18:30:16.282413,None,7E:84:6A:C1:7B:24,-96
2026-08-20 18:30:37.112982,None,D1:30:19:6E:B2:9D,-90
2026-08-20 18:30:38.142038,None,DF:12:33:04:98:0C,-95
2026-08-20 18:30:58.467075,None,5A:DD:80:5D:7B:65,-95
2026-08-20 18:30:59.153558,None,ED:97:AB:04:F3:DD,-94
2026-08-20 18:30:59.372529,None,5E:57:3C:D4:94:A1,-76
2026-08-20 18:31:03.294072,None,D8:57:B5:78:13:AA,-76
2026-08-20 18:31:03.589142,None,74:36:E4:1E:BB:9F,-89
2026-08-20 18:31:04.948902,None,DF:C5:3C:03:77:2A,-82
2026-08-20 18:31:25.036581,None,43:F7:30:54:54:9A,-75
2026-08-20 18:31:25.038656,None,C7:4E:84:D2:3C:6C,-77
2026-08-20 18:31:25.770128,None,DE:C4:31:DC:2F:6B,-94
2026-08-20 18:31:54.859972,Platco PR1,B4:CB:B8:1B:D4:50,-84
2026-08-20 18:32:27.446406,None,55:8A:F3:FF:0E:7C,-90
2026-08-20 18:32:40.053772,None,4C:6B:0D:03:78:30,-87
2026-08-20 18:32:41.595665,None,54:A0:21:F7:48:40,-97
2026-08-20 18:32:44.265267,None,68:3E:B9:A9:83:EA,-97
2026-08-20 18:33:15.282616,None,49:79:81:3A:C3:47,-95
2026-08-20 18:34:48.894326,None,D7:3B:8C:76:07:08,-79
2026-08-20 18:34:58.411213,None,53:18:98:9E:7E:C0,-73
2026-08-20 18:35:15.380975,None,5D:21:E1:92:04:6B,-97
2026-08-20 18:35:31.238242,None,4B:2C:63:27:22:AF,-79
2026-08-20 18:36:04.607951,None,77:2E:72:71:3F:0E,-89
2026-08-20 18:36:22.750859,MELK-OF21   5C,BE:28:03:00:20:5C,-96
2026-08-20 18:36:36.556383,None,5D:15:02:F1:3E:65,-91
2026-08-20 18:36:56.377683,None,45:E3:7E:5E:61:1D,-75
2026-08-20 18:38:17.916676,113685_9C139E7A644C,9C:13:9E:7A:64:4E,-70
2026-08-20 18:38:20.373893,ResMed 223238,E8:E0:7E:34:BB:D4,-85
2026-08-20 18:38:21.775110,[LG] webOS TV LR600BZUC,DC:EC:4F:D3:8E:A7,-107
2026-08-20 18:38:22.517602,None,51:FE:82:60:8A:8B,-78
2026-08-20 18:38:26.775401,None,40:C4:7D:48:12:34,-85
2026-08-20 18:38:26.907678,Peak Pro 01502,F0:AD:4E:40:19:D5,-92
2026-08-20 18:38:27.023012,None,58:D4:B9:27:84:16,-87
2026-08-20 18:38:27.493536,20HL39284591421094,48:87:2D:89:79:5D,-89
2026-08-20 18:39:10.277978,Charge 4,F1:D1:F5:5E:21:37,-84
2026-08-20 18:39:14.918064,None,56:0E:1F:9B:BF:39,-79
2026-08-20 18:39:18.009439,None,70:3C:80:93:FC:B2,-73
2026-08-20 18:40:05.381007,None,E9:C6:C4:20:73:04,-90
2026-08-20 18:40:08.166057,None,CE:9D:24:F3:57:E6,-83
2026-08-20 18:40:12.170718,None,DD:FE:88:5A:F7:3C,-84
2026-08-20 18:40:18.467165,None,CF:0B:E4:6D:59:E7,-94
2026-08-20 18:40:43.018329,None,D1:30:19:6E:B2:9D,-89
2026-08-20 18:40:55.630106,None,DF:12:33:04:98:0C,-94
2026-08-20 18:41:02.537429,None,61:2C:49:62:F3:29,-88
2026-08-20 18:41:02.672123,None,67:F5:ED:8E:E9:C6,-92
2026-08-20 18:41:02.673432,None,55:2C:EA:38:77:EC,-86
2026-08-20 18:41:09.902620,None,DF:C5:3C:03:77:2A,-85
2026-08-20 18:41:22.347349,None,4B:B6:44:73:8C:13,-86
2026-08-20 18:41:25.084741,None,43:F7:30:54:54:9A,-76
2026-08-20 18:41:28.381588,None,48:7F:0A:84:27:E3,-83
2026-08-20 18:41:28.558919,None,C7:4E:84:D2:3C:6C,-78
2026-08-20 18:41:29.471998,C2 Pro 1362,E8:06:41:9E:00:95,-89
2026-08-20 18:41:35.122993,None,DE:C4:31:DC:2F:6B,-89
2026-08-20 18:41:46.153699,None,D9:51:4D:F8:07:AE,-85
2026-08-20 18:42:00.207755,Platco PR1,B4:CB:B8:1B:D4:50,-87
2026-08-20 18:42:32.193873,None,55:8A:F3:FF:0E:7C,-93
2026-08-20 18:42:45.609225,None,68:3E:B9:A9:83:EA,-87
2026-08-20 18:43:15.683835,None,49:79:81:3A:C3:47,-86
2026-08-20 18:44:41.301838,None,6C:01:E0:12:D3:06,-86
2026-08-20 18:44:52.212740,None,D7:3B:8C:76:07:08,-80
2026-08-20 18:45:00.290442,None,D5:54:BC:5C:09:D3,-82
2026-08-20 18:45:02.561754,None,E4:F6:DD:EF:0F:EE,-86
2026-08-20 18:45:06.693061,None,DF:75:3D:81:FE:29,-93
2026-08-20 18:45:31.635104,None,4B:2C:63:27:22:AF,-77
2026-08-20 18:45:34.221484,None,D9:05:3F:EB:CF:33,-98
2026-08-20 18:45:36.133485,None,F4:FF:91:17:61:CE,-96
2026-08-20 18:45:48.613596,None,F1:62:A8:6A:9B:DA,-81
2026-08-20 18:45:48.650646,None,62:51:2A:FA:B5:68,-73
2026-08-20 18:45:52.173863,None,61:CE:CB:5F:06:F7,-83
2026-08-20 18:46:11.418992,None,5D:21:E1:92:04:6B,-98
2026-08-20 18:46:11.463586,None,EF:C1:F2:40:92:86,-85
2026-08-20 18:46:37.461080,None,5D:15:02:F1:3E:65,-89
2026-08-20 18:46:56.416791,None,45:E3:7E:5E:61:1D,-76
2026-08-20 18:47:27.434572,None,60:6A:7A:D1:8F:2B,-96
2026-08-20 18:47:30.333605,MELK-OF21   5C,BE:28:03:00:20:5C,-94
2026-08-20 18:48:03.167830,None,6A:F0:56:28:CB:5A,-94
2026-08-20 18:48:17.879972,None,7A:6B:1A:52:44:C9,-93
2026-08-20 18:48:18.131332,113685_9C139E7A644C,9C:13:9E:7A:64:4E,-72
2026-08-20 18:48:20.454756,ResMed 223238,E8:E0:7E:34:BB:D4,-86
2026-08-20 18:48:26.790539,None,40:C4:7D:48:12:34,-82
2026-08-20 18:48:27.305505,Peak Pro 01502,F0:AD:4E:40:19:D5,-96
2026-08-20 18:48:27.639810,None,58:D4:B9:27:84:16,-88
2026-08-20 18:48:27.916125,20HL39284591421094,48:87:2D:89:79:5D,-92
2026-08-20 18:49:14.003374,Charge 4,F1:D1:F5:5E:21:37,-88
2026-08-20 18:49:36.683078,None,F8:4E:58:0B:C3:AF,-101
2026-08-20 18:49:41.414219,None,73:9B:FA:B0:43:3B,-95
2026-08-20 18:50:08.892633,None,B0:38:E2:44:79:D0,-94
2026-08-20 18:50:37.826630,None,41:FB:5E:3E:3A:77,-68
2026-08-20 18:50:44.242111,None,D1:30:19:6E:B2:9D,-87
2026-08-20 18:50:51.637577,None,76:86:11:45:A5:24,-89
2026-08-20 18:51:06.224275,None,60:03:05:2E:D0:7E,-90
2026-08-20 18:51:06.504051,None,75:C3:C3:34:65:FB,-85
2026-08-20 18:51:08.766989,None,74:92:4A:8C:25:12,-85
2026-08-20 18:51:16.284014,None,C7:21:C9:06:CE:F4,-81
2026-08-20 18:51:22.626511,None,4B:B6:44:73:8C:13,-78
2026-08-20 18:51:27.579513,None,43:F7:30:54:54:9A,-81
2026-08-20 18:51:30.814690,None,48:7F:0A:84:27:E3,-78
2026-08-20 18:52:04.958612,None,DF:16:83:90:B0:84,-67
2026-08-20 18:52:10.086242,Platco PR1,B4:CB:B8:1B:D4:50,-84
2026-08-20 18:52:37.648142,[LG] webOS TV LR600BZUC,DC:EC:4F:D3:8E:A7,-100
2026-08-20 18:54:43.812788,None,6C:01:E0:12:D3:06,-83
2026-08-20 18:55:01.625317,None,D7:3B:8C:76:07:08,-80
2026-08-20 18:55:05.236551,None,D5:54:BC:5C:09:D3,-75
2026-08-20 18:55:07.082602,None,E4:F6:DD:EF:0F:EE,-97
2026-08-20 18:55:12.277671,None,DF:75:3D:81:FE:29,-93
2026-08-20 18:55:35.908122,None,D9:05:3F:EB:CF:33,-88
2026-08-20 18:55:41.572401,None,F4:FF:91:17:61:CE,-95
2026-08-20 18:55:48.754336,None,62:51:2A:FA:B5:68,-77
2026-08-20 18:55:49.245042,None,F1:62:A8:6A:9B:DA,-72
2026-08-20 18:55:53.417140,None,61:CE:CB:5F:06:F7,-78
2026-08-20 18:56:14.858287,None,EF:C1:F2:40:92:86,-81
2026-08-20 18:56:29.305575,None,63:8B:2E:96:56:06,-79
2026-08-20 18:56:37.621493,None,5D:15:02:F1:3E:65,-88
2026-08-20 18:57:28.491179,None,60:6A:7A:D1:8F:2B,-95
2026-08-20 18:57:39.135700,None,54:06:F9:88:BB:04,-89
2026-08-20 18:58:09.083149,None,6A:F0:56:28:CB:5A,-95
2026-08-20 18:58:18.391012,113685_9C139E7A644C,9C:13:9E:7A:64:4E,-65
2026-08-20 18:58:21.486015,ResMed 223238,E8:E0:7E:34:BB:D4,-88
2026-08-20 18:58:28.393022,Peak Pro 01502,F0:AD:4E:40:19:D5,-93
2026-08-20 18:58:28.512486,None,7A:6B:1A:52:44:C9,-96
2026-08-20 18:58:29.016209,20HL39284591421094,48:87:2D:89:79:5D,-89
2026-08-20 18:59:14.984357,Charge 4,F1:D1:F5:5E:21:37,-85
2026-08-20 18:59:33.046539,None,C8:B9:D0:CE:A3:47,-89
2026-08-20 18:59:41.415793,None,73:9B:FA:B0:43:3B,-85
2026-08-20 19:00:00.330803,None,D7:81:0E:AE:76:36,-78
2026-08-20 19:00:00.573106,None,FD:CA:C1:44:C5:88,-82
2026-08-20 19:00:08.099440,None,E8:04:B1:41:15:4F,-92
2026-08-20 19:00:08.561209,None,D4:C3:90:6E:27:38,-102
2026-08-20 19:00:08.985009,None,DE:1B:FE:6C:2F:11,-72
2026-08-20 19:00:37.977273,None,41:FB:5E:3E:3A:77,-67
2026-08-20 19:00:52.220466,None,CC:8B:BB:6F:C8:4F,-89
2026-08-20 19:00:52.532910,None,76:86:11:45:A5:24,-83
2026-08-20 19:01:04.245521,None,6C:CD:AD:8C:3B:00,-90
2026-08-20 19:01:04.353229,None,4C:72:F9:B8:3C:84,-90
2026-08-20 19:01:04.503786,None,6A:49:76:38:2D:DE,-88
2026-08-20 19:01:13.033843,None,48:AC:49:97:CC:73,-94
2026-08-20 19:01:14.259505,None,DD:D7:89:A1:0D:2F,-96
2026-08-20 19:01:17.807146,None,C7:21:C9:06:CE:F4,-77
2026-08-20 19:01:24.246022,None,4B:B6:44:73:8C:13,-73
2026-08-20 19:01:24.635077,None,E9:DD:F9:7F:CA:BD,-89
2026-08-20 19:01:27.664812,None,43:F7:30:54:54:9A,-77
2026-08-20 19:01:31.485158,None,48:7F:0A:84:27:E3,-77
2026-08-20 19:01:32.945874,None,F6:0C:C1:F0:83:42,-72
2026-08-20 19:01:35.015153,None,42:03:0C:5B:78:6F,-84
2026-08-20 19:01:35.089698,None,44:27:E4:D2:54:8C,-85
2026-08-20 19:01:42.745620,None,41:E1:FC:30:E3:B0,-97
2026-08-20 19:02:15.008436,Platco PR1,B4:CB:B8:1B:D4:50,-86
2026-08-20 19:02:28.431184,None,6A:58:9D:E4:B1:79,-95
2026-08-20 19:02:45.410792,[LG] webOS TV LR600BZUC,DC:EC:4F:D3:8E:A7,-99
2026-08-20 19:02:50.232319,None,78:86:D0:00:ED:8C,-97
2026-08-20 19:03:13.605375,None,7E:D3:F2:0E:A6:DE,-93
2026-08-20 19:04:44.062691,None,6C:01:E0:12:D3:06,-88
2026-08-20 19:05:02.662021,None,61:BC:16:03:15:B7,-95
2026-08-20 19:05:02.876178,None,D7:3B:8C:76:07:08,-85
2026-08-20 19:05:25.387932,None,60:AC:29:74:E3:07,-91
2026-08-20 19:05:26.935103,MELK-OF21   5C,BE:28:03:00:20:5C,-98
2026-08-20 19:05:48.901179,None,62:51:2A:FA:B5:68,-73
2026-08-20 19:05:53.736574,None,61:CE:CB:5F:06:F7,-84
2026-08-20 19:06:26.915313,None,7D:2B:3E:E2:44:66,-83
2026-08-20 19:06:34.561524,None,53:98:7A:41:60:2C,-72
2026-08-20 19:06:49.953735,None,48:8C:4A:67:12:01,-93
2026-08-20 19:07:03.135848,None,70:7E:16:60:F6:68,-90
2026-08-20 19:07:03.282035,None,68:9C:92:D8:12:61,-93
2026-08-20 19:07:18.810321,None,79:FE:B2:A1:EC:22,-96
2026-08-20 19:07:23.166584,None,5B:FA:BE:A3:6C:AF,-75
2026-08-20 19:07:39.484908,None,54:06:F9:88:BB:04,-88
2026-08-20 19:07:44.262068,Garuda,C3:88:82:99:A9:49,-96
2026-08-20 19:07:53.257101,None,6B:CD:24:A4:95:80,-95
2026-08-20 19:07:59.922984,None,DA:C4:80:18:96:73,-93
2026-08-20 19:08:01.912672,None,45:A2:45:BB:00:5E,-93
2026-08-20 19:08:19.540945,113685_9C139E7A644C,9C:13:9E:7A:64:4E,-72
2026-08-20 19:08:21.716656,ResMed 223238,E8:E0:7E:34:BB:D4,-90
2026-08-20 19:08:28.584316,Peak Pro 01502,F0:AD:4E:40:19:D5,-84
2026-08-20 19:08:29.228127,20HL39284591421094,48:87:2D:89:79:5D,-89
2026-08-20 19:09:16.130503,Charge 4,F1:D1:F5:5E:21:37,-88
2026-08-20 19:09:41.652997,None,73:9B:FA:B0:43:3B,-83
2026-08-20 19:10:00.603828,None,D7:81:0E:AE:76:36,-83
2026-08-20 19:10:05.647989,None,FD:CA:C1:44:C5:88,-90
2026-08-20 19:10:05.703946,None,7D:6D:E5:7C:EC:C3,-88
2026-08-20 19:10:09.190754,None,D4:C3:90:6E:27:38,-95
2026-08-20 19:10:12.190707,None,DE:1B:FE:6C:2F:11,-73
2026-08-20 19:10:15.688037,None,E8:04:B1:41:15:4F,-94
2026-08-20 19:10:54.595048,None,76:86:11:45:A5:24,-87
2026-08-20 19:10:55.873303,None,CC:8B:BB:6F:C8:4F,-88
2026-08-20 19:11:01.561429,4,50:1B:15:CB:59:0E,-92
2026-08-20 19:11:19.320941,None,C7:21:C9:06:CE:F4,-81
2026-08-20 19:11:23.849680,None,DD:D7:89:A1:0D:2F,-93
2026-08-20 19:11:26.123997,None,E9:DD:F9:7F:CA:BD,-82
2026-08-20 19:11:29.708238,None,43:F7:30:54:54:9A,-81
2026-08-20 19:11:36.465496,None,44:27:E4:D2:54:8C,-77
2026-08-20 19:11:36.563348,None,F6:0C:C1:F0:83:42,-71
2026-08-20 19:11:36.872249,None,42:03:0C:5B:78:6F,-87
2026-08-20 19:11:46.818935,None,41:1B:B4:8A:7E:15,-85
2026-08-20 19:11:46.828921,None,56:48:72:64:3C:C9,-92
2026-08-20 19:11:52.549609,None,44:61:E8:A1:51:F5,-83
2026-08-20 19:11:54.156186,None,CE:01:BD:C8:38:FF,-93
2026-08-20 19:11:59.754358,LE_WF-C500,79:4C:E8:54:21:E9,-92
2026-08-20 19:12:19.821183,Platco PR1,B4:CB:B8:1B:D4:50,-81
2026-08-20 19:12:28.528859,None,6A:58:9D:E4:B1:79,-93
2026-08-20 19:12:50.734152,[LG] webOS TV LR600BZUC,DC:EC:4F:D3:8E:A7,-97
2026-08-20 19:12:58.037305,None,78:86:D0:00:ED:8C,-100
2026-08-20 19:13:26.168816,None,7E:D3:F2:0E:A6:DE,-94
2026-08-20 19:13:47.650529,None,E4:E1:5D:5C:03:39,-92
2026-08-20 19:13:59.369710,None,54:DE:80:D1:A5:76,-96
2026-08-20 19:14:42.135131,None,69:A2:5A:69:6C:06,-94
2026-08-20 19:14:42.240244,None,41:96:81:FE:E8:15,-93
2026-08-20 19:15:02.247802,None,EB:16:E2:E8:2F:18,-76
2026-08-20 19:15:02.557903,None,F2:6E:EC:5F:0A:AD,-92
2026-08-20 19:15:04.214039,None,D7:3B:8C:76:07:08,-74
2026-08-20 19:15:07.933581,None,FC:CE:92:CA:0B:51,-73
2026-08-20 19:15:10.070025,None,CF:CC:81:AF:95:C7,-97
2026-08-20 19:15:24.208621,None,C5:6C:8D:39:43:5B,-95
2026-08-20 19:15:30.753647,None,D2:4F:C3:15:58:BF,-86
2026-08-20 19:15:51.909584,None,EB:D4:B9:EE:A8:D9,-71
2026-08-20 19:16:18.755991,None,72:86:B3:C3:A2:D2,-92
2026-08-20 19:16:21.886052,None,57:8B:50:9D:06:39,-76
2026-08-20 19:16:22.021488,None,C6:D6:C4:FF:47:67,-77
2026-08-20 19:16:27.100516,None,7D:2B:3E:E2:44:66,-83
2026-08-20 19:16:34.931788,None,53:98:7A:41:60:2C,-79
2026-08-20 19:17:04.367808,None,68:9C:92:D8:12:61,-96
2026-08-20 19:17:18.905561,None,E3:36:42:D7:7B:7C,-87
2026-08-20 19:17:23.218654,None,5B:FA:BE:A3:6C:AF,-72
2026-08-20 19:17:25.884970,MELK-OF21   5C,BE:28:03:00:20:5C,-98
2026-08-20 19:17:28.609960,None,4F:61:6A:B2:AF:8D,-92
2026-08-20 19:17:39.091819,None,56:1C:E1:D1:1C:22,-96
2026-08-20 19:17:40.047640,None,54:06:F9:88:BB:04,-94
2026-08-20 19:18:14.163132,None,57:0F:EC:4D:FB:19,-92
2026-08-20 19:18:17.782484,None,61:11:2E:54:CE:9A,-85
2026-08-20 19:18:17.806276,None,61:23:08:67:C7:32,-83
2026-08-20 19:18:19.755808,113685_9C139E7A644C,9C:13:9E:7A:64:4E,-63
2026-08-20 19:18:22.026030,ResMed 223238,E8:E0:7E:34:BB:D4,-87
2026-08-20 19:18:28.793227,Peak Pro 01502,F0:AD:4E:40:19:D5,-92
2026-08-20 19:18:29.429244,20HL39284591421094,48:87:2D:89:79:5D,-88
2026-08-20 19:18:56.989600,None,41:82:E7:96:E8:E0,-97
2026-08-20 19:19:17.279993,Charge 4,F1:D1:F5:5E:21:37,-89
2026-08-20 19:19:24.361963,None,F4:59:90:FF:44:77,-85
2026-08-20 19:20:05.857991,None,7D:6D:E5:7C:EC:C3,-87
2026-08-20 19:20:18.206602,None,63:CE:96:D0:A2:1B,-92
2026-08-20 19:20:18.295527,None,46:BA:20:66:9E:40,-91
2026-08-20 19:20:21.846002,None,6D:7E:DF:89:BD:14,-85
2026-08-20 19:20:25.733377,None,D7:FF:C9:FD:7D:98,-85
2026-08-20 19:20:54.659451,None,76:86:11:45:A5:24,-90
2026-08-20 19:21:45.830907,None,6F:DF:8C:C1:5F:A0,-88
2026-08-20 19:21:45.927296,None,6C:75:44:17:D4:B8,-85
2026-08-20 19:21:46.188122,None,46:6D:F3:8F:6C:BF,-94
2026-08-20 19:21:48.786066,None,41:76:DE:6C:87:43,-78
2026-08-20 19:22:20.148848,Platco PR1,B4:CB:B8:1B:D4:50,-88
2026-08-20 19:22:53.521024,None,51:39:2B:48:E9:55,-99
2026-08-20 19:22:56.871804,None,41:1C:19:05:FA:5A,-86
2026-08-20 19:24:44.718371,None,41:96:81:FE:E8:15,-91
2026-08-20 19:25:06.959362,None,EB:16:E2:E8:2F:18,-78
2026-08-20 19:25:07.722013,None,D7:3B:8C:76:07:08,-80
2026-08-20 19:25:09.545188,None,FC:CE:92:CA:0B:51,-65
2026-08-20 19:25:23.934201,None,F2:6E:EC:5F:0A:AD,-93
2026-08-20 19:25:27.705567,None,C5:6C:8D:39:43:5B,-93
2026-08-20 19:25:35.551874,None,D2:4F:C3:15:58:BF,-96
2026-08-20 19:25:57.588880,None,EB:D4:B9:EE:A8:D9,-72
2026-08-20 19:26:23.540873,None,C6:D6:C4:FF:47:67,-75
2026-08-20 19:26:24.096444,None,57:8B:50:9D:06:39,-81
2026-08-20 19:26:27.298967,None,7D:2B:3E:E2:44:66,-85
2026-08-20 19:26:35.142571,None,53:98:7A:41:60:2C,-74
2026-08-20 19:26:39.709004,None,CF:CC:81:AF:95:C7,-94
2026-08-20 19:27:07.784940,None,F3:5C:C2:13:C5:5E,-88
2026-08-20 19:27:13.778137,None,C5:D1:08:4E:D2:CD,-88
2026-08-20 19:27:20.289390,None,49:D6:43:2E:4B:23,-85
2026-08-20 19:27:20.360950,None,54:37:57:2B:14:88,-88
2026-08-20 19:27:26.606635,None,53:DD:4B:77:98:9E,-75
2026-08-20 19:27:28.415833,None,E3:36:42:D7:7B:7C,-97
2026-08-20 19:27:29.009008,None,4F:61:6A:B2:AF:8D,-91
2026-08-20 19:27:38.184885,MELK-OF21   5C,BE:28:03:00:20:5C,-100
2026-08-20 19:27:42.358159,None,56:1C:E1:D1:1C:22,-99
2026-08-20 19:28:16.675424,None,57:0F:EC:4D:FB:19,-92
2026-08-20 19:28:17.893148,None,61:11:2E:54:CE:9A,-87
2026-08-20 19:28:19.845087,113685_9C139E7A644C,9C:13:9E:7A:64:4E,-64
2026-08-20 19:28:23.136667,ResMed 223238,E8:E0:7E:34:BB:D4,-85
2026-08-20 19:28:30.063523,Peak Pro 01502,F0:AD:4E:40:19:D5,-91
2026-08-20 19:28:30.181536,None,61:23:08:67:C7:32,-84
2026-08-20 19:28:30.899204,20HL39284591421094,48:87:2D:89:79:5D,-89
2026-08-20 19:29:07.462447,None,57:DA:F1:3B:69:88,-93
2026-08-20 19:29:19.547703,Charge 4,F1:D1:F5:5E:21:37,-89
2026-08-20 19:29:26.569164,None,F4:59:90:FF:44:77,-91
2026-08-20 19:30:02.229049,None,CE:32:5D:0C:D4:0F,-84
2026-08-20 19:30:08.863337,None,7D:6D:E5:7C:EC:C3,-91
2026-08-20 19:30:12.052861,None,DF:A5:5E:10:76:3A,-92
2026-08-20 19:30:12.086544,None,F9:40:B6:A6:13:15,-93
2026-08-20 19:30:18.580297,None,C0:3B:21:96:45:F0,-93
2026-08-20 19:30:30.073914,None,F8:4E:58:0B:C3:AF,-105
2026-08-20 19:30:37.089835,None,EB:36:3E:5C:F1:E7,-92
2026-08-20 19:31:41.915695,None,F3:F8:D0:D6:8E:AA,-67
2026-08-20 19:31:49.301336,None,41:76:DE:6C:87:43,-77
2026-08-20 19:32:23.779346,None,F9:E0:66:B8:F9:87,-88
2026-08-20 19:32:25.001906,Platco PR1,B4:CB:B8:1B:D4:50,-86
2026-08-20 19:32:30.742019,None,68:C5:69:F4:B6:8F,-94
2026-08-20 19:32:36.234494,None,79:4D:66:5D:CA:3B,-83
2026-08-20 19:32:36.253456,None,D6:98:DB:64:96:7D,-89
2026-08-20 19:32:57.499004,None,41:1C:19:05:FA:5A,-87
2026-08-20 19:33:14.324374,None,7A:4F:86:A2:12:FA,-95
2026-08-20 19:33:14.499469,None,5C:F3:77:83:0C:22,-96
2026-08-20 19:33:35.494995,None,F1:C0:CA:E4:8D:45,-85
2026-08-20 19:34:03.686540,None,7F:28:B8:66:F9:5B,-72
2026-08-20 19:34:45.257920,None,41:96:81:FE:E8:15,-92
2026-08-20 19:35:08.953187,None,D7:3B:8C:76:07:08,-74
2026-08-20 19:36:24.952689,None,C6:D6:C4:FF:47:67,-80
2026-08-20 19:36:25.259359,None,57:8B:50:9D:06:39,-80
2026-08-20 19:37:15.476175,None,5E:E2:3B:7C:97:CC,-85
2026-08-20 19:37:18.294757,None,70:B1:D2:D1:C8:34,-90
2026-08-20 19:37:18.342214,None,6B:94:E3:CA:AE:62,-85
2026-08-20 19:37:20.384615,None,54:37:57:2B:14:88,-84
2026-08-20 19:37:21.092243,None,49:D6:43:2E:4B:23,-89
2026-08-20 19:37:26.972737,None,53:DD:4B:77:98:9E,-90
2026-08-20 19:37:27.504081,None,FA:4B:8B:75:DD:10,-84
2026-08-20 19:38:17.982732,None,61:11:2E:54:CE:9A,-80
2026-08-20 19:38:21.131945,113685_9C139E7A644C,9C:13:9E:7A:64:4E,-67
2026-08-20 19:38:23.208896,ResMed 223238,E8:E0:7E:34:BB:D4,-86
2026-08-20 19:38:28.375255,MELK-OF21   5C,BE:28:03:00:20:5C,-97
2026-08-20 19:38:30.580539,Peak Pro 01502,F0:AD:4E:40:19:D5,-88
2026-08-20 19:38:31.601046,None,61:23:08:67:C7:32,-88
2026-08-20 19:38:31.664866,20HL39284591421094,48:87:2D:89:79:5D,-92
2026-08-20 19:38:39.733861,None,52:40:CC:27:D7:8F,-77
2026-08-20 19:38:39.755290,None,CA:35:FB:64:63:AC,-76
2026-08-20 19:39:20.691616,Charge 4,F1:D1:F5:5E:21:37,-89
2026-08-20 19:39:52.938373,None,58:2C:D0:6E:CE:33,-79
2026-08-20 19:39:55.286897,None,55:6F:78:C9:EB:97,-90
2026-08-20 19:39:56.653775,None,7F:E4:04:C4:1E:66,-95
2026-08-20 19:40:03.336927,None,CE:32:5D:0C:D4:0F,-82
2026-08-20 19:40:15.591239,None,F9:40:B6:A6:13:15,-95
2026-08-20 19:40:32.323423,None,DF:A5:5E:10:76:3A,-93
2026-08-20 19:40:37.598964,None,DC:42:51:53:79:B5,-91
2026-08-20 19:40:38.956063,None,EB:36:3E:5C:F1:E7,-88
2026-08-20 19:41:06.734458,None,F8:4E:58:0B:C3:AF,-97
2026-08-20 19:41:13.128631,None,57:DA:F1:3B:69:88,-89
2026-08-20 19:41:20.924157,None,44:BB:A5:D8:67:A4,-92
2026-08-20 19:41:21.593254,None,43:FF:93:4B:6C:19,-94
2026-08-20 19:41:24.100818,None,4A:08:5E:F7:91:AA,-87
2026-08-20 19:41:24.910740,None,D6:C6:92:C4:6C:B7,-92
2026-08-20 19:41:25.305586,None,C9:51:4A:69:23:99,-98
2026-08-20 19:41:25.603031,None,EB:5C:32:0D:2B:0B,-73
2026-08-20 19:41:25.713384,None,E9:87:10:3D:CA:EA,-83
2026-08-20 19:41:35.356357,None,C0:3B:21:96:45:F0,-94
2026-08-20 19:41:40.974919,None,C8:D6:D9:A7:91:B3,-92
2026-08-20 19:41:45.908778,None,F3:F8:D0:D6:8E:AA,-71
2026-08-20 19:41:48.986545,None,E3:E9:0A:FF:67:A7,-79
2026-08-20 19:41:49.414363,None,08:1C:61:DF:5A:48,-81
2026-08-20 19:42:29.414370,None,F9:E0:66:B8:F9:87,-91
2026-08-20 19:42:29.871885,Platco PR1,B4:CB:B8:1B:D4:50,-80
2026-08-20 19:42:30.827584,None,68:C5:69:F4:B6:8F,-91
2026-08-20 19:42:49.243668,None,70:67:B6:D7:83:9A,-87
2026-08-20 19:42:58.569377,None,41:1C:19:05:FA:5A,-87
2026-08-20 19:43:05.841672,None,53:37:31:D8:3D:42,-94
2026-08-20 19:43:26.357170,None,5C:F3:77:83:0C:22,-93
2026-08-20 19:43:34.986928,None,7A:4F:86:A2:12:FA,-95
2026-08-20 19:43:37.872516,None,F1:C0:CA:E4:8D:45,-87
2026-08-20 19:43:59.038211,None,47:33:65:2A:12:B2,-78
2026-08-20 19:44:03.787288,None,7F:28:B8:66:F9:5B,-70
2026-08-20 19:44:36.099303,None,68:B1:D6:2E:98:4A,-92
2026-08-20 19:45:00.025686,None,E3:FE:E0:F7:6A:79,-81
2026-08-20 19:45:02.605169,None,C8:66:3C:9A:72:20,-81
2026-08-20 19:45:02.640730,None,F3:F1:CF:90:4D:3D,-84
2026-08-20 19:45:03.707113,None,F7:09:17:8D:C4:B7,-88
2026-08-20 19:45:04.392859,None,FC:15:C6:C6:35:3C,-95
2026-08-20 19:45:04.864252,None,E8:30:D9:5A:E5:09,-62
2026-08-20 19:45:14.126488,None,EE:BD:7F:14:D3:6C,-90
2026-08-20 19:45:18.079902,None,DF:AA:0E:41:15:8F,-90
2026-08-20 19:45:26.622209,None,EB:15:EC:2D:DD:81,-92
2026-08-20 19:45:27.851797,20HL39284450541189,48:87:2D:86:05:3D,-94
2026-08-20 19:45:31.140389,None,EB:40:26:18:6F:28,-95
2026-08-20 19:45:54.879813,None,FA:DB:50:81:9C:CB,-78
2026-08-20 19:46:00.199449,None,D2:65:F2:73:0D:49,-81
2026-08-20 19:46:27.679548,None,6B:97:C4:7D:3D:A6,-95
2026-08-20 19:47:06.717873,None,EE:5E:C8:62:97:07,-86
2026-08-20 19:47:17.337019,None,5E:E2:3B:7C:97:CC,-97
2026-08-20 19:47:20.638790,None,54:37:57:2B:14:88,-87
2026-08-20 19:47:23.054292,None,49:D6:43:2E:4B:23,-91
2026-08-20 19:47:24.536818,None,6B:94:E3:CA:AE:62,-96
2026-08-20 19:47:24.736263,None,70:B1:D2:D1:C8:34,-97
2026-08-20 19:47:27.028734,None,53:DD:4B:77:98:9E,-95
2026-08-20 19:47:30.467286,None,64:98:A5:48:9F:BC,-96
2026-08-20 19:47:32.882049,None,C9:E6:2C:41:DE:37,-90
2026-08-20 19:47:33.690968,None,6E:BD:17:6D:F9:9C,-90
2026-08-20 19:48:21.193084,113685_9C139E7A644C,9C:13:9E:7A:64:4E,-66
2026-08-20 19:48:21.550074,None,56:40:83:9E:94:A5,-96
2026-08-20 19:48:23.438580,ResMed 223238,E8:E0:7E:34:BB:D4,-85
2026-08-20 19:48:30.663462,Peak Pro 01502,F0:AD:4E:40:19:D5,-85
2026-08-20 19:48:34.509691,20HL39284591421094,48:87:2D:89:79:5D,-90
2026-08-20 19:48:40.572342,None,52:40:CC:27:D7:8F,-81
2026-08-20 19:48:41.115532,MELK-OF21   5C,BE:28:03:00:20:5C,-98
2026-08-20 19:48:41.391956,None,7A:4F:57:68:78:41,-89
2026-08-20 19:49:04.443824,None,C3:43:5F:07:04:AF,-90
2026-08-20 19:49:24.496985,Charge 4,F1:D1:F5:5E:21:37,-91
2026-08-20 19:49:27.178115,None,67:77:F8:D7:8B:76,-88
2026-08-20 19:49:53.031716,None,58:2C:D0:6E:CE:33,-82
2026-08-20 19:49:55.848954,None,55:6F:78:C9:EB:97,-89
2026-08-20 19:50:14.653728,None,76:1D:85:CB:AD:72,-74
2026-08-20 19:50:28.127256,None,62:66:E5:36:1E:72,-79
2026-08-20 19:51:19.658575,None,EA:ED:3D:09:B7:61,-94
2026-08-20 19:51:25.874928,None,E9:87:10:3D:CA:EA,-79
2026-08-20 19:51:41.107646,None,59:25:7D:53:8B:B4,-97
2026-08-20 19:51:46.886172,None,5A:D4:24:90:24:F2,-97
2026-08-20 19:51:52.904064,None,54:27:A3:1B:35:CF,-87
2026-08-20 19:51:53.172516,None,E3:E9:0A:FF:67:A7,-82
2026-08-20 19:52:25.875292,None,7F:0E:D6:E1:0B:51,-87
2026-08-20 19:52:34.737082,Platco PR1,B4:CB:B8:1B:D4:50,-89
2026-08-20 19:52:49.489217,None,70:67:B6:D7:83:9A,-89
2026-08-20 19:52:55.550221,None,62:02:62:54:2F:50,-84
2026-08-20 19:53:03.635941,None,6F:78:B0:73:72:F0,-88
2026-08-20 19:53:59.184340,None,47:33:65:2A:12:B2,-90
2026-08-20 19:54:02.170140,None,6D:A5:4F:28:59:B0,-71
2026-08-20 19:54:36.421409,None,68:B1:D6:2E:98:4A,-93
2026-08-20 19:54:41.385683,None,FD:26:A5:89:B1:91,-96
2026-08-20 19:55:02.668411,None,C8:66:3C:9A:72:20,-77
2026-08-20 19:55:02.695120,None,E3:FE:E0:F7:6A:79,-77
2026-08-20 19:55:04.035712,None,F7:09:17:8D:C4:B7,-93
2026-08-20 19:55:04.599220,None,F3:F1:CF:90:4D:3D,-76
2026-08-20 19:55:09.864578,None,E8:30:D9:5A:E5:09,-79
2026-08-20 19:55:18.206103,None,EE:BD:7F:14:D3:6C,-95
2026-08-20 19:55:18.774272,None,DF:AA:0E:41:15:8F,-83
2026-08-20 19:55:19.671248,None,33:D2:E2:27:E2:D3,-89
2026-08-20 19:55:30.286622,None,EB:15:EC:2D:DD:81,-88
2026-08-20 19:55:37.986619,None,FC:15:C6:C6:35:3C,-91
2026-08-20 19:55:54.972302,None,FA:DB:50:81:9C:CB,-86
2026-08-20 19:56:01.665188,None,D2:65:F2:73:0D:49,-76
2026-08-20 19:57:11.344706,None,EE:5E:C8:62:97:07,-94
2026-08-20 19:57:30.553878,None,64:98:A5:48:9F:BC,-95
2026-08-20 19:57:36.834484,None,6E:BD:17:6D:F9:9C,-87
2026-08-20 19:58:01.733158,None,73:0D:24:3F:15:93,-89
2026-08-20 19:58:08.704738,None,C9:E6:2C:41:DE:37,-89
2026-08-20 19:58:21.319035,113685_9C139E7A644C,9C:13:9E:7A:64:4E,-69
2026-08-20 19:58:21.592206,None,56:40:83:9E:94:A5,-97
2026-08-20 19:58:24.942619,ResMed 223238,E8:E0:7E:34:BB:D4,-86
2026-08-20 19:58:32.164128,Peak Pro 01502,F0:AD:4E:40:19:D5,-93
2026-08-20 19:58:34.678928,20HL39284591421094,48:87:2D:89:79:5D,-90
2026-08-20 19:58:40.591331,None,52:40:CC:27:D7:8F,-77
2026-08-20 19:59:19.033662,MELK-OF21   5C,BE:28:03:00:20:5C,-99
2026-08-20 19:59:25.381730,Charge 4,F1:D1:F5:5E:21:37,-84
2026-08-20 19:59:42.742069,None,5B:9F:5B:81:11:79,-93
2026-08-20 19:59:53.128321,None,58:2C:D0:6E:CE:33,-75
2026-08-20 19:59:56.990349,None,55:6F:78:C9:EB:97,-75
2026-08-20 19:59:58.620095,None,7A:4F:57:68:78:41,-97
2026-08-20 20:00:00.452070,None,5C:0D:1C:A9:B4:11,-81
2026-08-20 20:00:00.470288,None,7F:B7:13:CB:41:0C,-77
2026-08-20 20:00:00.496889,None,C1:30:EF:B3:E9:22,-76
2026-08-20 20:00:03.866495,None,DB:97:09:3D:0D:5F,-64
2026-08-20 20:00:05.811098,None,EA:DD:B2:6B:61:87,-96
2026-08-20 20:00:10.922366,None,D4:91:18:99:93:70,-84
2026-08-20 20:00:19.058230,None,E2:A5:9D:39:C8:88,-95
2026-08-20 20:00:22.194591,None,DF:0F:A7:9F:49:AC,-95
2026-08-20 20:01:18.050280,None,55:51:5E:B4:C6:B5,-100
2026-08-20 20:01:25.053165,None,45:B9:F2:F4:10:34,-96
2026-08-20 20:01:25.422105,None,7A:B2:80:C1:AD:FF,-97
2026-08-20 20:01:28.462496,None,E5:06:C4:EF:50:D4,-94
2026-08-20 20:01:44.452436,None,59:25:7D:53:8B:B4,-96
2026-08-20 20:01:52.832036,None,5A:D4:24:90:24:F2,-93
2026-08-20 20:01:54.027702,None,54:27:A3:1B:35:CF,-96
2026-08-20 20:01:56.396652,None,E3:E9:0A:FF:67:A7,-74
2026-08-20 20:02:07.055149,None,F8:4E:58:0B:C3:AF,-98
2026-08-20 20:02:14.723834,None,5C:78:7F:60:9C:D0,-95
2026-08-20 20:02:26.342169,None,7F:0E:D6:E1:0B:51,-85
2026-08-20 20:02:27.052225,None,D6:BE:77:09:40:85,-100
2026-08-20 20:02:27.377559,None,4E:1E:48:DC:28:E1,-96
2026-08-20 20:02:38.895769,None,53:D6:EA:22:B7:F6,-95
2026-08-20 20:02:39.612189,Platco PR1,B4:CB:B8:1B:D4:50,-89
2026-08-20 20:02:46.318719,None,FB:04:57:95:3A:E8,-91
2026-08-20 20:02:48.513871,None,F4:91:71:75:61:2B,-94
2026-08-20 20:02:49.621423,None,70:67:B6:D7:83:9A,-91
2026-08-20 20:02:55.750206,None,F1:46:7B:6D:74:4E,-90
2026-08-20 20:03:03.792523,None,6F:78:B0:73:72:F0,-82
2026-08-20 20:03:15.489834,None,7A:46:98:FD:25:D1,-91
2026-08-20 20:03:32.070320,None,5B:B3:36:90:99:5B,-91
2026-08-20 20:03:59.653992,None,47:33:65:2A:12:B2,-77
2026-08-20 20:04:03.247099,None,6D:A5:4F:28:59:B0,-73
2026-08-20 20:04:30.941426,None,42:6D:FD:8D:60:47,-88
2026-08-20 20:04:41.709892,None,59:A9:38:DB:54:0F,-85
2026-08-20 20:04:42.517068,None,54:E5:EC:3C:55:98,-93
2026-08-20 20:04:59.849670,None,44:CF:13:F1:AE:A1,-91
2026-08-20 20:05:00.854907,None,6C:80:1F:24:7F:36,-94
2026-08-20 20:05:02.830951,None,6F:A4:EC:5D:2C:66,-96
2026-08-20 20:05:03.103333,None,62:2A:61:28:0B:E9,-92
2026-08-20 20:06:03.271668,None,FB:29:4F:8E:C4:9F,-76
2026-08-20 20:06:04.373854,None,53:38:53:76:8B:BD,-77
2026-08-20 20:06:45.486112,None,CA:3C:95:32:8E:15,-94
2026-08-20 20:06:56.128975,None,11:86:B7:E2:19:50,-86
2026-08-20 20:07:34.337585,None,58:01:50:E7:26:C6,-86
2026-08-20 20:07:34.655738,Z900,18:7A:93:F7:24:57,-101
2026-08-20 20:07:37.450388,None,6E:BD:17:6D:F9:9C,-88
2026-08-20 20:08:17.337342,None,7A:0B:6B:22:07:36,-87
2026-08-20 20:08:23.315849,113685_9C139E7A644C,9C:13:9E:7A:64:4E,-68
2026-08-20 20:08:25.021105,ResMed 223238,E8:E0:7E:34:BB:D4,-85
2026-08-20 20:08:32.313364,Peak Pro 01502,F0:AD:4E:40:19:D5,-87
2026-08-20 20:08:33.703142,None,49:17:2D:EB:35:95,-95
2026-08-20 20:08:39.341926,20HL39284591421094,48:87:2D:89:79:5D,-92
2026-08-20 20:09:27.820580,Charge 4,F1:D1:F5:5E:21:37,-83
2026-08-20 20:09:37.676299,MELK-OF21   5C,BE:28:03:00:20:5C,-98
2026-08-20 20:10:01.935693,None,5C:0D:1C:A9:B4:11,-81
2026-08-20 20:10:02.070135,None,7F:B7:13:CB:41:0C,-81
2026-08-20 20:10:02.083095,None,C1:30:EF:B3:E9:22,-85
2026-08-20 20:10:05.375904,None,DB:97:09:3D:0D:5F,-74
2026-08-20 20:10:06.631522,None,EA:DD:B2:6B:61:87,-82
2026-08-20 20:10:11.138165,None,D4:91:18:99:93:70,-86
2026-08-20 20:10:25.368736,None,DF:0F:A7:9F:49:AC,-90
2026-08-20 20:10:38.786084,None,E2:A5:9D:39:C8:88,-97
2026-08-20 20:10:47.578829,None,7D:70:26:84:DC:92,-96
2026-08-20 20:10:51.614714,None,5F:EB:27:49:C8:EA,-97
2026-08-20 20:10:53.306341,None,4E:05:3B:88:C3:E5,-95
2026-08-20 20:11:01.530131,None,7F:6C:80:A7:83:22,-89
2026-08-20 20:11:56.766484,None,E3:E9:0A:FF:67:A7,-81
2026-08-20 20:12:18.209672,None,75:E0:A9:2D:E4:B7,-71
2026-08-20 20:12:31.949629,None,D6:BE:77:09:40:85,-100
2026-08-20 20:12:32.407860,None,4E:1E:48:DC:28:E1,-98
2026-08-20 20:12:39.936462,Platco PR1,B4:CB:B8:1B:D4:50,-88
2026-08-20 20:12:53.161537,None,6F:48:19:60:B9:22,-98
2026-08-20 20:13:01.351898,None,F1:46:7B:6D:74:4E,-87
2026-08-20 20:13:16.437747,None,7A:46:98:FD:25:D1,-95
2026-08-20 20:13:26.273321,None,F8:FB:90:D3:E7:96,-91
2026-08-20 20:13:32.973188,None,5B:B3:36:90:99:5B,-82
2026-08-20 20:14:34.055129,None,D7:3B:8C:76:07:08,-78
2026-08-20 20:14:43.374015,None,59:A9:38:DB:54:0F,-83
2026-08-20 20:14:58.214481,None,C4:F4:8E:3A:BF:7B,-62
2026-08-20 20:15:00.391555,None,C3:25:E5:C6:1D:D1,-73
2026-08-20 20:15:05.050004,None,EF:CF:7C:F4:F5:2E,-97
2026-08-20 20:15:07.723056,None,F2:83:B9:96:CB:E1,-89
2026-08-20 20:15:13.723176,None,CE:7D:2B:29:3A:1D,-95
2026-08-20 20:15:36.018679,None,F5:A2:24:EB:14:90,-95
2026-08-20 20:15:42.325776,None,DB:94:3A:26:A2:8C,-100
2026-08-20 20:16:04.435488,None,53:38:53:76:8B:BD,-76
2026-08-20 20:16:04.725145,None,FB:29:4F:8E:C4:9F,-76
2026-08-20 20:16:10.106928,None,5B:9F:5B:81:11:79,-94
2026-08-20 20:16:22.911183,None,E5:B0:32:CE:91:1D,-83
2026-08-20 20:16:26.388253,None,F4:26:F5:22:DF:84,-91
2026-08-20 20:16:32.698485,None,D8:45:75:86:E5:F8,-92
2026-08-20 20:17:01.375060,None,58:95:3E:3B:5E:B4,-95
2026-08-20 20:17:20.431612,None,64:DE:B3:FF:63:70,-95
2026-08-20 20:17:27.972305,None,69:E6:59:C0:73:34,-95
2026-08-20 20:17:34.373950,None,58:01:50:E7:26:C6,-88
2026-08-20 20:17:46.337918,None,3D:06:7B:12:88:38,-94
2026-08-20 20:17:56.423376,None,79:10:B4:21:A7:D2,-98
2026-08-20 20:18:00.471119,None,42:98:26:F2:BB:97,-91
2026-08-20 20:18:08.552349,None,4F:1F:17:7E:0B:0A,-91
2026-08-20 20:18:16.059337,None,79:D2:5B:3A:60:CD,-97
2026-08-20 20:18:17.788449,None,7A:0B:6B:22:07:36,-88
2026-08-20 20:18:23.318588,113685_9C139E7A644C,9C:13:9E:7A:64:4E,-72
2026-08-20 20:18:25.413433,ResMed 223238,E8:E0:7E:34:BB:D4,-86
2026-08-20 20:18:32.413779,Peak Pro 01502,F0:AD:4E:40:19:D5,-89
2026-08-20 20:18:37.572974,None,DE:DA:1A:A5:E6:B6,-89
2026-08-20 20:18:39.379484,20HL39284591421094,48:87:2D:89:79:5D,-93
2026-08-20 20:18:57.046839,None,6B:62:91:45:3C:89,-95
2026-08-20 20:18:57.106069,None,C9:08:D3:61:BD:58,-89
2026-08-20 20:18:58.266737,None,4C:7D:2A:A7:CF:7A,-95
2026-08-20 20:18:58.847137,None,D4:DA:08:2A:59:6D,-92
2026-08-20 20:19:04.634831,None,CF:11:D2:DF:15:F2,-94
2026-08-20 20:19:12.686666,None,C4:E0:EB:FD:57:D6,-94
2026-08-20 20:19:29.042745,Charge 4,F1:D1:F5:5E:21:37,-92
2026-08-20 20:19:39.138172,MELK-OF21   5C,BE:28:03:00:20:5C,-97
2026-08-20 20:19:49.783322,None,74:C9:6D:39:0A:16,-93
2026-08-20 20:20:01.519770,None,6B:FE:A5:B5:11:AE,-94
2026-08-20 20:20:01.960020,None,5C:0D:1C:A9:B4:11,-81
2026-08-20 20:20:03.724966,None,7F:B7:13:CB:41:0C,-87
2026-08-20 20:20:14.559905,None,6A:0D:77:2D:4B:C6,-89
2026-08-20 20:20:17.962885,None,70:AC:DF:2C:40:74,-95
2026-08-20 20:20:31.469809,None,71:10:D2:FB:6C:07,-85
2026-08-20 20:20:31.491228,None,57:B1:AE:AC:D9:A2,-76
2026-08-20 20:20:51.700576,None,60:62:E7:9F:7E:BC,-96
2026-08-20 20:20:56.842529,None,7D:70:26:84:DC:92,-95
2026-08-20 20:20:56.992136,None,69:1D:61:C4:4A:25,-91
2026-08-20 20:20:56.996237,None,0C:4A:4F:C4:17:6B,-73
2026-08-20 20:20:57.028066,None,4E:05:3B:88:C3:E5,-92
2026-08-20 20:21:03.834364,None,7F:6C:80:A7:83:22,-85
2026-08-20 20:21:05.519294,None,F6:4E:AF:71:27:7A,-93
2026-08-20 20:21:18.579007,None,5F:EB:27:49:C8:EA,-96
2026-08-20 20:21:59.905222,None,22:10:B9:3D:E7:49,-74
2026-08-20 20:22:01.414408,None,3D:65:72:2D:5D:D0,-86
2026-08-20 20:22:18.433524,None,75:E0:A9:2D:E4:B7,-76
2026-08-20 20:22:45.405921,None,46:B8:10:30:FD:7F,-93
2026-08-20 20:22:49.806154,Platco PR1,B4:CB:B8:1B:D4:50,-78
2026-08-20 20:23:11.747810,None,03:2E:45:B9:E9:28,-87
2026-08-20 20:23:24.955871,None,4B:3D:56:39:7A:5E,-99
2026-08-20 20:23:34.227798,None,5B:B3:36:90:99:5B,-90
2026-08-20 20:23:42.000785,None,E3:E9:0A:FF:67:A7,-80
2026-08-20 20:23:57.125732,None,41:AD:4E:84:BB:31,-95
2026-08-20 20:23:59.481372,None,45:22:A6:58:BA:F6,-96
2026-08-20 20:24:10.937284,None,71:2C:C3:B0:D2:47,-94
2026-08-20 20:24:37.564795,[LG] webOS TV LR600BZUC,DC:EC:4F:D3:8E:A7,-96
2026-08-20 20:24:57.764269,None,45:27:F7:21:29:5F,-93
2026-08-20 20:24:58.699187,None,C4:F4:8E:3A:BF:7B,-67
2026-08-20 20:25:04.380331,None,C3:25:E5:C6:1D:D1,-79
2026-08-20 20:25:13.385490,None,F8:4E:58:0B:C3:AF,-102
2026-08-20 20:25:17.406022,None,EF:CF:7C:F4:F5:2E,-102
2026-08-20 20:25:27.266425,None,F2:83:B9:96:CB:E1,-93
2026-08-20 20:25:33.954443,None,7D:32:56:0D:F7:73,-99
2026-08-20 20:25:39.650957,None,F5:A2:24:EB:14:90,-87
2026-08-20 20:25:45.968475,None,CE:7D:2B:29:3A:1D,-96
2026-08-20 20:25:47.580151,None,74:38:6C:CD:3E:E0,-97
2026-08-20 20:25:54.115796,None,D0:2D:5B:27:77:19,-77
2026-08-20 20:26:06.485427,None,53:38:53:76:8B:BD,-80
2026-08-20 20:26:24.459692,None,E5:B0:32:CE:91:1D,-88
2026-08-20 20:27:07.517794,20HL39284450541189,48:87:2D:86:05:3D,-102
2026-08-20 20:27:10.519617,None,51:2D:E4:07:81:0C,-95
2026-08-20 20:27:28.464560,None,69:E6:59:C0:73:34,-94
2026-08-20 20:27:34.635377,None,58:01:50:E7:26:C6,-78
2026-08-20 20:27:35.626247,None,F1:9D:5C:43:D6:A0,-97
2026-08-20 20:28:00.616945,None,42:98:26:F2:BB:97,-89
2026-08-20 20:28:06.679386,None,79:10:B4:21:A7:D2,-98
2026-08-20 20:28:21.508122,None,7A:0B:6B:22:07:36,-88
2026-08-20 20:28:23.334015,113685_9C139E7A644C,9C:13:9E:7A:64:4E,-66
2026-08-20 20:28:27.389381,ResMed 223238,E8:E0:7E:34:BB:D4,-97
2026-08-20 20:28:34.614326,Peak Pro 01502,F0:AD:4E:40:19:D5,-86
2026-08-20 20:28:38.886588,None,DE:DA:1A:A5:E6:B6,-86
2026-08-20 20:28:41.339176,None,58:95:3E:3B:5E:B4,-96
2026-08-20 20:28:43.652498,20HL39284591421094,48:87:2D:89:79:5D,-91
2026-08-20 20:28:49.267674,None,7A:B8:38:E7:27:75,-79
2026-08-20 20:28:57.384347,None,6B:62:91:45:3C:89,-68
2026-08-20 20:28:58.735503,None,4C:7D:2A:A7:CF:7A,-72
2026-08-20 20:28:58.852470,None,D4:DA:08:2A:59:6D,-72
2026-08-20 20:28:59.454233,None,C9:08:D3:61:BD:58,-72
2026-08-20 20:29:05.414309,None,CF:11:D2:DF:15:F2,-87
2026-08-20 20:29:25.596571,None,C4:E0:EB:FD:57:D6,-91
2026-08-20 20:29:31.405559,Charge 4,F1:D1:F5:5E:21:37,-88
2026-08-20 20:30:00.029180,None,D1:D4:90:B8:08:29,-91
2026-08-20 20:30:00.331661,None,C2:A1:93:8B:0A:0E,-70
2026-08-20 20:30:00.795391,None,46:37:C0:EB:3C:2A,-81
2026-08-20 20:30:00.902399,None,F5:59:7A:F3:5A:2F,-75
2026-08-20 20:30:01.942462,None,F1:F8:53:E0:94:7C,-65
2026-08-20 20:30:02.029471,None,E0:5D:CB:E9:3B:26,-78
2026-08-20 20:30:02.060950,None,D5:E3:CC:90:93:40,-87
2026-08-20 20:30:15.734160,MELK-OF21   5C,BE:28:03:00:20:5C,-99
2026-08-20 20:30:23.497920,None,6A:0D:77:2D:4B:C6,-74
2026-08-20 20:30:37.127380,None,F2:6A:49:8B:E5:DF,-96
2026-08-20 20:30:54.951016,None,6A:B9:AA:55:7C:36,-88
2026-08-20 20:30:59.867898,None,D3:8E:67:74:0F:D7,-87
2026-08-20 20:31:03.959696,None,7F:6C:80:A7:83:22,-86
2026-08-20 20:31:11.624311,None,47:4E:D4:BD:B6:9D,-79
2026-08-20 20:31:33.331605,None,C1:57:0B:3A:27:46,-72
2026-08-20 20:31:34.201224,None,49:79:C0:7E:33:9D,-69
2026-08-20 20:32:14.677358,None,6B:B8:98:7D:80:69,-83
2026-08-20 20:32:30.325395,None,5F:D8:73:57:B5:78,-96
2026-08-20 20:32:44.572403,None,6F:36:36:0E:8D:41,-94
2026-08-20 20:33:04.677575,Platco PR1,B4:CB:B8:1B:D4:50,-94
2026-08-20 20:33:34.418711,None,5B:B3:36:90:99:5B,-87
2026-08-20 20:33:44.628496,None,E3:E9:0A:FF:67:A7,-75
2026-08-20 20:33:52.262743,None,74:A4:F9:E5:45:4F,-88
2026-08-20 20:33:52.293060,None,D5:C7:0F:BD:BB:55,-90
2026-08-20 20:34:05.752450,None,41:AD:4E:84:BB:31,-97
2026-08-20 20:34:05.848918,None,45:22:A6:58:BA:F6,-96
2026-08-20 20:34:15.207535,None,71:2C:C3:B0:D2:47,-98
2026-08-20 20:34:37.579087,[LG] webOS TV LR600BZUC,DC:EC:4F:D3:8E:A7,-96
2026-08-20 20:34:55.413253,None,60:10:90:16:3C:3C,-100
2026-08-20 20:35:30.491740,None,4F:99:D7:05:28:97,-95
2026-08-20 20:36:22.700428,None,64:D8:78:E0:BA:1F,-61
2026-08-20 20:36:33.333611,None,46:B8:10:30:FD:7F,-89
2026-08-20 20:37:15.114742,None,73:7A:9A:39:D0:E6,-72
2026-08-20 20:37:40.327536,None,E5:F2:2E:BD:0B:24,-93
2026-08-20 20:38:25.582076,113685_9C139E7A644C,9C:13:9E:7A:64:4E,-65
2026-08-20 20:38:27.499333,ResMed 223238,E8:E0:7E:34:BB:D4,-87
2026-08-20 20:38:34.801405,Peak Pro 01502,F0:AD:4E:40:19:D5,-91
2026-08-20 20:38:43.707026,20HL39284591421094,48:87:2D:89:79:5D,-92
2026-08-20 20:38:49.644169,None,7A:B8:38:E7:27:75,-90
2026-08-20 20:39:32.376896,Charge 4,F1:D1:F5:5E:21:37,-87
2026-08-20 20:40:01.079646,None,C2:A1:93:8B:0A:0E,-87
2026-08-20 20:40:04.537264,None,F5:59:7A:F3:5A:2F,-82
2026-08-20 20:40:04.789270,None,D1:D4:90:B8:08:29,-93
2026-08-20 20:40:04.824900,None,D5:E3:CC:90:93:40,-80
2026-08-20 20:40:05.301750,None,E0:5D:CB:E9:3B:26,-81
2026-08-20 20:40:05.458785,None,F1:F8:53:E0:94:7C,-72
2026-08-20 20:40:22.305946,MELK-OF21   5C,BE:28:03:00:20:5C,-95
2026-08-20 20:40:50.476366,4,50:E6:19:C5:B2:AB,-95
2026-08-20 20:40:54.386153,None,63:B8:F2:16:29:6C,-96
2026-08-20 20:40:55.828095,None,6A:B9:AA:55:7C:36,-89
2026-08-20 20:41:00.388582,None,46:37:C0:EB:3C:2A,-76
2026-08-20 20:41:01.639169,None,D3:8E:67:74:0F:D7,-89
2026-08-20 20:41:09.510923,None,F8:D2:33:59:AC:FD,-87
2026-08-20 20:41:11.090612,None,F2:6A:49:8B:E5:DF,-98
2026-08-20 20:41:11.210075,None,60:62:E7:9F:7E:BC,-92
2026-08-20 20:41:11.789998,None,47:4E:D4:BD:B6:9D,-71
2026-08-20 20:41:16.730481,None,C3:7F:9C:9E:2C:5C,-95
2026-08-20 20:41:17.446170,None,7B:EB:31:67:B4:07,-88
2026-08-20 20:41:22.088839,None,61:BA:B0:D4:FD:D0,-93
2026-08-20 20:41:23.703273,None,E0:10:A4:A0:27:62,-94
2026-08-20 20:41:36.013929,None,49:79:C0:7E:33:9D,-84
2026-08-20 20:41:36.931315,None,C1:57:0B:3A:27:46,-81
2026-08-20 20:42:15.484252,None,6B:B8:98:7D:80:69,-87
2026-08-20 20:42:31.846563,None,5F:D8:73:57:B5:78,-96
2026-08-20 20:43:10.090549,Platco PR1,B4:CB:B8:1B:D4:50,-89
2026-08-20 20:43:25.485837,None,F8:4E:58:0B:C3:AF,-100
2026-08-20 20:43:45.434970,None,E3:E9:0A:FF:67:A7,-72
2026-08-20 20:43:49.892087,None,56:A4:1B:B5:CF:F4,-86
2026-08-20 20:43:52.514470,None,74:A4:F9:E5:45:4F,-89
2026-08-20 20:43:53.866813,None,D5:C7:0F:BD:BB:55,-86
2026-08-20 20:43:56.937037,None,55:E0:57:71:28:0D,-100
2026-08-20 20:44:13.750373,None,6F:36:36:0E:8D:41,-95
2026-08-20 20:44:26.190892,None,CA:9D:7D:53:FD:04,-98
2026-08-20 20:44:27.057974,C2 Pro 1362,E8:06:41:9E:00:95,-94
2026-08-20 20:44:39.119952,[LG] webOS TV LR600BZUC,DC:EC:4F:D3:8E:A7,-92
2026-08-20 20:44:57.217337,None,F8:47:FB:8D:2F:C4,-67
2026-08-20 20:45:00.019610,None,E8:B8:AA:4F:94:6C,-86
2026-08-20 20:45:00.082959,None,DB:CA:B4:5E:03:7D,-78
2026-08-20 20:45:00.908966,None,C4:09:07:5E:98:90,-62
2026-08-20 20:45:02.033475,None,E0:4D:58:89:E1:2D,-93
2026-08-20 20:45:02.326090,None,E0:6A:3F:07:EA:84,-72
2026-08-20 20:45:02.328428,None,F6:72:68:49:AF:B7,-73
2026-08-20 20:45:17.011803,None,CE:09:AF:8A:2F:0C,-91
2026-08-20 20:45:36.475888,None,D0:C7:04:C6:6F:AF,-96
2026-08-20 20:46:17.466489,None,79:28:FB:CF:7B:C9,-72
2026-08-20 20:46:38.646906,None,EA:0C:17:77:BC:74,-91
2026-08-20 20:46:56.842135,None,53:32:B3:4C:AF:84,-76
2026-08-20 20:47:04.132418,None,6C:E5:6A:6E:24:54,-92
2026-08-20 20:47:06.692598,None,6F:58:7B:EA:FE:4A,-95
2026-08-20 20:47:07.366716,None,60:EB:9C:48:E5:DF,-95
2026-08-20 20:47:08.213184,None,C2:5A:8B:DD:0F:16,-95
2026-08-20 20:47:10.665652,None,42:3F:A6:37:7B:86,-96
2026-08-20 20:47:27.874338,None,50:80:F0:71:C0:89,-93
2026-08-20 20:47:34.761363,None,77:D5:14:22:68:5A,-76
2026-08-20 20:47:57.029607,None,6B:96:80:B8:C0:48,-95
2026-08-20 20:48:11.640377,None,73:B4:C6:34:64:EE,-92
2026-08-20 20:48:11.935719,None,76:3D:92:2F:D3:12,-93
2026-08-20 20:48:12.414696,None,32:10:54:9D:F4:27,-92
2026-08-20 20:48:18.884645,None,ED:F7:AE:69:8A:6F,-97
2026-08-20 20:48:19.563615,None,ED:16:E1:43:BE:6E,-76
2026-08-20 20:48:25.794060,113685_9C139E7A644C,9C:13:9E:7A:64:4E,-66
2026-08-20 20:48:27.687039,ResMed 223238,E8:E0:7E:34:BB:D4,-85
2026-08-20 20:48:35.566994,Peak Pro 01502,F0:AD:4E:40:19:D5,-85
2026-08-20 20:48:46.662926,20HL39284591421094,48:87:2D:89:79:5D,-90
2026-08-20 20:48:49.675969,None,7A:B8:38:E7:27:75,-80
2026-08-20 20:49:06.565276,None,4A:01:57:D8:D2:FD,-94
2026-08-20 20:49:16.549745,None,4C:FF:8F:47:4C:82,-93
2026-08-20 20:49:34.804036,Charge 4,F1:D1:F5:5E:21:37,-83
2026-08-20 20:49:37.042650,None,50:FE:7C:78:9A:4A,-90
2026-08-20 20:50:24.164817,MELK-OF21   5C,BE:28:03:00:20:5C,-97
2026-08-20 20:50:56.569391,None,6A:B9:AA:55:7C:36,-88
2026-08-20 20:51:06.763023,None,5A:22:32:FF:40:7D,-89
2026-08-20 20:51:36.049424,None,49:79:C0:7E:33:9D,-73
2026-08-20 20:51:41.319560,None,73:FA:F8:F6:CA:5B,-100
2026-08-20 20:51:57.036860,None,76:8C:56:80:48:34,-82
2026-08-20 20:52:16.297410,None,6B:B8:98:7D:80:69,-87
2026-08-20 20:52:38.496257,None,7F:A5:E0:FD:A7:34,-93
2026-08-20 20:52:52.191416,None,53:CF:AF:0F:96:83,-81
2026-08-20 20:53:27.015575,None,4B:BF:27:C3:5D:75,-96
2026-08-20 20:53:29.898520,Platco PR1,B4:CB:B8:1B:D4:50,-80
2026-08-20 20:53:48.700969,None,E3:E9:0A:FF:67:A7,-73
2026-08-20 20:53:52.605372,None,74:A4:F9:E5:45:4F,-90
2026-08-20 20:53:55.876487,None,7B:2C:CB:58:29:BD,-90
2026-08-20 20:54:39.163773,[LG] webOS TV LR600BZUC,DC:EC:4F:D3:8E:A7,-96
2026-08-20 20:54:59.459400,None,F8:47:FB:8D:2F:C4,-81
2026-08-20 20:55:00.930382,None,E8:B8:AA:4F:94:6C,-97
2026-08-20 20:55:01.116767,None,DB:CA:B4:5E:03:7D,-75
2026-08-20 20:55:02.959349,None,E0:6A:3F:07:EA:84,-77
2026-08-20 20:55:03.065472,None,F6:72:68:49:AF:B7,-83
2026-08-20 20:55:06.740694,None,E0:4D:58:89:E1:2D,-86
2026-08-20 20:55:20.564531,None,CE:09:AF:8A:2F:0C,-83
2026-08-20 20:55:44.238559,None,C4:09:07:5E:98:90,-97
2026-08-20 20:55:50.493964,None,4D:05:D8:34:3F:7A,-93
2026-08-20 20:55:51.723098,None,F8:4E:58:0B:C3:AF,-98
2026-08-20 20:56:11.931928,None,5A:53:AD:A4:2A:06,-80
2026-08-20 20:56:19.130349,None,79:28:FB:CF:7B:C9,-83
2026-08-20 20:56:41.527645,None,EA:0C:17:77:BC:74,-90
2026-08-20 20:56:58.197026,None,53:32:B3:4C:AF:84,-74
2026-08-20 20:57:06.693392,None,6F:58:7B:EA:FE:4A,-88
2026-08-20 20:57:08.203478,None,60:EB:9C:48:E5:DF,-92
2026-08-20 20:57:21.991868,None,42:3F:A6:37:7B:86,-97
2026-08-20 20:57:28.041645,None,50:80:F0:71:C0:89,-94
2026-08-20 20:58:04.956036,None,6B:96:80:B8:C0:48,-97
2026-08-20 20:58:19.061462,None,4F:EF:3B:B6:B8:24,-84
2026-08-20 20:58:23.037266,None,ED:16:E1:43:BE:6E,-67
2026-08-20 20:58:25.994026,113685_9C139E7A644C,9C:13:9E:7A:64:4E,-66
2026-08-20 20:58:26.731918,None,41:DB:CA:D8:D5:51,-75
2026-08-20 20:58:29.681234,ResMed 223238,E8:E0:7E:34:BB:D4,-87
2026-08-20 20:58:36.742098,Peak Pro 01502,F0:AD:4E:40:19:D5,-87
2026-08-20 20:58:38.539584,None,4D:D0:93:B5:79:A1,-93
2026-08-20 20:58:57.528631,20HL39284591421094,48:87:2D:89:79:5D,-95
2026-08-20 20:59:08.424177,None,C2:5A:8B:DD:0F:16,-96
2026-08-20 20:59:29.650726,None,60:9E:04:D9:6C:E6,-96
2026-08-20 20:59:35.731425,None,59:54:06:60:3E:91,-101
2026-08-20 20:59:39.810185,Charge 4,F1:D1:F5:5E:21:37,-89
2026-08-20 20:59:41.701085,None,4C:D2:DD:06:7E:F6,-97
2026-08-20 20:59:42.943127,None,4C:FF:8F:47:4C:82,-93
2026-08-20 21:00:02.018599,None,FB:36:4D:13:B2:97,-89
2026-08-20 21:00:02.026662,None,DC:AA:1F:AF:AC:F4,-75
2026-08-20 21:00:02.048965,None,FF:C6:37:25:19:BC,-81
2026-08-20 21:00:02.079926,None,C4:A7:1B:48:90:F9,-77
2026-08-20 21:00:02.307463,None,D9:9A:75:22:B2:5F,-84
2026-08-20 21:00:04.300200,None,C3:D9:20:2E:CB:53,-67
2026-08-20 21:00:07.989265,None,55:B8:F9:82:63:7A,-79
2026-08-20 21:00:16.831472,None,D3:CF:B3:A3:C9:84,-109
2026-08-20 21:00:36.749949,None,F5:85:FE:11:37:8C,-82
2026-08-20 21:00:53.925448,MELK-OF21   5C,BE:28:03:00:20:5C,-99
2026-08-20 21:01:06.916139,None,5A:22:32:FF:40:7D,-90
2026-08-20 21:01:49.985713,None,DE:42:54:9A:95:10,-96
2026-08-20 21:01:56.642814,None,D6:B5:1C:83:88:BF,-89
2026-08-20 21:02:15.306314,None,64:7A:E3:72:D0:A9,-97
2026-08-20 21:02:17.463962,None,6C:4B:69:72:52:90,-99
2026-08-20 21:02:25.021753,None,CB:26:75:A7:1C:67,-99
2026-08-20 21:02:26.187967,None,EA:5E:34:07:5C:A4,-90
2026-08-20 21:02:29.176237,None,5C:B5:C5:62:9C:EA,-92
2026-08-20 21:02:37.078458,None,73:FA:F8:F6:CA:5B,-93
2026-08-20 21:02:39.404468,None,4D:B2:B0:77:CD:65,-95
2026-08-20 21:02:52.541031,None,53:CF:AF:0F:96:83,-86
2026-08-20 21:02:52.733741,None,E4:AB:8C:A1:8C:4E,-96
2026-08-20 21:03:03.871046,None,76:25:C8:DD:85:4D,-86
2026-08-20 21:03:05.337083,None,F1:96:1C:8B:91:B2,-88
2026-08-20 21:03:39.752673,Platco PR1,B4:CB:B8:1B:D4:50,-80
2026-08-20 21:03:50.550461,None,E3:E9:0A:FF:67:A7,-74
2026-08-20 21:03:56.351360,None,7B:2C:CB:58:29:BD,-88
2026-08-20 21:04:39.461925,[LG] webOS TV LR600BZUC,DC:EC:4F:D3:8E:A7,-94
2026-08-20 21:05:14.500305,None,7C:19:DE:73:AC:03,-71
2026-08-20 21:06:13.918486,None,5A:53:AD:A4:2A:06,-87
2026-08-20 21:07:34.722869,20HL39284450541189,48:87:2D:86:05:3D,-96
2026-08-20 21:08:10.481789,None,E8:B8:AA:4F:94:6C,-88
2026-08-20 21:08:27.653569,None,41:DB:CA:D8:D5:51,-67
2026-08-20 21:08:27.756415,113685_9C139E7A644C,9C:13:9E:7A:64:4E,-67
2026-08-20 21:08:29.731091,ResMed 223238,E8:E0:7E:34:BB:D4,-86
2026-08-20 21:08:31.166182,None,4F:EF:3B:B6:B8:24,-86
2026-08-20 21:08:36.793723,Peak Pro 01502,F0:AD:4E:40:19:D5,-88
2026-08-20 21:08:55.741404,None,76:8C:56:80:48:34,-72
2026-08-20 21:09:31.457548,None,60:9E:04:D9:6C:E6,-93
2026-08-20 21:09:40.784923,Charge 4,F1:D1:F5:5E:21:37,-84
2026-08-20 21:09:45.674367,None,4C:FF:8F:47:4C:82,-90
2026-08-20 21:10:00.855610,None,4C:D2:DD:06:7E:F6,-101
2026-08-20 21:10:02.645986,None,DC:AA:1F:AF:AC:F4,-76
2026-08-20 21:10:02.793075,None,C4:A7:1B:48:90:F9,-87
2026-08-20 21:10:03.458442,None,D9:9A:75:22:B2:5F,-75
2026-08-20 21:10:07.122107,None,FF:C6:37:25:19:BC,-85
2026-08-20 21:10:07.979767,20HL39284591421094,48:87:2D:89:79:5D,-93
2026-08-20 21:10:09.580679,None,7E:CC:18:7D:01:18,-87
2026-08-20 21:10:09.880593,None,C3:D9:20:2E:CB:53,-70
2026-08-20 21:10:41.521978,None,F5:85:FE:11:37:8C,-75
2026-08-20 21:10:58.002253,None,59:54:06:60:3E:91,-93
2026-08-20 21:11:11.748020,MELK-OF21   5C,BE:28:03:00:20:5C,-98
2026-08-20 21:11:18.706292,None,5A:22:32:FF:40:7D,-88
2026-08-20 21:11:51.777341,None,55:B8:F9:82:63:7A,-94
2026-08-20 21:12:02.343904,None,D6:B5:1C:83:88:BF,-89
2026-08-20 21:12:02.450770,None,FB:36:4D:13:B2:97,-89
2026-08-20 21:12:21.190313,None,CD:35:E2:49:B3:4F,-88
2026-08-20 21:12:27.780142,None,EA:5E:34:07:5C:A4,-86
2026-08-20 21:12:31.692019,None,5C:B5:C5:62:9C:EA,-96
2026-08-20 21:12:48.661427,None,43:0D:07:7A:10:6D,-90
2026-08-20 21:12:52.780136,None,53:CF:AF:0F:96:83,-91
2026-08-20 21:13:03.967018,None,76:25:C8:DD:85:4D,-84
2026-08-20 21:13:06.538974,None,F1:96:1C:8B:91:B2,-91
2026-08-20 21:13:11.737242,None,40:EE:6E:5D:BF:58,-76
2026-08-20 21:13:34.940874,None,4D:B2:B0:77:CD:65,-96
2026-08-20 21:13:45.092658,Platco PR1,B4:CB:B8:1B:D4:50,-81
2026-08-20 21:13:51.473052,None,E3:E9:0A:FF:67:A7,-76
2026-08-20 21:13:58.774511,None,7B:2C:CB:58:29:BD,-83
2026-08-20 21:14:30.315521,None,67:16:2C:BC:50:83,-84
2026-08-20 21:14:41.719803,[LG] webOS TV LR600BZUC,DC:EC:4F:D3:8E:A7,-95
2026-08-20 21:14:57.452094,None,F3:7E:39:4C:E1:01,-76
2026-08-20 21:15:02.019938,None,E9:10:6B:12:5C:B0,-92
2026-08-20 21:15:02.508232,None,F8:7B:09:D6:BF:49,-86
2026-08-20 21:15:02.553367,None,D2:B1:14:2F:61:2B,-72
2026-08-20 21:15:04.021142,None,DF:C6:8A:D6:DB:44,-73
2026-08-20 21:15:04.036049,None,D8:B0:61:BF:32:1E,-89
2026-08-20 21:15:05.213919,None,F0:EE:22:D3:7E:80,-85
2026-08-20 21:15:13.019456,None,F1:1F:97:44:1E:C4,-88
2026-08-20 21:15:16.149684,None,F0:7F:73:EE:21:E6,-83
2026-08-20 21:15:51.002039,None,7C:89:71:55:F5:38,-97
2026-08-20 21:16:14.157197,None,5A:53:AD:A4:2A:06,-87
2026-08-20 21:16:14.444522,None,50:5D:EF:B4:D3:2C,-93
2026-08-20 21:16:19.577861,None,47:39:44:C2:4E:92,-91
2026-08-20 21:16:27.218650,None,E9:B1:E0:04:EC:F5,-101
2026-08-20 21:16:33.423976,None,44:71:62:82:43:E2,-89
2026-08-20 21:17:04.047560,None,CE:A4:E6:A6:8C:12,-85
2026-08-20 21:17:10.414265,None,5E:66:18:5F:FB:7E,-80
2026-08-20 21:17:12.619212,None,E3:80:F6:DB:5C:54,-83
2026-08-20 21:17:12.939372,None,64:13:B6:D5:43:58,-86
2026-08-20 21:17:26.908312,None,4D:CC:BE:02:65:03,-93
2026-08-20 21:17:30.274065,None,77:C6:79:09:A7:A5,-70
2026-08-20 21:17:40.665870,None,53:D6:5C:48:DB:87,-100
2026-08-20 21:18:01.533445,None,7C:12:D4:35:87:4A,-96
2026-08-20 21:18:27.809565,113685_9C139E7A644C,9C:13:9E:7A:64:4E,-68
2026-08-20 21:18:29.803695,ResMed 223238,E8:E0:7E:34:BB:D4,-88
2026-08-20 21:18:34.282146,None,4F:EF:3B:B6:B8:24,-90
2026-08-20 21:18:36.824732,Peak Pro 01502,F0:AD:4E:40:19:D5,-86
2026-08-20 21:19:10.318562,None,44:A2:E5:0A:BB:A3,-82
2026-08-20 21:19:44.509134,Charge 4,F1:D1:F5:5E:21:37,-89
2026-08-20 21:20:14.065179,20HL39284591421094,48:87:2D:89:79:5D,-97
2026-08-20 21:20:48.838424,None,61:29:58:2E:61:F8,-91
2026-08-20 21:21:04.275796,None,E5:97:48:28:9A:7A,-90
2026-08-20 21:21:29.931050,MELK-OF21   5C,BE:28:03:00:20:5C,-97
2026-08-20 21:22:50.942902,None,43:0D:07:7A:10:6D,-88
2026-08-20 21:23:04.188644,None,76:25:C8:DD:85:4D,-81
2026-08-20 21:23:14.882492,None,40:EE:6E:5D:BF:58,-76
2026-08-20 21:23:38.719046,None,FF:C6:37:25:19:BC,-90
2026-08-20 21:23:49.951504,Platco PR1,B4:CB:B8:1B:D4:50,-83
2026-08-20 21:23:52.682445,None,E3:E9:0A:FF:67:A7,-75
2026-08-20 21:24:07.391052,20HL39284450541189,48:87:2D:86:05:3D,-99
2026-08-20 21:24:07.512120,None,51:08:05:6D:27:18,-92
2026-08-20 21:24:07.538930,None,65:75:7B:33:2A:EB,-84
2026-08-20 21:24:07.542292,None,7B:D9:C7:BB:25:7D,-87
2026-08-20 21:24:12.936012,None,59:FB:F2:1F:9C:19,-92
2026-08-20 21:24:18.332815,None,53:4D:B6:CE:32:EE,-63
2026-08-20 21:24:31.909710,None,67:16:2C:BC:50:83,-84
2026-08-20 21:24:54.998778,[LG] webOS TV LR600BZUC,DC:EC:4F:D3:8E:A7,-99
2026-08-20 21:25:02.216262,None,F3:7E:39:4C:E1:01,-68
2026-08-20 21:25:02.231787,None,E9:10:6B:12:5C:B0,-89
2026-08-20 21:25:03.175787,None,F8:7B:09:D6:BF:49,-91
2026-08-20 21:25:04.626322,None,D2:B1:14:2F:61:2B,-72
2026-08-20 21:25:04.699815,None,DF:C6:8A:D6:DB:44,-74
2026-08-20 21:25:08.721672,None,D8:B0:61:BF:32:1E,-85
2026-08-20 21:25:14.526474,None,F0:EE:22:D3:7E:80,-93
2026-08-20 21:25:16.605274,None,F1:1F:97:44:1E:C4,-94
2026-08-20 21:25:21.829958,None,F0:7F:73:EE:21:E6,-75
2026-08-20 21:25:59.446228,None,7C:89:71:55:F5:38,-95
2026-08-20 21:26:33.592452,None,44:71:62:82:43:E2,-85
2026-08-20 21:26:40.292696,None,E9:B1:E0:04:EC:F5,-98
2026-08-20 21:27:13.772359,None,64:13:B6:D5:43:58,-72
2026-08-20 21:27:16.855307,None,E3:80:F6:DB:5C:54,-71
2026-08-20 21:27:27.863608,None,4D:CC:BE:02:65:03,-96
2026-08-20 21:27:30.432280,None,77:C6:79:09:A7:A5,-74
2026-08-20 21:27:45.210522,None,53:D6:5C:48:DB:87,-94
2026-08-20 21:28:27.823148,113685_9C139E7A644C,9C:13:9E:7A:64:4E,-66
2026-08-20 21:28:31.145923,ResMed 223238,E8:E0:7E:34:BB:D4,-88
2026-08-20 21:28:34.517928,None,4E:2E:B0:45:76:84,-78
2026-08-20 21:28:38.282910,Peak Pro 01502,F0:AD:4E:40:19:D5,-83
2026-08-20 21:29:07.406876,TOZO NC9,94:4B:F8:5F:14:DA,-91
2026-08-20 21:29:10.723489,None,44:A2:E5:0A:BB:A3,-73
2026-08-20 21:29:43.057772,None,5C:DA:BB:D1:FD:9B,-64
2026-08-20 21:29:43.556028,None,44:13:D8:E7:27:FA,-92
2026-08-20 21:29:49.523462,Charge 4,F1:D1:F5:5E:21:37,-88
2026-08-20 21:30:00.017467,None,DC:E0:63:49:85:8C,-72
2026-08-20 21:30:00.134391,None,F3:2E:7D:27:B9:60,-77
2026-08-20 21:30:03.397578,None,FA:A4:F7:C7:F7:41,-73
2026-08-20 21:30:03.503461,None,FE:3A:DB:70:85:EA,-87
2026-08-20 21:30:04.464885,None,D9:84:E6:C8:0D:24,-84
2026-08-20 21:30:12.094060,None,CD:8E:74:F8:80:28,-94
2026-08-20 21:30:14.581257,20HL39284591421094,48:87:2D:89:79:5D,-95
2026-08-20 21:30:25.671446,None,DC:B8:19:02:2F:5C,-89
2026-08-20 21:30:26.782503,None,FD:9F:AC:4E:82:A9,-71
2026-08-20 21:31:30.210068,MELK-OF21   5C,BE:28:03:00:20:5C,-93
2026-08-20 21:31:59.464232,None,63:37:D6:DE:00:F2,-94
2026-08-20 21:32:07.130166,None,56:0C:86:91:DF:3B,-97
2026-08-20 21:32:27.518440,None,7D:4B:B2:E9:D5:85,-93
2026-08-20 21:32:51.577118,None,43:0D:07:7A:10:6D,-92
2026-08-20 21:32:54.238593,None,56:47:F7:9C:65:E8,-92
2026-08-20 21:33:07.724990,None,DB:AD:38:C2:D4:EC,-91
2026-08-20 21:33:14.958823,None,40:EE:6E:5D:BF:58,-75
2026-08-20 21:33:50.561838,None,6D:FC:CF:C7:23:CB,-96
2026-08-20 21:33:54.822085,Platco PR1,B4:CB:B8:1B:D4:50,-85
2026-08-20 21:33:56.036474,None,E3:E9:0A:FF:67:A7,-84
2026-08-20 21:34:12.258725,None,67:12:C7:FF:F8:40,-93
2026-08-20 21:34:59.893261,[LG] webOS TV LR600BZUC,DC:EC:4F:D3:8E:A7,-97
2026-08-20 21:35:05.864745,None,53:4D:B6:CE:32:EE,-88
2026-08-20 21:35:06.353387,None,D2:B1:14:2F:61:2B,-74
2026-08-20 21:35:21.363057,None,6A:C2:75:07:48:9F,-84
2026-08-20 21:35:23.997154,None,65:75:7B:33:2A:EB,-94
2026-08-20 21:35:36.197397,4,7A:47:DA:DB:F2:9D,-91
2026-08-20 21:35:47.798915,None,CF:89:10:43:B5:42,-95
2026-08-20 21:35:54.565721,None,59:DB:DE:31:E4:E8,-84
2026-08-20 21:36:33.615110,None,44:71:62:82:43:E2,-86
2026-08-20 21:37:05.333921,None,5B:BB:AD:D3:90:CC,-94
2026-08-20 21:37:12.048004,None,73:C2:2F:0A:5F:BA,-89
2026-08-20 21:37:13.784474,None,64:13:B6:D5:43:58,-66
2026-08-20 21:37:16.451989,None,56:1E:00:0F:37:47,-66
2026-08-20 21:37:16.476843,None,EF:74:C1:A3:AC:38,-88
2026-08-20 21:37:27.390802,None,FC:36:C8:EC:4B:5F,-87
2026-08-20 21:38:15.265586,None,63:E4:D6:76:9E:F0,-72
2026-08-20 21:38:19.255068,None,DC:95:3D:9E:96:8F,-79
2026-08-20 21:38:29.454130,113685_9C139E7A644C,9C:13:9E:7A:64:4E,-65
2026-08-20 21:38:31.693806,ResMed 223238,E8:E0:7E:34:BB:D4,-85
2026-08-20 21:38:36.637426,None,4E:2E:B0:45:76:84,-83
2026-08-20 21:38:38.694279,Peak Pro 01502,F0:AD:4E:40:19:D5,-92
2026-08-20 21:39:07.541790,TOZO NC9,94:4B:F8:5F:14:DA,-79
2026-08-20 21:39:12.501682,None,44:A2:E5:0A:BB:A3,-74
2026-08-20 21:39:13.939651,None,5C:C4:A2:48:05:79,-92
2026-08-20 21:39:42.399989,None,58:33:28:FE:17:F7,-73
2026-08-20 21:39:50.500393,Charge 4,F1:D1:F5:5E:21:37,-90
2026-08-20 21:39:53.914540,None,45:21:57:0E:7B:0A,-97
2026-08-20 21:40:00.973568,None,F3:2E:7D:27:B9:60,-76
2026-08-20 21:40:02.833970,None,DC:E0:63:49:85:8C,-83
2026-08-20 21:40:04.494739,None,D9:84:E6:C8:0D:24,-78
2026-08-20 21:40:04.969446,None,FA:A4:F7:C7:F7:41,-74
2026-08-20 21:40:12.872964,None,CD:8E:74:F8:80:28,-89
2026-08-20 21:40:16.001623,20HL39284591421094,48:87:2D:89:79:5D,-92
2026-08-20 21:40:29.344382,None,FD:9F:AC:4E:82:A9,-69
2026-08-20 21:40:29.491960,None,78:3B:C6:41:27:07,-88
2026-08-20 21:40:53.382347,None,52:A2:0B:AE:A7:2D,-94
2026-08-20 21:41:36.947214,MELK-OF21   5C,BE:28:03:00:20:5C,-98
2026-08-20 21:42:38.490825,None,7D:4B:B2:E9:D5:85,-96
2026-08-20 21:43:05.057360,None,56:47:F7:9C:65:E8,-94
2026-08-20 21:43:11.313945,None,DB:AD:38:C2:D4:EC,-92
2026-08-20 21:43:57.518936,None,E3:E9:0A:FF:67:A7,-88
2026-08-20 21:44:04.685025,Platco PR1,B4:CB:B8:1B:D4:50,-91
2026-08-20 21:44:35.913907,4,5E:DB:90:C7:17:42,-99
2026-08-20 21:44:57.440082,None,4F:3E:50:C9:BF:CD,-95
2026-08-20 21:45:00.011290,None,E6:3C:37:CC:DB:6C,-76
2026-08-20 21:45:00.021965,None,F4:D1:CC:E7:4B:70,-76
2026-08-20 21:45:00.205710,None,FB:F6:9D:1D:FA:96,-74
2026-08-20 21:45:00.917953,[LG] webOS TV LR600BZUC,DC:EC:4F:D3:8E:A7,-95
2026-08-20 21:45:03.966627,None,E4:3C:33:74:28:2C,-86
2026-08-20 21:45:04.114130,None,D8:7D:C9:E6:ED:21,-70
2026-08-20 21:45:18.059743,None,FA:A2:0A:A8:43:25,-90
2026-08-20 21:45:21.035253,None,EE:88:DB:3D:FB:DE,-98
2026-08-20 21:45:21.488127,None,6A:C2:75:07:48:9F,-89
2026-08-20 21:45:33.161860,None,A4:83:E7:83:E7:06,-91
2026-08-20 21:45:40.517953,None,7A:47:DA:DB:F2:9D,-68
2026-08-20 21:45:40.836865,None,4D:46:C1:8D:83:27,-96
2026-08-20 21:46:28.135656,None,50:2A:05:9F:BA:6F,-70
2026-08-20 21:47:14.586620,None,D9:B2:13:03:1F:39,-69
2026-08-20 21:47:17.387083,None,56:1E:00:0F:37:47,-78
2026-08-20 21:47:18.466968,None,4A:F6:A3:31:F9:F4,-82
2026-08-20 21:47:27.036409,None,53:21:D9:69:4C:30,-95
2026-08-20 21:47:38.432177,None,6B:A3:EE:9F:CA:E2,-96
2026-08-20 21:48:18.315829,None,63:F8:00:55:39:39,-82
2026-08-20 21:48:18.374871,None,63:F8:00:66:FC:67,-79
2026-08-20 21:48:21.139145,None,4D:6B:12:22:30:E1,-86
2026-08-20 21:48:21.141667,None,4F:06:87:AD:1F:98,-92
2026-08-20 21:48:22.702576,None,54:D1:00:E7:2F:42,-92
2026-08-20 21:48:22.874011,None,54:D1:00:68:F3:28,-86
2026-08-20 21:48:25.328273,None,57:52:8F:9A:88:96,-91
2026-08-20 21:48:28.849583,None,FF:16:9E:4A:10:CB,-84
2026-08-20 21:48:29.456582,113685_9C139E7A644C,9C:13:9E:7A:64:4E,-69
2026-08-20 21:48:31.777014,ResMed 223238,E8:E0:7E:34:BB:D4,-85
2026-08-20 21:48:37.379928,None,4E:2E:B0:45:76:84,-81
2026-08-20 21:48:39.042215,Peak Pro 01502,F0:AD:4E:40:19:D5,-90
2026-08-20 21:48:39.720865,None,63:E4:D6:76:9E:F0,-79
2026-08-20 21:48:52.035115,None,DB:56:49:EB:14:52,-98
2026-08-20 21:49:07.548226,TOZO NC9,94:4B:F8:5F:14:DA,-77
2026-08-20 21:49:14.316246,None,5C:C4:A2:48:05:79,-91
2026-08-20 21:49:42.962989,None,58:33:28:FE:17:F7,-69
2026-08-20 21:49:54.235460,Charge 4,F1:D1:F5:5E:21:37,-82
2026-08-20 21:50:16.017988,20HL39284591421094,48:87:2D:89:79:5D,-93
2026-08-20 21:50:22.737479,None,45:21:57:0E:7B:0A,-99
2026-08-20 21:50:29.564356,None,78:3B:C6:41:27:07,-89
2026-08-20 21:50:31.022131,None,FD:9F:AC:4E:82:A9,-71
2026-08-20 21:50:34.485043,None,41:01:68:79:32:6C,-83
2026-08-20 21:51:38.052666,MELK-OF21   5C,BE:28:03:00:20:5C,-93
2026-08-20 21:51:49.417247,None,4F:32:7F:6F:8B:9A,-84
2026-08-20 21:51:49.551090,None,69:BD:88:79:5E:52,-84
2026-08-20 21:51:49.632471,None,5F:32:9A:B0:E8:EF,-90
2026-08-20 21:51:52.023287,None,55:92:43:B8:20:E5,-95
2026-08-20 21:53:04.136111,None,52:55:3C:C1:A0:B3,-80
2026-08-20 21:53:18.496178,None,46:58:CA:B0:24:F8,-69
2026-08-20 21:54:00.731216,None,E3:E9:0A:FF:67:A7,-82
2026-08-20 21:54:02.143305,None,67:51:14:B0:07:F1,-83
2026-08-20 21:54:09.574261,Platco PR1,B4:CB:B8:1B:D4:50,-92
2026-08-20 21:54:22.872844,None,5A:E4:59:5E:B8:DB,-85
2026-08-20 21:54:28.326707,None,70:16:DD:E2:E7:9E,-89
2026-08-20 21:55:02.835769,None,E6:3C:37:CC:DB:6C,-78
2026-08-20 21:55:03.005921,None,FB:F6:9D:1D:FA:96,-79
2026-08-20 21:55:04.557364,[LG] webOS TV LR600BZUC,DC:EC:4F:D3:8E:A7,-95
2026-08-20 21:55:04.977037,None,F4:D1:CC:E7:4B:70,-74
2026-08-20 21:55:05.515955,None,D8:7D:C9:E6:ED:21,-72
2026-08-20 21:55:05.724515,None,E4:3C:33:74:28:2C,-75
2026-08-20 21:55:18.830972,None,FA:A2:0A:A8:43:25,-95
2026-08-20 21:55:24.709870,None,EE:88:DB:3D:FB:DE,-93
2026-08-20 21:55:27.853745,None,73:49:92:EF:D9:94,-81
2026-08-20 21:55:33.333700,None,51:52:C2:36:24:6C,-93
2026-08-20 21:55:41.000439,None,4D:46:C1:8D:83:27,-93
2026-08-20 21:56:14.400428,None,7C:BD:25:01:2E:E4,-99
2026-08-20 21:56:27.109258,None,50:47:85:0D:D4:B9,-92
2026-08-20 21:56:44.330230,None,C9:76:83:25:6D:ED,-94
2026-08-20 21:56:56.409000,None,72:24:BE:EF:24:69,-98
2026-08-20 21:57:17.340967,None,D9:B2:13:03:1F:39,-70
2026-08-20 21:57:30.263248,None,53:21:D9:69:4C:30,-93
2026-08-20 21:57:44.896937,None,6B:A3:EE:9F:CA:E2,-98
2026-08-20 21:58:29.601916,113685_9C139E7A644C,9C:13:9E:7A:64:4E,-66
2026-08-20 21:58:33.115652,ResMed 223238,E8:E0:7E:34:BB:D4,-94
2026-08-20 21:58:40.486699,Peak Pro 01502,F0:AD:4E:40:19:D5,-98
2026-08-20 21:59:08.421989,TOZO NC9,94:4B:F8:5F:14:DA,-75
2026-08-20 21:59:15.682874,None,5C:C4:A2:48:05:79,-92
2026-08-20 21:59:47.354857,None,58:33:28:FE:17:F7,-72
2026-08-20 21:59:51.379628,None,46:ED:A4:57:68:C5,-93
2026-08-20 21:59:55.382578,Charge 4,F1:D1:F5:5E:21:37,-85
2026-08-20 22:00:00.026949,None,F3:36:CE:6F:53:3E,-80
2026-08-20 22:00:02.024806,None,E1:96:67:F2:48:27,-74
2026-08-20 22:00:02.036429,None,E1:49:82:49:A8:8C,-87
2026-08-20 22:00:05.950090,None,F3:D1:00:24:9F:A4,-94
2026-08-20 22:00:08.689683,None,60:22:85:83:8D:74,-90
2026-08-20 22:00:08.740303,None,6A:06:E7:AF:B1:E6,-83
2026-08-20 22:00:08.975414,None,44:36:B3:7C:F0:0E,-84
2026-08-20 22:00:09.113528,Platco PR1,E4:A6:34:CF:38:ED,-98
2026-08-20 22:00:15.870072,None,C2:0A:9B:2D:D5:02,-74
2026-08-20 22:00:19.381393,None,42:29:6E:1D:89:17,-74
2026-08-20 22:00:19.402245,None,EA:3E:ED:BF:78:E8,-71
2026-08-20 22:00:20.250386,20HL39284591421094,48:87:2D:89:79:5D,-95
2026-08-20 22:00:29.722143,None,78:3B:C6:41:27:07,-85
2026-08-20 22:00:33.913715,None,F5:F9:DF:1C:A2:29,-70
2026-08-20 22:00:34.692742,None,41:01:68:79:32:6C,-81
2026-08-20 22:01:01.284813,None,79:96:65:2C:6A:24,-84
2026-08-20 22:01:08.450009,None,EC:38:D7:12:53:EA,-96
2026-08-20 22:01:30.675114,None,EE:D5:7A:B6:8A:42,-93
2026-08-20 22:01:32.665913,None,48:89:93:5B:43:0E,-90
2026-08-20 22:01:32.816355,None,7D:7E:19:71:F6:D1,-90
2026-08-20 22:01:37.543297,None,5B:D6:61:6F:DF:51,-84
2026-08-20 22:01:38.454011,MELK-OF21   5C,BE:28:03:00:20:5C,-93
2026-08-20 22:01:52.644203,None,DF:F1:14:42:52:3B,-74
2026-08-20 22:02:27.419048,None,68:FE:64:FE:7D:41,-94
2026-08-20 22:02:39.802021,None,54:52:36:1B:51:63,-72
2026-08-20 22:02:40.826649,None,71:6F:6D:FB:33:82,-95
2026-08-20 22:03:32.567469,None,45:67:27:C4:1A:FF,-94
2026-08-20 22:04:01.705654,None,E3:E9:0A:FF:67:A7,-75
2026-08-20 22:04:14.890753,Platco PR1,B4:CB:B8:1B:D4:50,-82
2026-08-20 22:04:47.803902,None,54:28:74:22:F7:DB,-96
2026-08-20 22:05:00.513029,None,54:D1:00:68:F3:28,-93
2026-08-20 22:05:01.721422,None,54:D1:00:E7:2F:42,-88
2026-08-20 22:05:16.366946,[LG] webOS TV LR600BZUC,DC:EC:4F:D3:8E:A7,-97
2026-08-20 22:05:36.881762,None,51:52:C2:36:24:6C,-94
2026-08-20 22:06:27.232199,None,50:47:85:0D:D4:B9,-81
2026-08-20 22:06:32.218189,None,55:1D:4B:BA:2B:3F,-73
2026-08-20 22:06:34.662132,None,52:55:3C:C1:A0:B3,-71
2026-08-20 22:08:19.847838,None,2B:6E:DE:75:95:A5,-89
2026-08-20 22:08:31.470968,113685_9C139E7A644C,9C:13:9E:7A:64:4E,-66
2026-08-20 22:08:33.189884,ResMed 223238,E8:E0:7E:34:BB:D4,-86
2026-08-20 22:08:40.879002,Peak Pro 01502,F0:AD:4E:40:19:D5,-93
2026-08-20 22:09:09.506817,TOZO NC9,94:4B:F8:5F:14:DA,-96
2026-08-20 22:09:56.253764,None,46:ED:A4:57:68:C5,-90
2026-08-20 22:09:57.650959,Charge 4,F1:D1:F5:5E:21:37,-82
2026-08-20 22:10:00.893640,None,F3:36:CE:6F:53:3E,-71
2026-08-20 22:10:03.056300,None,E1:96:67:F2:48:27,-77
2026-08-20 22:10:06.667213,None,F3:D1:00:24:9F:A4,-84
2026-08-20 22:10:14.842961,None,E1:49:82:49:A8:8C,-91
2026-08-20 22:10:18.514911,None,C2:0A:9B:2D:D5:02,-76
2026-08-20 22:10:20.122292,None,42:29:6E:1D:89:17,-80
2026-08-20 22:10:20.144961,None,EA:3E:ED:BF:78:E8,-76
2026-08-20 22:10:20.341875,20HL39284591421094,48:87:2D:89:79:5D,-96
2026-08-20 22:10:34.897910,None,41:01:68:79:32:6C,-83
2026-08-20 22:10:35.463398,None,F5:F9:DF:1C:A2:29,-70
2026-08-20 22:11:01.894730,None,79:96:65:2C:6A:24,-84
2026-08-20 22:11:13.340812,None,51:AF:FB:B4:64:41,-82
2026-08-20 22:11:38.742194,MELK-OF21   5C,BE:28:03:00:20:5C,-96
2026-08-20 22:11:44.423999,None,EE:D5:7A:B6:8A:42,-91
2026-08-20 22:11:56.017107,None,DF:F1:14:42:52:3B,-74
2026-08-20 22:12:11.274144,None,79:9E:A8:A4:1F:2C,-92
2026-08-20 22:12:28.689112,None,68:FE:64:FE:7D:41,-94
2026-08-20 22:12:42.264008,None,71:6F:6D:FB:33:82,-97
2026-08-20 22:13:34.286832,None,45:67:27:C4:1A:FF,-94
2026-08-20 22:13:55.775755,None,54:52:36:1B:51:63,-73
2026-08-20 22:14:05.089461,None,E3:E9:0A:FF:67:A7,-80
2026-08-20 22:14:12.289754,None,40:0A:18:E4:5E:01,-94
2026-08-20 22:14:19.806389,Platco PR1,B4:CB:B8:1B:D4:50,-82
2026-08-20 22:14:34.697097,None,4C:50:17:FA:9F:54,-81
2026-08-20 22:14:44.618431,None,63:53:2E:30:FD:B1,-89
2026-08-20 22:14:44.730520,None,49:61:A9:48:1D:9E,-88
2026-08-20 22:15:00.084521,None,E2:F3:65:80:C1:37,-74
2026-08-20 22:15:00.599878,None,D6:D5:82:1D:91:58,-75
2026-08-20 22:15:02.060978,None,E6:D9:F7:AC:43:7E,-68
2026-08-20 22:15:02.594972,None,D5:AF:B3:C0:24:BB,-66
2026-08-20 22:15:08.063770,None,DF:4B:30:4C:D8:2B,-90
2026-08-20 22:15:08.247318,None,F6:10:EC:EA:AE:19,-80
2026-08-20 22:15:12.841311,None,A4:83:E7:83:E7:06,-94
2026-08-20 22:15:14.448072,None,C1:AD:6A:A6:8E:72,-91
2026-08-20 22:15:23.261168,[LG] webOS TV LR600BZUC,DC:EC:4F:D3:8E:A7,-99
2026-08-20 22:15:28.879374,None,7A:C6:CE:EC:BC:8F,-84
2026-08-20 22:15:29.094547,None,63:ED:98:AE:C0:19,-93
2026-08-20 22:15:29.780775,None,71:0E:A8:26:27:B8,-84
2026-08-20 22:15:34.548049,None,6D:0B:9D:5B:9C:DE,-97
2026-08-20 22:16:09.368509,None,F0:24:5C:6C:61:A9,-79
2026-08-20 22:16:09.684002,None,60:44:EC:09:74:01,-83
2026-08-20 22:16:39.634381,None,7D:D8:78:70:87:5D,-95
2026-08-20 22:17:20.682247,None,FC:87:82:C8:EB:AC,-95
2026-08-20 22:17:27.147810,None,74:D1:B2:A7:92:9E,-90
2026-08-20 22:17:37.897707,None,6A:D7:46:66:24:2C,-94
2026-08-20 22:17:38.267186,None,F8:4E:58:0B:C3:AF,-105
2026-08-20 22:18:31.495496,113685_9C139E7A644C,9C:13:9E:7A:64:4E,-65
2026-08-20 22:18:32.006461,None,78:D6:6C:5B:C6:28,-95
2026-08-20 22:18:33.309198,ResMed 223238,E8:E0:7E:34:BB:D4,-91
2026-08-20 22:18:41.099559,Peak Pro 01502,F0:AD:4E:40:19:D5,-83
2026-08-20 22:19:09.598321,TOZO NC9,94:4B:F8:5F:14:DA,-76
2026-08-20 22:19:19.070897,None,55:1D:4B:BA:2B:3F,-78
2026-08-20 22:19:56.936168,None,46:ED:A4:57:68:C5,-92
2026-08-20 22:19:58.793666,Charge 4,F1:D1:F5:5E:21:37,-86
2026-08-20 22:20:01.954779,None,F3:36:CE:6F:53:3E,-71
2026-08-20 22:20:16.880082,None,C4:18:FC:5C:28:2F,-69
2026-08-20 22:20:23.356494,None,42:29:6E:1D:89:17,-82
2026-08-20 22:20:25.882209,20HL39284591421094,48:87:2D:89:79:5D,-94
2026-08-20 22:20:32.450810,None,61:69:93:98:DE:37,-91
2026-08-20 22:21:00.836718,None,F3:22:ED:6C:ED:10,-98
2026-08-20 22:21:04.920232,None,79:96:65:2C:6A:24,-87
2026-08-20 22:21:12.142838,None,79:7E:A6:1A:7A:31,-95
2026-08-20 22:21:13.479314,None,51:AF:FB:B4:64:41,-82
2026-08-20 22:21:15.940631,None,CB:33:6E:81:22:7E,-93
2026-08-20 22:21:22.717124,None,E6:CB:4C:2F:BC:40,-83
2026-08-20 22:21:26.200062,None,C6:AC:82:44:B5:E0,-93
2026-08-20 22:21:30.578995,None,63:BF:61:B5:F2:A3,-80
2026-08-20 22:21:40.155720,MELK-OF21   5C,BE:28:03:00:20:5C,-94
2026-08-20 22:21:40.886558,None,67:B1:76:0F:52:41,-93
2026-08-20 22:22:04.206658,None,5C:02:3C:9C:6B:FA,-74
2026-08-20 22:22:25.393648,None,6A:BD:D1:A9:BD:5B,-91
2026-08-20 22:23:05.109672,None,64:0F:7F:0C:F6:01,-93
2026-08-20 22:23:18.926268,None,51:11:28:F2:20:D1,-90
2026-08-20 22:23:25.625488,None,F2:59:C7:BF:6D:FC,-92
2026-08-20 22:24:10.860920,None,E3:E9:0A:FF:67:A7,-73
2026-08-20 22:24:12.366556,None,40:0A:18:E4:5E:01,-70
2026-08-20 22:24:18.677269,None,69:B1:92:8B:C2:B8,-80
2026-08-20 22:24:24.626051,Platco PR1,B4:CB:B8:1B:D4:50,-79
2026-08-20 22:24:44.790809,None,49:61:A9:48:1D:9E,-73
2026-08-20 22:25:04.436755,None,D6:D5:82:1D:91:58,-72
2026-08-20 22:25:05.043785,None,E2:F3:65:80:C1:37,-78
2026-08-20 22:25:05.880872,None,D5:AF:B3:C0:24:BB,-75
2026-08-20 22:25:06.369657,None,E6:D9:F7:AC:43:7E,-56
2026-08-20 22:25:12.099261,None,F6:10:EC:EA:AE:19,-82
2026-08-20 22:25:14.711159,None,C1:AD:6A:A6:8E:72,-93
2026-08-20 22:25:18.842485,None,DF:4B:30:4C:D8:2B,-89
2026-08-20 22:25:34.363998,None,49:69:79:4D:EE:41,-70
2026-08-20 22:25:40.244833,None,6D:0B:9D:5B:9C:DE,-96
2026-08-20 22:25:57.806188,[LG] webOS TV LR600BZUC,DC:EC:4F:D3:8E:A7,-97
2026-08-20 22:26:09.772778,None,60:44:EC:09:74:01,-72
2026-08-20 22:26:14.525334,None,43:28:5A:3A:6C:81,-84
2026-08-20 22:26:15.368078,None,F0:24:5C:6C:61:A9,-72
2026-08-20 22:27:28.462097,None,74:D1:B2:A7:92:9E,-94
2026-08-20 22:27:47.593926,None,6A:D7:46:66:24:2C,-94
2026-08-20 22:28:31.517758,113685_9C139E7A644C,9C:13:9E:7A:64:4E,-70
2026-08-20 22:28:32.315605,None,78:D6:6C:5B:C6:28,-92
2026-08-20 22:28:35.398898,ResMed 223238,E8:E0:7E:34:BB:D4,-88
2026-08-20 22:28:42.716408,Peak Pro 01502,F0:AD:4E:40:19:D5,-83
2026-08-20 22:29:08.372753,None,78:D7:8E:D6:CA:6F,-101
2026-08-20 22:29:10.982016,TOZO NC9,94:4B:F8:5F:14:DA,-81
2026-08-20 22:29:29.373732,None,59:1F:58:F6:94:27,-78
2026-08-20 22:29:59.935772,Charge 4,F1:D1:F5:5E:21:37,-81
2026-08-20 22:30:00.043247,None,F8:92:9E:62:48:FA,-79
2026-08-20 22:30:00.138472,None,DD:47:5F:19:DF:14,-74
2026-08-20 22:30:00.234624,None,C0:FF:B9:00:42:99,-81
2026-08-20 22:30:00.348323,None,FE:52:22:F5:39:0E,-74
2026-08-20 22:30:03.440160,None,C3:1D:F0:76:46:FE,-80
2026-08-20 22:30:03.605622,None,E9:3C:AA:F8:DF:64,-80
2026-08-20 22:30:07.982629,None,6E:E8:F9:EF:70:FC,-84
2026-08-20 22:30:07.999832,None,60:D3:34:C9:8B:83,-94
2026-08-20 22:30:08.040713,None,F6:59:D5:C6:DE:10,-93
2026-08-20 22:30:10.562670,None,45:CE:F8:DD:23:FB,-75
2026-08-20 22:30:22.092412,None,C4:18:FC:5C:28:2F,-88
2026-08-20 22:30:27.959599,20HL39284591421094,48:87:2D:89:79:5D,-94
2026-08-20 22:30:32.783390,None,61:69:93:98:DE:37,-91
2026-08-20 22:30:35.516307,None,E5:3F:15:E6:2F:01,-97
2026-08-20 22:31:12.326091,None,79:7E:A6:1A:7A:31,-84
2026-08-20 22:31:13.625234,None,51:AF:FB:B4:64:41,-83
2026-08-20 22:31:25.237109,None,E6:CB:4C:2F:BC:40,-91
2026-08-20 22:31:32.233222,None,63:BF:61:B5:F2:A3,-82
2026-08-20 22:31:40.392684,MELK-OF21   5C,BE:28:03:00:20:5C,-91
2026-08-20 22:31:41.833856,None,67:B1:76:0F:52:41,-86
2026-08-20 22:32:07.316926,None,5C:02:3C:9C:6B:FA,-74
2026-08-20 22:32:29.474771,None,78:B0:53:1C:22:95,-96
2026-08-20 22:32:30.489709,None,7F:9A:E5:DC:C1:36,-95
2026-08-20 22:32:36.843408,None,C9:05:FE:E2:D5:DF,-85
2026-08-20 22:32:44.782574,None,77:98:50:95:6C:94,-96
2026-08-20 22:32:57.144693,None,6F:06:C4:69:33:74,-72
2026-08-20 22:33:25.419746,None,D4:E9:67:BD:10:74,-78
2026-08-20 22:33:32.205871,None,52:8E:B0:04:7D:02,-93
2026-08-20 22:34:01.533608,None,EA:45:AA:32:5E:22,-90
2026-08-20 22:34:17.975716,None,E3:E9:0A:FF:67:A7,-77
2026-08-20 22:34:29.476513,Platco PR1,B4:CB:B8:1B:D4:50,-83
2026-08-20 22:35:34.684867,None,49:69:79:4D:EE:41,-71
2026-08-20 22:35:38.884928,None,52:18:EB:13:B6:27,-86
2026-08-20 22:35:40.907360,None,74:78:40:BD:2F:36,-88
2026-08-20 22:36:14.637739,None,43:28:5A:3A:6C:81,-85
2026-08-20 22:36:17.552565,None,4B:53:39:EF:68:74,-86
2026-08-20 22:37:06.886560,[LG] webOS TV LR600BZUC,DC:EC:4F:D3:8E:A7,-98
2026-08-20 22:38:31.599609,113685_9C139E7A644C,9C:13:9E:7A:64:4E,-71
2026-08-20 22:38:35.639230,ResMed 223238,E8:E0:7E:34:BB:D4,-86
2026-08-20 22:38:43.031725,Peak Pro 01502,F0:AD:4E:40:19:D5,-83
2026-08-20 22:39:06.124271,None,69:05:8B:D0:9D:54,-79
2026-08-20 22:39:11.378359,TOZO NC9,94:4B:F8:5F:14:DA,-86
2026-08-20 22:39:25.767498,None,66:BD:DC:0D:39:B1,-75
2026-08-20 22:39:30.757641,None,59:1F:58:F6:94:27,-85
2026-08-20 22:40:01.259824,None,DD:47:5F:19:DF:14,-73
2026-08-20 22:40:01.745302,None,C0:FF:B9:00:42:99,-77
2026-08-20 22:40:01.848538,None,FE:52:22:F5:39:0E,-74
2026-08-20 22:40:02.200936,Charge 4,F1:D1:F5:5E:21:37,-81
2026-08-20 22:40:02.922989,None,F8:92:9E:62:48:FA,-73
2026-08-20 22:40:06.259645,None,E9:3C:AA:F8:DF:64,-81
2026-08-20 22:40:15.479119,None,F6:59:D5:C6:DE:10,-90
2026-08-20 22:40:17.146686,None,C3:1D:F0:76:46:FE,-89
2026-08-20 22:40:29.662995,20HL39284591421094,48:87:2D:89:79:5D,-96
2026-08-20 22:40:34.031446,None,61:69:93:98:DE:37,-94
2026-08-20 22:40:41.664138,None,60:D3:34:C9:8B:83,-98
2026-08-20 22:40:57.108915,None,E5:3F:15:E6:2F:01,-99
2026-08-20 22:41:32.617766,None,63:BF:61:B5:F2:A3,-86
2026-08-20 22:41:38.570427,None,57:93:11:8F:2D:68,-84
2026-08-20 22:41:38.629790,None,75:3C:DA:6D:73:B3,-84
2026-08-20 22:41:40.411040,MELK-OF21   5C,BE:28:03:00:20:5C,-95
2026-08-20 22:41:41.440995,None,4D:28:8D:09:6D:D3,-84
2026-08-20 22:41:44.075559,None,CB:7D:E2:28:C6:E8,-84
2026-08-20 22:41:58.843952,None,77:F5:5A:B5:F4:51,-96
2026-08-20 22:42:31.080341,None,78:B0:53:1C:22:95,-91
2026-08-20 22:42:35.266540,None,44:42:38:46:0B:CD,-76
2026-08-20 22:42:45.150103,None,77:98:50:95:6C:94,-96
2026-08-20 22:42:50.463126,None,C9:05:FE:E2:D5:DF,-72
2026-08-20 22:43:10.411026,None,E7:99:C2:87:5B:54,-87
2026-08-20 22:43:25.422331,None,D4:E9:67:BD:10:74,-76
2026-08-20 22:43:30.186367,None,4A:BF:14:E5:E0:2C,-94
2026-08-20 22:43:32.292565,None,52:8E:B0:04:7D:02,-94
2026-08-20 22:43:37.558730,None,48:D0:70:68:8B:68,-68
2026-08-20 22:44:07.128908,None,EA:45:AA:32:5E:22,-79
2026-08-20 22:44:22.818096,None,E3:E9:0A:FF:67:A7,-74
2026-08-20 22:44:29.827680,Platco PR1,B4:CB:B8:1B:D4:50,-82
2026-08-20 22:44:44.422479,None,7C:5D:5D:65:A3:28,-96
2026-08-20 22:45:02.094945,None,CE:03:3F:17:27:77,-69
2026-08-20 22:45:03.289431,None,FD:5A:92:50:5A:D6,-80
2026-08-20 22:45:04.035843,None,F4:60:C4:9E:72:20,-77
2026-08-20 22:45:08.197350,None,D4:83:4E:B4:61:C2,-65
2026-08-20 22:45:08.253440,None,DE:6A:CB:0C:DA:A6,-77
2026-08-20 22:45:12.044989,None,E7:FD:1F:4E:47:1B,-95
2026-08-20 22:45:16.072964,None,F4:54:FB:87:68:5B,-91
2026-08-20 22:45:18.845883,None,FE:B0:09:AC:56:F3,-83
2026-08-20 22:45:36.401140,None,6F:06:C4:69:33:74,-74
2026-08-20 22:45:40.222353,None,52:18:EB:13:B6:27,-91
2026-08-20 22:45:44.129805,None,C4:64:00:D3:41:DF,-75
2026-08-20 22:45:45.499820,None,E0:84:7F:06:08:62,-94
2026-08-20 22:45:54.041648,None,74:78:40:BD:2F:36,-81
2026-08-20 22:46:14.965497,None,43:28:5A:3A:6C:81,-86
2026-08-20 22:46:26.658797,None,45:C5:63:BE:D0:47,-76
2026-08-20 22:47:24.037736,[LG] webOS TV LR600BZUC,DC:EC:4F:D3:8E:A7,-100
2026-08-20 22:47:24.503543,None,D8:24:F4:E1:91:DB,-90
2026-08-20 22:47:31.420921,None,66:37:58:14:54:F9,-93
2026-08-20 22:47:40.417919,None,43:A8:F2:AF:37:88,-92
2026-08-20 22:47:40.690890,None,4B:53:39:EF:68:74,-75
2026-08-20 22:47:51.205759,None,72:10:E2:D3:EE:76,-88
2026-08-20 22:48:32.310782,113685_9C139E7A644C,9C:13:9E:7A:64:4E,-69
2026-08-20 22:48:32.404814,None,65:49:FA:CE:D1:5B,-93
2026-08-20 22:48:35.872308,ResMed 223238,E8:E0:7E:34:BB:D4,-89
2026-08-20 22:48:43.073261,Peak Pro 01502,F0:AD:4E:40:19:D5,-86
2026-08-20 22:48:54.110882,None,A4:83:E7:83:E7:06,-97
2026-08-20 22:49:08.410128,None,69:05:8B:D0:9D:54,-83
2026-08-20 22:49:11.535485,TOZO NC9,94:4B:F8:5F:14:DA,-90
2026-08-20 22:49:45.365880,None,71:AE:CF:93:21:46,-81
2026-08-20 22:49:51.410561,None,57:3E:BD:8A:85:C0,-84
2026-08-20 22:50:01.033748,None,66:BD:DC:0D:39:B1,-72
2026-08-20 22:50:07.506827,None,76:94:6D:80:E9:79,-71
2026-08-20 22:50:13.660507,Charge 4,F1:D1:F5:5E:21:37,-82
2026-08-20 22:50:13.950821,None,56:09:E6:4B:9B:13,-97
2026-08-20 22:50:32.584576,20HL39284591421094,48:87:2D:89:79:5D,-92
2026-08-20 22:51:39.437339,None,58:8D:42:68:B0:63,-83
2026-08-20 22:51:39.572564,None,47:4C:6A:0D:B0:02,-83
2026-08-20 22:51:42.376055,None,64:55:A8:33:D8:CF,-91
2026-08-20 22:51:44.755076,MELK-OF21   5C,BE:28:03:00:20:5C,-96
2026-08-20 22:51:45.698870,None,4B:76:26:76:AA:DA,-70
2026-08-20 22:51:58.912575,None,77:F5:5A:B5:F4:51,-93
2026-08-20 22:51:59.632538,None,CD:82:B9:43:5F:81,-92
2026-08-20 22:52:10.532270,None,7A:A6:0C:B5:FB:38,-75
2026-08-20 22:52:39.329916,None,44:42:38:46:0B:CD,-86
2026-08-20 22:52:53.965107,None,C9:05:FE:E2:D5:DF,-68
2026-08-20 22:52:57.113272,None,7D:4D:B8:A1:C3:B2,-89
2026-08-20 22:53:17.401576,None,DA:3C:5C:E4:1C:B0,-95
2026-08-20 22:54:24.482283,None,E3:E9:0A:FF:67:A7,-86
2026-08-20 22:54:33.793156,None,56:F2:A6:28:BD:AA,-89
2026-08-20 22:54:34.676351,Platco PR1,B4:CB:B8:1B:D4:50,-81
2026-08-20 22:55:01.719650,None,7C:5D:5D:65:A3:28,-95
2026-08-20 22:55:02.936193,None,CE:03:3F:17:27:77,-80
2026-08-20 22:55:06.843899,None,FD:5A:92:50:5A:D6,-55
2026-08-20 22:55:07.148044,None,F4:60:C4:9E:72:20,-75
2026-08-20 22:55:09.627099,None,DE:6A:CB:0C:DA:A6,-80
2026-08-20 22:55:09.747668,None,D4:83:4E:B4:61:C2,-82
2026-08-20 22:55:17.436671,None,F4:54:FB:87:68:5B,-75
2026-08-20 22:55:21.349720,None,FE:B0:09:AC:56:F3,-77
2026-08-20 22:55:29.009105,None,E7:FD:1F:4E:47:1B,-92
2026-08-20 22:55:46.122734,None,C4:64:00:D3:41:DF,-72
2026-08-20 22:55:51.114282,None,E0:84:7F:06:08:62,-97
2026-08-20 22:55:58.058617,None,45:E1:B6:C5:3C:9D,-96
2026-08-20 22:56:17.385983,None,42:37:63:03:A6:A3,-73
2026-08-20 22:56:23.999671,None,48:D0:70:68:8B:68,-61
2026-08-20 22:56:26.698864,None,45:C5:63:BE:D0:47,-88
2026-08-20 22:57:32.094363,None,66:37:58:14:54:F9,-92
2026-08-20 22:57:36.068244,None,D8:24:F4:E1:91:DB,-79
2026-08-20 22:57:49.587112,None,43:A8:F2:AF:37:88,-101
2026-08-20 22:57:51.822012,None,72:10:E2:D3:EE:76,-82
2026-08-20 22:58:09.988900,[LG] webOS TV LR600BZUC,DC:EC:4F:D3:8E:A7,-100
2026-08-20 22:58:20.666981,None,F8:4E:58:0B:C3:AF,-98
2026-08-20 22:58:32.544865,113685_9C139E7A644C,9C:13:9E:7A:64:4E,-62
2026-08-20 22:58:38.469205,ResMed 223238,E8:E0:7E:34:BB:D4,-88
2026-08-20 22:58:44.898069,Peak Pro 01502,F0:AD:4E:40:19:D5,-94
2026-08-20 22:59:08.906426,None,69:05:8B:D0:9D:54,-86
2026-08-20 22:59:13.119362,TOZO NC9,94:4B:F8:5F:14:DA,-78
2026-08-20 22:59:17.837438,None,C0:1E:A2:9F:F9:A9,-71
2026-08-20 22:59:45.889231,None,71:AE:CF:93:21:46,-76
2026-08-20 22:59:52.662481,None,64:B1:82:AB:9C:EE,-94
2026-08-20 22:59:56.784765,None,57:3E:BD:8A:85:C0,-85
2026-08-20 23:00:02.627247,None,F9:4F:5D:93:51:4E,-83
2026-08-20 23:00:04.033535,None,D5:BE:D6:EF:15:3B,-75
2026-08-20 23:00:04.062719,None,EA:FF:03:69:3A:CD,-69
2026-08-20 23:00:04.388522,None,6E:27:3B:07:92:3B,-80
2026-08-20 23:00:04.808089,None,D5:F7:9D:5D:57:90,-73
2026-08-20 23:00:04.827515,None,D6:E3:23:10:9D:D4,-80
2026-08-20 23:00:06.073293,None,F9:A9:2F:C8:24:D9,-92
2026-08-20 23:00:09.353725,None,76:94:6D:80:E9:79,-77
2026-08-20 23:00:17.392140,Charge 4,F1:D1:F5:5E:21:37,-83
2026-08-20 23:00:32.938451,20HL39284591421094,48:87:2D:89:79:5D,-93
2026-08-20 23:00:45.650228,None,EF:9E:CB:8F:76:BC,-72
2026-08-20 23:01:01.138308,None,49:0C:7F:5D:10:7D,-93
2026-08-20 23:01:01.542843,None,FC:55:E8:9F:9C:36,-91
2026-08-20 23:01:14.173049,None,ED:6C:E8:1B:9A:EF,-95
2026-08-20 23:01:15.069890,None,DD:EE:E9:51:C4:AB,-88
2026-08-20 23:01:15.210146,None,CB:E2:49:AC:A2:CF,-85
2026-08-20 23:01:42.327773,None,58:8D:42:68:B0:63,-84
2026-08-20 23:01:42.448967,None,47:4C:6A:0D:B0:02,-93
2026-08-20 23:01:42.728931,None,64:55:A8:33:D8:CF,-93
2026-08-20 23:01:42.810124,None,CE:6B:EC:A9:02:ED,-83
2026-08-20 23:01:45.360528,None,D2:1D:EA:08:75:33,-79
2026-08-20 23:01:48.847751,MELK-OF21   5C,BE:28:03:00:20:5C,-97
2026-08-20 23:02:26.792500,None,75:61:CF:80:00:7C,-94
2026-08-20 23:02:27.489584,None,54:EF:33:27:46:4B,-86
2026-08-20 23:02:37.731742,None,67:CE:A3:73:79:D9,-96
2026-08-20 23:02:45.244453,None,44:42:38:46:0B:CD,-79
2026-08-20 23:03:00.298065,None,78:78:64:C9:76:63,-95
2026-08-20 23:03:37.447074,None,24:18:19:8F:6D:5F,-98
2026-08-20 23:03:44.872290,None,4A:C8:31:4E:D7:09,-85
2026-08-20 23:04:25.578968,None,E3:E9:0A:FF:67:A7,-85
2026-08-20 23:04:34.815801,None,56:F2:A6:28:BD:AA,-90
2026-08-20 23:04:39.564683,Platco PR1,B4:CB:B8:1B:D4:50,-81
2026-08-20 23:04:58.119072,None,5D:1E:0F:FF:22:13,-90
2026-08-20 23:05:44.476962,None,4B:76:26:76:AA:DA,-78
2026-08-20 23:05:47.857871,None,63:46:A2:6A:9D:BD,-72
2026-08-20 23:06:04.474405,None,F4:60:C4:9E:72:20,-75
2026-08-20 23:06:05.339422,None,45:E1:B6:C5:3C:9D,-90
2026-08-20 23:06:20.107904,None,64:A9:D3:8E:D1:9C,-73
2026-08-20 23:07:51.911550,None,72:10:E2:D3:EE:76,-91
2026-08-20 23:08:11.828821,[LG] webOS TV LR600BZUC,DC:EC:4F:D3:8E:A7,-96
2026-08-20 23:08:12.676209,None,F2:7F:9E:2C:7F:3F,-92
2026-08-20 23:08:24.846023,None,17:04:BD:1F:9C:85,-100
2026-08-20 23:08:32.837336,113685_9C139E7A644C,9C:13:9E:7A:64:4E,-67
2026-08-20 23:08:38.702925,ResMed 223238,E8:E0:7E:34:BB:D4,-91
2026-08-20 23:08:45.168297,Peak Pro 01502,F0:AD:4E:40:19:D5,-83
2026-08-20 23:09:12.956537,None,4F:8E:0E:B1:31:29,-83
2026-08-20 23:09:13.266844,TOZO NC9,94:4B:F8:5F:14:DA,-87
2026-08-20 23:09:13.415753,None,64:21:7B:F3:4B:47,-83
2026-08-20 23:09:13.509371,None,03:A5:E1:B9:EF:41,-98
2026-08-20 23:09:15.656134,None,4B:5C:05:C8:18:C1,-84
2026-08-20 23:09:19.395640,None,C0:1E:A2:9F:F9:A9,-74
2026-08-20 23:09:29.741883,None,05:40:1A:75:23:6B,-95
2026-08-20 23:09:36.350708,None,61:8C:AC:97:39:EF,-101
2026-08-20 23:09:46.903435,None,71:AE:CF:93:21:46,-77
2026-08-20 23:09:54.114770,None,64:B1:82:AB:9C:EE,-80
2026-08-20 23:09:58.429206,None,57:3E:BD:8A:85:C0,-81
2026-08-20 23:10:01.248763,None,51:4B:7C:CC:B9:C6,-75
2026-08-20 23:10:01.267273,None,6A:33:34:A2:63:3C,-84
2026-08-20 23:10:04.260149,None,D5:BE:D6:EF:15:3B,-74
2026-08-20 23:10:04.485110,None,6E:27:3B:07:92:3B,-83
2026-08-20 23:10:04.689888,None,EA:FF:03:69:3A:CD,-79
2026-08-20 23:10:08.364875,None,F9:4F:5D:93:51:4E,-82
2026-08-20 23:10:08.740892,None,17:93:D8:C6:78:51,-90
2026-08-20 23:10:09.912023,None,D5:F7:9D:5D:57:90,-68
2026-08-20 23:10:10.384009,None,76:94:6D:80:E9:79,-64
2026-08-20 23:10:10.584755,None,D6:E3:23:10:9D:D4,-80
2026-08-20 23:10:10.819947,None,F9:A9:2F:C8:24:D9,-89
2026-08-20 23:10:29.973193,Charge 4,F1:D1:F5:5E:21:37,-89
2026-08-20 23:10:37.274545,20HL39284591421094,48:87:2D:89:79:5D,-92
2026-08-20 23:10:46.595713,None,EF:9E:CB:8F:76:BC,-66
2026-08-20 23:11:01.488404,None,49:0C:7F:5D:10:7D,-94
2026-08-20 23:11:05.365762,None,3E:66:6F:9B:11:F2,-91
2026-08-20 23:11:06.966430,None,FC:55:E8:9F:9C:36,-87
2026-08-20 23:11:15.513242,None,CB:E2:49:AC:A2:CF,-80
2026-08-20 23:11:20.653745,None,DD:EE:E9:51:C4:AB,-81
2026-08-20 23:11:20.829862,RIOT Plus501B6E,D8:BC:38:50:1B:6E,-90
2026-08-20 23:11:25.951628,None,ED:6C:E8:1B:9A:EF,-97
2026-08-20 23:11:46.862684,None,D2:1D:EA:08:75:33,-74
2026-08-20 23:11:54.445699,MELK-OF21   5C,BE:28:03:00:20:5C,-96
2026-08-20 23:12:10.930628,None,65:4A:93:97:E2:A1,-89
2026-08-20 23:12:15.095142,None,50:3D:48:06:17:A1,-88
2026-08-20 23:12:17.434091,None,7E:5E:0C:1C:15:4B,-94
2026-08-20 23:12:30.566994,None,75:61:CF:80:00:7C,-94
2026-08-20 23:12:38.505379,None,67:CE:A3:73:79:D9,-93
2026-08-20 23:12:45.762336,None,6F:65:11:16:DE:46,-83
2026-08-20 23:12:54.005436,None,7E:4B:9E:C8:0C:5B,-74
2026-08-20 23:13:15.120477,None,57:E6:10:AD:77:36,-72
2026-08-20 23:13:40.030188,None,2C:6E:19:02:B6:11,-95
2026-08-20 23:14:35.856831,None,E3:E9:0A:FF:67:A7,-74
2026-08-20 23:14:36.248823,None,56:F2:A6:28:BD:AA,-90
2026-08-20 23:14:44.410230,Platco PR1,B4:CB:B8:1B:D4:50,-80
2026-08-20 23:14:59.526998,None,5D:1E:0F:FF:22:13,-69
2026-08-20 23:15:00.974644,None,FA:B2:01:1D:0C:A0,-71
2026-08-20 23:15:04.106038,None,C4:1E:A6:63:A9:B2,-74
2026-08-20 23:15:04.144455,None,F7:FD:05:6D:8C:88,-78
2026-08-20 23:15:05.828385,None,EF:AC:3B:E8:75:69,-76
2026-08-20 23:15:05.977092,None,E6:03:33:2A:E4:B0,-74
2026-08-20 23:15:06.036060,None,D8:A1:FA:2E:73:C9,-93
2026-08-20 23:15:07.529163,None,F8:4E:58:0B:C3:AF,-98
2026-08-20 23:15:08.245469,None,D0:65:DA:B6:6E:E3,-88
2026-08-20 23:15:10.860474,None,F1:DA:A3:1F:5C:C9,-95
2026-08-20 23:16:02.697850,None,09:17:C7:8F:A2:47,-95
2026-08-20 23:16:30.457004,None,D7:C4:84:6C:1C:86,-91
2026-08-20 23:16:31.587295,None,4D:40:0E:66:FF:1B,-93
2026-08-20 23:16:32.104577,None,E7:DA:C2:97:CB:5C,-93
2026-08-20 23:16:32.789320,None,C6:BC:C1:A7:DE:2E,-94
2026-08-20 23:16:58.340813,None,70:C9:B3:6B:A0:6B,-69
2026-08-20 23:17:25.632707,None,17:3E:DE:34:C2:18,-96
2026-08-20 23:17:26.587136,None,60:19:DB:1C:A1:AD,-92
2026-08-20 23:17:33.578394,None,F8:17:6A:CF:F7:E2,-79
2026-08-20 23:17:41.142183,None,7F:8E:76:11:ED:E9,-91
2026-08-20 23:18:14.488646,None,4A:C8:31:8A:FD:8C,-92
2026-08-20 23:18:14.522659,[LG] webOS TV LR600BZUC,DC:EC:4F:D3:8E:A7,-96
2026-08-20 23:18:14.654676,None,4A:C8:31:4E:D7:09,-94
2026-08-20 23:18:35.291153,113685_9C139E7A644C,9C:13:9E:7A:64:4E,-62
2026-08-20 23:18:35.851825,None,6F:CA:A7:CA:72:88,-92
2026-08-20 23:18:38.933567,ResMed 223238,E8:E0:7E:34:BB:D4,-89
2026-08-20 23:18:45.172588,Peak Pro 01502,F0:AD:4E:40:19:D5,-86
2026-08-20 23:19:00.505842,None,C4:D8:74:8A:19:DA,-72
2026-08-20 23:19:04.047325,None,D5:DE:17:DF:23:10,-88
2026-08-20 23:19:04.813865,None,C6:29:44:ED:86:A7,-74
2026-08-20 23:19:13.272616,TOZO NC9,94:4B:F8:5F:14:DA,-78
2026-08-20 23:19:35.007575,None,66:73:41:4B:EF:EE,-86
2026-08-20 23:19:48.338219,Platco PR1,E4:A6:34:CF:38:ED,-95
2026-08-20 23:20:01.541790,None,51:4B:7C:CC:B9:C6,-80
2026-08-20 23:20:02.457815,None,6A:33:34:A2:63:3C,-84
2026-08-20 23:20:06.704870,None,6E:27:3B:07:92:3B,-82
2026-08-20 23:20:13.942236,None,57:66:BF:EE:53:47,-74
2026-08-20 23:20:32.451823,Charge 4,F1:D1:F5:5E:21:37,-83
2026-08-20 23:20:37.940111,20HL39284591421094,48:87:2D:89:79:5D,-95
2026-08-20 23:21:03.075825,None,49:0C:7F:5D:10:7D,-91
2026-08-20 23:21:18.656275,None,4C:00:54:E3:4E:6F,-85
2026-08-20 23:21:19.068383,None,7B:52:D2:DF:7B:6A,-84
2026-08-20 23:21:19.112713,None,67:AF:B9:6A:CF:B3,-95
2026-08-20 23:21:24.337186,RIOT Plus501B6E,D8:BC:38:50:1B:6E,-96
2026-08-20 23:21:54.633860,MELK-OF21   5C,BE:28:03:00:20:5C,-95
2026-08-20 23:22:09.468457,None,61:C7:04:B8:78:99,-91
2026-08-20 23:22:45.958723,None,6F:65:11:16:DE:46,-88
2026-08-20 23:22:56.947919,None,7F:6E:D1:F6:AA:9C,-88
2026-08-20 23:23:45.122938,None,7F:A3:C3:BC:5C:F3,-100
2026-08-20 23:24:36.619041,None,E3:E9:0A:FF:67:A7,-85
2026-08-20 23:25:02.441637,None,FA:B2:01:1D:0C:A0,-72
2026-08-20 23:25:04.680725,None,5D:1E:0F:FF:22:13,-78
2026-08-20 23:25:04.766471,Platco PR1,B4:CB:B8:1B:D4:50,-79
2026-08-20 23:25:04.840114,None,C4:1E:A6:63:A9:B2,-81
2026-08-20 23:25:04.953811,None,F7:FD:05:6D:8C:88,-75
2026-08-20 23:25:05.999716,None,EF:AC:3B:E8:75:69,-91
2026-08-20 23:25:10.905161,None,D8:A1:FA:2E:73:C9,-92
2026-08-20 23:25:11.485554,None,E6:03:33:2A:E4:B0,-65
2026-08-20 23:25:12.752640,None,69:7C:60:43:3B:52,-68
2026-08-20 23:25:14.061675,None,D0:65:DA:B6:6E:E3,-71
2026-08-20 23:25:16.390596,None,64:A9:D3:8E:D1:9C,-68
2026-08-20 23:25:45.941674,None,7E:4B:9E:C8:0C:5B,-79
2026-08-20 23:25:46.071903,None,F1:DA:A3:1F:5C:C9,-94
2026-08-20 23:25:52.000606,None,6D:D8:81:7E:7A:AA,-76
2026-08-20 23:25:52.623186,None,63:34:E9:2E:51:C3,-75
2026-08-20 23:26:01.788996,None,4A:32:89:53:45:FD,-75
2026-08-20 23:26:12.711396,None,73:5C:59:B4:13:E2,-88
2026-08-20 23:26:31.658400,None,4D:40:0E:66:FF:1B,-94
2026-08-20 23:26:42.463629,None,D7:C4:84:6C:1C:86,-91
2026-08-20 23:27:27.638340,None,60:19:DB:1C:A1:AD,-92
2026-08-20 23:27:34.577670,None,F8:17:6A:CF:F7:E2,-88
2026-08-20 23:27:41.212857,None,7F:8E:76:11:ED:E9,-91
2026-08-20 23:28:14.393880,None,E7:DA:C2:97:CB:5C,-94
2026-08-20 23:28:35.831783,113685_9C139E7A644C,9C:13:9E:7A:64:4E,-68
2026-08-20 23:28:41.272876,ResMed 223238,E8:E0:7E:34:BB:D4,-92
2026-08-20 23:28:45.180384,Peak Pro 01502,F0:AD:4E:40:19:D5,-93
2026-08-20 23:28:58.547154,None,75:3A:22:85:5E:50,-78
2026-08-20 23:29:02.001245,None,C4:D8:74:8A:19:DA,-72
2026-08-20 23:29:06.305338,None,C6:29:44:ED:86:A7,-76
2026-08-20 23:29:09.631860,None,D5:DE:17:DF:23:10,-91
2026-08-20 23:29:15.933704,TOZO NC9,94:4B:F8:5F:14:DA,-79
2026-08-20 23:29:37.199013,None,66:73:41:4B:EF:EE,-71
2026-08-20 23:30:00.081004,None,E6:7C:D7:23:7F:61,-71
2026-08-20 23:30:00.428744,None,F8:F2:1E:95:CA:0D,-74
2026-08-20 23:30:01.585562,None,51:4B:7C:CC:B9:C6,-83
2026-08-20 23:30:01.610719,None,F9:22:53:1A:AB:E2,-71
2026-08-20 23:30:02.152664,None,D9:73:72:0D:02:DD,-74
2026-08-20 23:30:06.076089,None,6A:33:34:A2:63:3C,-86
2026-08-20 23:30:12.185725,None,EA:E1:EC:D6:11:DC,-90
2026-08-20 23:30:12.576768,None,EE:4C:10:19:24:B0,-94
2026-08-20 23:30:12.835645,None,E9:B7:CA:8E:3C:50,-89
2026-08-20 23:30:13.813257,None,CF:B9:2D:62:E7:B2,-69
2026-08-20 23:30:41.079787,20HL39284591421094,48:87:2D:89:79:5D,-95
2026-08-20 23:30:41.320626,Charge 4,F1:D1:F5:5E:21:37,-93
2026-08-20 23:30:49.032039,None,6F:CA:A7:CA:72:88,-94
2026-08-20 23:30:54.989997,None,75:CC:EC:53:C9:C4,-87
2026-08-20 23:31:03.369584,None,DE:E7:04:30:01:B5,-72
2026-08-20 23:31:31.394103,[LG] webOS TV LR600BZUC,DC:EC:4F:D3:8E:A7,-100
2026-08-20 23:31:32.755033,None,5E:5E:7D:13:70:CC,-83
2026-08-20 23:31:32.758238,None,4E:7C:5F:E6:80:E2,-74
2026-08-20 23:31:32.783464,None,DD:D9:32:AE:45:FE,-73
2026-08-20 23:31:37.656301,None,CD:27:9E:57:E3:74,-91
2026-08-20 23:31:38.474949,None,F3:E1:D0:04:BF:60,-90
2026-08-20 23:31:48.105922,RIOT Plus501B6E,D8:BC:38:50:1B:6E,-95
2026-08-20 23:31:55.027817,MELK-OF21   5C,BE:28:03:00:20:5C,-94
2026-08-20 23:31:55.357899,None,F2:86:DA:B7:09:E1,-91
2026-08-20 23:32:29.936759,None,76:09:5F:5A:AE:BB,-96
2026-08-20 23:32:36.827615,None,68:15:94:36:3F:2E,-95
2026-08-20 23:32:37.859692,None,62:50:E8:94:E2:6A,-90
2026-08-20 23:32:47.309019,None,6F:65:11:16:DE:46,-85
2026-08-20 23:32:57.406466,None,7F:6E:D1:F6:AA:9C,-90
2026-08-20 23:33:03.633589,None,4C:00:54:E3:4E:6F,-84
2026-08-20 23:33:08.952694,None,67:AF:B9:6A:CF:B3,-85
2026-08-20 23:33:16.514074,None,DA:CF:B5:DD:21:CE,-85
2026-08-20 23:33:19.672886,None,67:CF:88:A5:43:CC,-92
2026-08-20 23:33:31.586129,None,07:E4:83:34:04:1B,-100
2026-08-20 23:34:34.959281,None,7B:82:2B:ED:19:D7,-94
2026-08-20 23:34:36.486860,None,7B:82:2B:C6:DD:5E,-89
2026-08-20 23:34:40.501573,None,E3:E9:0A:FF:67:A7,-91
2026-08-20 23:35:09.642331,Platco PR1,B4:CB:B8:1B:D4:50,-80
2026-08-20 23:35:11.996900,None,C4:1E:A6:63:A9:B2,-77
2026-08-20 23:35:53.881897,None,63:34:E9:2E:51:C3,-84
2026-08-20 23:36:12.826487,None,73:5C:59:B4:13:E2,-85
2026-08-20 23:36:33.106641,None,4C:07:B3:C5:CD:37,-87
2026-08-20 23:37:44.006596,None,77:5E:02:10:63:DB,-84
2026-08-20 23:37:44.078458,None,53:BA:67:0A:B3:71,-96
2026-08-20 23:38:35.909308,113685_9C139E7A644C,9C:13:9E:7A:64:4E,-68
2026-08-20 23:38:41.463959,ResMed 223238,E8:E0:7E:34:BB:D4,-87
2026-08-20 23:38:41.680287,None,6D:D8:81:7E:7A:AA,-71
2026-08-20 23:38:46.271378,Peak Pro 01502,F0:AD:4E:40:19:D5,-90
2026-08-20 23:38:47.846650,None,C1:C9:C3:35:31:D8,-70
2026-08-20 23:39:16.014847,TOZO NC9,94:4B:F8:5F:14:DA,-89
2026-08-20 23:39:29.185444,None,41:52:BE:79:90:2A,-79
2026-08-20 23:39:33.188621,None,4A:32:89:53:45:FD,-73
2026-08-20 23:40:00.442483,None,E6:7C:D7:23:7F:61,-81
2026-08-20 23:40:01.165873,None,F8:F2:1E:95:CA:0D,-88
2026-08-20 23:40:05.207269,None,F9:22:53:1A:AB:E2,-83
2026-08-20 23:40:07.108679,None,D9:73:72:0D:02:DD,-79
2026-08-20 23:40:12.900913,None,EA:E1:EC:D6:11:DC,-92
2026-08-20 23:40:14.430927,None,E9:B7:CA:8E:3C:50,-74
2026-08-20 23:40:48.500448,20HL39284591421094,48:87:2D:89:79:5D,-92
2026-08-20 23:40:50.007254,Charge 4,F1:D1:F5:5E:21:37,-81
2026-08-20 23:41:04.148094,None,DE:E7:04:30:01:B5,-79
2026-08-20 23:41:32.769907,None,5E:5E:7D:13:70:CC,-79
2026-08-20 23:41:36.736866,None,4E:7C:5F:E6:80:E2,-84
2026-08-20 23:41:42.752836,None,DD:D9:32:AE:45:FE,-90
2026-08-20 23:41:56.637375,MELK-OF21   5C,BE:28:03:00:20:5C,-94
2026-08-20 23:41:58.276739,None,F3:E1:D0:04:BF:60,-91
2026-08-20 23:42:34.308356,None,F2:86:DA:B7:09:E1,-93
2026-08-20 23:42:34.976999,None,76:09:5F:5A:AE:BB,-93
2026-08-20 23:42:40.501147,None,62:50:E8:94:E2:6A,-93
2026-08-20 23:42:48.658729,None,EE:4C:10:19:24:B0,-93
2026-08-20 23:42:59.926328,None,7F:6E:D1:F6:AA:9C,-91
2026-08-20 23:43:21.037649,None,4A:B6:44:B4:23:AA,-98
2026-08-20 23:43:21.169943,None,67:CF:88:A5:43:CC,-96
2026-08-20 23:43:21.401809,None,DA:CF:B5:DD:21:CE,-87
2026-08-20 23:44:19.895738,RIOT Plus501B6E,D8:BC:38:50:1B:6E,-94
2026-08-20 23:44:41.769689,None,E3:E9:0A:FF:67:A7,-76
2026-08-20 23:45:00.140770,None,D9:61:67:DA:64:1E,-80
2026-08-20 23:45:00.183734,None,D4:8B:91:3A:A2:99,-84
2026-08-20 23:45:00.186777,None,C0:BF:C0:8B:2F:FE,-78
2026-08-20 23:45:00.774974,None,F4:C0:B1:65:66:BD,-72
2026-08-20 23:45:01.113396,None,C4:96:31:2B:42:F7,-74
2026-08-20 23:45:01.663978,None,C9:80:EF:75:9A:D6,-75
2026-08-20 23:45:07.119385,None,EC:03:32:4D:9E:B8,-92
2026-08-20 23:45:14.515884,Platco PR1,B4:CB:B8:1B:D4:50,-81
2026-08-20 23:45:14.802376,None,E5:1B:33:27:D8:5E,-78
2026-08-20 23:45:56.239060,None,63:34:E9:2E:51:C3,-85
2026-08-20 23:46:02.669361,None,49:26:9B:44:A6:AD,-78
2026-08-20 23:46:03.435381,None,7B:E1:E0:E6:73:B8,-76
2026-08-20 23:46:04.140264,None,75:CC:EC:53:C9:C4,-81
2026-08-20 23:46:06.104308,None,E7:09:62:28:A2:29,-79
2026-08-20 23:46:12.874831,None,73:5C:59:B4:13:E2,-83
2026-08-20 23:46:33.108537,None,4C:07:B3:C5:CD:37,-83
2026-08-20 23:46:41.032734,None,49:4D:68:FE:47:C1,-91
2026-08-20 23:46:42.513066,None,CD:1B:C3:9A:26:64,-91
2026-08-20 23:47:08.031430,None,59:99:22:77:8A:78,-98
2026-08-20 23:47:31.851354,None,42:E8:66:09:20:39,-95
2026-08-20 23:47:38.506492,None,6C:04:F3:39:07:10,-92
2026-08-20 23:48:04.525797,None,77:5E:02:10:63:DB,-84
2026-08-20 23:48:04.649414,None,6F:6F:F8:36:C3:E7,-85
2026-08-20 23:48:09.867273,None,53:BA:67:0A:B3:71,-94
2026-08-20 23:48:18.934923,None,73:32:C1:EE:CB:7D,-89
2026-08-20 23:48:24.851066,None,C2:29:7C:24:AA:D2,-82
2026-08-20 23:48:32.977845,None,C8:B8:A6:F0:57:A8,-97
2026-08-20 23:48:37.584014,113685_9C139E7A644C,9C:13:9E:7A:64:4E,-68
2026-08-20 23:48:41.536401,ResMed 223238,E8:E0:7E:34:BB:D4,-87
2026-08-20 23:48:46.948431,Peak Pro 01502,F0:AD:4E:40:19:D5,-90
2026-08-20 23:48:53.562899,None,C1:C9:C3:35:31:D8,-71
2026-08-20 23:49:16.077334,TOZO NC9,94:4B:F8:5F:14:DA,-83
2026-08-20 23:49:22.895350,None,71:40:87:A1:3B:64,-93
2026-08-20 23:49:29.660375,None,41:52:BE:79:90:2A,-81
2026-08-20 23:49:33.823789,None,51:86:FB:E0:C6:98,-72
2026-08-20 23:49:47.984458,None,58:BC:FB:54:9B:BA,-87
2026-08-20 23:50:30.320562,None,49:50:8B:CE:27:67,-83
2026-08-20 23:50:48.923048,20HL39284591421094,48:87:2D:89:79:5D,-91
2026-08-20 23:51:02.803769,Charge 4,F1:D1:F5:5E:21:37,-82
2026-08-20 23:51:26.487053,None,60:F7:5F:E7:FB:04,-81
2026-08-20 23:51:33.464737,None,5E:5E:7D:13:70:CC,-83
2026-08-20 23:51:41.439861,None,E0:31:94:60:CD:6D,-91
2026-08-20 23:51:41.662743,None,4E:7C:5F:E6:80:E2,-83
2026-08-20 23:51:56.658629,MELK-OF21   5C,BE:28:03:00:20:5C,-95
2026-08-20 23:52:09.768743,None,1B:B2:69:A8:C4:E2,-97
2026-08-20 23:52:16.441484,None,4B:59:3B:BB:34:6B,-95
2026-08-20 23:52:38.225803,None,67:55:6C:33:CB:90,-85
2026-08-20 23:52:38.252816,None,72:1D:96:68:5C:EC,-75
2026-08-20 23:53:06.414397,None,57:1E:CD:70:73:B9,-85
2026-08-20 23:53:06.927072,None,59:22:68:2E:CE:75,-91
2026-08-20 23:54:46.927926,None,E3:E9:0A:FF:67:A7,-74
2026-08-20 23:54:54.777861,RIOT Plus501B6E,D8:BC:38:50:1B:6E,-96
2026-08-20 23:55:01.027150,None,D9:61:67:DA:64:1E,-81
2026-08-20 23:55:05.473977,None,C9:80:EF:75:9A:D6,-77
2026-08-20 23:55:07.777725,None,F4:C0:B1:65:66:BD,-81
2026-08-20 23:55:07.997125,None,EC:03:32:4D:9E:B8,-94
2026-08-20 23:55:08.124895,None,C4:96:31:2B:42:F7,-91
2026-08-20 23:55:19.382822,Platco PR1,B4:CB:B8:1B:D4:50,-93
2026-08-20 23:56:11.588357,None,E7:09:62:28:A2:29,-74
2026-08-20 23:56:36.324927,None,4C:07:B3:C5:CD:37,-87
2026-08-20 23:56:43.474001,None,49:4D:68:FE:47:C1,-90
2026-08-20 23:56:58.243401,None,CD:1B:C3:9A:26:64,-89
2026-08-20 23:57:11.624830,None,70:35:1F:14:6E:4E,-89
2026-08-20 23:57:34.505329,None,42:E8:66:09:20:39,-93
2026-08-20 23:57:39.915062,None,6C:04:F3:39:07:10,-92
2026-08-20 23:58:31.909626,None,C2:29:7C:24:AA:D2,-80
2026-08-20 23:58:32.777581,None,F6:D7:F5:25:DE:79,-81
2026-08-20 23:58:37.691684,113685_9C139E7A644C,9C:13:9E:7A:64:4E,-69
2026-08-20 23:58:40.147091,None,2A:B6:FA:4D:DD:40,-95
2026-08-20 23:58:43.059810,ResMed 223238,E8:E0:7E:34:BB:D4,-86
2026-08-20 23:58:47.527448,Peak Pro 01502,F0:AD:4E:40:19:D5,-84
2026-08-20 23:59:18.299234,TOZO NC9,94:4B:F8:5F:14:DA,-89
2026-08-20 23:59:34.208616,None,51:86:FB:E0:C6:98,-79
2026-08-21 00:00:00.529942,None,E9:86:43:7B:AA:74,-77
2026-08-21 00:00:00.632716,None,E2:CC:45:88:44:EA,-89
2026-08-21 00:00:00.990830,None,74:CC:00:03:12:95,-87
2026-08-21 00:00:02.056404,None,FE:B9:28:4C:3C:E2,-72
2026-08-21 00:00:02.140487,None,C3:17:FF:53:64:02,-80
2026-08-21 00:00:04.098678,None,E4:49:64:7F:DE:2A,-79
2026-08-21 00:00:25.166110,None,DB:3E:84:C9:FD:0F,-97
2026-08-21 00:00:28.888926,None,E3:62:C8:5F:4E:3A,-87
2026-08-21 00:00:30.576393,None,49:50:8B:CE:27:67,-84
2026-08-21 00:00:39.145895,None,58:BC:FB:54:9B:BA,-73
2026-08-21 00:00:50.376420,20HL39284591421094,48:87:2D:89:79:5D,-91
2026-08-21 00:01:03.912992,Charge 4,F1:D1:F5:5E:21:37,-81
2026-08-21 00:01:26.549140,None,60:F7:5F:E7:FB:04,-77
2026-08-21 00:01:54.226300,None,59:99:22:77:8A:78,-95
2026-08-21 00:01:56.959648,MELK-OF21   5C,BE:28:03:00:20:5C,-96
2026-08-21 00:02:04.422468,None,C1:51:61:B8:EC:B6,-90
2026-08-21 00:02:16.825716,None,4B:59:3B:BB:34:6B,-97
2026-08-21 00:02:28.542568,None,48:36:80:43:D0:F5,-97
2026-08-21 00:02:37.552586,None,43:6A:F9:EF:B3:69,-91
2026-08-21 00:02:38.438063,None,67:55:6C:33:CB:90,-84
2026-08-21 00:02:39.117737,None,D2:CD:4D:89:8E:EA,-95
2026-08-21 00:02:39.258431,None,72:1D:96:68:5C:EC,-91
2026-08-21 00:02:45.614896,None,5E:5F:64:C4:61:19,-92
2026-08-21 00:04:50.518309,None,E3:E9:0A:FF:67:A7,-74
2026-08-21 00:04:57.059744,None,7D:28:27:4B:85:D1,-91
2026-08-21 00:05:06.858552,RIOT Plus501B6E,D8:BC:38:50:1B:6E,-96
2026-08-21 00:05:24.726116,Platco PR1,B4:CB:B8:1B:D4:50,-81
2026-08-21 00:06:01.869823,None,75:9E:A0:D2:62:A1,-87
2026-08-21 00:06:10.027488,None,7E:E3:81:A3:D5:17,-76
2026-08-21 00:06:48.606381,None,49:4D:68:FE:47:C1,-93
2026-08-21 00:07:12.740461,None,70:35:1F:14:6E:4E,-94
2026-08-21 00:07:31.798813,None,44:80:4D:55:F7:CB,-74
2026-08-21 00:07:41.321446,None,57:1E:CD:70:73:B9,-93
2026-08-21 00:07:41.485315,None,72:94:08:25:02:A9,-93
2026-08-21 00:07:46.846730,None,59:22:68:2E:CE:75,-85
2026-08-21 00:07:48.616271,None,DC:89:DE:16:64:13,-80
2026-08-21 00:07:53.504894,None,59:D9:9A:E9:28:33,-94
2026-08-21 00:08:34.372122,None,F6:D7:F5:25:DE:79,-81
2026-08-21 00:08:37.723760,113685_9C139E7A644C,9C:13:9E:7A:64:4E,-69
2026-08-21 00:08:43.582092,ResMed 223238,E8:E0:7E:34:BB:D4,-87
2026-08-21 00:08:49.358539,Peak Pro 01502,F0:AD:4E:40:19:D5,-85
2026-08-21 00:09:16.577554,None,FA:BD:BD:12:DE:4A,-87
2026-08-21 00:09:18.756495,TOZO NC9,94:4B:F8:5F:14:DA,-87
2026-08-21 00:09:20.061467,None,2A:B6:FA:4D:DD:40,-95
2026-08-21 00:09:37.987737,None,61:3F:BB:0E:04:73,-79
2026-08-21 00:10:00.705368,None,E9:86:43:7B:AA:74,-85
2026-08-21 00:10:01.093179,None,E2:CC:45:88:44:EA,-93
2026-08-21 00:10:01.392659,None,74:CC:00:03:12:95,-86
2026-08-21 00:10:03.141156,None,FE:B9:28:4C:3C:E2,-77
2026-08-21 00:10:05.627885,None,C3:17:FF:53:64:02,-73
2026-08-21 00:10:06.920252,None,E4:49:64:7F:DE:2A,-79
2026-08-21 00:10:29.379528,None,E3:62:C8:5F:4E:3A,-85
2026-08-21 00:10:30.842520,None,49:50:8B:CE:27:67,-82
2026-08-21 00:10:41.901521,None,01:2F:52:DA:1B:63,-94
2026-08-21 00:10:42.956541,None,76:99:81:7E:3B:97,-94
2026-08-21 00:10:52.128092,20HL39284591421094,48:87:2D:89:79:5D,-97
2026-08-21 00:11:04.890970,Charge 4,F1:D1:F5:5E:21:37,-82
2026-08-21 00:11:48.129743,None,DB:3E:84:C9:FD:0F,-94
2026-08-21 00:11:58.362681,MELK-OF21   5C,BE:28:03:00:20:5C,-93
2026-08-21 00:12:22.339986,None,C1:51:61:B8:EC:B6,-92
2026-08-21 00:12:29.911766,None,48:36:80:43:D0:F5,-93
2026-08-21 00:12:41.173567,None,67:55:6C:33:CB:90,-81
2026-08-21 00:12:42.208139,None,43:6A:F9:EF:B3:69,-92
2026-08-21 00:12:43.675228,None,72:1D:96:68:5C:EC,-81
2026-08-21 00:12:55.934271,None,23:93:D7:D5:03:27,-79
2026-08-21 00:13:20.604334,None,64:89:D5:2C:BC:A7,-89
2026-08-21 00:13:55.733265,None,63:ED:D8:47:B1:4A,-92
2026-08-21 00:14:51.740390,None,E3:E9:0A:FF:67:A7,-85
2026-08-21 00:14:56.459815,None,44:F2:D2:E2:B8:23,-81
2026-08-21 00:14:56.719643,None,77:AC:16:AA:02:1B,-84
2026-08-21 00:14:57.307597,None,7D:28:27:4B:85:D1,-81
2026-08-21 00:15:03.454841,None,FB:37:A3:E0:79:14,-82
2026-08-21 00:15:04.580586,None,FF:3A:F6:0B:94:3C,-94
2026-08-21 00:15:04.612751,None,E0:13:C5:CA:42:99,-79
2026-08-21 00:15:06.102975,None,F6:DF:F5:46:27:78,-83
2026-08-21 00:15:09.573417,None,1B:5A:F8:B1:BC:07,-96
2026-08-21 00:15:10.792138,None,CF:6C:E5:35:E1:A1,-78
2026-08-21 00:15:19.051606,RIOT Plus501B6E,D8:BC:38:50:1B:6E,-96
2026-08-21 00:15:29.558910,Platco PR1,B4:CB:B8:1B:D4:50,-82
2026-08-21 00:15:45.248719,None,E8:79:E8:15:04:7F,-76
2026-08-21 00:15:51.216474,None,E6:09:60:50:B9:D3,-82
2026-08-21 00:16:01.975206,None,75:9E:A0:D2:62:A1,-71
2026-08-21 00:16:11.770723,None,7E:E3:81:A3:D5:17,-70
2026-08-21 00:16:11.882774,[LG] webOS TV LR600BZUC,DC:EC:4F:D3:8E:A7,-97
2026-08-21 00:16:12.821415,None,6B:D5:D1:2C:A6:86,-88
2026-08-21 00:16:34.768536,None,E6:5A:16:20:CC:03,-77
2026-08-21 00:17:12.351449,None,E5:F3:2D:34:7B:1F,-95
2026-08-21 00:17:29.164830,None,47:66:4A:D7:8D:10,-94
2026-08-21 00:17:31.969636,None,44:80:4D:55:F7:CB,-74
2026-08-21 00:17:38.149015,None,7E:5C:37:15:A3:38,-92
2026-08-21 00:17:53.797986,None,59:D9:9A:E9:28:33,-94
2026-08-21 00:18:05.594909,None,6F:FD:DE:63:85:86,-94
2026-08-21 00:18:08.371783,None,67:0D:39:39:8B:95,-84
2026-08-21 00:18:08.448464,None,7E:EB:75:E2:AC:A1,-91
2026-08-21 00:18:21.783247,None,F0:20:EE:CF:68:C7,-71
2026-08-21 00:18:39.471849,113685_9C139E7A644C,9C:13:9E:7A:64:4E,-68
2026-08-21 00:18:43.971305,ResMed 223238,E8:E0:7E:34:BB:D4,-89
2026-08-21 00:18:49.536686,Peak Pro 01502,F0:AD:4E:40:19:D5,-92
2026-08-21 00:19:19.398353,TOZO NC9,94:4B:F8:5F:14:DA,-90
2026-08-21 00:20:00.031035,None,5E:5F:64:C4:61:19,-95
2026-08-21 00:20:03.923461,None,74:CC:00:03:12:95,-84
2026-08-21 00:20:32.271947,None,50:E0:33:7B:43:1D,-79
2026-08-21 00:20:33.878392,None,47:C3:35:10:E4:2C,-92
2026-08-21 00:20:50.670598,None,41:2A:62:8C:D0:BD,-84
2026-08-21 00:20:53.568886,20HL39284591421094,48:87:2D:89:79:5D,-91
2026-08-21 00:21:08.604175,Charge 4,F1:D1:F5:5E:21:37,-82
2026-08-21 00:21:36.413828,None,43:55:C4:34:12:31,-92
2026-08-21 00:21:58.552467,MELK-OF21   5C,BE:28:03:00:20:5C,-93
2026-08-21 00:22:17.830714,None,66:D7:5F:F9:13:A9,-74
2026-08-21 00:22:34.437980,None,6A:60:96:28:19:9E,-96
2026-08-21 00:23:20.960151,None,64:89:D5:2C:BC:A7,-89
2026-08-21 00:24:04.756407,None,63:ED:D8:47:B1:4A,-92
2026-08-21 00:24:54.301228,None,E3:E9:0A:FF:67:A7,-83
2026-08-21 00:24:56.670886,None,44:F2:D2:E2:B8:23,-85
2026-08-21 00:24:57.029844,None,77:AC:16:AA:02:1B,-86
2026-08-21 00:25:04.482089,None,FB:37:A3:E0:79:14,-81
2026-08-21 00:25:06.845220,None,F6:DF:F5:46:27:78,-96
2026-08-21 00:25:08.412399,None,E0:13:C5:CA:42:99,-74
2026-08-21 00:25:10.198954,None,1B:5A:F8:B1:BC:07,-96
2026-08-21 00:25:16.351608,None,CF:6C:E5:35:E1:A1,-74
2026-08-21 00:25:39.458482,Platco PR1,B4:CB:B8:1B:D4:50,-88
2026-08-21 00:25:41.839074,RIOT Plus501B6E,D8:BC:38:50:1B:6E,-95
2026-08-21 00:25:52.872515,None,E6:09:60:50:B9:D3,-83
2026-08-21 00:25:53.769299,None,46:0B:DC:FA:D9:95,-82
2026-08-21 00:25:56.352003,None,5F:32:62:73:38:E1,-64
2026-08-21 00:25:57.075460,None,E8:79:E8:15:04:7F,-83
2026-08-21 00:25:57.341775,None,70:93:F4:A6:36:0B,-94
2026-08-21 00:25:57.403400,None,48:88:D9:51:06:F1,-93
2026-08-21 00:26:02.953183,None,4D:3C:08:36:BE:C9,-93
2026-08-21 00:26:07.111547,None,FF:3A:F6:0B:94:3C,-98
2026-08-21 00:26:07.498313,None,F8:4E:58:0B:C3:AF,-100
2026-08-21 00:26:13.216797,None,6B:D5:D1:2C:A6:86,-83
2026-08-21 00:26:38.725685,None,E6:5A:16:20:CC:03,-79
2026-08-21 00:26:41.309802,None,4D:71:0C:18:40:AE,-93
2026-08-21 00:26:45.798859,None,E7:54:90:02:EE:D2,-93
2026-08-21 00:26:47.002179,None,C8:73:1B:45:D2:76,-96
2026-08-21 00:27:21.998393,None,E5:F3:2D:34:7B:1F,-92
2026-08-21 00:27:30.705554,None,47:66:4A:D7:8D:10,-94
2026-08-21 00:27:38.591683,None,7E:5C:37:15:A3:38,-93
2026-08-21 00:28:06.696960,Platco PR1,E4:A6:34:CF:38:ED,-98
2026-08-21 00:28:11.658264,None,29:56:CD:B6:5D:07,-96
2026-08-21 00:28:24.394526,None,C3:A0:E4:74:99:65,-92
2026-08-21 00:28:25.280897,None,F0:20:EE:CF:68:C7,-70
2026-08-21 00:28:34.461340,None,66:E6:E8:A1:6C:D6,-94
2026-08-21 00:28:40.118714,113685_9C139E7A644C,9C:13:9E:7A:64:4E,-63
2026-08-21 00:28:44.848617,ResMed 223238,E8:E0:7E:34:BB:D4,-94
2026-08-21 00:28:52.289901,Peak Pro 01502,F0:AD:4E:40:19:D5,-93
2026-08-21 00:29:16.029245,[LG] webOS TV LR600BZUC,DC:EC:4F:D3:8E:A7,-98
2026-08-21 00:29:20.174832,TOZO NC9,94:4B:F8:5F:14:DA,-90
2026-08-21 00:29:42.246406,None,C2:D8:62:AC:CC:0C,-90
2026-08-21 00:30:00.061157,None,D2:B2:BD:57:93:9B,-94
2026-08-21 00:30:02.516843,None,47:CA:C4:D3:D5:3F,-90
2026-08-21 00:30:02.635954,None,E8:7B:9E:32:AD:E8,-79
2026-08-21 00:30:02.817400,None,D5:FB:2A:42:44:10,-66
2026-08-21 00:30:04.144052,None,C7:E6:47:96:24:E7,-87
2026-08-21 00:30:05.671699,None,C8:C4:CA:8C:CA:15,-83
2026-08-21 00:30:11.066094,None,CC:1D:7F:29:99:74,-72
2026-08-21 00:30:32.521422,None,EC:9A:FC:DF:90:64,-97
2026-08-21 00:30:52.220781,None,41:2A:62:8C:D0:BD,-84
2026-08-21 00:30:53.869779,20HL39284591421094,48:87:2D:89:79:5D,-91
2026-08-21 00:31:06.809058,None,CE:59:12:51:14:82,-79
2026-08-21 00:31:14.917458,Charge 4,F1:D1:F5:5E:21:37,-82
2026-08-21 00:31:26.863790,None,7D:53:C5:EA:C1:09,-76
2026-08-21 00:31:36.610700,None,43:55:C4:34:12:31,-97
2026-08-21 00:31:58.686283,MELK-OF21   5C,BE:28:03:00:20:5C,-95
2026-08-21 00:32:05.544448,None,46:F4:A9:7D:46:10,-99
2026-08-21 00:32:16.853493,None,C6:C4:C8:F5:0A:05,-91
2026-08-21 00:32:18.085801,None,66:D7:5F:F9:13:A9,-75
2026-08-21 00:32:25.159826,None,E5:FD:1C:C2:56:70,-87
2026-08-21 00:32:26.404813,None,D8:D6:BC:9C:B8:F3,-92
2026-08-21 00:32:27.382962,None,44:7A:D6:C1:1B:22,-93
2026-08-21 00:32:32.488838,None,D6:3C:D9:15:29:22,-96
2026-08-21 00:32:38.958178,None,79:62:AD:01:B1:42,-92
2026-08-21 00:33:21.843759,None,64:89:D5:2C:BC:A7,-91
2026-08-21 00:34:19.076207,None,44:F6:F6:A0:A0:9C,-89
2026-08-21 00:34:54.534585,None,E3:E9:0A:FF:67:A7,-83
2026-08-21 00:34:58.111529,None,77:AC:16:AA:02:1B,-88
2026-08-21 00:35:05.582608,None,44:F2:D2:E2:B8:23,-88
2026-08-21 00:35:16.278393,None,5B:E7:40:92:03:E6,-79
2026-08-21 00:35:19.285547,None,51:19:2C:30:C7:84,-86
2026-08-21 00:35:35.260454,None,2D:47:D7:79:C8:90,-95
2026-08-21 00:35:40.058711,None,48:10:EC:40:F9:3E,-74
2026-08-21 00:35:44.299871,Platco PR1,B4:CB:B8:1B:D4:50,-87
2026-08-21 00:35:47.701673,RIOT Plus501B6E,D8:BC:38:50:1B:6E,-94
2026-08-21 00:35:54.141386,None,46:0B:DC:FA:D9:95,-85
2026-08-21 00:35:56.517774,None,5F:32:62:73:38:E1,-65
2026-08-21 00:36:15.237365,None,6B:D5:D1:2C:A6:86,-83
2026-08-21 00:36:20.012468,None,62:16:01:2B:F2:01,-81
2026-08-21 00:37:43.523284,None,4D:71:0C:18:40:AE,-78
2026-08-21 00:38:02.244339,None,DF:43:3B:AC:D1:1C,-90
2026-08-21 00:38:02.777842,None,50:E0:33:7B:43:1D,-91
2026-08-21 00:38:02.784174,None,FC:B0:83:8B:91:BC,-71
2026-08-21 00:38:08.884520,None,48:88:D9:51:06:F1,-84
2026-08-21 00:38:09.010231,None,70:93:F4:A6:36:0B,-95
2026-08-21 00:38:11.858635,None,4D:3C:08:36:BE:C9,-91
2026-08-21 00:38:38.555666,None,66:E6:E8:A1:6C:D6,-98
2026-08-21 00:38:40.143827,113685_9C139E7A644C,9C:13:9E:7A:64:4E,-66
2026-08-21 00:38:44.917124,ResMed 223238,E8:E0:7E:34:BB:D4,-89
2026-08-21 00:38:52.903781,Peak Pro 01502,F0:AD:4E:40:19:D5,-94
2026-08-21 00:39:20.329092,TOZO NC9,94:4B:F8:5F:14:DA,-90
2026-08-21 00:39:58.143607,None,DD:B1:12:3A:64:E1,-94
2026-08-21 00:40:03.583313,None,D5:FB:2A:42:44:10,-76
2026-08-21 00:40:08.776401,None,D2:B2:BD:57:93:9B,-93
2026-08-21 00:40:08.836870,None,47:CA:C4:D3:D5:3F,-86
2026-08-21 00:40:08.933525,None,E8:7B:9E:32:AD:E8,-69
2026-08-21 00:40:09.098462,None,C7:E6:47:96:24:E7,-81
2026-08-21 00:40:11.362376,None,C8:C4:CA:8C:CA:15,-76
2026-08-21 00:40:16.587524,None,CC:1D:7F:29:99:74,-79
2026-08-21 00:40:31.661836,[LG] webOS TV LR600BZUC,DC:EC:4F:D3:8E:A7,-96
2026-08-21 00:40:38.037174,None,EC:9A:FC:DF:90:64,-92
2026-08-21 00:40:52.661112,None,41:2A:62:8C:D0:BD,-91
2026-08-21 00:40:56.885266,20HL39284591421094,48:87:2D:89:79:5D,-91
2026-08-21 00:41:08.815204,None,CE:59:12:51:14:82,-93
2026-08-21 00:41:15.884410,Charge 4,F1:D1:F5:5E:21:37,-82
2026-08-21 00:41:28.468862,None,7D:53:C5:EA:C1:09,-66
2026-08-21 00:42:00.226529,MELK-OF21   5C,BE:28:03:00:20:5C,-93
2026-08-21 00:42:15.187793,None,5D:A9:90:1E:B5:75,-85
2026-08-21 00:42:15.244256,None,69:D8:E3:B9:EC:1B,-95
2026-08-21 00:42:15.268835,None,F2:49:04:20:94:BA,-84
2026-08-21 00:42:15.544959,None,52:A5:84:DC:19:54,-93
2026-08-21 00:42:16.882081,None,C6:C4:C8:F5:0A:05,-72
2026-08-21 00:42:25.250812,None,E5:FD:1C:C2:56:70,-93
2026-08-21 00:42:29.465223,None,44:7A:D6:C1:1B:22,-93
2026-08-21 00:42:31.988122,None,D8:D6:BC:9C:B8:F3,-93
2026-08-21 00:42:36.304260,None,D6:3C:D9:15:29:22,-87
2026-08-21 00:42:43.001846,None,79:62:AD:01:B1:42,-91
2026-08-21 00:43:21.241429,None,46:F4:A9:7D:46:10,-98
2026-08-21 00:43:22.587978,None,4E:08:F2:6A:53:DE,-96
2026-08-21 00:43:24.874968,None,76:45:5E:C7:A1:F5,-73
2026-08-21 00:43:26.609062,None,46:40:2B:36:35:78,-68
2026-08-21 00:43:31.859941,None,5E:EC:4E:CC:88:09,-90
2026-08-21 00:43:53.306819,None,34:E9:46:CF:C6:BA,-96
2026-08-21 00:44:01.351879,None,48:B2:6F:1E:B8:5C,-84
2026-08-21 00:44:07.012918,None,5B:96:76:D4:8C:D3,-72
2026-08-21 00:44:21.176987,None,44:F6:F6:A0:A0:9C,-89
2026-08-21 00:44:52.501754,None,69:6F:D5:48:13:BF,-94
2026-08-21 00:44:57.720006,None,E3:E9:0A:FF:67:A7,-73
2026-08-21 00:45:00.062044,None,F2:33:58:94:76:A2,-85
2026-08-21 00:45:00.133553,None,EC:0A:B4:93:3C:D5,-90
2026-08-21 00:45:00.137087,None,DF:45:59:6C:CF:20,-92
2026-08-21 00:45:01.019707,None,C8:4E:B1:7A:25:1E,-64
2026-08-21 00:45:03.679047,None,DC:A0:1E:68:6E:F8,-96
2026-08-21 00:45:03.848131,None,D2:B0:84:2B:E3:E1,-71
2026-08-21 00:45:06.170309,None,F5:F0:59:F9:1B:8B,-98
2026-08-21 00:45:14.130743,None,F9:74:23:4F:FB:E2,-92
2026-08-21 00:45:17.979254,None,5B:E7:40:92:03:E6,-87
2026-08-21 00:45:20.057976,None,51:19:2C:30:C7:84,-80
2026-08-21 00:45:40.128713,None,48:10:EC:40:F9:3E,-72
2026-08-21 00:45:47.345954,None,F9:C6:8C:2F:2F:F4,-77
2026-08-21 00:45:47.729103,RIOT Plus501B6E,D8:BC:38:50:1B:6E,-93
2026-08-21 00:45:49.628160,Platco PR1,B4:CB:B8:1B:D4:50,-83
2026-08-21 00:46:20.915022,None,62:16:01:2B:F2:01,-84
2026-08-21 00:47:19.164927,None,56:E6:97:B2:CD:2B,-91
2026-08-21 00:47:26.246262,None,6A:32:15:98:64:1A,-93
2026-08-21 00:47:39.134990,None,68:70:DE:82:51:C6,-92
2026-08-21 00:47:40.288838,None,EA:5C:F7:EB:50:C6,-91
2026-08-21 00:48:08.407311,None,FC:B0:83:8B:91:BC,-71
2026-08-21 00:48:41.592961,113685_9C139E7A644C,9C:13:9E:7A:64:4E,-63
2026-08-21 00:48:41.958660,None,7E:1B:6D:18:83:EE,-84
2026-08-21 00:48:44.999470,ResMed 223238,E8:E0:7E:34:BB:D4,-92
2026-08-21 00:48:50.041362,None,F7:C6:08:C4:7F:1E,-83
2026-08-21 00:48:53.085333,Peak Pro 01502,F0:AD:4E:40:19:D5,-90
2026-08-21 00:49:11.420146,None,EA:A0:91:94:13:86,-75
2026-08-21 00:49:20.492463,TOZO NC9,94:4B:F8:5F:14:DA,-83
2026-08-21 00:50:09.955003,None,C1:29:EC:C5:BC:D7,-97
2026-08-21 00:50:56.220632,None,4E:5C:45:E2:64:D0,-70
2026-08-21 00:50:56.972758,20HL39284591421094,48:87:2D:89:79:5D,-93
2026-08-21 00:51:17.025750,Charge 4,F1:D1:F5:5E:21:37,-87
2026-08-21 00:52:00.983041,MELK-OF21   5C,BE:28:03:00:20:5C,-94
2026-08-21 00:52:19.813159,None,63:EE:AE:E7:AF:9D,-73
2026-08-21 00:52:22.406666,None,24:B5:47:8F:7B:1A,-98
2026-08-21 00:52:48.287221,None,D2:B2:BD:57:93:9B,-84
2026-08-21 00:53:24.878090,None,76:45:5E:C7:A1:F5,-75
2026-08-21 00:53:30.521629,None,46:40:2B:36:35:78,-77
2026-08-21 00:53:32.245451,None,5E:EC:4E:CC:88:09,-88
2026-08-21 00:53:38.016805,None,4E:08:F2:6A:53:DE,-90
2026-08-21 00:54:01.503353,None,48:B2:6F:1E:B8:5C,-92
2026-08-21 00:54:21.868645,None,44:F6:F6:A0:A0:9C,-92
2026-08-21 00:54:58.083104,None,6A:5C:76:9E:3A:64,-96
2026-08-21 00:54:58.543519,None,E3:E9:0A:FF:67:A7,-84
2026-08-21 00:55:02.412620,None,DF:45:59:6C:CF:20,-78
2026-08-21 00:55:03.013385,None,EC:0A:B4:93:3C:D5,-82
2026-08-21 00:55:06.147462,None,C8:4E:B1:7A:25:1E,-78
2026-08-21 00:55:06.206124,None,D2:B0:84:2B:E3:E1,-70
2026-08-21 00:55:09.542354,None,DC:A0:1E:68:6E:F8,-88
2026-08-21 00:55:09.740734,None,50:72:1D:BB:91:53,-97
2026-08-21 00:55:15.963658,None,F9:74:23:4F:FB:E2,-95
2026-08-21 00:55:18.476978,None,5B:E7:40:92:03:E6,-77
2026-08-21 00:55:20.142718,None,51:19:2C:30:C7:84,-76
2026-08-21 00:55:48.791322,None,F9:C6:8C:2F:2F:F4,-71
2026-08-21 00:55:52.882229,RIOT Plus501B6E,D8:BC:38:50:1B:6E,-97
2026-08-21 00:55:59.485664,Platco PR1,B4:CB:B8:1B:D4:50,-83
2026-08-21 00:56:05.314850,None,5B:0F:F0:93:D1:F4,-97
2026-08-21 00:56:05.318395,None,6D:C6:14:31:B0:BB,-78
2026-08-21 00:56:09.342990,None,6A:CE:4A:0E:D8:07,-75
2026-08-21 00:56:21.014068,None,62:16:01:2B:F2:01,-84
2026-08-21 00:56:21.550220,None,F5:F0:59:F9:1B:8B,-94
2026-08-21 00:56:26.551369,None,54:8E:7A:CB:ED:7C,-84
2026-08-21 00:56:59.034642,None,F2:33:58:94:76:A2,-80
2026-08-21 00:57:23.317136,None,56:E6:97:B2:CD:2B,-94
2026-08-21 00:57:29.446773,None,6A:32:15:98:64:1A,-96
2026-08-21 00:57:39.213756,None,68:70:DE:82:51:C6,-92
2026-08-21 00:57:47.797553,None,F9:B1:A9:C8:90:DF,-69
2026-08-21 00:57:51.585443,None,EA:5C:F7:EB:50:C6,-91
2026-08-21 00:58:06.453140,None,50:FB:CA:E3:A5:19,-98
2026-08-21 00:58:29.548973,None,52:A5:84:DC:19:54,-96
2026-08-21 00:58:29.638516,None,5D:A9:90:1E:B5:75,-93
2026-08-21 00:58:35.513090,None,69:D8:E3:B9:EC:1B,-84
2026-08-21 00:58:41.656184,113685_9C139E7A644C,9C:13:9E:7A:64:4E,-64
2026-08-21 00:58:42.033876,None,7E:1B:6D:18:83:EE,-84
2026-08-21 00:58:47.277812,ResMed 223238,E8:E0:7E:34:BB:D4,-92
2026-08-21 00:58:51.632634,None,F7:C6:08:C4:7F:1E,-82
2026-08-21 00:58:55.599479,Peak Pro 01502,F0:AD:4E:40:19:D5,-93
2026-08-21 00:59:12.932553,None,EA:A0:91:94:13:86,-78
2026-08-21 00:59:22.353472,TOZO NC9,94:4B:F8:5F:14:DA,-88
2026-08-21 00:59:52.986387,None,C0:34:7D:D8:7B:9B,-96
2026-08-21 01:00:00.195449,None,DE:39:20:7A:10:9B,-81
2026-08-21 01:00:00.540848,None,F9:1B:04:7E:19:AE,-87
2026-08-21 01:00:00.623303,None,CE:15:82:B0:23:D6,-80
2026-08-21 01:00:01.008189,None,EC:8B:43:6C:49:A9,-67
2026-08-21 01:00:01.420073,None,C8:FE:40:5A:92:97,-87
2026-08-21 01:00:02.157919,None,C5:CA:AB:B2:32:DC,-87
2026-08-21 01:00:04.421175,None,D4:54:FA:32:6B:B1,-84
2026-08-21 01:00:06.838473,None,2F:1D:07:EF:5C:9E,-97
2026-08-21 01:00:07.151453,None,50:CA:1D:13:12:A7,-89
2026-08-21 01:00:25.606591,None,70:8E:20:05:D5:2B,-79
2026-08-21 01:00:50.035942,None,F5:A6:00:7E:3D:56,-95
2026-08-21 01:00:56.439657,None,4E:5C:45:E2:64:D0,-74
2026-08-21 01:00:57.138342,20HL39284591421094,48:87:2D:89:79:5D,-93
2026-08-21 01:01:02.455710,None,EE:2C:01:B9:28:EF,-72
2026-08-21 01:01:18.343926,None,C2:0F:76:56:FE:76,-89
2026-08-21 01:01:19.460202,Charge 4,F1:D1:F5:5E:21:37,-92
2026-08-21 01:01:44.613590,None,7D:4A:2F:24:94:FC,-92
2026-08-21 01:01:44.992015,None,5B:96:76:D4:8C:D3,-75
2026-08-21 01:01:57.880440,None,64:85:FE:87:D8:9A,-84
2026-08-21 01:01:57.900914,None,4C:27:74:CE:34:4C,-95
2026-08-21 01:02:00.797365,None,59:5B:9A:A2:4C:BD,-92
2026-08-21 01:02:01.176398,MELK-OF21   5C,BE:28:03:00:20:5C,-94
2026-08-21 01:02:28.999339,None,71:B9:D9:50:00:D1,-92
2026-08-21 01:02:41.666685,None,4B:6F:A1:27:3A:A0,-95
2026-08-21 01:02:50.293485,None,F0:81:26:66:0E:7A,-94
2026-08-21 01:03:02.110783,None,F5:C3:6D:4D:45:1E,-78
2026-08-21 01:03:24.546901,None,71:BB:27:DE:FF:D6,-95
2026-08-21 01:03:24.674801,None,EF:19:DB:59:AF:2C,-92
2026-08-21 01:04:04.424798,None,48:B2:6F:1E:B8:5C,-87
2026-08-21 01:04:25.349443,None,74:A4:03:79:71:72,-72
2026-08-21 01:05:00.502695,None,E3:E9:0A:FF:67:A7,-77
2026-08-21 01:05:09.824279,None,50:72:1D:BB:91:53,-78
2026-08-21 01:05:21.996221,None,58:4D:F3:ED:4C:AF,-84
2026-08-21 01:06:05.442280,None,5B:0F:F0:93:D1:F4,-92
2026-08-21 01:06:06.020904,None,6D:C6:14:31:B0:BB,-82
2026-08-21 01:06:11.558023,None,6A:CE:4A:0E:D8:07,-79
2026-08-21 01:06:14.373169,Platco PR1,B4:CB:B8:1B:D4:50,-89
2026-08-21 01:06:26.786588,None,54:8E:7A:CB:ED:7C,-85
2026-08-21 01:07:49.362171,None,F9:B1:A9:C8:90:DF,-68
2026-08-21 01:08:07.096363,None,50:FB:CA:E3:A5:19,-87
2026-08-21 01:08:41.003698,None,35:89:C0:0E:D3:40,-95
2026-08-21 01:08:41.678933,113685_9C139E7A644C,9C:13:9E:7A:64:4E,-62
2026-08-21 01:08:42.066651,None,7E:1B:6D:18:83:EE,-67
2026-08-21 01:08:47.999777,ResMed 223238,E8:E0:7E:34:BB:D4,-90
2026-08-21 01:08:55.702134,Peak Pro 01502,F0:AD:4E:40:19:D5,-90
2026-08-21 01:09:22.392841,TOZO NC9,94:4B:F8:5F:14:DA,-82
2026-08-21 01:09:59.288960,None,4D:49:A0:86:3B:32,-88
2026-08-21 01:10:03.015531,None,C5:CA:AB:B2:32:DC,-94
2026-08-21 01:10:03.066030,None,DE:39:20:7A:10:9B,-88
2026-08-21 01:10:03.664243,None,CE:15:82:B0:23:D6,-77
2026-08-21 01:10:03.754527,None,74:9E:E5:AB:F8:0E,-82
2026-08-21 01:10:03.823017,None,F9:1B:04:7E:19:AE,-80
2026-08-21 01:10:03.893300,None,C8:FE:40:5A:92:97,-94
2026-08-21 01:10:04.540457,None,EC:8B:43:6C:49:A9,-62
2026-08-21 01:10:05.164671,None,D4:54:FA:32:6B:B1,-78
2026-08-21 01:10:13.538026,RIOT Plus501B6E,D8:BC:38:50:1B:6E,-95
2026-08-21 01:10:25.892360,None,50:CA:1D:13:12:A7,-84
2026-08-21 01:10:54.856303,None,F5:A6:00:7E:3D:56,-91
2026-08-21 01:11:02.484526,20HL39284591421094,48:87:2D:89:79:5D,-95
2026-08-21 01:11:06.170266,None,EE:2C:01:B9:28:EF,-75
2026-08-21 01:11:20.432332,Charge 4,F1:D1:F5:5E:21:37,-97
2026-08-21 01:12:02.622611,MELK-OF21   5C,BE:28:03:00:20:5C,-92
2026-08-21 01:12:03.210612,None,C2:0F:76:56:FE:76,-92
2026-08-21 01:12:12.418398,None,4C:27:74:CE:34:4C,-93
2026-08-21 01:12:12.511558,None,64:85:FE:87:D8:9A,-94
2026-08-21 01:12:12.515866,None,59:5B:9A:A2:4C:BD,-93
2026-08-21 01:12:13.696804,None,7D:4A:2F:24:94:FC,-93
2026-08-21 01:12:16.442683,None,7C:65:C5:0D:DE:E5,-70
2026-08-21 01:12:30.603508,None,70:8E:20:05:D5:2B,-76
2026-08-21 01:12:31.751154,None,71:B9:D9:50:00:D1,-94
2026-08-21 01:12:44.535481,None,4B:6F:A1:27:3A:A0,-95
2026-08-21 01:12:51.730172,None,F0:81:26:66:0E:7A,-93
2026-08-21 01:13:03.373019,None,F5:C3:6D:4D:45:1E,-85
2026-08-21 01:13:19.962052,None,FB:E7:7E:81:47:3B,-85
2026-08-21 01:13:27.461988,None,71:BB:27:DE:FF:D6,-89
2026-08-21 01:13:59.789659,None,EF:19:DB:59:AF:2C,-92
2026-08-21 01:14:25.837278,None,74:A4:03:79:71:72,-74
2026-08-21 01:15:00.065588,None,C5:8C:FB:AA:F3:1F,-78
2026-08-21 01:15:00.128877,None,C5:84:38:0D:FE:86,-79
2026-08-21 01:15:00.341257,None,E2:64:F0:AB:90:4B,-75
2026-08-21 01:15:00.432554,None,C7:FD:36:2B:C2:DC,-75
2026-08-21 01:15:00.768673,None,DE:A1:D8:D5:28:67,-89
2026-08-21 01:15:00.993749,None,EB:1C:9B:FF:D7:85,-67
2026-08-21 01:15:01.638506,None,EA:99:6C:1F:44:2B,-78
2026-08-21 01:15:01.687451,None,E3:E9:0A:FF:67:A7,-83
2026-08-21 01:15:02.795185,None,D9:FC:72:A5:BD:B0,-95
2026-08-21 01:15:06.094652,None,D6:87:BF:C7:70:18,-91
2026-08-21 01:15:08.063611,None,C3:5B:DD:BC:A6:C4,-71
2026-08-21 01:15:20.438807,None,D4:A1:B8:80:A3:86,-78
2026-08-21 01:15:22.477078,None,58:4D:F3:ED:4C:AF,-90
2026-08-21 01:16:06.284834,None,68:29:5C:93:81:B5,-77
2026-08-21 01:16:09.026274,None,75:62:D7:38:3B:E7,-81
2026-08-21 01:16:09.155162,None,5B:0F:F0:93:D1:F4,-90
2026-08-21 01:16:09.219917,None,34:71:D2:36:6D:84,-94
2026-08-21 01:16:19.095899,None,68:9B:81:0E:2F:E7,-91
2026-08-21 01:16:19.702831,Platco PR1,B4:CB:B8:1B:D4:50,-81
2026-08-21 01:16:27.060052,None,54:8E:7A:CB:ED:7C,-85
2026-08-21 01:17:26.132520,None,55:31:F6:0A:F0:E9,-91
2026-08-21 01:17:40.244426,None,58:33:76:AC:75:82,-79
2026-08-21 01:17:40.396519,None,60:E8:22:87:1E:7C,-92
2026-08-21 01:17:43.905807,None,64:BF:A8:DA:A3:C8,-84
2026-08-21 01:17:44.756995,None,E7:DC:AE:6C:4F:4C,-71
2026-08-21 01:18:04.334118,None,4C:10:98:84:61:6F,-90
2026-08-21 01:18:10.249129,None,FB:22:FC:CC:7D:BA,-91
2026-08-21 01:18:43.820174,113685_9C139E7A644C,9C:13:9E:7A:64:4E,-62
2026-08-21 01:18:48.375037,ResMed 223238,E8:E0:7E:34:BB:D4,-88
2026-08-21 01:18:58.379502,Peak Pro 01502,F0:AD:4E:40:19:D5,-90
2026-08-21 01:19:12.123158,None,7B:7A:86:E7:4B:23,-92
2026-08-21 01:19:22.557628,TOZO NC9,94:4B:F8:5F:14:DA,-83
2026-08-21 01:19:36.307497,None,44:F1:7B:C4:0F:6C,-93
2026-08-21 01:20:01.014594,None,4D:49:A0:86:3B:32,-92
2026-08-21 01:20:03.957379,None,74:9E:E5:AB:F8:0E,-76
2026-08-21 01:20:12.441504,None,42:53:58:F3:65:0F,-78
2026-08-21 01:20:15.621592,RIOT Plus501B6E,D8:BC:38:50:1B:6E,-93
2026-08-21 01:20:52.520303,None,5E:C7:42:03:54:9A,-72
2026-08-21 01:21:04.338625,20HL39284591421094,48:87:2D:89:79:5D,-91
2026-08-21 01:21:22.870805,Charge 4,F1:D1:F5:5E:21:37,-82
2026-08-21 01:21:39.607178,None,69:FE:AA:1B:5B:34,-92
2026-08-21 01:22:03.023835,MELK-OF21   5C,BE:28:03:00:20:5C,-93
2026-08-21 01:22:16.569406,None,7C:65:C5:0D:DE:E5,-66
2026-08-21 01:22:45.382063,None,F3:77:21:54:7D:A2,-93
2026-08-21 01:22:52.591098,None,5F:B4:9E:6C:A2:CB,-98
2026-08-21 01:22:52.687116,None,47:81:7E:FA:28:23,-92
2026-08-21 01:22:57.991865,None,40:74:78:5B:C1:E8,-92
2026-08-21 01:23:01.036156,None,F8:46:2D:9B:8D:E8,-103
2026-08-21 01:23:18.167094,None,77:EC:D3:40:BC:AC,-79
2026-08-21 01:23:41.166995,None,2E:29:D2:B0:A1:69,-96
2026-08-21 01:24:39.659061,Platco PR1,E4:A6:34:CF:38:ED,-99
2026-08-21 01:25:00.799146,None,C5:8C:FB:AA:F3:1F,-84
2026-08-21 01:25:03.837412,None,DE:A1:D8:D5:28:67,-77
2026-08-21 01:25:04.008927,None,E2:64:F0:AB:90:4B,-75
2026-08-21 01:25:04.149471,None,EB:1C:9B:FF:D7:85,-71
2026-08-21 01:25:04.273408,None,EA:99:6C:1F:44:2B,-77
2026-08-21 01:25:06.391916,None,D9:FC:72:A5:BD:B0,-93
2026-08-21 01:25:06.517139,None,E3:E9:0A:FF:67:A7,-76
2026-08-21 01:25:06.649967,None,C7:FD:36:2B:C2:DC,-77
2026-08-21 01:25:06.882700,None,D6:87:BF:C7:70:18,-93
2026-08-21 01:25:07.033938,None,C5:84:38:0D:FE:86,-80
2026-08-21 01:25:11.310333,None,C3:5B:DD:BC:A6:C4,-74
2026-08-21 01:25:21.985513,None,D4:A1:B8:80:A3:86,-80
2026-08-21 01:25:25.382361,None,58:4D:F3:ED:4C:AF,-92
2026-08-21 01:25:26.994921,None,5A:A1:FB:0F:D5:3A,-86
2026-08-21 01:26:08.798392,None,68:29:5C:93:81:B5,-76
2026-08-21 01:26:09.171095,None,75:62:D7:38:3B:E7,-76
2026-08-21 01:26:24.577587,Platco PR1,B4:CB:B8:1B:D4:50,-94
2026-08-21 01:26:25.903670,None,68:9B:81:0E:2F:E7,-88
2026-08-21 01:27:29.225165,None,55:31:F6:0A:F0:E9,-94
2026-08-21 01:27:40.457347,None,58:33:76:AC:75:82,-73
2026-08-21 01:27:41.361507,None,60:E8:22:87:1E:7C,-92
2026-08-21 01:27:48.362282,None,E7:DC:AE:6C:4F:4C,-70
2026-08-21 01:28:09.535282,None,4C:10:98:84:61:6F,-91
2026-08-21 01:28:24.662880,None,7F:98:5B:FA:71:95,-95
2026-08-21 01:28:37.927621,None,FB:22:FC:CC:7D:BA,-93
2026-08-21 01:28:43.854082,113685_9C139E7A644C,9C:13:9E:7A:64:4E,-67
2026-08-21 01:28:49.732341,None,41:8C:A2:73:54:89,-72
2026-08-21 01:28:49.866529,ResMed 223238,E8:E0:7E:34:BB:D4,-91
2026-08-21 01:28:58.590763,Peak Pro 01502,F0:AD:4E:40:19:D5,-86
2026-08-21 01:29:00.404915,None,5D:45:11:38:A8:F4,-91
2026-08-21 01:29:24.310617,TOZO NC9,94:4B:F8:5F:14:DA,-84
2026-08-21 01:29:31.606231,None,7B:7A:86:E7:4B:23,-95
2026-08-21 01:30:00.053276,None,E7:30:A7:18:EA:E5,-88
2026-08-21 01:30:02.342875,None,FE:3B:3E:1F:E7:20,-78
2026-08-21 01:30:03.643385,None,C9:C6:39:9C:78:A9,-85
2026-08-21 01:30:07.041764,None,F8:45:6A:3A:81:8E,-76
2026-08-21 01:30:17.425525,None,EC:BB:AC:DF:94:2E,-86
2026-08-21 01:30:21.197542,RIOT Plus501B6E,D8:BC:38:50:1B:6E,-93
2026-08-21 01:30:34.952415,None,F0:23:EF:E8:EE:03,-68
2026-08-21 01:30:42.409975,None,C1:E2:FE:6F:33:B4,-95
2026-08-21 01:30:48.857126,None,42:19:A4:51:72:C9,-74
2026-08-21 01:31:04.440000,20HL39284591421094,48:87:2D:89:79:5D,-91
2026-08-21 01:31:05.832544,None,66:FB:09:2B:1A:40,-93
2026-08-21 01:31:05.850401,None,49:1C:25:A2:81:97,-85
2026-08-21 01:31:06.100884,None,46:6D:4D:69:7F:57,-92
2026-08-21 01:31:11.526820,None,F7:9C:83:80:EF:81,-93
2026-08-21 01:31:26.269001,None,0A:36:E7:29:72:20,-96
2026-08-21 01:31:27.893990,Charge 4,F1:D1:F5:5E:21:37,-84
2026-08-21 01:31:49.233304,None,58:48:A7:4E:FE:D1,-91
2026-08-21 01:32:03.203505,MELK-OF21   5C,BE:28:03:00:20:5C,-94
2026-08-21 01:32:28.151548,None,C2:CA:EA:A7:E1:16,-92
2026-08-21 01:32:28.250194,None,62:14:F6:26:D6:F0,-92
2026-08-21 01:32:29.256951,None,5E:C7:42:03:54:9A,-89
2026-08-21 01:32:30.145577,None,42:53:58:F3:65:0F,-95
2026-08-21 01:32:31.623211,None,D8:9A:7F:68:F1:00,-87
2026-08-21 01:32:37.033993,None,78:60:90:85:36:C8,-91
2026-08-21 01:32:45.763815,None,C5:78:59:63:9B:33,-88
2026-08-21 01:32:50.293427,None,7C:21:26:85:36:AB,-75
2026-08-21 01:32:52.650257,None,C8:1F:F4:DE:B8:9B,-75
2026-08-21 01:33:06.509431,None,69:DB:01:2E:F1:E0,-91
2026-08-21 01:33:18.223506,None,77:EC:D3:40:BC:AC,-77
2026-08-21 01:34:07.673467,None,C2:68:15:FC:F9:12,-92
2026-08-21 01:34:41.299833,None,1D:B6:B9:E2:D9:E7,-76
2026-08-21 01:34:41.975143,None,5B:41:63:1C:FD:39,-94
2026-08-21 01:35:10.440421,None,E3:E9:0A:FF:67:A7,-77
2026-08-21 01:35:24.062430,None,49:F9:C8:C3:68:5D,-92
2026-08-21 01:35:27.106412,None,5A:A1:FB:0F:D5:3A,-83
2026-08-21 01:35:31.503174,None,D4:A1:B8:80:A3:86,-86
2026-08-21 01:36:09.213670,None,75:62:D7:38:3B:E7,-82
2026-08-21 01:36:09.998621,None,68:29:5C:93:81:B5,-88
2026-08-21 01:36:29.421475,Platco PR1,B4:CB:B8:1B:D4:50,-82
2026-08-21 01:37:05.745823,None,56:3E:20:60:96:9E,-97
2026-08-21 01:37:18.302293,None,EA:6A:BC:A1:A0:49,-70
2026-08-21 01:37:19.445516,None,EB:4D:7E:BB:27:AE,-84
2026-08-21 01:37:30.269944,None,4D:F6:AA:47:8D:41,-70
2026-08-21 01:37:30.778549,None,4B:1E:2E:4D:F0:20,-98
2026-08-21 01:37:51.694258,None,C9:20:B9:50:BC:83,-96
2026-08-21 01:38:08.438332,None,59:C5:A1:CA:37:7B,-99
2026-08-21 01:38:09.864726,None,4C:10:98:84:61:6F,-92
2026-08-21 01:38:12.345832,None,5B:5D:D7:E6:DF:41,-71
2026-08-21 01:38:44.150303,113685_9C139E7A644C,9C:13:9E:7A:64:4E,-67
2026-08-21 01:38:49.813006,None,41:8C:A2:73:54:89,-72
2026-08-21 01:38:50.624648,None,3A:4B:06:F6:C8:D8,-97
2026-08-21 01:38:50.892318,ResMed 223238,E8:E0:7E:34:BB:D4,-90
2026-08-21 01:38:58.958395,Peak Pro 01502,F0:AD:4E:40:19:D5,-89
2026-08-21 01:39:01.626788,None,5D:45:11:38:A8:F4,-88
2026-08-21 01:39:24.573010,TOZO NC9,94:4B:F8:5F:14:DA,-81
2026-08-21 01:40:00.982537,None,E7:30:A7:18:EA:E5,-79
2026-08-21 01:40:05.127067,None,FE:3B:3E:1F:E7:20,-85
2026-08-21 01:40:07.250726,None,C9:C6:39:9C:78:A9,-88
2026-08-21 01:40:08.694192,None,F8:45:6A:3A:81:8E,-70
2026-08-21 01:40:12.487070,None,CC:79:DE:5B:A1:51,-94
2026-08-21 01:40:23.117124,None,EC:BB:AC:DF:94:2E,-90
2026-08-21 01:40:35.825144,None,F0:23:EF:E8:EE:03,-75
2026-08-21 01:40:41.761017,RIOT Plus501B6E,D8:BC:38:50:1B:6E,-97
2026-08-21 01:40:43.970443,None,C1:E2:FE:6F:33:B4,-92
2026-08-21 01:40:49.149677,None,42:19:A4:51:72:C9,-82
2026-08-21 01:41:05.164394,20HL39284591421094,48:87:2D:89:79:5D,-92
2026-08-21 01:41:26.278393,None,5B:94:60:83:F6:D1,-87
2026-08-21 01:41:30.158425,Charge 4,F1:D1:F5:5E:21:37,-86
2026-08-21 01:41:44.221653,None,71:EA:B0:5C:5F:E0,-88
2026-08-21 01:41:50.662965,None,58:48:A7:4E:FE:D1,-84
2026-08-21 01:42:04.460513,MELK-OF21   5C,BE:28:03:00:20:5C,-95
2026-08-21 01:42:28.466262,None,C2:CA:EA:A7:E1:16,-89
2026-08-21 01:42:33.113664,None,D8:9A:7F:68:F1:00,-82
2026-08-21 01:42:35.004748,None,62:14:F6:26:D6:F0,-94
2026-08-21 01:42:47.240447,None,C5:78:59:63:9B:33,-91
2026-08-21 01:42:47.729311,None,78:60:90:85:36:C8,-93
2026-08-21 01:42:48.219731,None,F7:9C:83:80:EF:81,-98
2026-08-21 01:42:54.849285,None,C8:1F:F4:DE:B8:9B,-75
2026-08-21 01:43:29.388642,None,41:20:98:4E:6E:30,-95
2026-08-21 01:45:00.518925,None,C1:00:50:14:81:19,-62
2026-08-21 01:45:00.734787,None,7D:82:0C:AD:06:BF,-86
2026-08-21 01:45:01.634836,None,CE:92:A1:57:E5:DB,-93
2026-08-21 01:45:01.855115,None,EE:DA:8C:13:5A:95,-72
2026-08-21 01:45:02.066962,None,FB:9A:91:41:98:B5,-74
2026-08-21 01:45:02.083333,None,E1:09:46:39:63:D5,-92
2026-08-21 01:45:02.104741,None,E8:FB:95:DC:AC:C8,-80
2026-08-21 01:45:02.759104,None,77:D9:12:CB:DE:27,-86
2026-08-21 01:45:04.788403,None,F2:3A:5A:AA:43:A7,-86
2026-08-21 01:45:11.685338,None,E3:E9:0A:FF:67:A7,-79
2026-08-21 01:45:23.199118,None,4B:85:DC:D5:37:16,-73
2026-08-21 01:45:23.791675,None,F5:91:0D:B9:6D:8F,-87
2026-08-21 01:45:28.877273,None,5A:A1:FB:0F:D5:3A,-82
2026-08-21 01:45:30.365599,None,D5:A4:26:79:D2:32,-87
2026-08-21 01:46:34.286929,Platco PR1,B4:CB:B8:1B:D4:50,-85
2026-08-21 01:47:09.853862,None,1B:28:C7:B9:EA:7C,-96
2026-08-21 01:47:17.644687,None,79:69:8F:53:1F:6A,-85
2026-08-21 01:47:21.858148,None,EA:6A:BC:A1:A0:49,-70
2026-08-21 01:47:23.397551,None,66:44:62:86:6B:DF,-85
2026-08-21 01:47:23.712266,None,F3:0A:CE:33:40:ED,-91
2026-08-21 01:47:26.063049,None,7C:33:EF:A3:72:69,-94
2026-08-21 01:47:28.624937,None,46:32:AF:65:AB:CC,-87
2026-08-21 01:47:28.873715,None,78:81:A5:0D:7C:67,-83
2026-08-21 01:47:38.936881,None,44:A8:6F:A9:22:81,-96
2026-08-21 01:48:12.367936,None,5B:5D:D7:E6:DF:41,-64
2026-08-21 01:48:25.981908,None,F6:F6:68:AE:06:84,-72
2026-08-21 01:48:34.240719,None,C2:F3:74:10:B9:9C,-93
2026-08-21 01:48:34.678874,None,65:18:AB:BC:E9:9F,-80
2026-08-21 01:48:45.810086,113685_9C139E7A644C,9C:13:9E:7A:64:4E,-68
2026-08-21 01:48:53.014185,ResMed 223238,E8:E0:7E:34:BB:D4,-87
2026-08-21 01:48:56.518615,None,49:F9:C8:C3:68:5D,-94
2026-08-21 01:49:00.537063,Peak Pro 01502,F0:AD:4E:40:19:D5,-90
2026-08-21 01:49:01.757050,None,5D:45:11:38:A8:F4,-91
2026-08-21 01:49:24.718968,TOZO NC9,94:4B:F8:5F:14:DA,-81
2026-08-21 01:49:49.078886,None,E0:AA:44:FE:DE:E3,-94
2026-08-21 01:49:51.126466,None,43:B0:35:9F:2D:95,-92
2026-08-21 01:50:31.405932,[LG] webOS TV LR600BZUC,DC:EC:4F:D3:8E:A7,-101
2026-08-21 01:50:33.738078,None,67:9E:8C:38:88:8B,-98
2026-08-21 01:50:39.445828,None,DA:4B:5F:20:15:88,-97
2026-08-21 01:51:06.966602,20HL39284591421094,48:87:2D:89:79:5D,-93
2026-08-21 01:51:08.100829,None,7C:21:26:85:36:AB,-75
2026-08-21 01:51:08.268878,None,55:B1:F5:6E:80:89,-75
2026-08-21 01:51:16.114249,None,51:8E:84:4B:DE:5F,-92
2026-08-21 01:51:32.632992,Charge 4,F1:D1:F5:5E:21:37,-83
2026-08-21 01:51:44.276927,None,71:EA:B0:5C:5F:E0,-77
2026-08-21 01:51:50.825191,None,76:D4:19:B7:AC:5C,-73
2026-08-21 01:51:51.534695,None,58:48:A7:4E:FE:D1,-86
2026-08-21 01:51:57.530990,None,F3:E7:0D:44:8D:39,-96
2026-08-21 01:51:59.735902,None,5B:57:22:B2:BF:63,-97
2026-08-21 01:52:04.643143,MELK-OF21   5C,BE:28:03:00:20:5C,-97
2026-08-21 01:52:05.386778,None,5B:94:60:83:F6:D1,-88
2026-08-21 01:52:07.685595,RIOT Plus501B6E,D8:BC:38:50:1B:6E,-100
2026-08-21 01:52:55.434779,None,6E:2C:BB:7E:E3:66,-84
2026-08-21 01:53:29.790122,None,41:20:98:4E:6E:30,-92
2026-08-21 01:53:38.648563,None,E7:30:A7:18:EA:E5,-74
2026-08-21 01:53:39.192650,None,42:8F:8F:0A:2D:CE,-95
2026-08-21 01:55:00.895548,None,7D:82:0C:AD:06:BF,-79
2026-08-21 01:55:01.839969,None,CE:92:A1:57:E5:DB,-74
2026-08-21 01:55:01.984623,None,EE:DA:8C:13:5A:95,-81
2026-08-21 01:55:02.663089,None,FB:9A:91:41:98:B5,-89
2026-08-21 01:55:02.914815,None,E1:09:46:39:63:D5,-92
2026-08-21 01:55:03.353112,None,C1:00:50:14:81:19,-85
2026-08-21 01:55:06.363644,None,77:D9:12:CB:DE:27,-79
2026-08-21 01:55:06.474902,None,F2:3A:5A:AA:43:A7,-79
2026-08-21 01:55:14.591413,None,E3:E9:0A:FF:67:A7,-74
2026-08-21 01:55:23.324966,None,4B:85:DC:D5:37:16,-62
2026-08-21 01:55:32.022177,None,D5:A4:26:79:D2:32,-87
2026-08-21 01:55:37.667490,None,F5:91:0D:B9:6D:8F,-84
2026-08-21 01:56:39.638804,Platco PR1,B4:CB:B8:1B:D4:50,-80
2026-08-21 01:57:03.233886,None,F7:28:FE:FE:FC:9E,-71
2026-08-21 01:57:27.335774,None,7C:33:EF:A3:72:69,-96
2026-08-21 01:57:28.957241,None,79:69:8F:53:1F:6A,-96
2026-08-21 01:57:29.224380,None,78:81:A5:0D:7C:67,-83
2026-08-21 01:57:34.821227,None,46:32:AF:65:AB:CC,-94
2026-08-21 01:57:42.402556,None,44:A8:6F:A9:22:81,-92
2026-08-21 01:57:43.441515,None,66:44:62:86:6B:DF,-97
2026-08-21 01:58:17.645168,None,66:39:CF:11:37:DA,-87
2026-08-21 01:58:19.522046,None,E8:FB:95:DC:AC:C8,-71
2026-08-21 01:58:23.554478,None,F3:0A:CE:33:40:ED,-95
2026-08-21 01:58:26.505003,None,F6:F6:68:AE:06:84,-81
2026-08-21 01:58:37.929029,None,C2:F3:74:10:B9:9C,-96
2026-08-21 01:58:45.995077,113685_9C139E7A644C,9C:13:9E:7A:64:4E,-69
2026-08-21 01:58:53.409797,ResMed 223238,E8:E0:7E:34:BB:D4,-95
2026-08-21 01:59:01.351785,Peak Pro 01502,F0:AD:4E:40:19:D5,-92
2026-08-21 01:59:02.288876,None,4B:30:37:58:0E:B4,-92
2026-08-21 01:59:27.259765,TOZO NC9,94:4B:F8:5F:14:DA,-84
2026-08-21 01:59:29.320349,None,6A:E4:73:79:15:3D,-94
2026-08-21 01:59:49.472813,None,59:EE:5F:2A:9D:45,-66
2026-08-21 01:59:51.428075,None,43:B0:35:9F:2D:95,-86
2026-08-21 02:00:02.410900,None,DD:44:2F:2A:42:5D,-81
2026-08-21 02:00:02.643158,None,F4:25:EA:92:7F:85,-79
2026-08-21 02:00:04.120593,None,E8:10:5A:A2:30:A7,-72
2026-08-21 02:00:04.130303,None,DF:25:B0:A7:C5:60,-79
2026-08-21 02:00:04.728422,None,C1:91:4A:C5:69:DE,-78
2026-08-21 02:00:05.552785,None,DD:82:B4:ED:E6:8B,-90
2026-08-21 02:00:09.512390,None,DB:F4:DC:CC:27:92,-85
2026-08-21 02:00:24.245852,None,FE:88:F5:33:9C:E7,-100
2026-08-21 02:00:47.000535,None,DA:4B:5F:20:15:88,-91
2026-08-21 02:00:47.818743,None,D7:03:C9:C6:97:4D,-91
2026-08-21 02:01:07.342508,20HL39284591421094,48:87:2D:89:79:5D,-92
2026-08-21 02:01:23.973040,None,51:8E:84:4B:DE:5F,-92
2026-08-21 02:01:36.334584,Charge 4,F1:D1:F5:5E:21:37,-81
2026-08-21 02:01:40.234514,None,56:E4:E4:5B:E8:64,-98
2026-08-21 02:01:51.198846,None,76:D4:19:B7:AC:5C,-90
2026-08-21 02:02:04.673929,MELK-OF21   5C,BE:28:03:00:20:5C,-96
2026-08-21 02:02:05.751909,None,4F:4A:A8:6D:45:B2,-91
2026-08-21 02:02:30.157118,None,41:37:0C:B8:E3:7F,-96
2026-08-21 02:02:37.591560,None,60:C9:B1:88:8F:9E,-92
2026-08-21 02:02:39.748097,RIOT Plus501B6E,D8:BC:38:50:1B:6E,-97
2026-08-21 02:02:57.773024,None,6E:2C:BB:7E:E3:66,-80
2026-08-21 02:03:05.031596,None,F9:79:3F:23:CE:6D,-74
2026-08-21 02:03:06.642938,None,EF:AC:B0:9C:B6:46,-80
2026-08-21 02:03:30.301468,None,41:20:98:4E:6E:30,-98
2026-08-21 02:03:42.365515,None,1D:D8:92:98:AA:8A,-103
2026-08-21 02:03:42.877692,None,65:5B:AF:BD:6B:96,-98
2026-08-21 02:03:44.607899,None,73:17:E0:62:46:D1,-82
2026-08-21 02:03:49.160509,None,D8:BA:C4:50:1D:58,-92
2026-08-21 02:03:49.616579,None,5D:24:34:FF:63:E7,-95
2026-08-21 02:04:33.999642,None,7F:95:5A:D4:4D:82,-94
2026-08-21 02:04:37.713425,None,43:B4:74:01:F4:4C,-95
2026-08-21 02:05:00.930457,None,7D:82:0C:AD:06:BF,-86
2026-08-21 02:05:07.733893,None,77:D9:12:CB:DE:27,-78
2026-08-21 02:05:08.895782,None,F9:B4:26:35:B3:BB,-94
2026-08-21 02:05:20.427841,None,E3:E9:0A:FF:67:A7,-75
2026-08-21 02:05:33.941222,None,47:DD:42:73:E2:99,-88
2026-08-21 02:06:54.563044,Platco PR1,B4:CB:B8:1B:D4:50,-85
2026-08-21 02:07:00.389327,None,FB:E5:69:AE:DD:D6,-72
2026-08-21 02:07:12.698052,[LG] webOS TV LR600BZUC,DC:EC:4F:D3:8E:A7,-100
2026-08-21 02:07:29.336214,None,78:81:A5:0D:7C:67,-88
2026-08-21 02:07:33.274188,None,55:B1:F5:6E:80:89,-71
2026-08-21 02:07:36.378845,None,D1:B0:26:F0:07:9A,-94
2026-08-21 02:07:57.396137,None,5D:E9:02:EB:A1:1F,-66
2026-08-21 02:08:18.405805,None,66:39:CF:11:37:DA,-86
2026-08-21 02:08:46.022428,113685_9C139E7A644C,9C:13:9E:7A:64:4E,-62
2026-08-21 02:08:53.649203,ResMed 223238,E8:E0:7E:34:BB:D4,-89
2026-08-21 02:09:01.496919,Peak Pro 01502,F0:AD:4E:40:19:D5,-89
2026-08-21 02:09:12.732068,None,F2:CC:D9:AD:F0:28,-90
2026-08-21 02:09:27.375236,TOZO NC9,94:4B:F8:5F:14:DA,-84
2026-08-21 02:09:29.110683,None,48:C6:D9:A6:96:18,-82
2026-08-21 02:09:49.583081,None,59:EE:5F:2A:9D:45,-67
2026-08-21 02:09:53.348406,None,43:B0:35:9F:2D:95,-83
2026-08-21 02:10:02.522576,None,DD:44:2F:2A:42:5D,-85
2026-08-21 02:10:04.491253,None,F4:25:EA:92:7F:85,-79
2026-08-21 02:10:04.793318,None,E8:10:5A:A2:30:A7,-74
2026-08-21 02:10:07.509848,None,DF:25:B0:A7:C5:60,-75
2026-08-21 02:10:08.592257,None,C1:91:4A:C5:69:DE,-77
2026-08-21 02:10:09.080419,None,DD:82:B4:ED:E6:8B,-89
2026-08-21 02:10:09.604534,None,DB:F4:DC:CC:27:92,-67
2026-08-21 02:10:37.661903,None,FE:88:F5:33:9C:E7,-94
2026-08-21 02:10:51.032047,None,D7:03:C9:C6:97:4D,-91
2026-08-21 02:11:03.953823,None,5A:F0:4E:D5:1F:D7,-94
2026-08-21 02:11:07.424688,20HL39284591421094,48:87:2D:89:79:5D,-93
2026-08-21 02:11:39.958223,Charge 4,F1:D1:F5:5E:21:37,-84
2026-08-21 02:11:54.860498,None,23:BD:1A:91:FD:97,-97
2026-08-21 02:12:07.225481,None,4F:4A:A8:6D:45:B2,-88
2026-08-21 02:12:07.447057,MELK-OF21   5C,BE:28:03:00:20:5C,-96
2026-08-21 02:12:11.171579,None,5B:DF:CA:52:38:70,-88
2026-08-21 02:12:14.076916,None,6E:B9:28:50:06:0F,-87
2026-08-21 02:12:30.300617,None,41:37:0C:B8:E3:7F,-90
2026-08-21 02:12:38.078273,None,60:C9:B1:88:8F:9E,-95
2026-08-21 02:12:44.323120,None,53:57:69:8E:0D:D7,-79
2026-08-21 02:12:44.587302,None,6B:01:2B:F1:CD:8A,-79
2026-08-21 02:12:58.354005,RIOT Plus501B6E,D8:BC:38:50:1B:6E,-99
2026-08-21 02:13:08.067768,None,EF:AC:B0:9C:B6:46,-83
2026-08-21 02:13:10.877875,None,4E:88:DD:CA:9B:3E,-72
2026-08-21 02:13:45.529319,None,73:17:E0:62:46:D1,-66
2026-08-21 02:13:49.974044,None,5D:24:34:FF:63:E7,-94
2026-08-21 02:13:56.935582,None,D8:BA:C4:50:1D:58,-94
2026-08-21 02:14:48.847367,None,68:B6:01:65:E9:39,-72
2026-08-21 02:14:49.666833,None,53:9A:F5:C1:D7:82,-72
2026-08-21 02:15:00.021385,None,76:F5:8E:E2:92:DD,-90
2026-08-21 02:15:00.078799,None,CC:FB:DC:69:DB:DC,-80
2026-08-21 02:15:00.323790,None,C0:63:AD:EE:61:EC,-80
2026-08-21 02:15:00.401304,None,E9:AF:29:62:49:C7,-78
2026-08-21 02:15:00.447872,None,D6:F0:A3:96:44:A9,-76
2026-08-21 02:15:00.588699,None,EA:FF:9A:97:92:9F,-84
2026-08-21 02:15:03.053883,None,4D:16:87:03:43:9A,-73
2026-08-21 02:15:04.086479,None,F9:29:C8:40:56:2D,-71
2026-08-21 02:15:06.355662,None,F6:7E:6A:ED:96:2A,-69
2026-08-21 02:15:06.912759,None,7A:7D:48:B5:FF:5B,-99
2026-08-21 02:15:07.666201,None,E8:45:A5:7E:3F:46,-79
2026-08-21 02:15:20.126881,None,C4:0F:15:73:CB:17,-93
2026-08-21 02:15:25.722554,None,E3:E9:0A:FF:67:A7,-78
2026-08-21 02:15:35.297645,None,47:DD:42:73:E2:99,-73
2026-08-21 02:16:04.200656,None,ED:DE:AD:48:DD:74,-90
2026-08-21 02:16:11.031166,None,6F:AD:71:A9:E4:F3,-65
2026-08-21 02:17:19.398637,Platco PR1,B4:CB:B8:1B:D4:50,-82
2026-08-21 02:17:26.154253,None,6C:A7:91:CB:BE:CA,-93
2026-08-21 02:17:38.404780,None,43:02:1F:6D:2E:49,-94
2026-08-21 02:18:20.193314,None,66:39:CF:11:37:DA,-87
2026-08-21 02:18:22.201731,None,FD:23:10:1E:54:1D,-72
2026-08-21 02:18:46.104564,113685_9C139E7A644C,9C:13:9E:7A:64:4E,-62
2026-08-21 02:18:55.307685,ResMed 223238,E8:E0:7E:34:BB:D4,-96
2026-08-21 02:19:02.389062,Peak Pro 01502,F0:AD:4E:40:19:D5,-90
2026-08-21 02:19:06.188246,None,C9:E9:06:64:A0:12,-97
2026-08-21 02:19:06.985541,None,57:F1:40:20:16:BB,-87
2026-08-21 02:19:27.848315,TOZO NC9,94:4B:F8:5F:14:DA,-83
2026-08-21 02:19:30.585863,None,48:C6:D9:A6:96:18,-86
2026-08-21 02:19:52.404781,[LG] webOS TV LR600BZUC,DC:EC:4F:D3:8E:A7,-97
2026-08-21 02:19:54.039890,None,DB:95:3B:47:26:BC,-95
2026-08-21 02:21:05.811090,None,5A:F0:4E:D5:1F:D7,-96
2026-08-21 02:21:10.316268,20HL39284591421094,48:87:2D:89:79:5D,-92
2026-08-21 02:21:44.887042,Charge 4,F1:D1:F5:5E:21:37,-81
2026-08-21 02:22:07.756890,MELK-OF21   5C,BE:28:03:00:20:5C,-96
2026-08-21 02:22:08.118776,None,4E:9E:D2:CB:79:66,-68
2026-08-21 02:22:09.033871,None,4F:4A:A8:6D:45:B2,-87
2026-08-21 02:22:47.764336,None,53:57:69:8E:0D:D7,-79
2026-08-21 02:22:47.951630,None,6B:01:2B:F1:CD:8A,-84
2026-08-21 02:22:50.386123,None,66:5C:50:A1:0C:9B,-86
2026-08-21 02:22:55.416196,None,75:03:48:1D:12:18,-96
2026-08-21 02:23:18.935330,None,70:5F:FF:03:89:2D,-95
2026-08-21 02:23:20.729831,None,4E:88:DD:CA:9B:3E,-74
2026-08-21 02:23:24.608700,None,78:30:DD:A2:EA:6D,-97
2026-08-21 02:23:52.695460,None,5D:24:34:FF:63:E7,-94
2026-08-21 02:24:14.481180,RIOT Plus501B6E,D8:BC:38:50:1B:6E,-95
2026-08-21 02:24:33.471198,None,46:77:27:11:63:CD,-73
2026-08-21 02:25:01.980389,None,C0:63:AD:EE:61:EC,-75
2026-08-21 02:25:04.788671,None,F9:29:C8:40:56:2D,-78
2026-08-21 02:25:05.087020,None,D6:F0:A3:96:44:A9,-71
2026-08-21 02:25:05.730241,None,76:F5:8E:E2:92:DD,-83
2026-08-21 02:25:06.080629,None,E9:AF:29:62:49:C7,-79
2026-08-21 02:25:06.169571,None,EA:FF:9A:97:92:9F,-92
2026-08-21 02:25:08.562101,None,F6:7E:6A:ED:96:2A,-65
2026-08-21 02:25:08.792508,None,E8:45:A5:7E:3F:46,-77
2026-08-21 02:25:09.564924,None,CC:FB:DC:69:DB:DC,-78
2026-08-21 02:25:25.611066,None,C4:0F:15:73:CB:17,-88
2026-08-21 02:25:30.387370,None,E3:E9:0A:FF:67:A7,-73
2026-08-21 02:25:59.921561,None,C0:FA:50:49:52:24,-95
2026-08-21 02:26:11.916553,None,6F:AD:71:A9:E4:F3,-88
2026-08-21 02:26:12.992913,None,ED:DE:AD:48:DD:74,-93
2026-08-21 02:26:15.825197,None,E4:6C:03:DE:1B:B1,-97
2026-08-21 02:26:36.696431,None,4E:E9:13:30:16:25,-98
2026-08-21 02:27:12.372918,None,7A:7D:48:B5:FF:5B,-92
2026-08-21 02:27:12.647480,None,5B:DF:CA:52:38:70,-90
2026-08-21 02:27:19.737736,Platco PR1,B4:CB:B8:1B:D4:50,-83
2026-08-21 02:27:22.378187,None,FA:69:A8:B0:79:E9,-95
2026-08-21 02:27:29.854085,None,6C:A7:91:CB:BE:CA,-96
2026-08-21 02:27:41.215967,None,43:02:1F:6D:2E:49,-95
2026-08-21 02:28:04.732865,None,50:02:C5:B6:95:51,-81
2026-08-21 02:28:29.800331,None,FD:23:10:1E:54:1D,-81
2026-08-21 02:28:46.890266,113685_9C139E7A644C,9C:13:9E:7A:64:4E,-62
2026-08-21 02:28:57.275283,ResMed 223238,E8:E0:7E:34:BB:D4,-89
2026-08-21 02:29:02.412001,Peak Pro 01502,F0:AD:4E:40:19:D5,-96
2026-08-21 02:29:08.671756,None,57:F1:40:20:16:BB,-88
2026-08-21 02:29:17.863862,None,C9:E9:06:64:A0:12,-91
2026-08-21 02:29:29.201127,TOZO NC9,94:4B:F8:5F:14:DA,-91
2026-08-21 02:29:30.195047,None,64:AC:56:9A:56:A9,-98
2026-08-21 02:29:30.605162,None,48:C6:D9:A6:96:18,-81
2026-08-21 02:29:33.454767,None,4E:02:F8:F6:D3:3E,-83
2026-08-21 02:30:00.075624,None,DF:8D:43:4C:3E:76,-76
2026-08-21 02:30:00.087245,None,F4:46:98:35:CD:E2,-74
2026-08-21 02:30:00.103521,None,EC:7A:C5:E6:E2:20,-77
2026-08-21 02:30:00.171707,None,E0:A5:14:DD:D3:90,-74
2026-08-21 02:30:01.639705,None,D1:16:23:12:84:74,-69
2026-08-21 02:30:04.365767,None,61:CB:63:AA:79:4B,-96
2026-08-21 02:30:04.402199,None,ED:7D:D6:39:73:DF,-87
2026-08-21 02:30:06.086170,None,FF:AD:BF:BD:11:A1,-95
2026-08-21 02:30:07.948465,None,C6:50:30:2E:48:11,-95
2026-08-21 02:30:08.363481,None,D9:7D:58:10:A1:72,-63
2026-08-21 02:30:11.985584,None,E8:68:3C:17:7A:DE,-95
2026-08-21 02:31:10.821597,20HL39284591421094,48:87:2D:89:79:5D,-92
2026-08-21 02:31:46.028025,Charge 4,F1:D1:F5:5E:21:37,-89
2026-08-21 02:32:07.958942,MELK-OF21   5C,BE:28:03:00:20:5C,-94
2026-08-21 02:32:08.256398,None,4E:9E:D2:CB:79:66,-77
2026-08-21 02:32:12.746299,None,4B:CF:26:3A:3E:59,-87
2026-08-21 02:32:12.941785,None,75:CF:B9:F0:99:AD,-87
2026-08-21 02:32:40.140112,None,47:B2:0E:DE:3D:4B,-95
2026-08-21 02:32:41.494990,None,72:D8:FD:E9:12:D7,-97
2026-08-21 02:32:48.332155,None,6B:01:2B:F1:CD:8A,-87
2026-08-21 02:32:50.839845,None,53:57:69:8E:0D:D7,-77
2026-08-21 02:32:54.415830,None,66:5C:50:A1:0C:9B,-91
2026-08-21 02:33:18.876087,None,7B:B7:B2:AC:3C:CB,-78
2026-08-21 02:33:22.074992,None,4E:88:DD:CA:9B:3E,-75
2026-08-21 02:33:22.610900,None,77:BC:43:76:89:72,-79
2026-08-21 02:33:23.797655,None,CB:02:B6:0C:57:AC,-78
2026-08-21 02:33:24.990591,None,70:5F:FF:03:89:2D,-94
2026-08-21 02:34:20.915079,None,7A:83:C3:57:16:A5,-88
2026-08-21 02:34:25.143223,None,E6:E2:1B:92:BD:AE,-93
2026-08-21 02:34:25.818980,None,77:25:85:A6:20:57,-71
2026-08-21 02:34:33.576898,None,46:77:27:11:63:CD,-74
2026-08-21 02:34:40.821909,RIOT Plus501B6E,D8:BC:38:50:1B:6E,-98
2026-08-21 02:35:07.236886,None,76:F5:8E:E2:92:DD,-83
2026-08-21 02:35:32.466799,None,E3:E9:0A:FF:67:A7,-73
2026-08-21 02:36:34.218792,None,60:B8:96:0A:CD:4F,-74
2026-08-21 02:36:35.411321,None,E4:6C:03:DE:1B:B1,-96
2026-08-21 02:36:56.900515,None,4E:36:6A:56:C5:82,-93
2026-08-21 02:37:09.740669,None,6C:FE:39:B3:22:0C,-93
2026-08-21 02:37:15.611478,None,44:E7:6F:FF:88:76,-95
2026-08-21 02:37:24.588863,Platco PR1,B4:CB:B8:1B:D4:50,-83
2026-08-21 02:38:04.831936,None,50:02:C5:B6:95:51,-84
2026-08-21 02:38:07.962880,[LG] webOS TV LR600BZUC,DC:EC:4F:D3:8E:A7,-103
2026-08-21 02:38:47.001629,None,77:6F:5A:34:1E:D4,-94
2026-08-21 02:38:47.017703,113685_9C139E7A644C,9C:13:9E:7A:64:4E,-69
2026-08-21 02:38:59.555832,ResMed 223238,E8:E0:7E:34:BB:D4,-86
2026-08-21 02:39:02.506309,Peak Pro 01502,F0:AD:4E:40:19:D5,-89
2026-08-21 02:39:08.702780,None,57:F1:40:20:16:BB,-85
2026-08-21 02:39:29.489535,TOZO NC9,94:4B:F8:5F:14:DA,-88
2026-08-21 02:39:31.021384,None,64:AC:56:9A:56:A9,-89
2026-08-21 02:39:35.886118,None,4E:02:F8:F6:D3:3E,-80
2026-08-21 02:40:02.962846,None,F4:46:98:35:CD:E2,-72
2026-08-21 02:40:03.590451,None,EC:7A:C5:E6:E2:20,-80
2026-08-21 02:40:03.915916,None,E0:A5:14:DD:D3:90,-74
2026-08-21 02:40:06.861324,None,D1:16:23:12:84:74,-78
2026-08-21 02:40:07.780470,None,ED:7D:D6:39:73:DF,-81
2026-08-21 02:40:11.222430,None,C6:50:30:2E:48:11,-85
2026-08-21 02:40:13.534624,None,D9:7D:58:10:A1:72,-80
2026-08-21 02:40:13.550281,None,FF:AD:BF:BD:11:A1,-92
2026-08-21 02:40:17.308588,None,63:CD:D1:73:35:82,-77
2026-08-21 02:40:17.559601,None,E8:68:3C:17:7A:DE,-88
2026-08-21 02:40:26.081473,None,60:1A:B2:06:AA:DE,-92
2026-08-21 02:40:31.111818,None,7C:BD:2B:89:14:C7,-86
2026-08-21 02:40:56.736310,None,F9:29:C8:40:56:2D,-99
2026-08-21 02:41:08.022021,None,EC:13:1D:65:06:DD,-97
2026-08-21 02:41:11.218857,20HL39284591421094,48:87:2D:89:79:5D,-92
2026-08-21 02:41:20.809712,None,78:30:DD:A2:EA:6D,-94
2026-08-21 02:41:52.351395,Charge 4,F1:D1:F5:5E:21:37,-92
2026-08-21 02:42:10.213440,MELK-OF21   5C,BE:28:03:00:20:5C,-95
2026-08-21 02:42:21.018516,None,4B:CF:26:3A:3E:59,-93
2026-08-21 02:42:41.749172,None,72:D8:FD:E9:12:D7,-95
2026-08-21 02:42:45.712468,None,47:B2:0E:DE:3D:4B,-94
2026-08-21 02:43:01.951409,None,66:5C:50:A1:0C:9B,-87
2026-08-21 02:43:20.416278,None,7B:B7:B2:AC:3C:CB,-90
2026-08-21 02:43:24.222632,None,77:BC:43:76:89:72,-80
2026-08-21 02:43:29.422467,None,CB:02:B6:0C:57:AC,-76
2026-08-21 02:43:49.229119,None,75:B6:75:31:E9:94,-86
2026-08-21 02:44:23.672845,None,7A:83:C3:57:16:A5,-79
2026-08-21 02:44:30.877855,None,E6:E2:1B:92:BD:AE,-91
2026-08-21 02:44:44.615845,None,DF:8D:43:4C:3E:76,-72
2026-08-21 02:45:00.075349,None,CA:CE:18:B2:7F:7E,-73
2026-08-21 02:45:00.398168,None,E6:21:19:41:B1:2F,-77
2026-08-21 02:45:02.075614,None,D0:98:EE:B5:9C:9F,-87
2026-08-21 02:45:02.372005,None,EB:D6:AF:19:CE:99,-89
2026-08-21 02:45:02.386995,None,D2:80:BF:F5:49:8C,-80
2026-08-21 02:45:02.692073,None,F7:D9:45:1C:44:AF,-76
2026-08-21 02:45:20.720997,None,FB:C9:CD:8A:E5:CC,-83
2026-08-21 02:45:24.515216,RIOT Plus501B6E,D8:BC:38:50:1B:6E,-96
2026-08-21 02:45:41.647475,None,E3:E9:0A:FF:67:A7,-82
2026-08-21 02:46:11.422661,None,6A:AB:DB:A8:3D:87,-97
2026-08-21 02:46:34.269762,None,60:B8:96:0A:CD:4F,-78
2026-08-21 02:46:59.827609,None,4E:36:6A:56:C5:82,-82
2026-08-21 02:47:05.413137,None,E5:1A:18:95:C1:DD,-97
2026-08-21 02:47:09.848096,None,4A:50:22:B9:E7:ED,-89
2026-08-21 02:47:10.054845,None,70:F9:B7:A6:73:E0,-89
2026-08-21 02:47:13.122072,None,DC:81:FA:6A:B3:96,-94
2026-08-21 02:47:27.797211,None,4C:0A:85:AE:34:BF,-94
2026-08-21 02:47:29.491188,Platco PR1,B4:CB:B8:1B:D4:50,-84
2026-08-21 02:47:37.457159,None,50:D6:90:41:16:DE,-93
2026-08-21 02:47:42.806627,None,7F:C8:76:89:03:7B,-101
2026-08-21 02:48:24.408956,None,F5:9D:53:0F:26:01,-71
2026-08-21 02:48:37.546597,None,44:DF:7F:1C:EF:A9,-85
2026-08-21 02:48:47.038618,113685_9C139E7A644C,9C:13:9E:7A:64:4E,-71
2026-08-21 02:49:00.255541,ResMed 223238,E8:E0:7E:34:BB:D4,-88
2026-08-21 02:49:02.509149,Peak Pro 01502,F0:AD:4E:40:19:D5,-90
2026-08-21 02:49:29.644195,TOZO NC9,94:4B:F8:5F:14:DA,-89
2026-08-21 02:49:33.710897,None,64:AC:56:9A:56:A9,-97
2026-08-21 02:49:34.172796,None,40:2B:4C:1A:DC:AC,-89
2026-08-21 02:49:36.090542,None,4E:02:F8:F6:D3:3E,-81
2026-08-21 02:49:38.069171,None,44:E7:6F:FF:88:76,-99
2026-08-21 02:50:03.333199,None,FC:D0:DF:B7:C7:DC,-80
2026-08-21 02:50:04.457884,None,F4:46:98:35:CD:E2,-80
2026-08-21 02:51:12.355769,20HL39284591421094,48:87:2D:89:79:5D,-93
2026-08-21 02:51:16.631653,None,68:2B:B6:7B:66:98,-70
2026-08-21 02:51:54.598948,Charge 4,F1:D1:F5:5E:21:37,-86
2026-08-21 02:52:01.068087,None,D9:D1:D4:A1:B6:C4,-80
2026-08-21 02:52:10.936266,MELK-OF21   5C,BE:28:03:00:20:5C,-95
2026-08-21 02:52:16.365041,None,57:B0:70:66:73:1E,-70
2026-08-21 02:52:25.664591,[LG] webOS TV LR600BZUC,DC:EC:4F:D3:8E:A7,-98
2026-08-21 02:53:08.572362,None,77:25:85:A6:20:57,-75
2026-08-21 02:53:20.265249,None,7C:BD:2B:89:14:C7,-72
2026-08-21 02:53:20.498479,None,7B:B7:B2:AC:3C:CB,-87
2026-08-21 02:53:27.785831,None,77:BC:43:76:89:72,-90
2026-08-21 02:53:39.639335,None,D3:CA:C6:DB:E2:90,-84
2026-08-21 02:53:53.898721,None,75:B6:75:31:E9:94,-79
2026-08-21 02:53:58.077549,None,4E:42:B9:84:BD:EF,-83
2026-08-21 02:54:29.961759,None,45:AA:C1:D7:00:DA,-71
2026-08-21 02:55:04.889032,None,EB:D6:AF:19:CE:99,-74
2026-08-21 02:55:05.551991,None,D0:98:EE:B5:9C:9F,-82
2026-08-21 02:55:05.619891,None,CA:CE:18:B2:7F:7E,-79
2026-08-21 02:55:06.044455,None,D2:80:BF:F5:49:8C,-92
2026-08-21 02:55:08.176189,None,E6:21:19:41:B1:2F,-81
2026-08-21 02:55:08.225736,None,F7:D9:45:1C:44:AF,-72
2026-08-21 02:55:28.218248,None,FB:C9:CD:8A:E5:CC,-83
2026-08-21 02:55:42.269826,RIOT Plus501B6E,D8:BC:38:50:1B:6E,-97
2026-08-21 02:55:43.582993,None,E3:E9:0A:FF:67:A7,-81
2026-08-21 02:56:15.783818,None,40:62:B0:60:C0:8F,-81
2026-08-21 02:56:17.522073,None,69:F3:2F:AA:64:71,-85
2026-08-21 02:56:18.393811,None,60:EC:98:4A:35:F4,-87
2026-08-21 02:57:00.695500,None,4E:36:6A:56:C5:82,-83
2026-08-21 02:57:15.504550,None,DC:81:FA:6A:B3:96,-89
2026-08-21 02:57:32.099736,None,4C:0A:85:AE:34:BF,-93
2026-08-21 02:57:34.313021,Platco PR1,B4:CB:B8:1B:D4:50,-82
2026-08-21 02:57:39.749383,None,50:D6:90:41:16:DE,-90
2026-08-21 02:58:11.073785,None,69:44:9F:43:79:63,-76
2026-08-21 02:58:21.736339,None,7B:6B:A6:AB:37:EB,-83
2026-08-21 02:58:24.731264,None,F5:9D:53:0F:26:01,-72
2026-08-21 02:58:37.889381,None,44:DF:7F:1C:EF:A9,-83
2026-08-21 02:58:45.386372,None,DD:9B:2A:57:FE:1A,-99
2026-08-21 02:58:47.062213,113685_9C139E7A644C,9C:13:9E:7A:64:4E,-70
2026-08-21 02:59:00.655965,ResMed 223238,E8:E0:7E:34:BB:D4,-89
2026-08-21 02:59:03.494874,Peak Pro 01502,F0:AD:4E:40:19:D5,-93
2026-08-21 02:59:31.774156,TOZO NC9,94:4B:F8:5F:14:DA,-92
2026-08-21 02:59:34.427212,None,40:2B:4C:1A:DC:AC,-91
2026-08-21 03:00:00.076061,None,D5:C0:B4:3B:52:13,-72
2026-08-21 03:00:00.175462,None,D0:C6:3A:51:85:59,-83
2026-08-21 03:00:00.185551,None,D3:A7:04:CF:FC:65,-70
2026-08-21 03:00:00.397907,None,C1:EC:DF:A8:A6:D5,-82
2026-08-21 03:00:00.606938,None,E2:13:D3:F4:E7:DC,-75
2026-08-21 03:00:00.793672,None,D8:C0:E3:E6:53:A9,-78
2026-08-21 03:00:07.076779,None,FC:D0:DF:B7:C7:DC,-84
2026-08-21 03:00:07.856740,None,D6:02:5B:2A:56:D1,-93
2026-08-21 03:00:17.755427,None,FC:C7:DE:13:96:86,-69
2026-08-21 03:00:22.683191,None,D0:B4:F3:CE:77:26,-83
2026-08-21 03:00:23.404422,None,7B:C1:BE:E2:CD:6B,-67
2026-08-21 03:00:38.857000,None,D6:D8:74:58:E7:78,-92
2026-08-21 03:01:04.973976,None,66:4F:5D:37:5F:CD,-101
2026-08-21 03:01:06.088968,None,76:33:08:65:90:9A,-96
2026-08-21 03:01:12.744501,20HL39284591421094,48:87:2D:89:79:5D,-94
2026-08-21 03:01:32.267459,None,EF:85:34:7F:90:27,-92
2026-08-21 03:02:02.185882,Charge 4,F1:D1:F5:5E:21:37,-89
2026-08-21 03:02:13.991096,MELK-OF21   5C,BE:28:03:00:20:5C,-95
2026-08-21 03:02:28.180835,None,6A:9B:C6:83:AC:8F,-93
2026-08-21 03:02:37.609723,None,7E:53:27:E3:F8:32,-95
2026-08-21 03:02:42.532913,None,D8:56:25:BA:FC:40,-95
2026-08-21 03:03:59.262378,None,75:B6:75:31:E9:94,-78
2026-08-21 03:03:59.271330,None,4E:42:B9:84:BD:EF,-85
2026-08-21 03:04:29.974604,None,45:AA:C1:D7:00:DA,-76
2026-08-21 03:04:45.150810,[LG] webOS TV LR600BZUC,DC:EC:4F:D3:8E:A7,-95
2026-08-21 03:05:02.508931,None,68:2B:B6:7B:66:98,-70
2026-08-21 03:05:03.131522,None,53:B6:D3:A2:DA:E8,-91
2026-08-21 03:05:03.400959,None,5E:E0:E5:94:C2:F9,-87
2026-08-21 03:05:03.580574,None,2A:43:D1:8F:EE:33,-84
2026-08-21 03:05:03.898171,None,54:7B:98:9B:C0:CE,-86
2026-08-21 03:05:26.781428,None,41:E6:C3:8F:BB:CB,-71
2026-08-21 03:05:26.825609,None,6D:2D:18:29:3F:05,-65
2026-08-21 03:05:42.441980,RIOT Plus501B6E,D8:BC:38:50:1B:6E,-95
2026-08-21 03:05:46.351698,None,E3:E9:0A:FF:67:A7,-79
2026-08-21 03:06:15.986777,None,40:62:B0:60:C0:8F,-86
2026-08-21 03:06:20.293320,None,60:EC:98:4A:35:F4,-82
2026-08-21 03:06:21.415366,None,69:F3:2F:AA:64:71,-80
2026-08-21 03:06:48.034295,None,4D:3C:9D:C5:29:B5,-67
2026-08-21 03:07:13.456034,TY,D8:D6:68:F4:C7:9F,-68
2026-08-21 03:07:39.190275,Platco PR1,B4:CB:B8:1B:D4:50,-82
2026-08-21 03:08:22.038657,None,7B:6B:A6:AB:37:EB,-85
2026-08-21 03:08:34.208217,None,F5:9D:53:0F:26:01,-70
2026-08-21 03:08:40.911502,None,44:DF:7F:1C:EF:A9,-84
2026-08-21 03:08:48.139125,113685_9C139E7A644C,9C:13:9E:7A:64:4E,-64
2026-08-21 03:08:57.695945,None,58:DD:F7:DC:AE:68,-90
2026-08-21 03:09:02.307913,ResMed 223238,E8:E0:7E:34:BB:D4,-89
2026-08-21 03:09:04.180976,Peak Pro 01502,F0:AD:4E:40:19:D5,-90
2026-08-21 03:09:32.169232,TOZO NC9,94:4B:F8:5F:14:DA,-85
2026-08-21 03:09:38.135612,None,40:2B:4C:1A:DC:AC,-91
2026-08-21 03:10:01.084897,None,E2:13:D3:F4:E7:DC,-89
2026-08-21 03:10:01.270496,None,D3:A7:04:CF:FC:65,-70
2026-08-21 03:10:01.530719,None,D5:C0:B4:3B:52:13,-81
2026-08-21 03:10:01.658116,None,D0:C6:3A:51:85:59,-87
2026-08-21 03:10:01.736082,None,D8:C0:E3:E6:53:A9,-82
2026-08-21 03:10:06.021674,None,C1:EC:DF:A8:A6:D5,-83
2026-08-21 03:10:15.502782,None,D6:02:5B:2A:56:D1,-90
2026-08-21 03:10:19.281177,None,FC:C7:DE:13:96:86,-63
2026-08-21 03:10:22.868614,None,D0:B4:F3:CE:77:26,-72
2026-08-21 03:10:41.176937,None,E5:37:98:3D:72:9E,-77
2026-08-21 03:10:42.525239,None,D6:D8:74:58:E7:78,-86
2026-08-21 03:11:12.934616,20HL39284591421094,48:87:2D:89:79:5D,-95
2026-08-21 03:11:32.953351,None,EF:85:34:7F:90:27,-79
2026-08-21 03:11:45.612324,None,7E:78:20:25:89:DB,-82
2026-08-21 03:12:08.553573,Charge 4,F1:D1:F5:5E:21:37,-81
2026-08-21 03:12:14.045514,MELK-OF21   5C,BE:28:03:00:20:5C,-93
2026-08-21 03:12:28.575777,None,6A:9B:C6:83:AC:8F,-92
2026-08-21 03:12:30.631096,None,76:33:08:65:90:9A,-100
2026-08-21 03:12:40.149097,None,7B:C1:BE:E2:CD:6B,-85
2026-08-21 03:12:41.808598,None,7E:53:27:E3:F8:32,-98
2026-08-21 03:13:12.121660,None,D8:56:25:BA:FC:40,-101
2026-08-21 03:13:59.347247,None,4E:42:B9:84:BD:EF,-81
2026-08-21 03:14:02.416235,None,6A:58:5D:51:F6:4C,-84
2026-08-21 03:14:20.838023,None,4E:08:38:EB:ED:52,-99
2026-08-21 03:14:42.744981,None,E3:78:7B:D2:BF:02,-95
2026-08-21 03:15:00.921647,None,C4:B7:74:25:54:25,-75
2026-08-21 03:15:02.097050,None,EC:46:49:BE:98:31,-78
2026-08-21 03:15:02.105979,None,D1:1A:8D:22:25:F2,-70
2026-08-21 03:15:03.562724,None,C1:25:D9:C1:65:42,-70
2026-08-21 03:15:03.653370,None,E9:36:D8:31:97:30,-81
2026-08-21 03:15:04.228970,None,DC:7D:AA:D8:6B:26,-86
2026-08-21 03:15:04.457926,None,C6:C0:4D:DF:8A:84,-84
2026-08-21 03:15:04.813060,None,45:AA:C1:D7:00:DA,-76
2026-08-21 03:15:10.513918,None,E6:5B:99:5E:9A:19,-88
2026-08-21 03:15:15.938779,None,4B:F9:44:7F:05:60,-94
2026-08-21 03:15:26.882402,None,6D:2D:18:29:3F:05,-79
2026-08-21 03:15:29.074448,None,7D:83:E8:50:AF:87,-86
2026-08-21 03:15:29.261723,None,41:E6:C3:8F:BB:CB,-79
2026-08-21 03:15:29.701154,None,D0:76:28:8C:E6:B2,-85
2026-08-21 03:15:30.252588,None,E3:66:07:9F:CE:C7,-95
2026-08-21 03:15:47.655449,None,E3:E9:0A:FF:67:A7,-82
2026-08-21 03:16:14.468112,None,CB:8F:7F:20:D6:56,-73
2026-08-21 03:16:18.621855,None,40:62:B0:60:C0:8F,-82
2026-08-21 03:16:22.600938,None,69:F3:2F:AA:64:71,-83
2026-08-21 03:16:25.489292,None,7C:2B:E0:DF:AF:92,-67
2026-08-21 03:16:48.119810,None,4D:3C:9D:C5:29:B5,-73
2026-08-21 03:17:10.070202,None,5E:E0:E5:94:C2:F9,-85
2026-08-21 03:17:10.106336,None,54:7B:98:9B:C0:CE,-92
2026-08-21 03:17:15.577572,None,53:B6:D3:A2:DA:E8,-91
2026-08-21 03:17:19.534979,RIOT Plus501B6E,D8:BC:38:50:1B:6E,-94
2026-08-21 03:17:29.221109,None,50:21:C7:30:BF:A1,-95
2026-08-21 03:17:38.223976,None,67:9F:DA:C3:0B:8B,-94
2026-08-21 03:17:39.520337,Platco PR1,B4:CB:B8:1B:D4:50,-82
2026-08-21 03:18:22.840864,None,7B:6B:A6:AB:37:EB,-85
2026-08-21 03:18:48.387086,113685_9C139E7A644C,9C:13:9E:7A:64:4E,-67
2026-08-21 03:19:02.545882,ResMed 223238,E8:E0:7E:34:BB:D4,-88
2026-08-21 03:19:04.379256,Peak Pro 01502,F0:AD:4E:40:19:D5,-84
2026-08-21 03:19:28.951576,None,44:4E:6C:8E:F9:38,-86
2026-08-21 03:19:32.231404,TOZO NC9,94:4B:F8:5F:14:DA,-85
2026-08-21 03:19:56.623621,Platco PR1,E4:A6:34:CF:38:ED,-98
2026-08-21 03:20:13.925630,None,1F:5E:6D:A9:2D:7D,-97
2026-08-21 03:20:24.841462,None,6C:02:FC:E6:81:56,-70
2026-08-21 03:20:42.751896,None,E5:37:98:3D:72:9E,-80
2026-08-21 03:21:14.075506,20HL39284591421094,48:87:2D:89:79:5D,-90
2026-08-21 03:21:18.572950,None,4B:F2:DC:4D:E2:80,-83
2026-08-21 03:21:35.405152,None,5C:BF:02:13:EE:E8,-72
2026-08-21 03:21:46.093952,None,7E:78:20:25:89:DB,-92
2026-08-21 03:22:10.766893,Charge 4,F1:D1:F5:5E:21:37,-94
2026-08-21 03:22:14.049776,MELK-OF21   5C,BE:28:03:00:20:5C,-93
2026-08-21 03:23:37.661231,None,58:90:AE:0C:C0:30,-65
2026-08-21 03:23:37.685931,None,49:DB:A4:14:50:5A,-72
2026-08-21 03:24:03.474871,None,76:E5:64:D4:7B:5F,-88
2026-08-21 03:24:03.545932,None,6A:58:5D:51:F6:4C,-71
2026-08-21 03:24:04.900612,None,7B:D6:44:42:11:C7,-98
2026-08-21 03:24:19.350107,None,5C:36:D8:DB:21:1A,-82
2026-08-21 03:24:33.525534,None,4E:08:38:EB:ED:52,-98
2026-08-21 03:25:00.978531,None,C4:B7:74:25:54:25,-73
2026-08-21 03:25:03.511501,None,EC:46:49:BE:98:31,-82
2026-08-21 03:25:03.544797,None,D1:1A:8D:22:25:F2,-70
2026-08-21 03:25:07.527727,None,DC:7D:AA:D8:6B:26,-90
2026-08-21 03:25:08.032432,None,C1:25:D9:C1:65:42,-89
2026-08-21 03:25:10.009080,None,C6:C0:4D:DF:8A:84,-83
2026-08-21 03:25:13.856269,None,E6:5B:99:5E:9A:19,-70
2026-08-21 03:25:15.252389,None,E9:36:D8:31:97:30,-95
2026-08-21 03:25:21.357587,None,7E:E7:A3:41:D0:67,-82
2026-08-21 03:25:22.829439,None,4B:F9:44:7F:05:60,-94
2026-08-21 03:25:23.389701,None,79:45:26:17:BE:C3,-83
2026-08-21 03:25:29.119858,None,7D:83:E8:50:AF:87,-85
2026-08-21 03:25:37.933526,None,E3:66:07:9F:CE:C7,-93
2026-08-21 03:25:43.694846,None,D0:76:28:8C:E6:B2,-97
2026-08-21 03:25:49.127353,None,E3:E9:0A:FF:67:A7,-82
2026-08-21 03:25:51.056299,None,D8:99:24:02:5E:C7,-74
2026-08-21 03:26:17.716593,None,CB:8F:7F:20:D6:56,-63
2026-08-21 03:26:25.704022,None,7C:2B:E0:DF:AF:92,-69
2026-08-21 03:27:13.903561,None,5B:0F:48:58:4C:CF,-85
2026-08-21 03:27:36.765895,None,50:21:C7:30:BF:A1,-93
2026-08-21 03:27:44.342804,None,67:9F:DA:C3:0B:8B,-98
2026-08-21 03:27:44.421231,Platco PR1,B4:CB:B8:1B:D4:50,-86
2026-08-21 03:28:17.125718,RIOT Plus501B6E,D8:BC:38:50:1B:6E,-93
2026-08-21 03:28:48.522930,113685_9C139E7A644C,9C:13:9E:7A:64:4E,-66
2026-08-21 03:29:03.419350,ResMed 223238,E8:E0:7E:34:BB:D4,-86
2026-08-21 03:29:06.710325,Peak Pro 01502,F0:AD:4E:40:19:D5,-87
2026-08-21 03:29:29.006908,None,44:4E:6C:8E:F9:38,-85
2026-08-21 03:29:34.183356,TOZO NC9,94:4B:F8:5F:14:DA,-85
2026-08-21 03:29:50.205872,None,49:1D:41:10:AE:6B,-94
2026-08-21 03:30:02.102856,None,E1:E2:DF:77:A9:CE,-85
2026-08-21 03:30:02.136502,None,E9:07:6A:9E:BF:B1,-83
2026-08-21 03:30:02.305722,None,CE:D9:12:FC:3A:6F,-83
2026-08-21 03:30:02.383896,None,DD:99:23:FF:6A:7C,-83
2026-08-21 03:30:02.748934,None,FD:A3:76:84:28:A9,-69
2026-08-21 03:30:03.505513,None,DA:E9:19:97:0C:00,-93
2026-08-21 03:30:04.139657,None,D9:CD:32:2E:43:E7,-74
2026-08-21 03:30:04.621313,None,DB:CB:D1:09:E9:F8,-81
2026-08-21 03:30:09.556240,None,F5:44:22:2C:01:C9,-72
2026-08-21 03:30:20.317669,None,F3:A5:4A:7C:59:0C,-93
2026-08-21 03:30:25.659020,None,E3:81:EF:B6:62:E1,-84
2026-08-21 03:31:14.816336,20HL39284591421094,48:87:2D:89:79:5D,-91
2026-08-21 03:31:28.140497,None,C3:78:B6:31:CF:71,-99
2026-08-21 03:31:35.682942,None,5C:BF:02:13:EE:E8,-69
2026-08-21 03:32:16.144337,MELK-OF21   5C,BE:28:03:00:20:5C,-92
2026-08-21 03:32:18.361895,Charge 4,F1:D1:F5:5E:21:37,-90
2026-08-21 03:32:26.365359,None,79:43:04:9B:58:88,-92
2026-08-21 03:32:37.963887,None,6A:35:DB:83:0C:FA,-94
2026-08-21 03:32:40.131917,None,7F:F9:52:59:55:AA,-94
2026-08-21 03:33:37.740472,None,58:90:AE:0C:C0:30,-79
2026-08-21 03:33:37.780626,None,49:DB:A4:14:50:5A,-77
2026-08-21 03:33:42.396562,None,5D:9A:6B:8E:89:EB,-97
2026-08-21 03:34:03.782648,None,6A:58:5D:51:F6:4C,-84
2026-08-21 03:34:44.075572,None,76:E5:64:D4:7B:5F,-85
2026-08-21 03:34:47.048720,None,F2:23:5A:F6:60:68,-86
2026-08-21 03:35:00.659974,None,C8:E2:EA:F0:F1:59,-98
2026-08-21 03:35:01.770924,None,4E:08:38:EB:ED:52,-95
2026-08-21 03:35:19.155852,None,7C:2C:1D:A7:55:D7,-95
2026-08-21 03:35:19.275377,None,65:A7:88:83:FA:8E,-77
2026-08-21 03:35:21.443389,None,7E:E7:A3:41:D0:67,-84
2026-08-21 03:35:29.094014,None,79:45:26:17:BE:C3,-84
2026-08-21 03:35:29.573936,None,7D:83:E8:50:AF:87,-82
2026-08-21 03:35:44.456207,None,74:92:BA:B4:B7:D7,-88
2026-08-21 03:35:49.717514,None,74:E2:AC:3C:0C:CF,-94
2026-08-21 03:35:54.418147,None,E3:E9:0A:FF:67:A7,-78
2026-08-21 03:35:54.572229,None,D8:99:24:02:5E:C7,-73
2026-08-21 03:36:06.038985,None,50:A6:E2:B9:72:2E,-83
2026-08-21 03:37:14.251526,None,5B:0F:48:58:4C:CF,-79
2026-08-21 03:37:49.260762,Platco PR1,B4:CB:B8:1B:D4:50,-82
2026-08-21 03:37:55.260551,Platco PR1,E4:A6:34:CF:38:ED,-97
2026-08-21 03:38:17.919882,RIOT Plus501B6E,D8:BC:38:50:1B:6E,-94
2026-08-21 03:38:50.341509,113685_9C139E7A644C,9C:13:9E:7A:64:4E,-64
2026-08-21 03:39:04.445823,ResMed 223238,E8:E0:7E:34:BB:D4,-86
2026-08-21 03:39:06.864642,Peak Pro 01502,F0:AD:4E:40:19:D5,-93
2026-08-21 03:39:30.172268,None,60:63:DD:18:DB:86,-62
2026-08-21 03:39:30.298149,None,44:4E:6C:8E:F9:38,-83
2026-08-21 03:39:30.435615,None,54:1D:1B:AF:53:C6,-73
2026-08-21 03:39:34.313891,TOZO NC9,94:4B:F8:5F:14:DA,-90
2026-08-21 03:39:47.363841,None,7B:D6:44:42:11:C7,-94
2026-08-21 03:39:50.337145,None,49:1D:41:10:AE:6B,-85
2026-08-21 03:40:02.496055,None,DD:99:23:FF:6A:7C,-69
2026-08-21 03:40:02.735436,None,65:34:F7:04:96:77,-86
2026-08-21 03:40:03.619337,None,E1:E2:DF:77:A9:CE,-80
2026-08-21 03:40:04.276863,None,FD:A3:76:84:28:A9,-74
2026-08-21 03:40:04.744121,None,DA:E9:19:97:0C:00,-78
2026-08-21 03:40:05.546072,None,D9:CD:32:2E:43:E7,-67
2026-08-21 03:40:05.596144,None,E9:07:6A:9E:BF:B1,-79
2026-08-21 03:40:09.109407,None,DB:CB:D1:09:E9:F8,-76
2026-08-21 03:40:11.992080,None,F5:44:22:2C:01:C9,-69
2026-08-21 03:40:12.015147,None,CE:D9:12:FC:3A:6F,-82
2026-08-21 03:40:22.314696,None,C6:7A:54:D6:3F:E2,-95
2026-08-21 03:40:22.755307,None,46:AF:D9:2F:AC:8B,-92
2026-08-21 03:40:23.966519,None,F3:A5:4A:7C:59:0C,-94
2026-08-21 03:40:51.395370,None,E3:81:EF:B6:62:E1,-85
2026-08-21 03:40:54.837564,None,F3:87:FB:4A:FF:C9,-76
2026-08-21 03:40:59.717751,None,50:C3:59:4E:DF:5C,-98
2026-08-21 03:41:15.093740,20HL39284591421094,48:87:2D:89:79:5D,-94
2026-08-21 03:41:43.904048,None,5A:11:80:D9:9C:F9,-103
2026-08-21 03:42:16.229046,MELK-OF21   5C,BE:28:03:00:20:5C,-93
2026-08-21 03:42:29.612378,None,79:43:04:9B:58:88,-93
2026-08-21 03:42:32.423467,Charge 4,F1:D1:F5:5E:21:37,-83
2026-08-21 03:42:42.947440,None,7F:F9:52:59:55:AA,-94
2026-08-21 03:43:49.591135,None,67:0F:D4:4C:0E:12,-92
2026-08-21 03:44:59.258400,None,59:09:18:F7:8A:41,-99
2026-08-21 03:45:00.108561,None,CE:F7:6A:70:F8:91,-67
2026-08-21 03:45:00.341845,None,C1:6B:9B:0E:4D:F8,-84
2026-08-21 03:45:00.506112,None,FC:9A:ED:80:40:30,-76
2026-08-21 03:45:03.515115,None,F9:33:2C:F8:21:B5,-76
2026-08-21 03:45:04.118582,None,D6:D8:75:0F:32:87,-78
2026-08-21 03:45:06.518290,None,F5:D6:15:1C:13:F1,-64
2026-08-21 03:45:10.648475,None,D7:2F:21:96:29:7D,-84
2026-08-21 03:45:12.125754,None,CA:37:1D:01:A7:7A,-76
2026-08-21 03:45:19.399908,None,65:A7:88:83:FA:8E,-74
2026-08-21 03:45:20.160638,None,7C:2C:1D:A7:55:D7,-95
2026-08-21 03:45:22.067860,None,7E:E7:A3:41:D0:67,-84
2026-08-21 03:45:27.349559,None,F0:F2:F4:6D:A9:28,-99
2026-08-21 03:45:32.414435,None,79:45:26:17:BE:C3,-81
2026-08-21 03:45:34.070627,None,4C:71:CA:51:B4:6D,-74
2026-08-21 03:45:42.705196,None,F9:D2:82:59:C4:02,-76
2026-08-21 03:45:45.714172,None,74:92:BA:B4:B7:D7,-83
2026-08-21 03:45:55.623814,None,E3:E9:0A:FF:67:A7,-78
2026-08-21 03:46:06.995130,None,50:A6:E2:B9:72:2E,-82
2026-08-21 03:46:10.422839,None,74:E2:AC:3C:0C:CF,-103
2026-08-21 03:46:27.944439,None,7B:A6:CF:3F:0B:55,-77
2026-08-21 03:47:26.962272,None,76:CF:CA:79:C0:07,-89
2026-08-21 03:47:28.664232,None,55:E4:8A:C3:23:8C,-86
2026-08-21 03:47:31.742659,None,5F:B2:6D:0F:87:6A,-91
2026-08-21 03:47:38.590647,None,D2:D0:92:1F:48:D2,-68
2026-08-21 03:47:39.645737,None,5D:5F:5C:A5:DE:F2,-97
2026-08-21 03:47:47.215079,None,68:F9:AB:AF:97:7B,-100
2026-08-21 03:47:54.128666,Platco PR1,B4:CB:B8:1B:D4:50,-84
2026-08-21 03:48:22.450152,RIOT Plus501B6E,D8:BC:38:50:1B:6E,-94
2026-08-21 03:48:50.407951,113685_9C139E7A644C,9C:13:9E:7A:64:4E,-66
2026-08-21 03:49:04.833294,ResMed 223238,E8:E0:7E:34:BB:D4,-89
2026-08-21 03:49:07.032562,Peak Pro 01502,F0:AD:4E:40:19:D5,-93
2026-08-21 03:49:32.051608,None,60:63:DD:18:DB:86,-78
2026-08-21 03:49:34.320232,TOZO NC9,94:4B:F8:5F:14:DA,-91
2026-08-21 03:50:02.764185,None,65:34:F7:04:96:77,-76
2026-08-21 03:50:56.276982,None,F3:87:FB:4A:FF:C9,-70
2026-08-21 03:50:59.847082,None,50:C3:59:4E:DF:5C,-87
2026-08-21 03:51:16.867742,20HL39284591421094,48:87:2D:89:79:5D,-95
2026-08-21 03:52:16.595404,MELK-OF21   5C,BE:28:03:00:20:5C,-93
2026-08-21 03:52:35.990442,Charge 4,F1:D1:F5:5E:21:37,-81
2026-08-21 03:53:17.817501,Platco PR1,E4:A6:34:CF:38:ED,-98
2026-08-21 03:53:23.784944,None,57:E5:88:AE:8B:4F,-96
2026-08-21 03:53:26.304864,None,64:20:36:00:9B:EA,-77
2026-08-21 03:53:30.777529,None,4A:DE:30:5B:B7:4B,-90
2026-08-21 03:53:30.805654,None,F4:EB:B9:52:B4:29,-91
2026-08-21 03:53:33.312785,None,66:F9:42:D7:62:1B,-94
2026-08-21 03:53:37.483805,None,73:47:29:46:AE:38,-72
2026-08-21 03:54:20.053890,None,79:D8:2C:54:EB:63,-81
2026-08-21 03:55:02.019027,None,C1:6B:9B:0E:4D:F8,-83
2026-08-21 03:55:02.317637,None,52:5C:03:BB:A8:70,-83
2026-08-21 03:55:02.338464,None,5C:24:93:A7:1E:BF,-84
2026-08-21 03:55:03.565320,None,CE:F7:6A:70:F8:91,-77
2026-08-21 03:55:04.630167,None,F9:33:2C:F8:21:B5,-86
2026-08-21 03:55:04.837127,None,FC:9A:ED:80:40:30,-73
2026-08-21 03:55:05.662430,None,D6:D8:75:0F:32:87,-76
2026-08-21 03:55:10.960938,None,F5:D6:15:1C:13:F1,-66
2026-08-21 03:55:12.260450,None,D7:2F:21:96:29:7D,-96
2026-08-21 03:55:17.564944,None,CA:37:1D:01:A7:7A,-76
2026-08-21 03:55:23.979940,None,7C:2C:1D:A7:55:D7,-95
2026-08-21 03:55:32.875383,None,F0:F2:F4:6D:A9:28,-93
2026-08-21 03:55:34.553805,None,4C:71:CA:51:B4:6D,-81
2026-08-21 03:55:45.156615,None,F9:D2:82:59:C4:02,-73
2026-08-21 03:55:46.103012,None,74:92:BA:B4:B7:D7,-84
2026-08-21 03:55:52.803587,None,F1:C8:BC:52:4A:91,-103
2026-08-21 03:55:59.148035,None,E3:E9:0A:FF:67:A7,-80
2026-08-21 03:56:00.089410,None,F7:31:D8:7F:5A:FD,-77
2026-08-21 03:56:07.157272,None,50:A6:E2:B9:72:2E,-83
2026-08-21 03:56:09.954634,None,58:20:4B:FE:8B:01,-82
2026-08-21 03:57:15.801548,None,7B:A6:CF:3F:0B:55,-74
2026-08-21 03:57:22.753608,None,6A:84:DC:7E:65:5E,-95
2026-08-21 03:57:22.811497,None,6A:83:5F:D0:93:2C,-91
2026-08-21 03:57:25.341140,None,52:00:D8:73:43:29,-94
2026-08-21 03:57:26.964247,None,76:CF:CA:79:C0:07,-96
2026-08-21 03:57:39.453233,None,D2:D0:92:1F:48:D2,-64
2026-08-21 03:57:39.969217,None,5D:5F:5C:A5:DE:F2,-93
2026-08-21 03:57:54.465397,Platco PR1,B4:CB:B8:1B:D4:50,-86
2026-08-21 03:58:12.931203,None,68:F9:AB:AF:97:7B,-94
2026-08-21 03:58:34.625277,RIOT Plus501B6E,D8:BC:38:50:1B:6E,-94
2026-08-21 03:58:50.446967,113685_9C139E7A644C,9C:13:9E:7A:64:4E,-64
2026-08-21 03:59:05.387542,ResMed 223238,E8:E0:7E:34:BB:D4,-89
2026-08-21 03:59:08.499452,Peak Pro 01502,F0:AD:4E:40:19:D5,-85
2026-08-21 03:59:33.588688,None,60:63:DD:18:DB:86,-80
2026-08-21 03:59:36.739835,TOZO NC9,94:4B:F8:5F:14:DA,-80
2026-08-21 04:00:00.099677,None,CC:A3:69:4D:DA:92,-76
2026-08-21 04:00:00.111564,None,F2:73:20:EA:A7:FB,-76
2026-08-21 04:00:00.426804,None,F9:59:FB:40:7C:BB,-84
2026-08-21 04:00:00.450690,None,EF:DC:44:24:05:BA,-73
2026-08-21 04:00:01.595336,None,D2:3F:95:C4:82:0D,-88
2026-08-21 04:00:02.525779,None,C7:80:5A:74:E9:2E,-80
2026-08-21 04:00:05.169200,None,F4:07:5B:37:F8:50,-78
2026-08-21 04:00:05.212806,None,FD:31:0E:8A:DF:8D,-87
2026-08-21 04:00:12.133074,None,E4:E0:E8:17:03:13,-66
2026-08-21 04:00:15.766482,None,C2:CE:C1:F6:BE:77,-87
2026-08-21 04:00:36.729499,None,68:70:6C:A0:AB:66,-98
2026-08-21 04:00:44.742235,None,DF:DB:A4:CE:36:FC,-92
2026-08-21 04:00:50.057990,None,4C:5F:0B:FC:81:78,-86
2026-08-21 04:01:00.959439,None,50:C3:59:4E:DF:5C,-88
2026-08-21 04:01:23.204738,20HL39284591421094,48:87:2D:89:79:5D,-95
2026-08-21 04:01:54.093442,RB Meta 01LL,64:37:98:35:0F:9B,-87
2026-08-21 04:02:06.494353,None,5A:35:B3:64:55:7A,-89
2026-08-21 04:02:18.409912,MELK-OF21   5C,BE:28:03:00:20:5C,-94
2026-08-21 04:02:28.021920,None,73:CE:58:64:E4:4A,-92
2026-08-21 04:02:39.698521,Charge 4,F1:D1:F5:5E:21:37,-83
2026-08-21 04:02:39.810395,None,52:00:1C:25:CC:46,-94
2026-08-21 04:03:11.713752,None,42:7D:59:62:D9:A8,-92
2026-08-21 04:03:26.488243,None,64:20:36:00:9B:EA,-73
2026-08-21 04:03:37.852979,None,73:47:29:46:AE:38,-71
2026-08-21 04:04:20.506500,None,79:D8:2C:54:EB:63,-67
2026-08-21 04:05:02.552047,None,52:5C:03:BB:A8:70,-82
2026-08-21 04:05:03.203651,None,5C:24:93:A7:1E:BF,-82
2026-08-21 04:05:08.275094,None,71:52:61:F8:0D:11,-63
2026-08-21 04:05:29.959952,None,40:CB:F7:BD:99:ED,-70
2026-08-21 04:06:06.366799,None,E3:E9:0A:FF:67:A7,-83
2026-08-21 04:06:07.645260,None,F7:31:D8:7F:5A:FD,-75
2026-08-21 04:06:11.666486,None,58:20:4B:FE:8B:01,-83
2026-08-21 04:06:14.098370,None,5B:99:DF:05:19:28,-74
2026-08-21 04:07:15.693578,None,5C:B3:FE:32:66:5F,-78
2026-08-21 04:07:59.336481,Platco PR1,B4:CB:B8:1B:D4:50,-89
2026-08-21 04:08:14.664993,None,68:F9:AB:AF:97:7B,-98
2026-08-21 04:08:40.437050,RIOT Plus501B6E,D8:BC:38:50:1B:6E,-94
2026-08-21 04:08:52.688283,113685_9C139E7A644C,9C:13:9E:7A:64:4E,-65
2026-08-21 04:09:07.044337,ResMed 223238,E8:E0:7E:34:BB:D4,-90
2026-08-21 04:09:08.532884,Peak Pro 01502,F0:AD:4E:40:19:D5,-91
2026-08-21 04:09:22.234779,None,52:99:C7:D1:4A:32,-98
2026-08-21 04:09:36.819044,TOZO NC9,94:4B:F8:5F:14:DA,-87
2026-08-21 04:10:00.572119,None,EF:DC:44:24:05:BA,-72
2026-08-21 04:10:03.588299,None,F2:73:20:EA:A7:FB,-81
2026-08-21 04:10:03.619356,None,CC:A3:69:4D:DA:92,-76
2026-08-21 04:10:04.129107,None,F9:59:FB:40:7C:BB,-85
2026-08-21 04:10:04.367471,None,C7:80:5A:74:E9:2E,-75
2026-08-21 04:10:04.983928,None,D2:3F:95:C4:82:0D,-74
2026-08-21 04:10:05.381982,None,FD:31:0E:8A:DF:8D,-88
2026-08-21 04:10:07.082179,None,F4:07:5B:37:F8:50,-66
2026-08-21 04:10:13.590312,None,E4:E0:E8:17:03:13,-75
2026-08-21 04:10:20.837038,None,C2:CE:C1:F6:BE:77,-86
2026-08-21 04:10:38.971113,None,68:70:6C:A0:AB:66,-91
2026-08-21 04:10:46.444383,None,DF:DB:A4:CE:36:FC,-92
2026-08-21 04:10:50.061890,None,4C:5F:0B:FC:81:78,-90
2026-08-21 04:11:07.227895,None,F0:1C:71:63:06:B7,-70
2026-08-21 04:11:23.377644,20HL39284591421094,48:87:2D:89:79:5D,-92
2026-08-21 04:12:18.588790,MELK-OF21   5C,BE:28:03:00:20:5C,-97
2026-08-21 04:12:28.536786,None,73:CE:58:64:E4:4A,-94
2026-08-21 04:12:40.839699,Charge 4,F1:D1:F5:5E:21:37,-84
2026-08-21 04:12:41.607245,None,52:00:1C:25:CC:46,-97
2026-08-21 04:13:13.105708,None,42:7D:59:62:D9:A8,-94
2026-08-21 04:13:27.142256,None,64:20:36:00:9B:EA,-76
2026-08-21 04:13:43.010804,Platco PR1,E4:A6:34:CF:38:ED,-99
2026-08-21 04:14:27.290308,None,60:97:6A:05:D6:31,-76
2026-08-21 04:15:00.103637,None,F0:1F:C8:EA:25:B7,-78
2026-08-21 04:15:00.114246,None,DB:54:47:47:DA:20,-63
2026-08-21 04:15:00.118891,None,D6:3F:2D:49:F4:2D,-75
2026-08-21 04:15:00.368704,None,E1:87:33:40:03:09,-85
2026-08-21 04:15:00.473165,None,F6:F0:3C:E4:19:DE,-85
2026-08-21 04:15:00.941015,None,E5:8C:38:11:BB:F9,-71
2026-08-21 04:15:01.120869,None,D3:BF:F3:69:13:A6,-75
2026-08-21 04:15:02.634543,None,52:5C:03:BB:A8:70,-85
2026-08-21 04:15:06.195680,None,C8:2C:5B:52:81:EE,-62
2026-08-21 04:15:10.189190,None,71:52:61:F8:0D:11,-64
2026-08-21 04:15:14.482991,None,5C:24:93:A7:1E:BF,-85
2026-08-21 04:15:29.984462,None,40:CB:F7:BD:99:ED,-74
2026-08-21 04:15:51.067658,None,F1:D9:4C:B9:4B:11,-92
2026-08-21 04:16:09.635807,None,E3:E9:0A:FF:67:A7,-81
2026-08-21 04:16:11.818313,None,58:20:4B:FE:8B:01,-88
2026-08-21 04:16:16.507629,None,5B:99:DF:05:19:28,-70
2026-08-21 04:16:17.955604,None,66:4B:63:70:16:4F,-84
2026-08-21 04:16:37.291431,None,60:B4:A7:BC:C7:2D,-68
2026-08-21 04:16:37.791434,None,E2:EF:FA:29:18:FD,-74
2026-08-21 04:17:17.040986,None,F0:40:28:77:E9:99,-103
2026-08-21 04:17:26.658809,None,43:38:D9:D0:8A:D8,-94
2026-08-21 04:17:37.474199,None,7B:68:7F:3E:01:03,-97
2026-08-21 04:18:09.200669,Platco PR1,B4:CB:B8:1B:D4:50,-85
2026-08-21 04:18:44.229968,RIOT Plus501B6E,D8:BC:38:50:1B:6E,-95
2026-08-21 04:18:52.827217,113685_9C139E7A644C,9C:13:9E:7A:64:4E,-69
2026-08-21 04:19:07.121049,ResMed 223238,E8:E0:7E:34:BB:D4,-88
2026-08-21 04:19:09.343045,Peak Pro 01502,F0:AD:4E:40:19:D5,-93
2026-08-21 04:19:28.742187,None,52:99:C7:D1:4A:32,-95
2026-08-21 04:19:36.862984,TOZO NC9,94:4B:F8:5F:14:DA,-88
2026-08-21 04:20:06.156534,None,D2:3F:95:C4:82:0D,-74
2026-08-21 04:20:06.242661,None,F8:4E:58:0B:C3:AF,-97
2026-08-21 04:20:39.655689,None,68:70:6C:A0:AB:66,-92
2026-08-21 04:20:51.089580,None,4C:5F:0B:FC:81:78,-90
2026-08-21 04:21:05.182534,None,78:BE:01:A0:C8:B5,-93
2026-08-21 04:21:08.635622,None,F0:1C:71:63:06:B7,-74
2026-08-21 04:21:18.945356,None,49:78:9C:0B:A8:74,-93
2026-08-21 04:21:23.718715,20HL39284591421094,48:87:2D:89:79:5D,-92
2026-08-21 04:21:57.675248,None,5D:6E:1C:DB:E9:72,-73
2026-08-21 04:22:12.459787,None,78:CB:08:11:CF:68,-82
2026-08-21 04:22:18.509087,None,4D:6B:C1:95:57:0A,-83
2026-08-21 04:22:18.936057,MELK-OF21   5C,BE:28:03:00:20:5C,-94
2026-08-21 04:22:31.918718,None,D0:87:4C:D3:FD:13,-75
2026-08-21 04:22:36.599535,None,78:62:0B:85:0C:64,-86
2026-08-21 04:22:36.669041,None,5D:E5:B3:F4:56:C9,-84
2026-08-21 04:22:36.867427,None,7B:BD:82:5B:62:22,-86
2026-08-21 04:22:39.999650,None,D1:8C:1E:96:D7:80,-93
2026-08-21 04:22:44.401457,Charge 4,F1:D1:F5:5E:21:37,-84
2026-08-21 04:23:13.606475,None,42:7D:59:62:D9:A8,-85
2026-08-21 04:23:40.899475,None,7C:E7:2C:D2:AC:15,-65
2026-08-21 04:24:07.830236,None,48:1A:E0:7C:51:B5,-87
2026-08-21 04:24:29.118116,None,60:97:6A:05:D6:31,-74
2026-08-21 04:25:01.028926,None,F6:F0:3C:E4:19:DE,-83
2026-08-21 04:25:01.450247,None,DB:54:47:47:DA:20,-76
2026-08-21 04:25:01.786655,None,D6:3F:2D:49:F4:2D,-92
2026-08-21 04:25:04.146483,None,D3:BF:F3:69:13:A6,-73
2026-08-21 04:25:04.696761,None,E5:8C:38:11:BB:F9,-79
2026-08-21 04:25:05.531128,None,F0:1F:C8:EA:25:B7,-79
2026-08-21 04:25:07.149788,None,C8:2C:5B:52:81:EE,-62
2026-08-21 04:25:39.896464,None,E1:87:33:40:03:09,-85
2026-08-21 04:25:43.927416,Platco PR1,E4:A6:34:CF:38:ED,-100
2026-08-21 04:25:54.826436,None,F1:D9:4C:B9:4B:11,-96
2026-08-21 04:26:12.237950,None,E3:E9:0A:FF:67:A7,-79
2026-08-21 04:26:15.419534,None,DC:79:24:BD:E1:4C,-73
2026-08-21 04:26:18.192588,None,66:4B:63:70:16:4F,-87
2026-08-21 04:26:39.283691,None,E2:EF:FA:29:18:FD,-74
2026-08-21 04:26:45.995069,None,CC:9D:73:B5:8F:A9,-98
2026-08-21 04:27:26.967642,None,43:38:D9:D0:8A:D8,-99
2026-08-21 04:27:43.627568,None,7B:68:7F:3E:01:03,-98
2026-08-21 04:28:14.072838,Platco PR1,B4:CB:B8:1B:D4:50,-85
2026-08-21 04:28:50.299813,RIOT Plus501B6E,D8:BC:38:50:1B:6E,-93
2026-08-21 04:28:53.214904,113685_9C139E7A644C,9C:13:9E:7A:64:4E,-63
2026-08-21 04:29:10.369000,Peak Pro 01502,F0:AD:4E:40:19:D5,-91
2026-08-21 04:29:10.973542,ResMed 223238,E8:E0:7E:34:BB:D4,-88
2026-08-21 04:29:38.937540,TOZO NC9,94:4B:F8:5F:14:DA,-86
2026-08-21 04:30:00.085307,None,E3:7B:03:4B:96:E4,-78
2026-08-21 04:30:00.091279,None,D0:95:B2:34:58:B9,-71
2026-08-21 04:30:00.096748,None,DC:34:C2:21:C9:A2,-74
2026-08-21 04:30:00.505177,None,CD:BD:D7:59:77:C3,-83
2026-08-21 04:30:01.100235,None,E5:0C:C8:AD:B2:B9,-72
2026-08-21 04:30:01.287861,None,D3:43:65:64:C7:FC,-70
2026-08-21 04:30:01.331787,None,F6:D9:97:95:11:EF,-66
2026-08-21 04:30:04.193137,None,D6:AF:15:61:49:F9,-98
2026-08-21 04:31:05.406262,None,78:BE:01:A0:C8:B5,-98
2026-08-21 04:31:06.016362,None,DE:55:7D:83:F1:D1,-90
2026-08-21 04:31:19.107446,None,49:78:9C:0B:A8:74,-89
2026-08-21 04:31:24.096968,20HL39284591421094,48:87:2D:89:79:5D,-93
2026-08-21 04:31:59.433709,None,5D:6E:1C:DB:E9:72,-74
2026-08-21 04:32:13.812243,None,78:CB:08:11:CF:68,-84
2026-08-21 04:32:20.760966,MELK-OF21   5C,BE:28:03:00:20:5C,-93
2026-08-21 04:32:20.887319,None,4D:6B:C1:95:57:0A,-84
2026-08-21 04:32:27.897056,None,57:A9:12:23:78:0F,-93
2026-08-21 04:32:37.593370,None,7B:BD:82:5B:62:22,-91
2026-08-21 04:32:37.619243,None,D9:08:0F:25:5F:97,-85
2026-08-21 04:32:37.802157,None,5D:E5:B3:F4:56:C9,-95
2026-08-21 04:32:38.639639,None,66:7D:7D:80:1B:39,-94
2026-08-21 04:32:39.418845,None,D0:87:4C:D3:FD:13,-74
2026-08-21 04:32:58.085923,None,E5:D5:30:BE:78:77,-96
2026-08-21 04:32:59.734201,Charge 4,F1:D1:F5:5E:21:37,-94
2026-08-21 04:33:10.747224,None,C8:4F:DD:3B:62:54,-73
2026-08-21 04:33:53.946278,None,7C:E7:2C:D2:AC:15,-63
2026-08-21 04:34:07.895576,None,48:1A:E0:7C:51:B5,-85
2026-08-21 04:34:14.860996,None,60:B4:A7:BC:C7:2D,-70
2026-08-21 04:34:29.205481,None,60:97:6A:05:D6:31,-76
2026-08-21 04:34:30.728674,None,78:62:0B:85:0C:64,-85
2026-08-21 04:34:48.318070,None,42:02:7E:E9:A7:A6,-71
2026-08-21 04:34:48.723468,None,7B:6A:31:83:63:D5,-73
2026-08-21 04:34:48.781085,None,56:90:D1:9E:32:0F,-72
2026-08-21 04:35:49.142436,None,61:25:21:A3:5A:24,-74
2026-08-21 04:36:14.299004,None,E3:E9:0A:FF:67:A7,-81
2026-08-21 04:36:17.056732,None,DC:79:24:BD:E1:4C,-70
2026-08-21 04:36:20.291987,None,66:4B:63:70:16:4F,-85
2026-08-21 04:37:24.332394,Platco PR1,E4:A6:34:CF:38:ED,-98
2026-08-21 04:38:24.405400,Platco PR1,B4:CB:B8:1B:D4:50,-87
2026-08-21 04:38:52.388870,RIOT Plus501B6E,D8:BC:38:50:1B:6E,-95
2026-08-21 04:38:54.776218,113685_9C139E7A644C,9C:13:9E:7A:64:4E,-69
2026-08-21 04:39:10.408770,Peak Pro 01502,F0:AD:4E:40:19:D5,-95
2026-08-21 04:39:11.680475,ResMed 223238,E8:E0:7E:34:BB:D4,-89
2026-08-21 04:39:38.944956,TOZO NC9,94:4B:F8:5F:14:DA,-87
2026-08-21 04:39:44.755275,None,5F:B3:EB:F6:AD:E6,-81
2026-08-21 04:39:54.911040,None,32:36:39:93:4A:16,-81
2026-08-21 04:40:01.452449,None,E3:7B:03:4B:96:E4,-81
2026-08-21 04:40:01.499438,None,D3:43:65:64:C7:FC,-70
2026-08-21 04:40:01.752452,None,E5:0C:C8:AD:B2:B9,-70
2026-08-21 04:40:05.457902,None,DC:34:C2:21:C9:A2,-79
2026-08-21 04:40:05.579472,None,D0:95:B2:34:58:B9,-74
2026-08-21 04:40:05.715406,None,D6:AF:15:61:49:F9,-84
2026-08-21 04:40:06.226417,None,CD:BD:D7:59:77:C3,-86
2026-08-21 04:40:06.933385,None,F6:D9:97:95:11:EF,-64
2026-08-21 04:40:22.388754,None,54:14:19:3B:B5:F6,-97
2026-08-21 04:40:26.138079,None,55:3A:EE:E6:47:F1,-74
2026-08-21 04:40:27.320513,None,C1:1B:B4:CB:A8:8A,-75
2026-08-21 04:41:05.967540,None,78:BE:01:A0:C8:B5,-97
2026-08-21 04:41:09.654769,None,DE:55:7D:83:F1:D1,-89
2026-08-21 04:41:16.696339,None,E6:0D:44:4A:E1:3F,-75
2026-08-21 04:41:19.228724,None,49:78:9C:0B:A8:74,-90
2026-08-21 04:41:24.200151,20HL39284591421094,48:87:2D:89:79:5D,-93
2026-08-21 04:42:14.096583,None,78:CB:08:11:CF:68,-84
2026-08-21 04:42:14.504578,None,79:F7:42:C7:46:D3,-63
2026-08-21 04:42:20.833698,MELK-OF21   5C,BE:28:03:00:20:5C,-95
2026-08-21 04:42:22.520413,None,4D:6B:C1:95:57:0A,-83
2026-08-21 04:42:30.451662,None,57:A9:12:23:78:0F,-96
2026-08-21 04:42:47.932641,None,66:7D:7D:80:1B:39,-96
2026-08-21 04:43:02.156263,Charge 4,F1:D1:F5:5E:21:37,-84
2026-08-21 04:43:12.170707,None,C8:4F:DD:3B:62:54,-83
2026-08-21 04:43:51.627945,None,7D:F4:7A:9C:9C:57,-92
2026-08-21 04:43:51.945331,None,6F:36:5C:B6:2D:85,-93
2026-08-21 04:43:53.661493,None,4D:A9:68:BD:13:3F,-86
2026-08-21 04:44:08.292829,None,48:1A:E0:7C:51:B5,-87
2026-08-21 04:44:08.847064,None,57:B4:F1:12:F9:24,-89
2026-08-21 04:44:49.795846,None,56:90:D1:9E:32:0F,-69
2026-08-21 04:45:02.079419,None,EF:26:70:C4:1D:51,-67
2026-08-21 04:45:02.119831,None,E9:C6:9A:9E:1E:F8,-75
2026-08-21 04:45:02.337644,None,EA:36:4B:BB:EC:00,-64
2026-08-21 04:45:02.655348,None,CE:25:31:1C:21:FC,-78
2026-08-21 04:45:04.086510,None,F6:A3:5C:23:22:30,-74
2026-08-21 04:45:04.103497,None,EC:46:A6:97:1F:30,-91
2026-08-21 04:45:04.450617,None,D4:BF:CB:C8:FC:C6,-82
2026-08-21 04:45:22.621610,None,51:6D:6D:E4:6D:56,-87
2026-08-21 04:45:24.650881,None,E2:3B:68:78:A9:30,-86
2026-08-21 04:45:50.741769,None,61:25:21:A3:5A:24,-73
2026-08-21 04:45:52.205349,None,C6:8F:82:34:19:32,-90
2026-08-21 04:46:15.644907,None,E3:E9:0A:FF:67:A7,-77
2026-08-21 04:46:26.605901,None,F6:E4:71:9E:F9:A4,-75
2026-08-21 04:47:23.337436,None,52:D1:61:70:1E:EA,-93
2026-08-21 04:47:23.514991,None,5A:C9:38:FF:2F:88,-92
2026-08-21 04:47:25.830700,None,52:CE:B7:24:4E:0C,-93
2026-08-21 04:47:26.111924,None,7C:02:AE:19:6B:22,-94
2026-08-21 04:47:36.423766,None,7D:3B:39:B0:9E:AA,-95
2026-08-21 04:47:37.238773,None,6C:52:80:5A:1E:E3,-74
2026-08-21 04:48:34.258897,Platco PR1,B4:CB:B8:1B:D4:50,-89
2026-08-21 04:48:54.909342,113685_9C139E7A644C,9C:13:9E:7A:64:4E,-65
2026-08-21 04:49:11.529403,Peak Pro 01502,F0:AD:4E:40:19:D5,-96
2026-08-21 04:49:11.832845,RIOT Plus501B6E,D8:BC:38:50:1B:6E,-93
2026-08-21 04:49:11.900641,ResMed 223238,E8:E0:7E:34:BB:D4,-87
2026-08-21 04:49:44.828711,None,5F:B3:EB:F6:AD:E6,-81
2026-08-21 04:50:26.321003,None,55:3A:EE:E6:47:F1,-76
2026-08-21 04:50:28.769995,None,C1:1B:B4:CB:A8:8A,-75
2026-08-21 04:51:18.228956,None,E6:0D:44:4A:E1:3F,-73
2026-08-21 04:51:20.817468,None,51:62:53:90:52:98,-72
2026-08-21 04:51:25.143020,20HL39284591421094,48:87:2D:89:79:5D,-93
2026-08-21 04:52:17.466652,None,79:F7:42:C7:46:D3,-64
2026-08-21 04:52:20.909762,MELK-OF21   5C,BE:28:03:00:20:5C,-94
2026-08-21 04:52:27.902936,None,CF:D5:49:13:B8:F6,-91
2026-08-21 04:53:13.482590,Charge 4,F1:D1:F5:5E:21:37,-97
2026-08-21 04:53:20.470018,None,48:15:F8:13:86:A0,-69
2026-08-21 04:53:51.860581,None,7D:F4:7A:9C:9C:57,-95
2026-08-21 04:53:52.148392,None,6F:36:5C:B6:2D:85,-84
2026-08-21 04:53:55.770681,None,4D:A9:68:BD:13:3F,-84
2026-08-21 04:53:58.594413,LFSmart Scale,CF:E9:17:28:41:0D,-98
2026-08-21 04:54:09.801237,None,57:B4:F1:12:F9:24,-84
2026-08-21 04:54:32.100971,None,FA:84:39:E9:99:91,-78
2026-08-21 04:54:45.789694,None,54:14:19:3B:B5:F6,-100
2026-08-21 04:55:02.397465,None,E9:C6:9A:9E:1E:F8,-72
2026-08-21 04:55:03.555872,None,EF:26:70:C4:1D:51,-67
2026-08-21 04:55:03.986262,None,EA:36:4B:BB:EC:00,-63
2026-08-21 04:55:06.218743,None,D4:BF:CB:C8:FC:C6,-87
2026-08-21 04:55:06.398168,None,CE:25:31:1C:21:FC,-73
2026-08-21 04:55:07.434858,None,EC:46:A6:97:1F:30,-90
2026-08-21 04:55:08.654155,None,F6:A3:5C:23:22:30,-80
2026-08-21 04:55:22.775856,None,51:6D:6D:E4:6D:56,-85
2026-08-21 04:55:34.394657,None,B0:38:E2:44:79:D0,-93
2026-08-21 04:55:36.204731,None,E2:3B:68:78:A9:30,-84
2026-08-21 04:55:55.933416,None,C6:8F:82:34:19:32,-94
2026-08-21 04:56:20.337904,None,DA:21:6F:8C:0F:D0,-74
2026-08-21 04:56:24.273955,None,E3:E9:0A:FF:67:A7,-83
2026-08-21 04:56:27.099662,None,F6:E4:71:9E:F9:A4,-76
2026-08-21 04:56:30.924198,None,D8:63:04:F5:53:0D,-96
2026-08-21 04:57:23.584128,None,5A:C9:38:FF:2F:88,-93
2026-08-21 04:57:28.868642,None,52:D1:61:70:1E:EA,-91
2026-08-21 04:57:28.917762,None,52:CE:B7:24:4E:0C,-91
2026-08-21 04:57:30.195508,None,7C:02:AE:19:6B:22,-97
2026-08-21 04:57:37.503120,None,6C:52:80:5A:1E:E3,-71
2026-08-21 04:57:42.190318,None,7D:3B:39:B0:9E:AA,-95
2026-08-21 04:58:39.115648,Platco PR1,B4:CB:B8:1B:D4:50,-83
2026-08-21 04:58:54.967835,113685_9C139E7A644C,9C:13:9E:7A:64:4E,-68
2026-08-21 04:59:12.556733,Peak Pro 01502,F0:AD:4E:40:19:D5,-92
2026-08-21 04:59:12.614967,ResMed 223238,E8:E0:7E:34:BB:D4,-90
2026-08-21 04:59:12.822067,RIOT Plus501B6E,D8:BC:38:50:1B:6E,-95
2026-08-21 04:59:44.956338,None,5F:B3:EB:F6:AD:E6,-82
2026-08-21 04:59:48.551852,None,3F:78:69:C1:16:CF,-98
2026-08-21 05:00:02.167386,None,CF:21:D1:56:02:AA,-81
2026-08-21 05:00:02.172015,None,E9:D2:D0:E0:C7:CE,-66
2026-08-21 05:00:02.178597,None,CC:2C:96:FF:FB:45,-71
2026-08-21 05:00:02.896903,None,EA:6C:16:3C:59:97,-89
2026-08-21 05:00:03.347728,None,F9:74:D2:A4:67:EC,-65
2026-08-21 05:00:04.656952,None,E6:32:D3:CC:A0:ED,-75
2026-08-21 05:00:06.086468,None,C3:7E:4D:9A:A7:25,-81
2026-08-21 05:00:06.367324,None,C9:C4:D7:A0:06:CE,-87
2026-08-21 05:00:22.977373,None,5D:4D:CD:DD:FE:3A,-84
2026-08-21 05:00:26.355182,None,55:3A:EE:E6:47:F1,-75
2026-08-21 05:00:31.818273,None,CA:D5:FB:23:C3:89,-75
2026-08-21 05:00:53.311055,None,7D:4F:64:DB:2A:19,-70
2026-08-21 05:01:21.073538,None,51:62:53:90:52:98,-70
2026-08-21 05:01:27.495188,20HL39284591421094,48:87:2D:89:79:5D,-94
2026-08-21 05:01:41.942428,None,D0:EE:A3:9D:D5:94,-92
2026-08-21 05:02:04.963859,None,48:9C:04:2C:A8:B9,-65
2026-08-21 05:02:22.967662,MELK-OF21   5C,BE:28:03:00:20:5C,-93
2026-08-21 05:02:32.326036,None,7D:F6:E9:C3:11:9B,-97
2026-08-21 05:02:33.727195,None,7B:82:2B:C6:DD:5E,-90
2026-08-21 05:02:33.772257,None,7B:82:2B:ED:19:D7,-92
2026-08-21 05:02:45.027599,None,4B:19:36:6C:34:35,-93
2026-08-21 05:03:15.884063,Charge 4,F1:D1:F5:5E:21:37,-89
2026-08-21 05:03:36.303169,None,39:41:C1:33:6D:1A,-100
2026-08-21 05:03:54.145250,None,6F:36:5C:B6:2D:85,-87
2026-08-21 05:03:54.321573,None,7D:F4:7A:9C:9C:57,-90
2026-08-21 05:04:05.027225,None,4D:A9:68:BD:13:3F,-86
2026-08-21 05:04:10.627112,None,57:B4:F1:12:F9:24,-84
2026-08-21 05:04:23.103201,None,DC:E4:FC:3E:7C:CC,-80
2026-08-21 05:04:23.345111,None,76:A2:1E:1B:26:B0,-74
2026-08-21 05:04:30.700017,None,76:36:00:0E:FE:19,-91
2026-08-21 05:04:33.926641,None,61:D0:E1:1B:6E:79,-94
2026-08-21 05:04:33.932553,None,E8:B4:A4:28:22:4F,-84
2026-08-21 05:04:36.539219,None,73:C3:C4:C8:CD:FB,-85
2026-08-21 05:05:22.837736,None,51:6D:6D:E4:6D:56,-85
2026-08-21 05:06:23.878332,None,DA:21:6F:8C:0F:D0,-74
2026-08-21 05:06:24.356882,None,E3:E9:0A:FF:67:A7,-86
2026-08-21 05:06:50.601850,None,43:7E:27:7E:5F:A5,-92
2026-08-21 05:07:50.945651,None,5C:4D:04:0B:D5:0C,-90
2026-08-21 05:08:29.424501,None,5D:37:33:17:7C:6F,-63
2026-08-21 05:08:43.987002,Platco PR1,B4:CB:B8:1B:D4:50,-81
2026-08-21 05:08:56.961044,113685_9C139E7A644C,9C:13:9E:7A:64:4E,-63
2026-08-21 05:09:12.842107,ResMed 223238,E8:E0:7E:34:BB:D4,-89
2026-08-21 05:09:12.980002,Peak Pro 01502,F0:AD:4E:40:19:D5,-88
2026-08-21 05:09:14.482668,RIOT Plus501B6E,D8:BC:38:50:1B:6E,-93
2026-08-21 05:09:18.704397,None,7F:3C:B6:E4:99:9E,-80
2026-08-21 05:09:18.720945,None,62:76:BC:20:D9:69,-81
2026-08-21 05:10:03.637384,None,CF:21:D1:56:02:AA,-92
2026-08-21 05:10:03.642680,None,E9:D2:D0:E0:C7:CE,-68
2026-08-21 05:10:04.211580,None,F9:74:D2:A4:67:EC,-66
2026-08-21 05:10:04.465622,None,CC:2C:96:FF:FB:45,-74
2026-08-21 05:10:04.876326,None,EA:6C:16:3C:59:97,-91
2026-08-21 05:10:08.284736,None,E6:32:D3:CC:A0:ED,-75
2026-08-21 05:10:08.770997,None,C3:7E:4D:9A:A7:25,-75
2026-08-21 05:10:08.872332,None,C9:C4:D7:A0:06:CE,-82
2026-08-21 05:10:23.191095,None,5D:4D:CD:DD:FE:3A,-78
2026-08-21 05:10:31.869734,None,CA:D5:FB:23:C3:89,-88
2026-08-21 05:10:53.405690,None,7D:4F:64:DB:2A:19,-74
2026-08-21 05:10:57.665346,None,26:C5:3D:2F:55:F3,-100
2026-08-21 05:11:25.500367,None,E9:52:EB:E0:D2:E5,-69
2026-08-21 05:11:25.519630,None,55:AE:F3:CE:A6:B2,-78
2026-08-21 05:11:28.418430,20HL39284591421094,48:87:2D:89:79:5D,-92
2026-08-21 05:11:45.863291,None,D0:EE:A3:9D:D5:94,-90
2026-08-21 05:12:08.505624,None,48:9C:04:2C:A8:B9,-64
2026-08-21 05:12:23.072491,MELK-OF21   5C,BE:28:03:00:20:5C,-94
2026-08-21 05:12:35.261873,None,7D:F6:E9:C3:11:9B,-98
2026-08-21 05:12:45.098737,None,4B:19:36:6C:34:35,-93
2026-08-21 05:13:20.895613,Charge 4,F1:D1:F5:5E:21:37,-89
2026-08-21 05:14:23.715498,None,76:A2:1E:1B:26:B0,-74
2026-08-21 05:14:24.881635,None,DC:E4:FC:3E:7C:CC,-74
2026-08-21 05:15:00.093129,None,F7:AC:27:F4:0A:1B,-75
2026-08-21 05:15:00.112668,None,C3:1F:32:EE:F5:03,-76
2026-08-21 05:15:00.322855,None,CC:C6:6A:8D:CC:7C,-72
2026-08-21 05:15:00.328413,None,E4:48:08:4C:C1:43,-81
2026-08-21 05:15:03.554613,None,EF:5E:4A:97:84:14,-93
2026-08-21 05:15:04.127346,None,CA:19:F3:A6:89:1D,-67
2026-08-21 05:15:04.350396,None,F9:29:A6:04:B8:3D,-75
2026-08-21 05:15:05.048042,None,C6:F0:99:E2:5D:01,-83
2026-08-21 05:15:26.125587,None,63:64:89:ED:4B:C3,-92
2026-08-21 05:15:31.612462,None,68:4F:DD:5F:DD:08,-80
2026-08-21 05:16:08.742321,None,E9:69:20:A1:CF:2C,-74
2026-08-21 05:16:25.551297,None,E3:E9:0A:FF:67:A7,-86
2026-08-21 05:16:50.692255,None,43:7E:27:7E:5F:A5,-95
2026-08-21 05:16:57.452149,None,D3:47:7A:56:96:9B,-91
2026-08-21 05:17:24.040586,None,7C:DB:DC:35:85:49,-96
2026-08-21 05:17:25.779652,None,43:5E:13:4C:41:0D,-94
2026-08-21 05:17:26.524448,None,64:8A:FE:27:5F:E0,-94
2026-08-21 05:17:26.565404,None,78:9E:00:4B:94:6C,-85
2026-08-21 05:17:38.713741,None,41:D2:3B:DD:BE:D2,-93
2026-08-21 05:17:52.106854,None,5C:4D:04:0B:D5:0C,-84
2026-08-21 05:18:29.688212,None,5D:37:33:17:7C:6F,-67
2026-08-21 05:18:44.306763,Platco PR1,B4:CB:B8:1B:D4:50,-85
2026-08-21 05:18:56.969603,113685_9C139E7A644C,9C:13:9E:7A:64:4E,-65
2026-08-21 05:19:13.071816,ResMed 223238,E8:E0:7E:34:BB:D4,-86
2026-08-21 05:19:13.236287,Peak Pro 01502,F0:AD:4E:40:19:D5,-91
2026-08-21 05:19:18.987669,None,7F:3C:B6:E4:99:9E,-80
2026-08-21 05:19:18.992999,None,62:76:BC:20:D9:69,-80
2026-08-21 05:19:19.927226,RIOT Plus501B6E,D8:BC:38:50:1B:6E,-94
2026-08-21 05:19:26.785059,None,27:DA:43:09:CB:D7,-98
2026-08-21 05:20:06.271921,None,7F:89:5B:AA:45:88,-95
2026-08-21 05:20:07.099615,None,68:C9:AB:91:FC:EF,-91
2026-08-21 05:20:23.669118,None,5D:4D:CD:DD:FE:3A,-87
2026-08-21 05:20:30.786268,Platco PR1,E4:A6:34:CF:38:ED,-100
2026-08-21 05:21:25.595449,None,55:AE:F3:CE:A6:B2,-76
2026-08-21 05:21:26.923931,None,E9:52:EB:E0:D2:E5,-73
2026-08-21 05:21:30.715654,20HL39284591421094,48:87:2D:89:79:5D,-95
2026-08-21 05:21:32.406054,None,6D:11:71:EB:C6:17,-65
2026-08-21 05:22:23.762865,MELK-OF21   5C,BE:28:03:00:20:5C,-94
2026-08-21 05:23:05.384493,None,4D:E1:76:C4:5D:E4,-66
2026-08-21 05:23:09.216275,None,48:1F:BA:90:57:FA,-85
2026-08-21 05:23:09.496751,None,70:D0:B1:99:91:18,-84
2026-08-21 05:23:09.610098,None,4A:6E:46:70:33:77,-93
2026-08-21 05:23:16.134196,None,41:8F:02:E7:9E:39,-95
2026-08-21 05:23:24.412251,Charge 4,F1:D1:F5:5E:21:37,-93
2026-08-21 05:24:22.767916,None,68:30:5C:7D:53:F2,-83
2026-08-21 05:24:23.967900,None,76:A2:1E:1B:26:B0,-74
2026-08-21 05:24:24.091573,None,C7:B6:EC:0A:D0:33,-80
2026-08-21 05:25:02.076917,None,E4:48:08:4C:C1:43,-81
2026-08-21 05:25:02.196941,None,4B:37:E4:42:53:A8,-74
2026-08-21 05:25:02.740867,None,F7:AC:27:F4:0A:1B,-69
2026-08-21 05:25:02.948262,None,CC:C6:6A:8D:CC:7C,-68
2026-08-21 05:25:03.557818,None,C3:1F:32:EE:F5:03,-81
2026-08-21 05:25:05.530486,None,CA:19:F3:A6:89:1D,-67
2026-08-21 05:25:05.800195,None,F9:29:A6:04:B8:3D,-75
2026-08-21 05:25:09.111147,None,EF:5E:4A:97:84:14,-84
2026-08-21 05:25:10.907909,None,C6:F0:99:E2:5D:01,-71
2026-08-21 05:25:31.832623,None,68:4F:DD:5F:DD:08,-76
2026-08-21 05:26:12.362881,None,E9:69:20:A1:CF:2C,-74
2026-08-21 05:26:28.141129,None,E3:E9:0A:FF:67:A7,-87
2026-08-21 05:26:34.687594,None,EF:DA:8E:16:55:75,-75
2026-08-21 05:26:48.386133,None,55:D4:C9:30:D7:4A,-70
2026-08-21 05:26:51.039139,None,43:7E:27:7E:5F:A5,-98
2026-08-21 05:26:59.032161,None,D3:47:7A:56:96:9B,-90
2026-08-21 05:27:52.176782,None,5C:4D:04:0B:D5:0C,-83
2026-08-21 05:28:05.214901,None,29:B6:77:68:43:0A,-97
2026-08-21 05:28:06.065729,None,EA:FD:20:4D:AC:91,-101
2026-08-21 05:28:25.918318,None,7D:43:01:6C:72:65,-84
2026-08-21 05:28:49.166011,Platco PR1,B4:CB:B8:1B:D4:50,-86
2026-08-21 05:28:57.052401,113685_9C139E7A644C,9C:13:9E:7A:64:4E,-65
2026-08-21 05:29:13.149978,ResMed 223238,E8:E0:7E:34:BB:D4,-85
2026-08-21 05:29:16.022621,Peak Pro 01502,F0:AD:4E:40:19:D5,-90
2026-08-21 05:29:19.010077,None,7F:3C:B6:E4:99:9E,-79
2026-08-21 05:29:22.689604,None,62:76:BC:20:D9:69,-85
2026-08-21 05:29:22.858956,RIOT Plus501B6E,D8:BC:38:50:1B:6E,-94
2026-08-21 05:30:00.072783,None,D1:12:D6:92:7C:2F,-76
2026-08-21 05:30:00.078745,None,FF:DA:27:39:BF:5B,-80
2026-08-21 05:30:00.102365,None,E1:7A:5A:4F:08:51,-76
2026-08-21 05:30:00.303841,None,E7:DA:84:1D:38:3B,-68
2026-08-21 05:30:00.325387,None,E0:81:26:1F:AB:30,-79
2026-08-21 05:30:00.428913,None,6C:0C:AD:C2:A5:08,-80
2026-08-21 05:30:06.264520,None,E0:06:02:71:02:8C,-78
2026-08-21 05:30:06.462789,None,4E:B3:96:20:E7:76,-79
2026-08-21 05:30:06.468522,None,ED:5A:7E:B0:64:3D,-72
2026-08-21 05:30:26.563301,None,E8:B4:D6:33:08:3B,-90
2026-08-21 05:31:30.882863,20HL39284591421094,48:87:2D:89:79:5D,-96
2026-08-21 05:31:36.540699,None,6D:11:71:EB:C6:17,-64
2026-08-21 05:31:59.117934,None,E5:68:09:86:38:B7,-75
2026-08-21 05:32:08.502518,None,7E:B8:21:74:DE:BF,-88
2026-08-21 05:32:18.618844,None,DD:60:30:C1:01:B5,-94
2026-08-21 05:32:25.874409,MELK-OF21   5C,BE:28:03:00:20:5C,-97
2026-08-21 05:32:47.079567,None,E8:7A:23:D5:1D:67,-77
2026-08-21 05:33:07.762438,None,4D:E1:76:C4:5D:E4,-71
2026-08-21 05:33:25.626324,Charge 4,F1:D1:F5:5E:21:37,-93
2026-08-21 05:34:25.223666,None,68:30:5C:7D:53:F2,-85
2026-08-21 05:34:36.915244,None,66:14:7D:D5:51:AB,-81
2026-08-21 05:35:02.611376,None,4B:37:E4:42:53:A8,-74
2026-08-21 05:35:04.562218,None,64:84:5A:06:20:E6,-66
2026-08-21 05:36:32.260672,None,E3:E9:0A:FF:67:A7,-74
2026-08-21 05:36:36.211791,None,EF:DA:8E:16:55:75,-74
2026-08-21 05:36:39.650675,None,34:0E:A5:D6:B1:88,-97
2026-08-21 05:36:48.551040,None,55:D4:C9:30:D7:4A,-72
2026-08-21 05:37:37.915982,None,ED:25:CB:C0:11:27,-97
2026-08-21 05:38:25.986452,None,7D:43:01:6C:72:65,-93
2026-08-21 05:38:39.590389,None,51:E0:D2:C7:85:F8,-78
2026-08-21 05:38:54.037289,Platco PR1,B4:CB:B8:1B:D4:50,-85
2026-08-21 05:38:57.180907,113685_9C139E7A644C,9C:13:9E:7A:64:4E,-67
2026-08-21 05:39:14.028530,ResMed 223238,E8:E0:7E:34:BB:D4,-86
2026-08-21 05:39:16.773396,Peak Pro 01502,F0:AD:4E:40:19:D5,-88
2026-08-21 05:39:24.186682,RIOT Plus501B6E,D8:BC:38:50:1B:6E,-94
2026-08-21 05:39:59.838186,None,62:A5:48:BE:05:E1,-98
2026-08-21 05:39:59.862039,None,5A:FC:7B:1F:CC:CF,-84
2026-08-21 05:40:00.657610,None,6C:0C:AD:C2:A5:08,-83
2026-08-21 05:40:00.699246,None,71:7F:70:54:68:49,-97
2026-08-21 05:40:00.871889,None,E1:7A:5A:4F:08:51,-81
2026-08-21 05:40:03.205565,None,72:8F:26:25:FB:33,-74
2026-08-21 05:40:03.359490,None,E7:DA:84:1D:38:3B,-75
2026-08-21 05:40:03.593159,None,D1:12:D6:92:7C:2F,-69
2026-08-21 05:40:03.598058,None,FF:DA:27:39:BF:5B,-76
2026-08-21 05:40:04.058976,None,E7:C4:69:41:6D:8D,-94
2026-08-21 05:40:04.134618,None,E0:81:26:1F:AB:30,-81
2026-08-21 05:40:10.037574,None,4E:B3:96:20:E7:76,-79
2026-08-21 05:40:10.346320,None,ED:5A:7E:B0:64:3D,-72
2026-08-21 05:40:12.132727,None,E0:06:02:71:02:8C,-72
2026-08-21 05:40:28.071287,None,E8:B4:D6:33:08:3B,-85
2026-08-21 05:40:32.269279,None,D5:95:02:EC:D6:D7,-96
2026-08-21 05:40:32.282140,None,D2:FF:02:DC:B0:79,-88
2026-08-21 05:41:25.121614,None,37:74:BE:6C:4E:2A,-94
2026-08-21 05:41:31.005716,20HL39284591421094,48:87:2D:89:79:5D,-95
2026-08-21 05:41:42.631107,None,FE:9D:43:34:05:F4,-75
2026-08-21 05:42:10.316195,None,7E:B8:21:74:DE:BF,-91
2026-08-21 05:42:10.629554,None,E5:68:09:86:38:B7,-73
2026-08-21 05:42:20.211152,None,DD:60:30:C1:01:B5,-98
2026-08-21 05:42:25.971868,MELK-OF21   5C,BE:28:03:00:20:5C,-96
2026-08-21 05:42:48.738489,None,E8:7A:23:D5:1D:67,-73
2026-08-21 05:43:03.104553,None,6E:56:52:38:4F:EE,-96
2026-08-21 05:43:06.826166,None,77:2E:03:0C:0C:4D,-96
2026-08-21 05:43:29.299845,Charge 4,F1:D1:F5:5E:21:37,-85
2026-08-21 05:43:56.224904,None,C4:B7:1C:EA:DA:B2,-97
2026-08-21 05:44:25.469703,None,68:30:5C:7D:53:F2,-85
2026-08-21 05:45:00.049139,None,C6:BC:8D:1C:F9:44,-69
2026-08-21 05:45:00.064154,None,DE:0A:F3:B9:E5:2F,-69
2026-08-21 05:45:00.126999,None,C3:9D:FB:1F:2B:96,-80
2026-08-21 05:45:00.307178,None,D8:8F:4C:48:09:C0,-68
2026-08-21 05:45:02.002137,None,6E:99:46:11:8A:D2,-89
2026-08-21 05:45:02.078735,None,FF:DB:7F:06:A2:9F,-92
2026-08-21 05:45:02.145322,None,FE:30:22:3F:D4:24,-75
2026-08-21 05:45:02.363969,None,D9:CE:15:54:29:E7,-81
2026-08-21 05:45:02.684476,None,4B:37:E4:42:53:A8,-80
2026-08-21 05:45:07.997452,None,E0:D2:1D:E0:AC:81,-87
2026-08-21 05:45:08.309398,None,64:84:5A:06:20:E6,-65
2026-08-21 05:45:36.113132,None,0E:70:F5:D5:7F:6B,-102
2026-08-21 05:46:02.633789,None,ED:AE:F3:C4:CC:E5,-95
2026-08-21 05:46:33.534548,None,E3:E9:0A:FF:67:A7,-79
2026-08-21 05:46:55.276184,None,45:DF:53:BF:0B:64,-89
2026-08-21 05:46:59.742418,None,E9:E5:93:5F:71:2C,-85
2026-08-21 05:47:43.409783,None,ED:25:CB:C0:11:27,-89
2026-08-21 05:47:44.289565,None,EF:69:0C:56:18:7A,-90
2026-08-21 05:47:45.259823,None,55:CC:A9:B0:14:97,-75
2026-08-21 05:48:26.129647,None,7D:43:01:6C:72:65,-85
2026-08-21 05:48:40.247418,None,51:E0:D2:C7:85:F8,-74
2026-08-21 05:48:58.246613,113685_9C139E7A644C,9C:13:9E:7A:64:4E,-67
2026-08-21 05:48:58.912469,Platco PR1,B4:CB:B8:1B:D4:50,-85
2026-08-21 05:49:14.899273,ResMed 223238,E8:E0:7E:34:BB:D4,-86
2026-08-21 05:49:19.336903,Peak Pro 01502,F0:AD:4E:40:19:D5,-88
2026-08-21 05:49:24.260578,RIOT Plus501B6E,D8:BC:38:50:1B:6E,-94
2026-08-21 05:50:02.695262,None,6C:0C:AD:C2:A5:08,-84
2026-08-21 05:50:03.208583,None,72:8F:26:25:FB:33,-81
2026-08-21 05:50:17.259399,None,4E:B3:96:20:E7:76,-82
2026-08-21 05:50:24.822383,None,69:F6:76:F3:70:2E,-95
2026-08-21 05:50:50.940155,None,78:82:B8:A8:71:7A,-74
2026-08-21 05:50:53.143207,None,5D:C4:C5:9C:75:F9,-74
2026-08-21 05:50:58.791557,None,6D:47:68:90:2D:4A,-88
2026-08-21 05:51:30.902298,Platco PR1,E4:A6:34:CF:38:ED,-101
2026-08-21 05:51:33.807113,20HL39284591421094,48:87:2D:89:79:5D,-93
2026-08-21 05:51:44.218095,None,FE:9D:43:34:05:F4,-75
2026-08-21 05:51:51.064931,BJ_LED,FF:10:10:AC:42:76,-103
2026-08-21 05:52:10.680132,None,7E:B8:21:74:DE:BF,-93
2026-08-21 05:52:26.423428,MELK-OF21   5C,BE:28:03:00:20:5C,-96
2026-08-21 05:52:34.183426,None,6D:A3:0B:3F:E9:D5,-90
2026-08-21 05:52:54.319750,None,E8:7A:23:D5:1D:67,-76
2026-08-21 05:53:35.574920,Charge 4,F1:D1:F5:5E:21:37,-84
2026-08-21 05:54:10.167932,None,FC:C4:62:B7:11:53,-77
2026-08-21 05:54:10.211784,None,4B:F4:71:49:FB:1C,-76
2026-08-21 05:54:12.167397,None,13:67:B4:3E:24:17,-96
2026-08-21 05:54:24.399875,None,D5:95:02:EC:D6:D7,-95
2026-08-21 05:54:32.668777,None,E4:92:02:DC:B0:79,-93
2026-08-21 05:54:58.734728,None,2A:F3:91:AE:CC:E6,-93
2026-08-21 05:55:01.050449,None,C3:9D:FB:1F:2B:96,-74
2026-08-21 05:55:01.770029,None,C6:BC:8D:1C:F9:44,-72
2026-08-21 05:55:01.784815,None,D8:8F:4C:48:09:C0,-76
2026-08-21 05:55:04.315709,None,51:EF:28:F8:8A:8C,-97
2026-08-21 05:55:05.520836,None,DE:0A:F3:B9:E5:2F,-67
2026-08-21 05:55:05.561322,None,FF:DB:7F:06:A2:9F,-76
2026-08-21 05:55:06.013848,None,63:2A:8E:35:0E:FA,-83
2026-08-21 05:55:06.037699,None,D9:CE:15:54:29:E7,-82
2026-08-21 05:55:07.842522,None,FE:30:22:3F:D4:24,-75
2026-08-21 05:55:11.875654,None,64:84:5A:06:20:E6,-76
2026-08-21 05:55:15.271405,None,E0:D2:1D:E0:AC:81,-86
2026-08-21 05:56:38.388809,None,E3:E9:0A:FF:67:A7,-77
2026-08-21 05:56:46.107806,None,F0:43:29:83:3E:C6,-74
2026-08-21 05:56:57.169776,None,45:DF:53:BF:0B:64,-83
2026-08-21 05:57:04.651786,None,E9:E5:93:5F:71:2C,-75
2026-08-21 05:57:46.970294,None,ED:25:CB:C0:11:27,-91
2026-08-21 05:57:48.756113,None,EF:69:0C:56:18:7A,-94
2026-08-21 05:57:53.431232,None,52:EE:35:9F:E8:39,-94
2026-08-21 05:57:53.619874,None,61:71:BD:6B:CD:BA,-85
2026-08-21 05:57:56.049437,None,66:F8:9B:2E:77:2C,-86
2026-08-21 05:58:09.754503,None,FB:A5:57:D1:1F:CF,-84
2026-08-21 05:58:37.374685,None,66:62:40:E3:AA:9A,-69
2026-08-21 05:58:39.545525,None,CC:D5:25:A2:93:9A,-91
2026-08-21 05:58:58.345795,113685_9C139E7A644C,9C:13:9E:7A:64:4E,-66
2026-08-21 05:59:03.783044,Platco PR1,B4:CB:B8:1B:D4:50,-85
2026-08-21 05:59:15.136034,ResMed 223238,E8:E0:7E:34:BB:D4,-85
2026-08-21 05:59:19.488692,Peak Pro 01502,F0:AD:4E:40:19:D5,-93
2026-08-21 05:59:26.815150,RIOT Plus501B6E,D8:BC:38:50:1B:6E,-92
2026-08-21 06:00:00.145978,None,E0:19:8F:D8:82:A0,-83
2026-08-21 06:00:00.248417,None,C3:A1:4F:04:BA:D3,-75
2026-08-21 06:00:00.446395,None,EE:29:FA:8B:C3:18,-97
2026-08-21 06:00:02.645959,None,CE:73:6E:C1:43:46,-92
2026-08-21 06:00:02.658879,None,CF:F9:4D:A7:C5:B7,-76
2026-08-21 06:00:03.810815,None,F4:99:9A:19:F6:53,-76
2026-08-21 06:00:04.057237,None,D3:7F:9C:E5:89:61,-67
2026-08-21 06:00:04.068364,None,C8:3A:ED:2D:62:F9,-77
2026-08-21 06:00:11.755802,None,D2:26:FA:5A:9C:A9,-75
2026-08-21 06:00:35.396320,None,D1:12:D6:92:7C:2F,-77
2026-08-21 06:00:37.513629,None,FF:DA:27:39:BF:5B,-76
2026-08-21 06:00:50.956527,None,78:82:B8:A8:71:7A,-81
2026-08-21 06:00:53.389774,None,5D:C4:C5:9C:75:F9,-70
2026-08-21 06:00:59.036020,None,6D:47:68:90:2D:4A,-88
2026-08-21 06:01:34.935453,20HL39284591421094,48:87:2D:89:79:5D,-93
2026-08-21 06:01:41.026781,None,0B:EC:5A:2E:D8:7F,-101
2026-08-21 06:02:10.853562,None,DA:00:36:80:95:B9,-91
2026-08-21 06:02:29.211892,MELK-OF21   5C,BE:28:03:00:20:5C,-96
2026-08-21 06:02:35.962123,None,6D:A3:0B:3F:E9:D5,-92
2026-08-21 06:02:37.986091,None,D0:2B:79:4C:C1:6B,-93
2026-08-21 06:02:43.108040,None,E0:FF:B0:C5:D7:05,-76
2026-08-21 06:02:49.402689,None,7F:9E:BB:B0:86:1B,-76
2026-08-21 06:03:43.212303,Charge 4,F1:D1:F5:5E:21:37,-85
2026-08-21 06:04:10.465780,None,4B:F4:71:49:FB:1C,-78
2026-08-21 06:05:04.632130,None,51:EF:28:F8:8A:8C,-82
2026-08-21 06:05:07.336905,None,63:2A:8E:35:0E:FA,-82
2026-08-21 06:06:29.158373,None,69:96:EE:75:9A:8B,-85
2026-08-21 06:06:42.260380,None,E3:E9:0A:FF:67:A7,-79
2026-08-21 06:06:48.622251,BJ_LED,FF:10:10:AC:42:76,-100
2026-08-21 06:06:49.641548,None,F0:43:29:83:3E:C6,-73
2026-08-21 06:06:57.261128,None,45:DF:53:BF:0B:64,-89
2026-08-21 06:08:37.531363,None,66:62:40:E3:AA:9A,-75
2026-08-21 06:08:48.794242,None,49:22:24:73:1C:87,-88
2026-08-21 06:08:58.354935,113685_9C139E7A644C,9C:13:9E:7A:64:4E,-67
2026-08-21 06:09:04.118590,Platco PR1,B4:CB:B8:1B:D4:50,-83
2026-08-21 06:09:16.797674,ResMed 223238,E8:E0:7E:34:BB:D4,-86
2026-08-21 06:09:19.944682,Peak Pro 01502,F0:AD:4E:40:19:D5,-89
2026-08-21 06:09:39.470609,RIOT Plus501B6E,D8:BC:38:50:1B:6E,-93
2026-08-21 06:09:44.646803,None,6D:F5:1E:88:E0:6F,-103
2026-08-21 06:09:47.778449,None,CE:5E:82:AA:EE:C7,-98
2026-08-21 06:10:00.849613,None,E0:19:8F:D8:82:A0,-84
2026-08-21 06:10:01.745077,None,C3:A1:4F:04:BA:D3,-76
2026-08-21 06:10:05.711266,None,CF:F9:4D:A7:C5:B7,-70
2026-08-21 06:10:07.158055,None,F4:99:9A:19:F6:53,-76
2026-08-21 06:10:08.000586,None,EE:29:FA:8B:C3:18,-92
2026-08-21 06:10:08.129530,None,CE:73:6E:C1:43:46,-87
2026-08-21 06:10:13.232921,None,D2:26:FA:5A:9C:A9,-84
2026-08-21 06:10:36.881202,None,D1:12:D6:92:7C:2F,-68
2026-08-21 06:10:41.045898,None,FF:DA:27:39:BF:5B,-90
2026-08-21 06:10:58.356860,None,26:F4:EF:34:D2:B4,-99
2026-08-21 06:10:59.137982,None,6D:47:68:90:2D:4A,-92
2026-08-21 06:11:35.025846,20HL39284591421094,48:87:2D:89:79:5D,-95
2026-08-21 06:11:52.588120,None,DB:06:4E:01:F7:7B,-76
2026-08-21 06:11:58.496803,None,48:F5:85:FC:DD:05,-85
2026-08-21 06:12:29.221647,MELK-OF21   5C,BE:28:03:00:20:5C,-93
2026-08-21 06:12:36.776412,None,6D:A3:0B:3F:E9:D5,-90
2026-08-21 06:12:44.572514,None,E0:FF:B0:C5:D7:05,-73
2026-08-21 06:12:47.679640,None,D0:2B:79:4C:C1:6B,-98
2026-08-21 06:12:49.426651,None,7F:9E:BB:B0:86:1B,-76
2026-08-21 06:13:41.789486,None,C8:3A:ED:2D:62:F9,-83
2026-08-21 06:13:44.539165,None,D3:7F:9C:E5:89:61,-67
2026-08-21 06:13:45.609895,Charge 4,F1:D1:F5:5E:21:37,-86
2026-08-21 06:14:12.594860,None,4B:F4:71:49:FB:1C,-74
2026-08-21 06:15:02.057584,None,DF:C4:67:43:4E:64,-68
2026-08-21 06:15:02.082162,None,CB:06:D5:C3:34:D5,-76
2026-08-21 06:15:02.155874,None,FE:60:28:AF:54:A7,-84
2026-08-21 06:15:02.665372,None,F9:B9:17:F1:0E:40,-67
2026-08-21 06:15:04.481011,None,FE:F3:16:55:38:9D,-89
2026-08-21 06:15:04.571420,None,EB:54:5B:86:7A:57,-85
2026-08-21 06:15:04.856068,None,51:EF:28:F8:8A:8C,-90
2026-08-21 06:15:05.143436,None,C8:C4:D3:74:5B:3B,-74
2026-08-21 06:15:09.297097,None,DC:9E:AC:7F:3D:33,-70
2026-08-21 06:15:10.694152,None,DA:A2:87:48:D3:68,-84
2026-08-21 06:15:11.709888,None,69:FC:7C:6A:F5:99,-94
2026-08-21 06:15:12.456278,None,63:2A:8E:35:0E:FA,-90
2026-08-21 06:15:57.867339,None,74:C8:6C:9A:AB:23,-80
2026-08-21 06:15:57.885171,None,FF:DC:7A:66:A5:07,-76
2026-08-21 06:16:19.211155,None,5B:9B:6B:57:2F:6A,-82
2026-08-21 06:16:29.212494,None,69:96:EE:75:9A:8B,-96
2026-08-21 06:16:43.583409,None,E3:E9:0A:FF:67:A7,-73
2026-08-21 06:17:03.630666,None,51:3E:B7:07:9C:F3,-75
2026-08-21 06:17:33.577893,None,78:63:DE:D1:03:28,-90
2026-08-21 06:17:50.878034,None,7B:FD:A7:25:8A:74,-92
2026-08-21 06:17:50.883113,None,D7:96:8C:6B:50:D6,-92
2026-08-21 06:18:02.281912,None,16:9A:72:76:58:C2,-99
2026-08-21 06:18:35.623023,None,67:B3:F1:F9:80:4C,-84
2026-08-21 06:18:41.827537,None,66:62:40:E3:AA:9A,-71
2026-08-21 06:18:49.821198,None,49:22:24:73:1C:87,-91
2026-08-21 06:18:58.412754,113685_9C139E7A644C,9C:13:9E:7A:64:4E,-68
2026-08-21 06:19:08.999119,Platco PR1,B4:CB:B8:1B:D4:50,-85
2026-08-21 06:19:10.809838,None,59:CF:A6:F1:87:27,-86
2026-08-21 06:19:10.848985,None,61:C4:14:C7:30:7E,-85
2026-08-21 06:19:10.926155,None,EA:82:9C:1F:77:A1,-101
2026-08-21 06:19:12.651581,None,63:E1:B4:61:AA:E3,-95
2026-08-21 06:19:16.871766,ResMed 223238,E8:E0:7E:34:BB:D4,-85
2026-08-21 06:19:19.996908,Peak Pro 01502,F0:AD:4E:40:19:D5,-87
2026-08-21 06:19:29.592641,None,C4:F7:50:42:E1:88,-102
2026-08-21 06:19:38.759952,None,53:80:D8:AA:E8:F1,-100
2026-08-21 06:19:40.266097,RIOT Plus501B6E,D8:BC:38:50:1B:6E,-96
2026-08-21 06:19:50.918830,None,60:A5:33:7F:26:2E,-73
2026-08-21 06:20:08.262636,SC 220,C0:F5:35:B2:CC:F1,-92
2026-08-21 06:20:11.978687,None,40:32:F6:61:9D:B1,-93
2026-08-21 06:20:13.178575,None,7F:C1:B7:4E:3B:D3,-95
2026-08-21 06:20:20.970606,None,79:5F:7E:5E:CB:D4,-82
2026-08-21 06:20:20.993763,None,70:02:04:A2:A7:06,-91
2026-08-21 06:20:40.139868,None,FA:9A:32:97:BA:5D,-99
2026-08-21 06:21:36.283184,20HL39284591421094,48:87:2D:89:79:5D,-96
2026-08-21 06:21:39.639068,None,7B:47:44:5D:DE:FD,-90
2026-08-21 06:21:50.919663,Platco PR1,E4:A6:34:CF:38:ED,-96
2026-08-21 06:21:54.177173,None,DB:06:4E:01:F7:7B,-72
2026-08-21 06:21:58.840453,None,48:F5:85:FC:DD:05,-92
2026-08-21 06:22:29.239343,MELK-OF21   5C,BE:28:03:00:20:5C,-91
2026-08-21 06:23:52.908278,Charge 4,F1:D1:F5:5E:21:37,-86
2026-08-21 06:25:02.742052,None,DF:C4:67:43:4E:64,-68
2026-08-21 06:25:02.798905,None,CB:06:D5:C3:34:D5,-81
2026-08-21 06:25:04.559181,None,F9:B9:17:F1:0E:40,-72
2026-08-21 06:25:04.907916,None,FE:60:28:AF:54:A7,-71
2026-08-21 06:25:08.758038,None,49:53:F1:9B:5A:3C,-98
2026-08-21 06:25:08.911960,None,C8:C4:D3:74:5B:3B,-69
2026-08-21 06:25:09.765498,None,FE:F3:16:55:38:9D,-88
2026-08-21 06:25:10.102046,None,EB:54:5B:86:7A:57,-92
2026-08-21 06:25:11.730488,None,DC:9E:AC:7F:3D:33,-64
2026-08-21 06:25:14.232168,None,DA:A2:87:48:D3:68,-75
2026-08-21 06:25:58.024621,None,FF:DC:7A:66:A5:07,-74
2026-08-21 06:25:58.380223,None,74:C8:6C:9A:AB:23,-77
2026-08-21 06:26:48.065372,None,E3:E9:0A:FF:67:A7,-74
2026-08-21 06:26:49.104186,None,27:C4:C6:56:84:12,-99
2026-08-21 06:26:55.890688,None,F0:8C:AB:8B:15:B6,-70
2026-08-21 06:27:03.922938,None,51:3E:B7:07:9C:F3,-76
2026-08-21 06:27:51.762151,None,7B:FD:A7:25:8A:74,-92
2026-08-21 06:27:56.657259,None,D7:96:8C:6B:50:D6,-91
2026-08-21 06:28:19.971088,None,54:4F:1D:D1:00:CA,-70
2026-08-21 06:28:24.457623,None,77:83:00:D0:C1:66,-87
2026-08-21 06:28:24.464452,None,77:83:00:D1:98:63,-92
2026-08-21 06:28:35.902525,None,67:B3:F1:F9:80:4C,-78
2026-08-21 06:28:41.113065,None,4A:A2:F9:EA:FF:4D,-73
2026-08-21 06:28:50.072257,None,49:22:24:73:1C:87,-89
2026-08-21 06:28:54.550270,None,75:51:F3:E5:D7:75,-88
2026-08-21 06:28:59.787304,113685_9C139E7A644C,9C:13:9E:7A:64:4E,-66
2026-08-21 06:29:13.851240,Platco PR1,B4:CB:B8:1B:D4:50,-85
2026-08-21 06:29:17.107984,ResMed 223238,E8:E0:7E:34:BB:D4,-89
2026-08-21 06:29:20.906243,Peak Pro 01502,F0:AD:4E:40:19:D5,-90
2026-08-21 06:29:43.164770,RIOT Plus501B6E,D8:BC:38:50:1B:6E,-93
2026-08-21 06:29:52.388980,None,60:A5:33:7F:26:2E,-61
2026-08-21 06:30:00.048762,None,EB:90:5E:BC:9D:38,-67
2026-08-21 06:30:00.114048,None,E6:29:8A:3D:1A:73,-79
2026-08-21 06:30:00.203145,None,DF:98:4C:B4:32:A8,-71
2026-08-21 06:30:00.363322,None,E3:6C:73:46:4E:8A,-85
2026-08-21 06:30:00.769579,None,D7:B4:DE:F9:D8:C5,-74
2026-08-21 06:30:04.060374,None,D8:29:22:7E:32:6F,-82
2026-08-21 06:30:12.641957,None,CA:15:F2:C5:0B:E3,-72
2026-08-21 06:30:19.579419,None,5D:54:63:82:8F:C5,-73
2026-08-21 06:30:21.023663,None,79:5F:7E:5E:CB:D4,-90
2026-08-21 06:30:24.414549,None,70:02:04:A2:A7:06,-89
2026-08-21 06:30:33.810872,None,53:80:D8:AA:E8:F1,-98
2026-08-21 06:30:39.293379,None,DB:C9:7C:F5:14:C9,-74
2026-08-21 06:30:40.518130,None,E5:4E:8D:3A:FD:05,-86
2026-08-21 06:31:36.986488,20HL39284591421094,48:87:2D:89:79:5D,-94
2026-08-21 06:31:59.287577,None,48:F5:85:FC:DD:05,-94
2026-08-21 06:32:31.054830,MELK-OF21   5C,BE:28:03:00:20:5C,-94
2026-08-21 06:33:07.639855,None,61:C4:14:C7:30:7E,-86
2026-08-21 06:33:07.786084,None,59:CF:A6:F1:87:27,-85
2026-08-21 06:33:10.190722,None,63:E1:B4:61:AA:E3,-85
2026-08-21 06:33:56.636532,Charge 4,F1:D1:F5:5E:21:37,-82
2026-08-21 06:33:57.777685,None,F6:64:9D:4C:F9:AE,-98
2026-08-21 06:34:00.074452,None,74:23:8F:32:8E:97,-92
2026-08-21 06:34:39.476237,None,78:67:0B:DE:C2:47,-96
2026-08-21 06:35:28.315377,None,CE:16:59:92:4E:AE,-74
2026-08-21 06:35:34.197922,None,50:9A:BF:77:09:FA,-93
2026-08-21 06:35:58.771673,None,74:C8:6C:9A:AB:23,-71
2026-08-21 06:36:24.499875,CoolLEDUX,01:00:00:92:42:B7,-91
2026-08-21 06:36:27.445180,None,29:16:6B:4B:F1:53,-90
2026-08-21 06:36:30.955505,None,DC:9E:5B:42:13:D9,-101
2026-08-21 06:36:48.291206,None,E3:E9:0A:FF:67:A7,-73
2026-08-21 06:36:59.414338,None,F0:8C:AB:8B:15:B6,-73
2026-08-21 06:37:47.972209,None,19:16:F4:DE:64:79,-97
2026-08-21 06:37:52.459561,None,7B:FD:A7:25:8A:74,-92
2026-08-21 06:38:02.344747,None,D7:96:8C:6B:50:D6,-92
2026-08-21 06:38:09.715586,None,60:5E:F1:2F:50:A3,-84
2026-08-21 06:38:10.154837,None,4A:C0:68:DF:D0:BC,-95
2026-08-21 06:38:12.515652,None,FC:24:3B:30:A0:F9,-85
2026-08-21 06:38:12.665761,None,6E:45:12:C3:7A:DB,-95
2026-08-21 06:38:18.905924,None,F1:04:F1:6B:6A:32,-98
2026-08-21 06:38:19.164927,None,72:36:BB:72:41:87,-93
2026-08-21 06:38:54.769645,None,75:51:F3:E5:D7:75,-86
2026-08-21 06:38:59.952880,113685_9C139E7A644C,9C:13:9E:7A:64:4E,-66
2026-08-21 06:39:20.025208,ResMed 223238,E8:E0:7E:34:BB:D4,-93
2026-08-21 06:39:21.481294,Peak Pro 01502,F0:AD:4E:40:19:D5,-92
2026-08-21 06:39:29.383120,None,6C:8A:2E:EE:57:A6,-61
2026-08-21 06:39:43.164540,None,47:BD:BA:8F:E8:DC,-71
2026-08-21 06:39:44.226803,Platco PR1,B4:CB:B8:1B:D4:50,-86
2026-08-21 06:39:49.148543,RIOT Plus501B6E,D8:BC:38:50:1B:6E,-95
2026-08-21 06:40:02.737168,None,D7:B4:DE:F9:D8:C5,-85
2026-08-21 06:40:02.760399,None,E6:29:8A:3D:1A:73,-77
2026-08-21 06:40:03.540144,None,DF:98:4C:B4:32:A8,-85
2026-08-21 06:40:04.061194,None,E3:6C:73:46:4E:8A,-89
2026-08-21 06:40:04.753959,None,EB:90:5E:BC:9D:38,-76
2026-08-21 06:40:04.803216,None,D8:29:22:7E:32:6F,-76
2026-08-21 06:40:16.215404,None,CA:15:F2:C5:0B:E3,-71
2026-08-21 06:40:19.635281,None,5D:54:63:82:8F:C5,-83
2026-08-21 06:40:22.791700,None,79:5F:7E:5E:CB:D4,-83
2026-08-21 06:40:32.098999,None,70:02:04:A2:A7:06,-85
2026-08-21 06:40:39.592305,None,DB:C9:7C:F5:14:C9,-72
2026-08-21 06:40:46.619917,None,E5:4E:8D:3A:FD:05,-89
2026-08-21 06:40:48.418888,None,5B:48:A8:84:66:08,-84
2026-08-21 06:40:48.434826,None,60:D5:EA:D1:2D:3E,-83
2026-08-21 06:41:19.196579,None,4A:A2:F9:EA:FF:4D,-73
2026-08-21 06:41:37.482343,20HL39284591421094,48:87:2D:89:79:5D,-93
2026-08-21 06:42:01.838660,None,CE:39:B3:A1:80:C0,-75
2026-08-21 06:42:31.087746,MELK-OF21   5C,BE:28:03:00:20:5C,-92
2026-08-21 06:43:12.279390,None,4D:4C:C7:AC:4C:9F,-72
2026-08-21 06:44:01.656096,Charge 4,F1:D1:F5:5E:21:37,-83
2026-08-21 06:44:19.686797,None,29:B5:63:2A:06:C0,-98
2026-08-21 06:45:00.107134,None,D0:64:03:6F:A9:57,-81
2026-08-21 06:45:00.402599,None,C5:3D:E7:96:72:56,-83
2026-08-21 06:45:02.037638,None,F5:06:62:C1:98:2D,-89
2026-08-21 06:45:02.068336,None,F7:8D:2A:3F:36:CE,-66
2026-08-21 06:45:02.323601,None,D9:05:92:15:D7:51,-75
2026-08-21 06:45:05.759522,None,D8:9C:45:41:55:03,-74
2026-08-21 06:45:11.749395,None,CE:BF:37:6B:7E:2F,-89
2026-08-21 06:45:13.263753,None,DE:81:07:B2:FD:59,-95
2026-08-21 06:45:15.317591,None,FF:3F:CD:0F:5A:F5,-64
2026-08-21 06:45:30.122968,None,CE:16:59:92:4E:AE,-74
2026-08-21 06:45:34.454752,None,50:9A:BF:77:09:FA,-93
2026-08-21 06:45:48.560248,None,E0:FE:11:6C:01:86,-95
2026-08-21 06:46:16.023805,None,FA:A2:DC:07:F9:3A,-90
2026-08-21 06:46:33.271863,Platco PR1,E4:A6:34:CF:38:ED,-98
2026-08-21 06:46:51.518643,None,E3:E9:0A:FF:67:A7,-84
2026-08-21 06:48:09.385698,None,FA:1A:92:79:AA:78,-98
2026-08-21 06:48:21.661892,None,72:36:BB:72:41:87,-93
2026-08-21 06:48:56.962285,None,75:51:F3:E5:D7:75,-86
2026-08-21 06:48:59.977555,113685_9C139E7A644C,9C:13:9E:7A:64:4E,-63
2026-08-21 06:49:20.717009,ResMed 223238,E8:E0:7E:34:BB:D4,-86
2026-08-21 06:49:21.719897,Peak Pro 01502,F0:AD:4E:40:19:D5,-94
2026-08-21 06:49:29.969397,None,6C:8A:2E:EE:57:A6,-63
2026-08-21 06:49:43.166532,None,47:BD:BA:8F:E8:DC,-71
2026-08-21 06:49:49.122016,Platco PR1,B4:CB:B8:1B:D4:50,-82
2026-08-21 06:49:55.361439,RIOT Plus501B6E,D8:BC:38:50:1B:6E,-94
2026-08-21 06:50:30.017755,None,CF:43:E2:EB:60:B5,-80
2026-08-21 06:50:49.485759,None,5B:48:A8:84:66:08,-84
2026-08-21 06:50:53.346074,None,60:D5:EA:D1:2D:3E,-84
2026-08-21 06:51:38.910172,20HL39284591421094,48:87:2D:89:79:5D,-99
2026-08-21 06:51:54.077649,None,6F:15:9D:65:8B:6C,-60
2026-08-21 06:51:54.656255,None,6E:45:12:C3:7A:DB,-85
2026-08-21 06:51:57.490872,None,ED:6E:7B:C8:CC:3A,-85
2026-08-21 06:51:57.673370,None,60:5E:F1:2F:50:A3,-93
2026-08-21 06:52:00.317869,None,4A:C0:68:DF:D0:BC,-92
2026-08-21 06:52:03.260846,None,CE:39:B3:A1:80:C0,-69
2026-08-21 06:52:31.750699,MELK-OF21   5C,BE:28:03:00:20:5C,-93
2026-08-21 06:52:58.700331,None,69:7A:C3:58:7F:3E,-88
2026-08-21 06:53:01.202500,None,6B:A0:F5:1F:18:3D,-69
2026-08-21 06:53:12.384757,None,4D:4C:C7:AC:4C:9F,-69
2026-08-21 06:53:17.595603,None,6F:49:FA:3F:1F:2B,-70
2026-08-21 06:53:56.207093,None,32:17:A7:0B:6A:C8,-98
2026-08-21 06:54:03.896598,Charge 4,F1:D1:F5:5E:21:37,-93
2026-08-21 06:54:16.719080,None,54:22:2A:DB:CE:93,-94
2026-08-21 06:55:03.459840,None,D0:64:03:6F:A9:57,-69
2026-08-21 06:55:03.697995,None,D9:05:92:15:D7:51,-76
2026-08-21 06:55:04.077642,None,C5:3D:E7:96:72:56,-89
2026-08-21 06:55:04.700264,None,F7:8D:2A:3F:36:CE,-67
2026-08-21 06:55:04.924695,None,F5:06:62:C1:98:2D,-83
2026-08-21 06:55:07.233303,None,D8:9C:45:41:55:03,-89
2026-08-21 06:55:13.183602,None,CE:BF:37:6B:7E:2F,-77
2026-08-21 06:55:17.579947,None,FF:3F:CD:0F:5A:F5,-54
2026-08-21 06:55:26.728084,None,DE:81:07:B2:FD:59,-89
2026-08-21 06:56:17.677735,None,FA:A2:DC:07:F9:3A,-91
2026-08-21 06:56:56.431089,None,E3:E9:0A:FF:67:A7,-87
2026-08-21 06:57:10.382940,None,F1:93:AD:CA:8B:44,-70
2026-08-21 06:58:22.548593,None,72:36:BB:72:41:87,-98
2026-08-21 06:58:22.777695,None,74:4C:B8:3F:74:A7,-92
2026-08-21 06:59:00.079823,113685_9C139E7A644C,9C:13:9E:7A:64:4E,-66
2026-08-21 06:59:20.844873,ResMed 223238,E8:E0:7E:34:BB:D4,-87
2026-08-21 06:59:23.528463,Peak Pro 01502,F0:AD:4E:40:19:D5,-90
2026-08-21 06:59:44.815830,None,47:BD:BA:8F:E8:DC,-75
2026-08-21 06:59:45.779089,None,02:87:B4:57:63:AD,-97
2026-08-21 06:59:53.955897,Platco PR1,B4:CB:B8:1B:D4:50,-86
2026-08-21 06:59:55.705255,RIOT Plus501B6E,D8:BC:38:50:1B:6E,-93
2026-08-21 07:00:00.012912,None,ED:05:2E:A0:9F:5D,-68
2026-08-21 07:00:00.019896,None,C5:13:54:10:A8:86,-80
2026-08-21 07:00:00.125870,None,CE:5B:8C:B6:7A:8B,-71
2026-08-21 07:00:00.149726,None,FA:08:18:98:27:36,-72
2026-08-21 07:00:00.740093,None,EF:C4:CA:C8:DB:FE,-85
2026-08-21 07:00:01.764040,None,DB:2E:5D:3A:61:B6,-72
2026-08-21 07:00:06.521009,None,F2:8C:D3:DB:C5:B4,-86
2026-08-21 07:00:08.508221,None,CA:13:CB:1C:70:64,-90
2026-08-21 07:00:09.841270,None,EF:C8:72:B6:72:8D,-92
2026-08-21 07:00:15.309699,None,EE:E3:73:71:4F:8A,-55
2026-08-21 07:00:29.898196,LFSmart Scale,CF:E9:17:28:41:0D,-97
2026-08-21 07:00:31.551912,None,CF:43:E2:EB:60:B5,-74
2026-08-21 07:00:49.565136,None,5B:48:A8:84:66:08,-85
2026-08-21 07:00:56.616677,None,60:D5:EA:D1:2D:3E,-89
2026-08-21 07:01:13.676731,None,77:47:26:B8:74:7F,-94
2026-08-21 07:01:39.097135,20HL39284591421094,48:87:2D:89:79:5D,-96
2026-08-21 07:02:00.382083,None,76:35:EE:F3:4F:24,-87
2026-08-21 07:02:00.400471,None,61:CB:39:C9:55:39,-90
2026-08-21 07:02:33.863502,MELK-OF21   5C,BE:28:03:00:20:5C,-94
2026-08-21 07:02:37.537161,None,68:CD:91:4B:74:1C,-72
2026-08-21 07:02:58.946255,None,69:7A:C3:58:7F:3E,-85
2026-08-21 07:03:03.754327,None,6B:A0:F5:1F:18:3D,-56
2026-08-21 07:03:10.985544,None,68:C6:3E:66:38:9D,-85
2026-08-21 07:03:40.457407,None,40:0A:80:0F:04:22,-55
2026-08-21 07:04:06.320745,Charge 4,F1:D1:F5:5E:21:37,-82
2026-08-21 07:04:16.931920,None,54:22:2A:DB:CE:93,-89
2026-08-21 07:04:57.851543,None,C9:C8:1E:0E:5D:3D,-77
2026-08-21 07:04:58.166746,None,54:20:DC:66:B8:37,-72
2026-08-21 07:05:34.460452,None,6C:4B:30:E1:4E:C2,-92
2026-08-21 07:06:58.277723,None,E3:E9:0A:FF:67:A7,-75
2026-08-21 07:07:02.229892,None,E4:A8:93:2E:53:E1,-92
2026-08-21 07:07:11.626065,None,EF:70:A9:A9:86:E4,-99
2026-08-21 07:07:11.808113,None,F1:93:AD:CA:8B:44,-73
2026-08-21 07:08:07.729236,None,C3:E8:B8:DC:82:73,-94
2026-08-21 07:08:13.140386,None,72:30:BE:5E:75:77,-95
2026-08-21 07:08:22.803794,None,74:4C:B8:3F:74:A7,-93
2026-08-21 07:09:00.992280,113685_9C139E7A644C,9C:13:9E:7A:64:4E,-67
2026-08-21 07:09:23.541797,Peak Pro 01502,F0:AD:4E:40:19:D5,-91
2026-08-21 07:09:24.217080,ResMed 223238,E8:E0:7E:34:BB:D4,-86
2026-08-21 07:09:29.707407,None,05:43:C3:44:59:EB,-101
2026-08-21 07:09:58.342648,RIOT Plus501B6E,D8:BC:38:50:1B:6E,-93
2026-08-21 07:10:00.665519,None,ED:05:2E:A0:9F:5D,-67
2026-08-21 07:10:00.866748,None,C5:13:54:10:A8:86,-81
2026-08-21 07:10:01.522558,None,CE:5B:8C:B6:7A:8B,-85
2026-08-21 07:10:01.625685,None,FA:08:18:98:27:36,-75
2026-08-21 07:10:02.202261,None,EF:C4:CA:C8:DB:FE,-77
2026-08-21 07:10:05.383080,None,DB:2E:5D:3A:61:B6,-75
2026-08-21 07:10:07.789562,None,F2:8C:D3:DB:C5:B4,-84
2026-08-21 07:10:08.808183,Platco PR1,B4:CB:B8:1B:D4:50,-87
2026-08-21 07:10:11.460378,None,EF:C8:72:B6:72:8D,-98
2026-08-21 07:10:14.021871,None,CA:13:CB:1C:70:64,-87
2026-08-21 07:10:15.515059,None,EE:E3:73:71:4F:8A,-79
2026-08-21 07:11:39.179041,20HL39284591421094,48:87:2D:89:79:5D,-94
2026-08-21 07:12:00.413414,None,76:35:EE:F3:4F:24,-84
2026-08-21 07:12:04.121291,None,61:CB:39:C9:55:39,-83
2026-08-21 07:12:15.663730,None,C5:87:5C:D6:45:85,-73
2026-08-21 07:12:33.964542,MELK-OF21   5C,BE:28:03:00:20:5C,-92
2026-08-21 07:13:00.484241,None,69:7A:C3:58:7F:3E,-85
2026-08-21 07:13:07.912412,None,67:07:62:73:9F:D2,-95
2026-08-21 07:13:28.955454,None,7A:1A:57:95:2F:D7,-86
2026-08-21 07:13:44.011845,None,40:0A:80:0F:04:22,-58
2026-08-21 07:14:08.749081,Charge 4,F1:D1:F5:5E:21:37,-92
2026-08-21 07:14:18.026735,None,54:22:2A:DB:CE:93,-87
2026-08-21 07:15:00.080212,None,CD:B4:E3:9E:D7:7E,-69
2026-08-21 07:15:00.180259,None,54:20:DC:66:B8:37,-71
2026-08-21 07:15:00.731088,None,F3:2A:75:F2:14:D4,-71
2026-08-21 07:15:02.014075,None,CE:9B:AB:D8:D5:DB,-80
2026-08-21 07:15:02.019261,None,D3:97:98:6E:F5:62,-75
2026-08-21 07:15:02.076926,None,C9:C8:1E:0E:5D:3D,-71
2026-08-21 07:15:02.337721,None,FB:63:8B:C5:EC:CF,-82
2026-08-21 07:15:04.165883,None,C0:27:D9:D9:CB:C9,-76
2026-08-21 07:15:15.292551,None,C3:DA:47:07:D9:52,-66
2026-08-21 07:15:46.536886,None,74:B2:62:51:63:99,-95
2026-08-21 07:15:52.580317,None,F6:83:FE:24:52:04,-87
2026-08-21 07:16:13.765094,None,D1:D5:0B:68:08:15,-76
2026-08-21 07:16:45.904800,None,1E:18:00:69:54:30,-98
2026-08-21 07:17:07.468497,None,E3:E9:0A:FF:67:A7,-86
2026-08-21 07:17:16.127066,None,63:9D:1B:B6:29:9D,-57
2026-08-21 07:17:43.314827,None,E7:57:78:A2:59:9B,-100
2026-08-21 07:18:06.492842,None,40:24:F7:52:57:CC,-92
2026-08-21 07:18:14.678556,None,6E:27:22:01:CF:9F,-86
2026-08-21 07:18:14.731029,None,43:85:11:E8:30:6F,-96
2026-08-21 07:18:20.551149,None,F9:C7:95:01:99:4B,-79
2026-08-21 07:18:25.385302,None,74:4C:B8:3F:74:A7,-91
2026-08-21 07:18:26.638653,None,4C:0C:9E:9E:1F:55,-92
2026-08-21 07:18:48.812240,None,7C:4C:DC:46:97:6A,-92
2026-08-21 07:18:49.586478,None,F5:B4:6E:62:9F:28,-98
2026-08-21 07:19:01.083457,None,4B:70:29:B9:36:3A,-97
2026-08-21 07:19:01.304801,113685_9C139E7A644C,9C:13:9E:7A:64:4E,-67
2026-08-21 07:19:02.533224,None,F7:42:AB:28:39:3F,-93
2026-08-21 07:19:23.736616,Peak Pro 01502,F0:AD:4E:40:19:D5,-90
2026-08-21 07:19:24.239311,ResMed 223238,E8:E0:7E:34:BB:D4,-86
2026-08-21 07:20:05.618272,RIOT Plus501B6E,D8:BC:38:50:1B:6E,-95
2026-08-21 07:20:14.131049,Platco PR1,B4:CB:B8:1B:D4:50,-87
2026-08-21 07:20:56.613295,None,5E:E4:CE:9A:1E:BF,-96
2026-08-21 07:21:29.166248,None,DA:7A:56:74:82:A6,-95
2026-08-21 07:21:41.943926,20HL39284591421094,48:87:2D:89:79:5D,-90
2026-08-21 07:22:02.780300,None,76:35:EE:F3:4F:24,-81
2026-08-21 07:22:10.015207,None,41:66:AC:9E:C7:6D,-94
2026-08-21 07:22:11.545311,None,61:CB:39:C9:55:39,-82
2026-08-21 07:22:17.281588,None,C5:87:5C:D6:45:85,-75
2026-08-21 07:22:32.986185,None,F5:61:06:BB:FC:6C,-84
2026-08-21 07:22:35.078178,MELK-OF21   5C,BE:28:03:00:20:5C,-95
2026-08-21 07:22:52.315102,None,54:48:1D:A9:A3:EF,-94
2026-08-21 07:22:59.018475,None,41:E6:94:83:92:BB,-84
2026-08-21 07:23:01.635867,None,4E:A3:2F:FF:21:52,-87
2026-08-21 07:23:07.540168,None,6A:B5:C7:69:0A:1B,-71
2026-08-21 07:23:29.388727,None,7A:1A:57:95:2F:D7,-92
2026-08-21 07:24:11.008532,Charge 4,F1:D1:F5:5E:21:37,-86
2026-08-21 07:24:31.607323,Platco PR1,E4:A6:34:CF:38:ED,-96
2026-08-21 07:25:00.244768,None,54:20:DC:66:B8:37,-80
2026-08-21 07:25:00.961333,None,CD:B4:E3:9E:D7:7E,-82
2026-08-21 07:25:02.694985,None,F3:2A:75:F2:14:D4,-70
2026-08-21 07:25:02.711296,None,D3:97:98:6E:F5:62,-76
2026-08-21 07:25:05.970179,None,FB:63:8B:C5:EC:CF,-83
2026-08-21 07:25:07.243775,None,C0:27:D9:D9:CB:C9,-73
2026-08-21 07:25:08.875212,None,CE:9B:AB:D8:D5:DB,-77
2026-08-21 07:25:15.403972,None,C3:DA:47:07:D9:52,-66
2026-08-21 07:25:38.167940,None,71:5C:8A:1B:AC:81,-100
2026-08-21 07:25:48.208433,None,74:B2:62:51:63:99,-88
2026-08-21 07:25:56.111831,None,F6:83:FE:24:52:04,-92
2026-08-21 07:26:16.989909,None,D1:D5:0B:68:08:15,-77
2026-08-21 07:27:16.075156,None,E3:E9:0A:FF:67:A7,-84
2026-08-21 07:27:19.678579,None,63:9D:1B:B6:29:9D,-55
2026-08-21 07:27:29.489816,None,C2:B7:F4:2F:94:3A,-75
2026-08-21 07:27:40.911981,None,61:06:1D:CF:9E:0C,-56
2026-08-21 07:27:48.482833,None,E7:57:78:A2:59:9B,-95
2026-08-21 07:28:23.169935,None,F9:C7:95:01:99:4B,-76
2026-08-21 07:29:01.354118,113685_9C139E7A644C,9C:13:9E:7A:64:4E,-66
2026-08-21 07:29:12.947494,None,7E:23:FC:6F:01:97,-97
2026-08-21 07:29:13.962270,None,47:DE:29:73:39:5E,-95
2026-08-21 07:29:15.377060,None,4B:70:29:B9:36:3A,-92
2026-08-21 07:29:16.399846,None,EA:7D:78:19:D3:5D,-87
2026-08-21 07:29:23.747975,Peak Pro 01502,F0:AD:4E:40:19:D5,-88
2026-08-21 07:29:26.370393,ResMed 223238,E8:E0:7E:34:BB:D4,-88
2026-08-21 07:29:58.041500,None,09:F7:E2:F8:9C:7F,-97
2026-08-21 07:30:02.302550,None,ED:6E:DB:88:F6:56,-56
2026-08-21 07:30:02.453962,None,EE:F1:ED:11:9F:6F,-80
2026-08-21 07:30:03.160951,None,D0:61:F2:09:59:DC,-76
2026-08-21 07:30:04.090565,None,C7:46:25:03:40:67,-80
2026-08-21 07:30:04.115468,None,E8:0A:89:73:AE:E3,-79
2026-08-21 07:30:05.218418,None,F3:6B:F4:8E:BA:8D,-76
2026-08-21 07:30:05.781058,None,F1:CD:65:11:75:6D,-87
2026-08-21 07:30:06.118780,RIOT Plus501B6E,D8:BC:38:50:1B:6E,-94
2026-08-21 07:30:12.067159,None,F8:B6:27:C5:4C:8F,-75
2026-08-21 07:30:17.854196,None,3E:66:FF:65:9C:AC,-101
2026-08-21 07:30:34.051017,Platco PR1,B4:CB:B8:1B:D4:50,-88
2026-08-21 07:30:46.454814,None,F5:EA:65:54:06:76,-93
2026-08-21 07:31:42.300154,20HL39284591421094,48:87:2D:89:79:5D,-93
2026-08-21 07:31:44.261625,None,61:A1:64:F8:B1:0B,-73
2026-08-21 07:31:44.288110,None,D0:A6:20:EC:D5:D5,-74
2026-08-21 07:32:29.325887,None,7B:C3:CA:FE:43:1B,-101
2026-08-21 07:32:36.688321,MELK-OF21   5C,BE:28:03:00:20:5C,-99
2026-08-21 07:32:54.692745,None,54:48:1D:A9:A3:EF,-90
2026-08-21 07:32:59.177173,None,41:E6:94:83:92:BB,-86
2026-08-21 07:33:04.980660,None,4E:A3:2F:FF:21:52,-85
2026-08-21 07:33:06.218163,None,FF:22:AB:EB:5D:C8,-96
2026-08-21 07:33:29.429872,None,7A:1A:57:95:2F:D7,-89
2026-08-21 07:34:12.151282,Charge 4,F1:D1:F5:5E:21:37,-90
2026-08-21 07:35:28.626299,None,5B:8B:91:8B:C3:CE,-84
2026-08-21 07:35:28.816741,None,5A:AF:0A:06:BA:79,-97
2026-08-21 07:35:29.121372,None,69:44:1F:DA:44:3F,-85
2026-08-21 07:35:33.705156,None,C1:3A:0E:FE:6D:AB,-95
2026-08-21 07:35:48.304090,None,74:B2:62:51:63:99,-86
2026-08-21 07:35:49.716424,None,D4:EA:0D:EA:FB:A2,-97
2026-08-21 07:35:53.847394,None,78:58:CA:95:2F:53,-86
2026-08-21 07:36:33.183384,None,F5:C3:D8:59:B0:BF,-92
2026-08-21 07:36:43.331681,None,58:04:46:C7:2C:9F,-97
2026-08-21 07:37:18.219820,None,E3:E9:0A:FF:67:A7,-91
2026-08-21 07:37:28.562695,None,41:42:A2:1C:6D:B3,-86
2026-08-21 07:37:29.972929,None,7F:58:59:F2:AB:B1,-94
2026-08-21 07:37:32.964689,None,C2:B7:F4:2F:94:3A,-69
2026-08-21 07:37:43.555481,None,61:06:1D:CF:9E:0C,-57
2026-08-21 07:38:10.631977,None,66:FC:F2:0A:22:9F,-99
2026-08-21 07:38:22.458299,None,37:7D:FC:23:6F:47,-99
2026-08-21 07:38:39.241321,None,41:61:60:D8:BC:1D,-90
2026-08-21 07:38:39.730115,None,33:07:80:8A:4E:C8,-94
2026-08-21 07:39:01.429561,113685_9C139E7A644C,9C:13:9E:7A:64:4E,-68
2026-08-21 07:39:25.101691,Peak Pro 01502,F0:AD:4E:40:19:D5,-90
2026-08-21 07:39:26.608511,ResMed 223238,E8:E0:7E:34:BB:D4,-88
2026-08-21 07:40:03.903090,None,ED:6E:DB:88:F6:56,-66
2026-08-21 07:40:04.075823,None,EE:F1:ED:11:9F:6F,-82
2026-08-21 07:40:04.815509,None,C7:46:25:03:40:67,-90
2026-08-21 07:40:07.276870,None,D0:61:F2:09:59:DC,-76
2026-08-21 07:40:07.634043,None,E8:0A:89:73:AE:E3,-72
2026-08-21 07:40:08.269322,RIOT Plus501B6E,D8:BC:38:50:1B:6E,-97
2026-08-21 07:40:08.985157,None,F3:6B:F4:8E:BA:8D,-84
2026-08-21 07:40:09.331516,None,F1:CD:65:11:75:6D,-69
2026-08-21 07:40:14.861739,None,F8:B6:27:C5:4C:8F,-76
2026-08-21 07:40:25.353874,None,00:77:D2:52:01:98,-97
2026-08-21 07:40:38.875963,Platco PR1,B4:CB:B8:1B:D4:50,-83
2026-08-21 07:41:05.901264,None,F5:EA:65:54:06:76,-94
2026-08-21 07:41:42.448559,20HL39284591421094,48:87:2D:89:79:5D,-93
2026-08-21 07:41:45.529549,None,61:A1:64:F8:B1:0B,-82
2026-08-21 07:41:45.962488,None,D0:A6:20:EC:D5:D5,-82
2026-08-21 07:42:28.911855,None,F4:63:EF:C0:F7:D2,-70
2026-08-21 07:42:36.823903,MELK-OF21   5C,BE:28:03:00:20:5C,-94
2026-08-21 07:42:37.828883,None,7B:C3:CA:FE:43:1B,-100
2026-08-21 07:42:56.718399,None,54:48:1D:A9:A3:EF,-91
2026-08-21 07:42:59.374154,None,41:E6:94:83:92:BB,-80
2026-08-21 07:43:04.522854,None,53:E1:92:51:B2:7B,-56
2026-08-21 07:43:06.709548,None,4E:A3:2F:FF:21:52,-81
2026-08-21 07:43:07.843618,None,FF:22:AB:EB:5D:C8,-98
2026-08-21 07:44:17.167379,Charge 4,F1:D1:F5:5E:21:37,-85
2026-08-21 07:44:46.383704,None,F1:D0:6C:DF:BC:54,-81
2026-08-21 07:45:00.039189,None,F8:67:08:69:E2:7D,-90
2026-08-21 07:45:00.076837,None,EA:3A:7D:0E:54:90,-79
2026-08-21 07:45:00.433076,None,ED:98:87:50:D9:7A,-84
2026-08-21 07:45:00.535564,None,61:D9:14:42:3C:EC,-84
2026-08-21 07:45:02.775597,None,6A:43:D3:83:8D:B5,-87
2026-08-21 07:45:04.038383,None,FB:B8:D5:FF:EE:9B,-68
2026-08-21 07:45:05.028717,None,EE:4F:E2:0E:21:09,-71
2026-08-21 07:45:09.733431,None,C7:FC:29:BA:65:A1,-75
2026-08-21 07:45:11.295348,None,DC:E5:FE:36:92:79,-66
2026-08-21 07:45:17.585934,None,EC:AF:34:D8:6D:AB,-85
2026-08-21 07:45:25.332900,None,DA:EB:86:89:E5:F3,-82
2026-08-21 07:45:49.365239,None,F4:C7:DB:AF:30:DA,-91
2026-08-21 07:45:54.252077,None,78:58:CA:95:2F:53,-93
2026-08-21 07:46:28.087965,None,F6:A8:85:CC:EA:AD,-80
2026-08-21 07:46:43.066278,None,E2:1D:5F:94:99:97,-94
2026-08-21 07:46:44.150348,None,49:90:25:84:FE:BB,-94
2026-08-21 07:47:19.512617,None,E3:E9:0A:FF:67:A7,-77
2026-08-21 07:47:30.746464,None,41:42:A2:1C:6D:B3,-91
2026-08-21 07:48:07.583834,None,DD:06:BD:5F:88:F7,-92
2026-08-21 07:48:08.450478,Platco PR1,E4:A6:34:CF:38:ED,-96
2026-08-21 07:48:13.439570,None,44:74:D3:05:66:03,-92
2026-08-21 07:48:42.612122,None,19:03:0F:42:E3:05,-97
2026-08-21 07:49:02.169251,113685_9C139E7A644C,9C:13:9E:7A:64:4E,-69
2026-08-21 07:49:25.199317,Peak Pro 01502,F0:AD:4E:40:19:D5,-90
2026-08-21 07:49:26.834589,ResMed 223238,E8:E0:7E:34:BB:D4,-87
2026-08-21 07:50:14.754518,RIOT Plus501B6E,D8:BC:38:50:1B:6E,-96
2026-08-21 07:50:44.270084,Platco PR1,B4:CB:B8:1B:D4:50,-83
2026-08-21 07:51:29.917965,None,D0:34:F0:4E:35:65,-98
2026-08-21 07:51:44.028798,20HL39284591421094,48:87:2D:89:79:5D,-93
2026-08-21 07:51:45.598317,None,61:A1:64:F8:B1:0B,-74
2026-08-21 07:51:59.765668,None,4C:3D:C4:0D:86:85,-92
2026-08-21 07:52:02.211708,None,52:A6:09:12:EF:63,-96
2026-08-21 07:52:13.928086,None,6D:A2:52:65:2F:27,-84
2026-08-21 07:52:26.657428,None,40:FB:F7:E2:99:85,-99
2026-08-21 07:52:30.249019,None,F4:63:EF:C0:F7:D2,-72
2026-08-21 07:52:37.145505,MELK-OF21   5C,BE:28:03:00:20:5C,-96
2026-08-21 07:53:04.528340,None,53:E1:92:51:B2:7B,-55
2026-08-21 07:53:23.485916,None,53:CD:DB:94:14:CC,-88
2026-08-21 07:54:19.437267,Charge 4,F1:D1:F5:5E:21:37,-84
2026-08-21 07:55:01.141638,None,60:6E:FC:25:69:E6,-74
2026-08-21 07:55:01.470482,None,EA:3A:7D:0E:54:90,-72
2026-08-21 07:55:02.180933,None,61:D9:14:42:3C:EC,-82
2026-08-21 07:55:02.188790,None,ED:98:87:50:D9:7A,-83
2026-08-21 07:55:02.667148,None,F8:67:08:69:E2:7D,-80
2026-08-21 07:55:02.894928,None,6A:43:D3:83:8D:B5,-82
2026-08-21 07:55:04.713686,None,FB:B8:D5:FF:EE:9B,-68
2026-08-21 07:55:08.933636,None,EE:4F:E2:0E:21:09,-71
2026-08-21 07:55:11.215791,None,C7:FC:29:BA:65:A1,-75
2026-08-21 07:55:12.569674,None,69:44:BA:BF:4B:47,-97
2026-08-21 07:55:12.818231,None,DC:E5:FE:36:92:79,-56
2026-08-21 07:55:19.134741,None,EC:AF:34:D8:6D:AB,-72
2026-08-21 07:55:53.400435,None,F4:C7:DB:AF:30:DA,-90
2026-08-21 07:55:54.404741,None,78:58:CA:95:2F:53,-91
2026-08-21 07:56:08.609641,None,52:82:37:3D:C1:28,-67
2026-08-21 07:56:21.017296,None,DA:EB:86:89:E5:F3,-100
2026-08-21 07:56:33.414844,None,F6:A8:85:CC:EA:AD,-74
2026-08-21 07:56:49.453252,None,C0:7C:8C:43:68:E5,-93
2026-08-21 07:57:12.015418,None,18:E7:D4:B2:62:EA,-97
2026-08-21 07:57:24.164991,None,E3:E9:0A:FF:67:A7,-83
2026-08-21 07:57:30.976259,None,41:42:A2:1C:6D:B3,-85
2026-08-21 07:57:37.676358,None,FE:D8:5A:09:E1:F2,-72
2026-08-21 07:58:13.776535,None,44:74:D3:05:66:03,-95
2026-08-21 07:58:19.324287,None,DD:06:BD:5F:88:F7,-97
2026-08-21 07:59:02.183309,113685_9C139E7A644C,9C:13:9E:7A:64:4E,-67
2026-08-21 07:59:25.352912,Peak Pro 01502,F0:AD:4E:40:19:D5,-90
2026-08-21 07:59:28.811790,ResMed 223238,E8:E0:7E:34:BB:D4,-86
2026-08-21 07:59:39.250178,None,41:71:51:28:C5:61,-86
2026-08-21 08:00:00.323552,None,DE:18:5E:7C:21:E6,-82
2026-08-21 08:00:01.564487,None,E2:1D:5F:94:99:97,-92
2026-08-21 08:00:04.049213,None,EC:0E:5B:10:55:0E,-80
2026-08-21 08:00:04.551429,None,EF:8D:8E:2A:D2:E3,-72
2026-08-21 08:00:08.642511,None,FC:D9:5B:07:9F:28,-66
2026-08-21 08:00:11.728390,None,D6:2C:1E:7F:F4:D9,-94
2026-08-21 08:00:11.853141,None,69:59:75:AF:3D:34,-91
2026-08-21 08:00:12.100183,None,EA:A8:BF:AA:48:37,-67
2026-08-21 08:00:12.128158,None,CD:08:C7:B2:EA:AD,-71
2026-08-21 08:00:18.101661,None,C9:18:C6:91:07:E5,-71
2026-08-21 08:00:20.787082,None,C6:36:AF:D6:8E:68,-85
2026-08-21 08:00:26.971074,RIOT Plus501B6E,D8:BC:38:50:1B:6E,-97
2026-08-21 08:00:40.958118,None,62:7F:64:5B:4E:94,-56
2026-08-21 08:00:49.085677,Platco PR1,B4:CB:B8:1B:D4:50,-88
2026-08-21 08:01:02.891491,None,D3:14:C4:C2:F1:4D,-92
2026-08-21 08:01:21.947418,None,63:FB:8A:B5:60:69,-90
2026-08-21 08:01:24.204252,None,E3:0C:F9:99:AD:1F,-92
2026-08-21 08:01:44.533153,20HL39284591421094,48:87:2D:89:79:5D,-97
2026-08-21 08:02:38.938888,MELK-OF21   5C,BE:28:03:00:20:5C,-96
2026-08-21 08:03:08.371204,None,6D:A2:52:65:2F:27,-85
2026-08-21 08:03:08.422275,None,4C:3D:C4:0D:86:85,-99
2026-08-21 08:03:10.939101,None,F7:B9:17:73:A4:7E,-74
2026-08-21 08:03:11.302227,None,52:A6:09:12:EF:63,-85
2026-08-21 08:04:20.604423,Charge 4,F1:D1:F5:5E:21:37,-91
2026-08-21 08:04:56.679951,None,C8:63:84:F2:8D:0E,-98
2026-08-21 08:05:01.358402,None,60:6E:FC:25:69:E6,-74
2026-08-21 08:05:03.060146,None,61:D9:14:42:3C:EC,-84
2026-08-21 08:05:03.363495,None,6A:43:D3:83:8D:B5,-83
2026-08-21 08:05:37.025349,Platco PR1,E4:A6:34:CF:38:ED,-95
2026-08-21 08:06:20.671723,None,08:A3:74:29:5B:FC,-101
2026-08-21 08:06:38.067164,None,59:DD:48:A1:2D:D9,-84
2026-08-21 08:06:38.170400,None,65:9C:22:DD:31:D7,-84
2026-08-21 08:06:52.719098,None,41:2C:E2:59:61:B3,-86
2026-08-21 08:06:53.146103,None,7E:B5:09:5F:54:53,-94
2026-08-21 08:06:55.688811,None,D1:68:64:40:01:74,-86
2026-08-21 08:06:59.562315,None,55:8D:9A:D3:D6:67,-92
2026-08-21 08:07:30.149818,None,E3:E9:0A:FF:67:A7,-77
2026-08-21 08:07:39.186919,None,FE:D8:5A:09:E1:F2,-72
2026-08-21 08:08:13.988013,None,44:74:D3:05:66:03,-91
2026-08-21 08:08:42.587909,None,5A:C1:8B:AE:EE:07,-66
2026-08-21 08:09:02.183702,113685_9C139E7A644C,9C:13:9E:7A:64:4E,-67
2026-08-21 08:09:27.308516,Peak Pro 01502,F0:AD:4E:40:19:D5,-89
2026-08-21 08:09:29.677570,ResMed 223238,E8:E0:7E:34:BB:D4,-87
2026-08-21 08:09:41.107931,None,41:71:51:28:C5:61,-84
2026-08-21 08:09:48.770471,None,65:62:75:AC:D0:78,-87
2026-08-21 08:10:02.734513,None,DE:18:5E:7C:21:E6,-84
2026-08-21 08:10:05.063885,None,EF:8D:8E:2A:D2:E3,-74
2026-08-21 08:10:06.811153,None,EC:0E:5B:10:55:0E,-90
2026-08-21 08:10:10.849870,None,FC:D9:5B:07:9F:28,-65
2026-08-21 08:10:12.720362,None,EA:A8:BF:AA:48:37,-68
2026-08-21 08:10:17.539261,None,CD:08:C7:B2:EA:AD,-70
2026-08-21 08:10:19.621249,None,C9:18:C6:91:07:E5,-79
2026-08-21 08:10:24.321672,None,C6:36:AF:D6:8E:68,-74
2026-08-21 08:10:27.775878,RIOT Plus501B6E,D8:BC:38:50:1B:6E,-97
2026-08-21 08:10:44.895373,None,62:7F:64:5B:4E:94,-69
2026-08-21 08:11:08.979754,Platco PR1,B4:CB:B8:1B:D4:50,-82
2026-08-21 08:11:12.618670,None,D3:14:C4:C2:F1:4D,-93
2026-08-21 08:11:21.991775,None,47:27:CF:EB:38:13,-89
2026-08-21 08:11:34.123371,None,E3:0C:F9:99:AD:1F,-87
2026-08-21 08:11:36.302625,None,40:FB:F7:E2:99:85,-102
2026-08-21 08:11:45.389336,20HL39284591421094,48:87:2D:89:79:5D,-95
2026-08-21 08:12:38.968850,MELK-OF21   5C,BE:28:03:00:20:5C,-93
2026-08-21 08:12:40.278930,None,C0:69:95:BD:D4:72,-75
2026-08-21 08:12:55.009103,None,74:13:6E:2C:04:A6,-95
2026-08-21 08:12:55.446409,None,63:45:F6:2E:A9:35,-86
2026-08-21 08:12:59.355187,None,FE:47:5A:96:91:89,-96
2026-08-21 08:13:06.651055,None,40:6C:18:49:E4:41,-98
2026-08-21 08:13:13.117973,None,F7:B9:17:73:A4:7E,-73
2026-08-21 08:13:38.356406,None,0C:D1:4E:02:83:1E,-100
2026-08-21 08:14:24.318173,Charge 4,F1:D1:F5:5E:21:37,-82
2026-08-21 08:15:00.089521,None,E2:CC:BE:59:50:ED,-82
2026-08-21 08:15:00.094716,None,DD:EF:38:16:62:FA,-75
2026-08-21 08:15:00.358786,None,C6:68:55:7A:DB:28,-91
2026-08-21 08:15:01.950224,None,60:6E:FC:25:69:E6,-83
2026-08-21 08:15:02.098347,None,E3:65:CC:7A:32:79,-68
2026-08-21 08:15:02.543914,None,E2:6E:6E:9E:63:35,-70
2026-08-21 08:15:05.757582,None,F8:B7:97:B9:50:C6,-89
2026-08-21 08:15:08.876473,None,E8:0A:09:41:33:FE,-67
2026-08-21 08:15:16.262703,None,C8:63:84:F2:8D:0E,-98
2026-08-21 08:15:20.721152,None,C6:F4:94:92:3F:1D,-78
2026-08-21 08:15:37.492796,None,6E:31:20:E0:B5:3E,-57
2026-08-21 08:15:47.730555,None,5F:CE:57:C0:D5:98,-79
2026-08-21 08:15:59.178854,None,F2:41:43:4C:37:00,-78
2026-08-21 08:16:09.873565,None,DF:BF:05:A1:AA:B5,-96
2026-08-21 08:16:38.084181,None,59:DD:48:A1:2D:D9,-85
2026-08-21 08:16:38.549836,None,65:9C:22:DD:31:D7,-85
2026-08-21 08:17:29.775420,None,C6:81:02:3F:CB:6E,-92
2026-08-21 08:17:30.628986,None,72:E9:84:CC:B8:36,-88
2026-08-21 08:17:35.457520,None,E3:E9:0A:FF:67:A7,-87
2026-08-21 08:17:47.524276,None,55:8D:9A:D3:D6:67,-93
2026-08-21 08:18:32.559286,None,C4:8F:54:B4:D1:45,-74
2026-08-21 08:18:32.624265,None,70:F7:CE:09:C1:BF,-81
2026-08-21 08:19:04.420645,113685_9C139E7A644C,9C:13:9E:7A:64:4E,-64
2026-08-21 08:19:27.786572,Peak Pro 01502,F0:AD:4E:40:19:D5,-86
2026-08-21 08:19:30.066987,ResMed 223238,E8:E0:7E:34:BB:D4,-86
2026-08-21 08:19:41.117065,None,41:71:51:28:C5:61,-85
2026-08-21 08:19:44.023846,None,6F:F8:49:DB:6A:A0,-86
2026-08-21 08:20:09.722614,None,57:8B:9A:49:06:03,-96
2026-08-21 08:20:15.556247,None,ED:0B:F6:D7:37:45,-97
2026-08-21 08:20:30.278963,RIOT Plus501B6E,D8:BC:38:50:1B:6E,-94
2026-08-21 08:21:13.734316,None,78:70:33:C6:DA:AF,-97
2026-08-21 08:21:14.303306,Platco PR1,B4:CB:B8:1B:D4:50,-84
2026-08-21 08:21:15.305543,None,4F:A4:FB:21:64:0A,-69
2026-08-21 08:21:22.409870,None,47:27:CF:EB:38:13,-87
2026-08-21 08:21:46.709133,20HL39284591421094,48:87:2D:89:79:5D,-94
2026-08-21 08:21:50.229868,None,5B:75:17:38:C7:9A,-93
2026-08-21 08:21:53.353666,None,64:C0:FA:6B:9A:5A,-85
2026-08-21 08:22:14.953404,None,1A:A0:B4:6A:90:45,-98
2026-08-21 08:22:39.176525,MELK-OF21   5C,BE:28:03:00:20:5C,-93
2026-08-21 08:22:43.807231,None,C0:69:95:BD:D4:72,-69
2026-08-21 08:24:30.474041,Charge 4,F1:D1:F5:5E:21:37,-85
2026-08-21 08:25:00.795182,None,DD:EF:38:16:62:FA,-75
2026-08-21 08:25:03.557524,None,E2:CC:BE:59:50:ED,-77
2026-08-21 08:25:04.046932,None,C6:68:55:7A:DB:28,-82
2026-08-21 08:25:04.674899,None,E2:6E:6E:9E:63:35,-72
2026-08-21 08:25:04.798965,None,E3:65:CC:7A:32:79,-74
2026-08-21 08:25:06.053403,None,F8:B7:97:B9:50:C6,-93
2026-08-21 08:25:11.155132,None,E8:0A:09:41:33:FE,-70
2026-08-21 08:25:21.613768,None,C6:F4:94:92:3F:1D,-80
2026-08-21 08:25:40.502539,None,6E:31:20:E0:B5:3E,-70
2026-08-21 08:25:53.858073,None,48:32:57:AD:08:40,-100
2026-08-21 08:26:00.106200,None,F2:41:43:4C:37:00,-85
2026-08-21 08:26:07.014361,None,53:E1:B7:11:BF:F7,-70
2026-08-21 08:26:38.174951,None,59:DD:48:A1:2D:D9,-85
2026-08-21 08:26:42.188746,None,65:9C:22:DD:31:D7,-84
2026-08-21 08:27:31.653071,None,C6:81:02:3F:CB:6E,-91
2026-08-21 08:27:31.882943,None,72:E9:84:CC:B8:36,-92
2026-08-21 08:27:42.327547,None,E3:E9:0A:FF:67:A7,-75
2026-08-21 08:27:45.699514,None,C8:92:A2:DB:83:F1,-73
2026-08-21 08:28:34.743026,None,70:F7:CE:09:C1:BF,-72
2026-08-21 08:28:38.067402,None,C4:8F:54:B4:D1:45,-77
2026-08-21 08:29:04.545233,113685_9C139E7A644C,9C:13:9E:7A:64:4E,-65
2026-08-21 08:29:16.980292,None,55:B7:9B:3A:C2:92,-78
2026-08-21 08:29:20.450358,None,48:2F:8B:A0:02:08,-78
2026-08-21 08:29:27.802224,Peak Pro 01502,F0:AD:4E:40:19:D5,-88
2026-08-21 08:29:31.250128,ResMed 223238,E8:E0:7E:34:BB:D4,-90
2026-08-21 08:29:45.569781,None,6F:F8:49:DB:6A:A0,-92
2026-08-21 08:30:00.114479,None,C5:03:E7:09:D4:04,-68
2026-08-21 08:30:00.373026,None,EA:C2:1B:CD:2D:38,-80
2026-08-21 08:30:00.680742,None,41:9C:8D:46:51:F0,-73
2026-08-21 08:30:00.726158,None,F7:83:5A:DD:46:D5,-70
2026-08-21 08:30:01.928500,None,CD:CB:3B:FC:77:EF,-73
2026-08-21 08:30:02.093946,None,C6:5A:46:BA:6A:33,-75
2026-08-21 08:30:02.124249,None,D6:8C:1B:A4:11:6E,-82
2026-08-21 08:30:08.852439,None,FE:5B:9B:21:FB:EA,-77
2026-08-21 08:30:10.446865,None,FB:91:D3:AA:44:17,-82
2026-08-21 08:30:13.240414,None,D7:8B:38:5A:9E:A6,-90
2026-08-21 08:30:30.760549,RIOT Plus501B6E,D8:BC:38:50:1B:6E,-94
2026-08-21 08:30:31.136636,None,ED:0B:F6:D7:37:45,-99
2026-08-21 08:31:14.104376,None,7F:F6:74:74:81:32,-89
2026-08-21 08:31:19.213539,Platco PR1,B4:CB:B8:1B:D4:50,-84
2026-08-21 08:31:46.988039,20HL39284591421094,48:87:2D:89:79:5D,-94
2026-08-21 08:32:20.148558,None,DB:94:9F:FB:7A:AB,-99
2026-08-21 08:32:28.017654,None,78:70:33:C6:DA:AF,-97
2026-08-21 08:32:41.063359,MELK-OF21   5C,BE:28:03:00:20:5C,-95
2026-08-21 08:32:43.472684,None,62:AC:41:A4:C9:98,-97
2026-08-21 08:32:44.602109,None,2C:7C:E5:8C:BE:EE,-102
2026-08-21 08:32:48.063744,None,5E:C5:2C:84:14:CB,-72
2026-08-21 08:33:10.898093,None,62:9E:C6:6E:9A:BE,-93
2026-08-21 08:33:11.531720,None,64:C0:FA:6B:9A:5A,-83
2026-08-21 08:33:13.901804,None,5B:75:17:38:C7:9A,-83
2026-08-21 08:34:35.471115,Charge 4,F1:D1:F5:5E:21:37,-85
2026-08-21 08:35:06.606705,None,F8:4E:58:0B:C3:AF,-100
2026-08-21 08:36:08.900499,None,53:E1:B7:11:BF:F7,-61
2026-08-21 08:37:13.280760,None,F4:DE:48:08:72:97,-104
2026-08-21 08:37:33.292365,None,C6:81:02:3F:CB:6E,-93
2026-08-21 08:37:33.642953,None,72:E9:84:CC:B8:36,-92
2026-08-21 08:37:44.273754,None,E3:E9:0A:FF:67:A7,-89
2026-08-21 08:37:47.207471,None,C8:92:A2:DB:83:F1,-73
2026-08-21 08:37:58.595635,None,51:7A:E6:11:AE:D6,-91
2026-08-21 08:37:58.702306,None,C6:FF:84:B1:E3:D6,-89
2026-08-21 08:38:14.650074,None,5A:0D:51:04:83:DC,-60
2026-08-21 08:38:34.840243,None,70:F7:CE:09:C1:BF,-71
2026-08-21 08:38:43.617339,None,C4:8F:54:B4:D1:45,-77
2026-08-21 08:38:49.851650,None,E9:A2:8D:FB:43:6A,-72
2026-08-21 08:38:50.015984,None,56:EF:BE:24:FD:50,-73
2026-08-21 08:38:57.515124,None,1A:C5:F6:83:DA:A4,-99
2026-08-21 08:39:04.579827,113685_9C139E7A644C,9C:13:9E:7A:64:4E,-65
2026-08-21 08:39:09.768820,None,5A:6F:E3:2B:62:84,-61
2026-08-21 08:39:17.221526,None,55:B7:9B:3A:C2:92,-84
2026-08-21 08:39:23.965365,None,48:2F:8B:A0:02:08,-82
2026-08-21 08:39:26.077664,None,6A:1C:06:64:15:65,-94
2026-08-21 08:39:29.815460,Peak Pro 01502,F0:AD:4E:40:19:D5,-90
2026-08-21 08:39:31.794523,ResMed 223238,E8:E0:7E:34:BB:D4,-87
2026-08-21 08:39:46.096377,None,6F:F8:49:DB:6A:A0,-88
2026-08-21 08:39:59.184615,Platco PR1,E4:A6:34:CF:38:ED,-96
2026-08-21 08:40:02.054996,None,EA:C2:1B:CD:2D:38,-81
2026-08-21 08:40:02.200002,None,CD:CB:3B:FC:77:EF,-80
2026-08-21 08:40:04.717362,None,C5:03:E7:09:D4:04,-66
2026-08-21 08:40:04.784236,None,D6:8C:1B:A4:11:6E,-76
2026-08-21 08:40:05.443108,None,C6:5A:46:BA:6A:33,-81
2026-08-21 08:40:06.470822,None,F7:83:5A:DD:46:D5,-64
2026-08-21 08:40:13.274670,None,FB:91:D3:AA:44:17,-76
2026-08-21 08:40:14.360922,None,FE:5B:9B:21:FB:EA,-75
2026-08-21 08:40:15.648409,None,D7:8B:38:5A:9E:A6,-91
2026-08-21 08:40:29.080954,None,48:32:57:AD:08:40,-99
2026-08-21 08:40:42.163482,RIOT Plus501B6E,D8:BC:38:50:1B:6E,-93
2026-08-21 08:41:16.046593,None,7F:F6:74:74:81:32,-92
2026-08-21 08:41:24.032550,Platco PR1,B4:CB:B8:1B:D4:50,-84
2026-08-21 08:41:44.420160,None,53:90:4E:52:2C:5F,-92
2026-08-21 08:41:47.709890,20HL39284591421094,48:87:2D:89:79:5D,-94
2026-08-21 08:42:21.390405,None,53:70:B4:AB:B1:97,-92
2026-08-21 08:42:41.079220,MELK-OF21   5C,BE:28:03:00:20:5C,-92
2026-08-21 08:42:47.039029,None,DB:94:9F:FB:7A:AB,-96
2026-08-21 08:42:54.217979,None,FE:AD:A0:9B:00:AF,-70
2026-08-21 08:43:09.383048,None,5A:4F:75:72:A0:0A,-92
2026-08-21 08:43:09.998565,None,45:DE:F9:33:E1:55,-98
2026-08-21 08:43:11.871068,None,4A:A0:A9:7B:BB:BF,-84
2026-08-21 08:43:12.002914,None,5D:B4:2A:98:E3:5D,-84
2026-08-21 08:43:17.711457,None,62:AC:41:A4:C9:98,-103
2026-08-21 08:44:36.608423,Charge 4,F1:D1:F5:5E:21:37,-86
2026-08-21 08:45:00.345239,None,D3:20:64:6A:09:13,-85
2026-08-21 08:45:02.075221,None,CF:86:A2:40:46:79,-71
2026-08-21 08:45:02.087326,None,E5:4E:98:8C:9D:62,-73
2026-08-21 08:45:02.092852,None,E0:F2:41:A9:CE:67,-81
2026-08-21 08:45:02.529399,None,E7:DA:2F:64:66:10,-72
2026-08-21 08:45:09.007598,None,F4:6A:71:5F:26:A3,-88
2026-08-21 08:45:10.644472,None,CF:36:C6:04:19:90,-66
2026-08-21 08:45:14.918618,None,E0:C7:A2:87:88:37,-73
2026-08-21 08:45:30.102365,None,F3:FD:FD:D1:CA:0D,-96
2026-08-21 08:46:08.157085,None,EF:8E:33:08:09:A0,-100
2026-08-21 08:46:32.237629,None,16:18:ED:F9:14:B6,-99
2026-08-21 08:46:49.732925,None,F7:32:CC:32:70:92,-85
2026-08-21 08:47:35.336319,None,70:4B:70:C9:39:C9,-88
2026-08-21 08:47:45.433226,None,E3:E9:0A:FF:67:A7,-88
2026-08-21 08:47:58.243693,None,42:9C:42:71:C6:32,-96
2026-08-21 08:47:58.249117,None,66:01:8E:97:C2:C3,-91
2026-08-21 08:47:58.644867,None,51:7A:E6:11:AE:D6,-88
2026-08-21 08:48:12.832629,None,48:29:A5:BC:12:3A,-95
2026-08-21 08:48:19.906840,None,C4:58:08:36:20:D5,-89
2026-08-21 08:48:21.073653,None,5A:0D:51:04:83:DC,-75
2026-08-21 08:48:50.027895,None,56:EF:BE:24:FD:50,-71
2026-08-21 08:48:53.541109,None,E9:A2:8D:FB:43:6A,-71
2026-08-21 08:49:06.978049,113685_9C139E7A644C,9C:13:9E:7A:64:4E,-69
2026-08-21 08:49:17.318931,None,55:B7:9B:3A:C2:92,-83
2026-08-21 08:49:25.070521,None,48:2F:8B:A0:02:08,-83
2026-08-21 08:49:30.149242,Peak Pro 01502,F0:AD:4E:40:19:D5,-90
2026-08-21 08:49:32.188082,ResMed 223238,E8:E0:7E:34:BB:D4,-87
2026-08-21 08:50:42.821399,None,F8:56:5B:72:45:26,-80
2026-08-21 08:51:00.459163,RIOT Plus501B6E,D8:BC:38:50:1B:6E,-96
2026-08-21 08:51:28.139562,None,5A:6F:E3:2B:62:84,-60
2026-08-21 08:51:28.903000,Platco PR1,B4:CB:B8:1B:D4:50,-85
2026-08-21 08:51:44.667084,None,53:90:4E:52:2C:5F,-88
2026-08-21 08:51:49.052963,20HL39284591421094,48:87:2D:89:79:5D,-95
2026-08-21 08:52:41.171294,MELK-OF21   5C,BE:28:03:00:20:5C,-92
2026-08-21 08:52:45.044966,None,53:DD:78:5F:00:B7,-85
2026-08-21 08:52:45.453961,None,5D:3A:79:A7:DE:53,-86
2026-08-21 08:52:45.480942,None,47:2D:4B:A8:99:00,-86
2026-08-21 08:52:48.473964,None,FB:C2:2A:E7:F7:95,-97
2026-08-21 08:52:52.101219,None,69:49:47:AC:A3:BA,-73
2026-08-21 08:52:55.733534,None,FE:AD:A0:9B:00:AF,-70
2026-08-21 08:53:06.062992,None,40:75:FF:B9:A4:01,-85
2026-08-21 08:53:06.148573,None,5E:37:F5:62:15:BB,-85
2026-08-21 08:53:35.780755,None,66:8C:FC:BB:1E:1D,-85
2026-08-21 08:53:36.422382,None,52:E5:0E:41:E2:EB,-85
2026-08-21 08:53:36.452820,None,78:05:AD:E2:CE:B6,-85
2026-08-21 08:54:06.615274,None,78:09:F1:2D:09:66,-63
2026-08-21 08:54:26.189043,Platco PR1,E4:A6:34:CF:38:ED,-94
2026-08-21 08:54:38.865956,Charge 4,F1:D1:F5:5E:21:37,-87
2026-08-21 08:55:00.467942,None,D3:20:64:6A:09:13,-84
2026-08-21 08:55:02.591044,None,E7:DA:2F:64:66:10,-71
2026-08-21 08:55:02.799080,None,E5:4E:98:8C:9D:62,-71
2026-08-21 08:55:02.847751,None,E0:F2:41:A9:CE:67,-87
2026-08-21 08:55:03.610484,None,CF:86:A2:40:46:79,-70
2026-08-21 08:55:07.579259,None,01:64:76:3C:C4:82,-97
2026-08-21 08:55:10.038609,None,F4:6A:71:5F:26:A3,-93
2026-08-21 08:55:14.880748,None,CF:36:C6:04:19:90,-57
2026-08-21 08:55:17.146555,None,E0:C7:A2:87:88:37,-72
2026-08-21 08:55:20.612255,None,67:32:62:5D:DF:EE,-100
2026-08-21 08:55:31.645030,None,F3:FD:FD:D1:CA:0D,-85
2026-08-21 08:56:53.190880,None,F7:32:CC:32:70:92,-75
2026-08-21 08:57:48.081121,None,E3:E9:0A:FF:67:A7,-75
2026-08-21 08:57:56.557341,None,D2:4D:FC:7E:4D:EC,-70
2026-08-21 08:57:58.734137,None,51:7A:E6:11:AE:D6,-92
2026-08-21 08:58:03.379119,None,66:01:8E:97:C2:C3,-95
2026-08-21 08:58:13.647052,None,48:29:A5:BC:12:3A,-87
2026-08-21 08:58:23.599053,None,C4:58:08:36:20:D5,-97
2026-08-21 08:58:51.153237,None,56:EF:BE:24:FD:50,-75
2026-08-21 08:59:07.041792,113685_9C139E7A644C,9C:13:9E:7A:64:4E,-68
2026-08-21 08:59:30.674256,Peak Pro 01502,F0:AD:4E:40:19:D5,-88
2026-08-21 08:59:33.535102,ResMed 223238,E8:E0:7E:34:BB:D4,-88
2026-08-21 08:59:47.459183,None,7E:92:A7:D9:8E:63,-78
2026-08-21 09:00:01.735859,None,E7:DD:BC:6F:8B:F4,-76
2026-08-21 09:00:01.745573,None,41:4D:19:BF:9C:EE,-60
2026-08-21 09:00:02.027217,None,CB:20:7C:43:FC:B3,-74
2026-08-21 09:00:02.090218,None,C7:50:9E:5A:6E:87,-80
2026-08-21 09:00:02.097030,None,CC:77:9D:BC:69:39,-76
2026-08-21 09:00:02.151952,None,FF:FA:35:0A:91:54,-83
2026-08-21 09:00:02.307020,None,C6:30:37:79:DC:D5,-72
2026-08-21 09:00:02.403377,None,FC:2F:F6:3A:C9:5F,-58
2026-08-21 09:00:04.099524,None,DE:6E:41:73:2F:9D,-73
2026-08-21 09:00:05.007345,None,E0:CE:E0:41:06:F6,-90
2026-08-21 09:00:17.703530,None,F8:E6:38:8E:19:F0,-70
2026-08-21 09:00:48.061455,None,4A:AF:38:29:E3:A7,-94
2026-08-21 09:01:05.483466,RIOT Plus501B6E,D8:BC:38:50:1B:6E,-94
2026-08-21 09:01:12.028562,None,6F:52:03:34:35:39,-75
2026-08-21 09:01:33.857286,Platco PR1,B4:CB:B8:1B:D4:50,-85
2026-08-21 09:01:42.722483,None,23:82:4E:A5:E7:40,-96
2026-08-21 09:01:44.970781,None,53:90:4E:52:2C:5F,-89
2026-08-21 09:01:49.056634,20HL39284591421094,48:87:2D:89:79:5D,-97
2026-08-21 09:02:30.437107,None,DC:67:1D:FB:2D:5B,-82
2026-08-21 09:02:41.196343,MELK-OF21   5C,BE:28:03:00:20:5C,-91
2026-08-21 09:02:45.785530,None,70:9D:24:FD:F3:1A,-87
2026-08-21 09:03:06.246760,None,40:75:FF:B9:A4:01,-83
2026-08-21 09:03:06.633057,None,5E:37:F5:62:15:BB,-85
2026-08-21 09:03:13.362157,None,E3:9B:F7:2E:7F:A2,-89
2026-08-21 09:03:14.504896,None,54:5C:D9:D5:04:F9,-93
2026-08-21 09:04:09.607226,None,78:09:F1:2D:09:66,-58
2026-08-21 09:04:29.178503,None,52:E5:0E:41:E2:EB,-86
2026-08-21 09:04:43.898075,Charge 4,F1:D1:F5:5E:21:37,-83
2026-08-21 09:05:26.611317,Platco PR1,E4:A6:34:CF:38:ED,-98
2026-08-21 09:05:32.952393,None,64:C7:3F:35:D3:BA,-94
2026-08-21 09:07:48.264955,None,E3:E9:0A:FF:67:A7,-79
2026-08-21 09:07:58.127752,None,D2:4D:FC:7E:4D:EC,-73
2026-08-21 09:08:03.075806,None,74:8F:D0:37:69:98,-85
2026-08-21 09:09:07.335948,113685_9C139E7A644C,9C:13:9E:7A:64:4E,-63
2026-08-21 09:09:27.403296,None,56:73:48:4D:C7:48,-59
2026-08-21 09:09:31.780063,Peak Pro 01502,F0:AD:4E:40:19:D5,-85
2026-08-21 09:09:34.113950,ResMed 223238,E8:E0:7E:34:BB:D4,-88
2026-08-21 09:09:47.517185,None,7E:92:A7:D9:8E:63,-72
2026-08-21 09:10:02.142711,None,E7:DD:BC:6F:8B:F4,-75
2026-08-21 09:10:02.172624,None,CB:20:7C:43:FC:B3,-71
2026-08-21 09:10:02.422642,None,C6:30:37:79:DC:D5,-71
2026-08-21 09:10:02.868781,None,CC:77:9D:BC:69:39,-77
2026-08-21 09:10:03.544335,None,FC:2F:F6:3A:C9:5F,-59
2026-08-21 09:10:03.769114,None,FF:FA:35:0A:91:54,-86
2026-08-21 09:10:04.733556,None,DE:6E:41:73:2F:9D,-67
2026-08-21 09:10:04.811445,None,C7:50:9E:5A:6E:87,-81
2026-08-21 09:10:18.431190,None,F8:E6:38:8E:19:F0,-71
2026-08-21 09:10:28.473549,None,75:31:B1:6E:2D:AD,-99
2026-08-21 09:10:43.842586,LFSmart Scale,CF:E9:17:28:41:0D,-99
2026-08-21 09:11:06.917159,RIOT Plus501B6E,D8:BC:38:50:1B:6E,-94
2026-08-21 09:11:08.246071,None,07:00:19:2A:33:CE,-98
2026-08-21 09:11:39.131219,Platco PR1,B4:CB:B8:1B:D4:50,-87
2026-08-21 09:11:49.324361,20HL39284591421094,48:87:2D:89:79:5D,-91
2026-08-21 09:11:53.688681,None,46:67:8D:79:D5:1A,-99
2026-08-21 09:12:32.006929,None,DC:67:1D:FB:2D:5B,-77
2026-08-21 09:12:41.910752,MELK-OF21   5C,BE:28:03:00:20:5C,-92
2026-08-21 09:12:42.828639,None,7D:E1:D0:1D:90:98,-99
2026-08-21 09:13:00.944988,None,C1:47:61:D9:6E:42,-71
2026-08-21 09:13:06.277042,None,40:75:FF:B9:A4:01,-84
2026-08-21 09:13:10.299127,None,5E:37:F5:62:15:BB,-84
2026-08-21 09:13:10.447107,None,46:7C:D9:8C:53:8C,-96
2026-08-21 09:13:11.544055,None,55:71:E9:95:FE:A8,-90
2026-08-21 09:13:11.564146,None,64:31:FF:25:1B:0E,-84
2026-08-21 09:13:12.935706,None,58:5E:A3:2C:5C:3E,-87
2026-08-21 09:13:13.335049,None,CE:99:24:D1:7C:EA,-87
2026-08-21 09:13:14.574619,None,54:5C:D9:D5:04:F9,-91
2026-08-21 09:13:24.501918,None,70:9D:24:FD:F3:1A,-90
2026-08-21 09:13:24.625156,None,E0:CE:E0:41:06:F6,-88
2026-08-21 09:13:29.124188,None,E3:9B:F7:2E:7F:A2,-92
2026-08-21 09:14:45.081577,Charge 4,F1:D1:F5:5E:21:37,-90
2026-08-21 09:15:00.084107,None,C6:F1:98:43:9B:11,-67
2026-08-21 09:15:00.104095,None,FC:D7:44:A1:8A:AC,-80
2026-08-21 09:15:04.099894,None,C2:B2:80:BD:3A:B7,-82
2026-08-21 09:15:04.538044,None,C7:60:19:D3:20:5F,-72
2026-08-21 09:15:06.535253,None,F6:A1:6B:6D:52:79,-90
2026-08-21 09:15:11.281088,None,D6:DF:54:D8:F9:F6,-71
2026-08-21 09:15:19.151237,None,FB:28:CD:D6:A9:1B,-81
2026-08-21 09:15:19.568197,None,FF:3D:B6:00:D9:58,-70
2026-08-21 09:15:47.425836,None,CA:44:48:FA:FF:27,-95
2026-08-21 09:15:53.292723,None,5E:06:B0:41:50:21,-95
2026-08-21 09:16:03.747706,None,61:2D:CA:4D:94:3F,-92
2026-08-21 09:16:06.506274,None,CA:02:28:1F:25:C9,-92
2026-08-21 09:16:16.646895,None,F8:4E:58:0B:C3:AF,-98
2026-08-21 09:16:36.715409,None,6F:28:3F:6E:ED:33,-60
2026-08-21 09:16:37.781671,None,C9:07:87:3E:4B:F7,-77
2026-08-21 09:17:05.659244,None,EF:C8:CF:22:37:85,-96
2026-08-21 09:17:49.488366,None,E3:E9:0A:FF:67:A7,-74
2026-08-21 09:18:03.227911,None,74:8F:D0:37:69:98,-86
2026-08-21 09:18:08.442917,None,59:D6:B1:1D:05:D6,-95
2026-08-21 09:18:29.565689,None,0D:2A:94:BB:A2:21,-91
2026-08-21 09:18:30.883892,None,ED:0D:FF:4E:F4:57,-74
2026-08-21 09:18:41.891984,None,2D:B4:C4:50:82:CE,-91
2026-08-21 09:18:42.025637,None,1D:0D:9F:3E:29:09,-93
2026-08-21 09:19:00.088353,None,5F:3C:55:3C:22:E2,-95
2026-08-21 09:19:09.212054,113685_9C139E7A644C,9C:13:9E:7A:64:4E,-66
2026-08-21 09:19:30.566199,None,56:73:48:4D:C7:48,-59
2026-08-21 09:19:31.995959,Peak Pro 01502,F0:AD:4E:40:19:D5,-94
2026-08-21 09:19:34.501506,ResMed 223238,E8:E0:7E:34:BB:D4,-87
2026-08-21 09:19:47.640197,None,7E:92:A7:D9:8E:63,-73
2026-08-21 09:20:16.446308,None,46:55:C7:D7:1A:A1,-94
2026-08-21 09:20:34.488919,None,F9:7F:2F:32:91:2C,-94
2026-08-21 09:21:05.808518,None,CD:7A:87:3F:4B:CE,-103
2026-08-21 09:21:19.435776,RIOT Plus501B6E,D8:BC:38:50:1B:6E,-97
2026-08-21 09:21:51.113156,20HL39284591421094,48:87:2D:89:79:5D,-93
2026-08-21 09:21:54.018442,Platco PR1,B4:CB:B8:1B:D4:50,-89
2026-08-21 09:22:41.926355,MELK-OF21   5C,BE:28:03:00:20:5C,-93
2026-08-21 09:22:50.291314,None,C9:10:3B:A7:34:05,-93
2026-08-21 09:23:02.472977,None,C1:47:61:D9:6E:42,-70
2026-08-21 09:23:11.791906,None,55:71:E9:95:FE:A8,-90
2026-08-21 09:23:11.844530,None,64:31:FF:25:1B:0E,-85
2026-08-21 09:23:16.257287,None,54:5C:D9:D5:04:F9,-93
2026-08-21 09:23:38.894680,None,64:C7:3F:35:D3:BA,-97
2026-08-21 09:23:59.886431,None,72:EC:F5:0F:8E:5C,-58
2026-08-21 09:24:29.560809,None,78:7C:84:80:66:95,-98
2026-08-21 09:24:35.047027,None,5D:B5:36:CB:94:40,-84
2026-08-21 09:24:35.244379,None,6C:36:99:ED:18:96,-85
2026-08-21 09:24:47.499518,Charge 4,F1:D1:F5:5E:21:37,-86
2026-08-21 09:25:01.521234,None,FC:D7:44:A1:8A:AC,-79
2026-08-21 09:25:02.776349,None,C6:F1:98:43:9B:11,-68
2026-08-21 09:25:04.179885,None,72:DB:E5:4F:85:73,-78
2026-08-21 09:25:04.985906,None,C2:B2:80:BD:3A:B7,-79
2026-08-21 09:25:06.026208,None,C7:60:19:D3:20:5F,-68
2026-08-21 09:25:12.117262,None,D6:DF:54:D8:F9:F6,-58
2026-08-21 09:25:12.235584,None,F6:A1:6B:6D:52:79,-83
2026-08-21 09:25:22.633610,None,FB:28:CD:D6:A9:1B,-83
2026-08-21 09:25:23.051544,None,FF:3D:B6:00:D9:58,-74
2026-08-21 09:26:41.097477,None,C9:07:87:3E:4B:F7,-72
2026-08-21 09:27:12.360610,Platco PR1,E4:A6:34:CF:38:ED,-97
2026-08-21 09:27:31.317417,None,7B:C4:BF:0B:0C:6D,-93
2026-08-21 09:27:32.405145,None,D8:F3:D2:87:BA:B0,-93
2026-08-21 09:27:32.539148,None,4B:A5:EF:1E:6B:7A,-97
2026-08-21 09:27:52.074784,None,E3:E9:0A:FF:67:A7,-86
2026-08-21 09:28:04.451493,None,74:8F:D0:37:69:98,-89
2026-08-21 09:28:08.004618,None,D6:D1:9F:40:C3:6D,-75
2026-08-21 09:28:23.337034,None,C6:B6:D5:06:AC:53,-93
2026-08-21 09:28:32.702899,None,ED:0D:FF:4E:F4:57,-71
2026-08-21 09:29:09.415265,113685_9C139E7A644C,9C:13:9E:7A:64:4E,-64
2026-08-21 09:29:32.213742,Peak Pro 01502,F0:AD:4E:40:19:D5,-87
2026-08-21 09:29:36.324579,ResMed 223238,E8:E0:7E:34:BB:D4,-88
2026-08-21 09:30:00.080188,None,D2:50:15:5F:D5:2D,-67
2026-08-21 09:30:00.087374,None,F3:03:B7:F4:85:FA,-81
2026-08-21 09:30:00.116042,None,FE:FB:97:D0:90:35,-71
2026-08-21 09:30:00.257578,None,4D:71:AF:94:EF:B8,-71
2026-08-21 09:30:00.390765,None,CD:E7:A0:9E:73:23,-71
2026-08-21 09:30:00.411691,None,D4:F5:5C:1F:CC:4F,-85
2026-08-21 09:30:00.738504,None,56:DD:AA:ED:E1:52,-96
2026-08-21 09:30:04.537358,None,DA:70:1E:50:9F:71,-76
2026-08-21 09:30:14.696111,None,D0:3B:39:59:70:E9,-70
2026-08-21 09:30:18.112638,None,C7:F3:61:36:6A:5D,-72
2026-08-21 09:30:19.085047,None,5A:FC:94:51:F8:BB,-102
2026-08-21 09:30:33.131056,None,C6:63:6A:B5:01:5B,-96
2026-08-21 09:30:33.400891,None,64:B7:A7:1F:93:5E,-101
2026-08-21 09:30:33.912003,JLab GO Tones+-App,87:E0:1F:80:8F:AA,-94
2026-08-21 09:30:42.216405,None,76:F5:95:5E:9E:9E,-86
2026-08-21 09:30:48.400454,None,C6:9C:DC:A6:BC:BE,-95
2026-08-21 09:30:48.700772,None,E6:63:6E:45:71:40,-102
2026-08-21 09:31:11.775512,None,EA:93:6B:6B:E6:10,-83
2026-08-21 09:31:22.876896,None,CB:30:32:96:2D:F3,-86
2026-08-21 09:31:25.464332,RIOT Plus501B6E,D8:BC:38:50:1B:6E,-92
2026-08-21 09:31:51.207923,20HL39284591421094,48:87:2D:89:79:5D,-91
2026-08-21 09:32:03.885299,Platco PR1,B4:CB:B8:1B:D4:50,-86
2026-08-21 09:32:41.971708,MELK-OF21   5C,BE:28:03:00:20:5C,-91
2026-08-21 09:32:47.742602,None,43:C2:4F:91:1F:CF,-91
2026-08-21 09:33:04.842706,None,66:5A:FE:D1:CE:20,-98
2026-08-21 09:33:08.236349,None,5D:8E:F7:96:62:17,-93
2026-08-21 09:33:11.808126,None,55:71:E9:95:FE:A8,-85
2026-08-21 09:33:14.913172,None,64:31:FF:25:1B:0E,-86
2026-08-21 09:33:21.584426,None,E3:D6:DF:86:61:CB,-93
2026-08-21 09:33:24.508322,None,5E:3B:88:45:6B:4B,-84
2026-08-21 09:33:24.537881,None,59:EF:3F:D8:DB:08,-85
2026-08-21 09:34:03.856162,None,72:EC:F5:0F:8E:5C,-65
2026-08-21 09:34:25.849636,None,53:B2:E4:C4:C3:7F,-91
2026-08-21 09:34:32.965157,None,5A:C7:61:DC:93:FE,-96
2026-08-21 09:34:33.293256,None,66:EF:F4:7C:CB:BF,-96
2026-08-21 09:34:33.300832,None,6B:17:91:3C:BF:E1,-95
2026-08-21 09:34:43.156974,None,40:89:79:73:AB:9E,-96
2026-08-21 09:34:49.765402,Charge 4,F1:D1:F5:5E:21:37,-84
2026-08-21 09:34:55.689245,None,51:9C:FD:4D:1A:A9,-97
2026-08-21 09:35:04.181393,None,72:DB:E5:4F:85:73,-72
2026-08-21 09:35:04.451071,LE-Beats Solo Buds,CE:C3:9C:B4:BB:6E,-96
2026-08-21 09:35:10.909812,None,47:6E:5B:57:A4:72,-94
2026-08-21 09:36:33.279555,None,79:B1:19:37:2A:8D,-69
2026-08-21 09:36:53.769562,None,7B:B9:C5:67:70:A5,-95
2026-08-21 09:37:07.489304,None,E3:39:6F:7A:43:42,-97
2026-08-21 09:37:52.193208,None,E3:E9:0A:FF:67:A7,-83
2026-08-21 09:38:04.809139,None,E2:66:DE:89:69:6C,-100
2026-08-21 09:38:07.427388,None,0E:D0:98:FE:33:2D,-104
2026-08-21 09:38:11.465395,None,D6:D1:9F:40:C3:6D,-76
2026-08-21 09:39:09.557084,113685_9C139E7A644C,9C:13:9E:7A:64:4E,-66
2026-08-21 09:39:13.413803,None,7A:B5:90:D3:59:B7,-69
2026-08-21 09:39:34.528541,None,DD:DE:A0:91:34:C4,-96
2026-08-21 09:39:34.678219,Peak Pro 01502,F0:AD:4E:40:19:D5,-88
2026-08-21 09:39:36.698269,ResMed 223238,E8:E0:7E:34:BB:D4,-87
2026-08-21 09:40:03.442664,None,CD:E7:A0:9E:73:23,-73
2026-08-21 09:40:03.559160,None,F3:03:B7:F4:85:FA,-75
2026-08-21 09:40:03.657026,None,D4:F5:5C:1F:CC:4F,-84
2026-08-21 09:40:05.425103,None,FE:FB:97:D0:90:35,-77
2026-08-21 09:40:06.207039,None,DA:70:1E:50:9F:71,-71
2026-08-21 09:40:06.700667,None,D2:50:15:5F:D5:2D,-71
2026-08-21 09:40:18.133079,None,D0:3B:39:59:70:E9,-79
2026-08-21 09:40:19.689514,None,C7:F3:61:36:6A:5D,-73
2026-08-21 09:40:42.761468,None,76:F5:95:5E:9E:9E,-89
2026-08-21 09:40:56.234006,None,56:DD:AA:ED:E1:52,-92
2026-08-21 09:41:17.306037,None,EA:93:6B:6B:E6:10,-75
2026-08-21 09:41:24.363950,None,CB:30:32:96:2D:F3,-74
2026-08-21 09:41:41.654342,None,6C:B1:E5:E6:45:B0,-93
2026-08-21 09:41:42.649342,RIOT Plus501B6E,D8:BC:38:50:1B:6E,-94
2026-08-21 09:41:52.229445,20HL39284591421094,48:87:2D:89:79:5D,-93
2026-08-21 09:42:04.200389,Platco PR1,B4:CB:B8:1B:D4:50,-82
2026-08-21 09:42:42.264789,MELK-OF21   5C,BE:28:03:00:20:5C,-92
2026-08-21 09:42:47.754804,None,43:C2:4F:91:1F:CF,-94
2026-08-21 09:43:15.418342,None,C0:28:64:20:00:33,-72
2026-08-21 09:43:26.882262,None,5E:3B:88:45:6B:4B,-87
2026-08-21 09:43:28.167994,None,59:EF:3F:D8:DB:08,-87
2026-08-21 09:43:35.273567,None,E3:D6:DF:86:61:CB,-93
2026-08-21 09:44:59.905490,Charge 4,F1:D1:F5:5E:21:37,-84
2026-08-21 09:45:00.046083,None,D2:B1:27:9C:6A:D1,-66
2026-08-21 09:45:00.109223,None,C9:7C:C6:A4:62:6A,-76
2026-08-21 09:45:00.159260,None,FF:EF:A7:F8:CB:79,-70
2026-08-21 09:45:00.426887,None,ED:4B:88:CA:EF:50,-84
2026-08-21 09:45:01.704710,None,D0:AF:AC:87:B5:53,-75
2026-08-21 09:45:02.738217,None,D9:94:26:42:43:28,-89
2026-08-21 09:45:05.583855,None,72:DB:E5:4F:85:73,-95
2026-08-21 09:45:07.947886,None,DB:FD:AC:CF:09:60,-74
2026-08-21 09:45:09.252828,None,E2:A6:99:B3:35:27,-70
2026-08-21 09:45:22.467098,None,5A:FC:94:51:F8:BB,-99
2026-08-21 09:45:55.725998,None,65:49:FA:CE:D1:5B,-99
2026-08-21 09:46:02.849160,None,A4:83:E7:83:E7:06,-98
2026-08-21 09:46:04.368118,None,F9:2C:A1:56:46:8C,-93
2026-08-21 09:46:04.922065,None,52:B0:67:25:FF:A5,-93
2026-08-21 09:46:09.201418,None,4F:FF:7A:95:EE:4B,-96
2026-08-21 09:46:19.356317,None,43:83:03:D9:15:C3,-100
2026-08-21 09:46:26.959664,None,E6:63:6E:45:71:40,-101
2026-08-21 09:46:33.503056,None,79:B1:19:37:2A:8D,-72
2026-08-21 09:46:34.432574,None,FE:10:99:8D:35:0B,-97
2026-08-21 09:47:07.530544,None,C7:CD:EE:C3:04:5B,-82
2026-08-21 09:47:22.745500,None,43:CA:7B:53:B4:7B,-99
2026-08-21 09:47:23.804249,None,69:CA:13:EB:C0:5A,-73
2026-08-21 09:47:23.831706,None,F4:67:52:41:F9:C4,-87
2026-08-21 09:47:26.341036,None,5A:71:0F:EC:E4:6A,-80
2026-08-21 09:47:37.527086,Platco PR1,E4:A6:34:CF:38:ED,-97
2026-08-21 09:47:51.153550,None,4D:63:89:80:FD:2F,-100
2026-08-21 09:47:55.408395,None,E3:E9:0A:FF:67:A7,-84
2026-08-21 09:48:03.665311,TOZO NC9,94:4B:F8:5F:14:DA,-84
2026-08-21 09:49:11.827733,113685_9C139E7A644C,9C:13:9E:7A:64:4E,-67
2026-08-21 09:49:34.817059,Peak Pro 01502,F0:AD:4E:40:19:D5,-91
2026-08-21 09:49:36.921059,ResMed 223238,E8:E0:7E:34:BB:D4,-88
2026-08-21 09:50:16.327001,None,40:96:C0:53:8B:67,-94
2026-08-21 09:50:16.847272,None,DF:8D:A6:AE:26:EF,-91
2026-08-21 09:50:31.349669,None,C3:6A:ED:D1:AC:DB,-94
2026-08-21 09:50:33.403941,None,4F:12:BE:EA:B8:38,-94
2026-08-21 09:50:37.357823,None,ED:30:51:6D:76:68,-90
2026-08-21 09:50:38.275861,None,F7:CC:EE:2B:A4:77,-94
2026-08-21 09:50:43.307235,None,76:F5:95:5E:9E:9E,-86
2026-08-21 09:51:18.989367,None,7A:B5:90:D3:59:B7,-70
2026-08-21 09:51:25.601349,None,7A:4F:FE:11:43:FC,-74
2026-08-21 09:51:26.521819,None,56:29:94:5B:78:14,-61
2026-08-21 09:51:51.316663,RIOT Plus501B6E,D8:BC:38:50:1B:6E,-95
2026-08-21 09:51:53.755615,20HL39284591421094,48:87:2D:89:79:5D,-94
2026-08-21 09:52:09.057300,Platco PR1,B4:CB:B8:1B:D4:50,-89
2026-08-21 09:52:22.500262,None,59:0A:D7:24:AE:B3,-88
2026-08-21 09:52:32.026198,None,6C:B1:E5:E6:45:B0,-98
2026-08-21 09:52:42.963905,MELK-OF21   5C,BE:28:03:00:20:5C,-92
2026-08-21 09:52:50.025869,None,43:C2:4F:91:1F:CF,-91
2026-08-21 09:53:05.908685,None,4F:4E:D7:73:9C:F9,-94
2026-08-21 09:53:14.564768,None,4B:C6:AE:E1:79:04,-95
2026-08-21 09:53:20.856271,None,C0:28:64:20:00:33,-71
2026-08-21 09:53:22.000066,None,E9:16:2E:F2:47:B4,-95
2026-08-21 09:53:22.005809,None,7B:86:49:91:02:9B,-95
2026-08-21 09:53:27.016927,None,5E:3B:88:45:6B:4B,-83
2026-08-21 09:53:29.789906,None,59:EF:3F:D8:DB:08,-80
2026-08-21 09:53:41.087207,None,46:80:90:20:10:73,-94
2026-08-21 09:54:07.605008,None,52:4D:78:1C:1C:30,-90
2026-08-21 09:54:12.237751,None,4B:C5:5A:3E:C2:15,-82
2026-08-21 09:54:24.696343,None,56:F3:2A:44:7E:E3,-86
2026-08-21 09:54:24.900858,None,6B:58:8C:22:81:9D,-94
2026-08-21 09:54:29.184782,None,46:6C:2E:EF:E4:44,-91
2026-08-21 09:55:00.776200,None,D2:B1:27:9C:6A:D1,-69
2026-08-21 09:55:01.101231,None,C9:7C:C6:A4:62:6A,-76
2026-08-21 09:55:04.381590,None,ED:4B:88:CA:EF:50,-82
2026-08-21 09:55:06.208248,Charge 4,F1:D1:F5:5E:21:37,-85
2026-08-21 09:55:07.128740,None,FF:EF:A7:F8:CB:79,-78
2026-08-21 09:55:07.555979,None,D0:AF:AC:87:B5:53,-73
2026-08-21 09:55:07.589047,None,F8:A3:EB:0F:4F:B0,-98
2026-08-21 09:55:08.267410,None,D9:94:26:42:43:28,-90
2026-08-21 09:55:11.200445,None,DB:FD:AC:CF:09:60,-80
2026-08-21 09:55:11.210504,None,E2:A6:99:B3:35:27,-68
2026-08-21 09:55:27.758919,None,5A:FC:94:51:F8:BB,-97
2026-08-21 09:55:55.974238,None,65:49:FA:CE:D1:5B,-92
2026-08-21 09:56:02.881893,None,A4:83:E7:83:E7:06,-91
2026-08-21 09:56:28.767027,None,61:58:04:57:6A:91,-98
2026-08-21 09:56:36.014275,None,F9:15:94:0A:94:32,-100
2026-08-21 09:56:37.767940,None,0C:70:5A:07:0D:A2,-69
2026-08-21 09:56:51.041438,None,7B:BF:60:5F:E6:84,-98
2026-08-21 09:57:11.343035,None,C7:CD:EE:C3:04:5B,-80
2026-08-21 09:57:25.322057,None,69:CA:13:EB:C0:5A,-79
2026-08-21 09:57:28.756849,None,F4:67:52:41:F9:C4,-72
2026-08-21 09:57:34.339705,None,52:B0:67:25:FF:A5,-91
2026-08-21 09:58:01.979263,None,E3:E9:0A:FF:67:A7,-88
2026-08-21 09:58:03.814677,TOZO NC9,94:4B:F8:5F:14:DA,-90
2026-08-21 09:58:22.256028,None,D0:E9:8C:B3:C6:3E,-75
2026-08-21 09:58:29.757883,None,40:DA:30:E6:4C:B5,-77
2026-08-21 09:58:36.755321,None,6E:EC:E5:74:9F:18,-90
2026-08-21 09:58:52.896905,Platco PR1,E4:A6:34:CF:38:ED,-99
2026-08-21 09:59:11.854093,113685_9C139E7A644C,9C:13:9E:7A:64:4E,-65
2026-08-21 09:59:34.876298,Peak Pro 01502,F0:AD:4E:40:19:D5,-87
2026-08-21 09:59:39.509844,ResMed 223238,E8:E0:7E:34:BB:D4,-89
2026-08-21 09:59:41.096258,None,F9:2C:A1:56:46:8C,-97
2026-08-21 09:59:56.150149,None,4A:56:A8:47:6E:F9,-93
2026-08-21 10:00:00.062288,None,EF:E1:29:46:83:60,-65
2026-08-21 10:00:00.086024,None,ED:6F:CD:0F:72:09,-80
2026-08-21 10:00:00.252389,None,DE:03:69:2A:37:0B,-72
2026-08-21 10:00:00.275183,None,F9:BA:A8:7D:F1:8B,-91
2026-08-21 10:00:00.555464,None,F8:55:83:6C:38:0B,-72
2026-08-21 10:00:01.028448,None,70:47:8F:B5:06:2D,-73
2026-08-21 10:00:02.534463,None,C5:16:38:A1:17:54,-75
2026-08-21 10:00:03.641804,None,C3:D3:E6:11:0F:50,-81
2026-08-21 10:00:10.097865,None,FD:87:36:2A:37:68,-77
2026-08-21 10:00:23.693998,None,EE:F8:4B:05:D4:4D,-72
2026-08-21 10:00:25.742742,None,DF:8D:A6:AE:26:EF,-96
2026-08-21 10:00:35.533824,None,DD:26:F1:AD:08:D3,-92
2026-08-21 10:00:58.498032,None,F8:4E:58:0B:C3:AF,-99
2026-08-21 10:01:25.783125,None,7A:4F:FE:11:43:FC,-64
2026-08-21 10:01:27.253566,None,56:29:94:5B:78:14,-63
2026-08-21 10:01:43.327453,None,D6:13:5A:1E:00:89,-91
2026-08-21 10:01:54.022696,RIOT Plus501B6E,D8:BC:38:50:1B:6E,-93
2026-08-21 10:01:57.395109,20HL39284591421094,48:87:2D:89:79:5D,-90
2026-08-21 10:02:13.902924,Platco PR1,B4:CB:B8:1B:D4:50,-79
2026-08-21 10:02:22.701764,None,59:0A:D7:24:AE:B3,-88
2026-08-21 10:02:43.202775,MELK-OF21   5C,BE:28:03:00:20:5C,-95
2026-08-21 10:03:03.805018,None,72:FC:4A:98:3E:EF,-100
2026-08-21 10:03:14.909089,None,4B:C6:AE:E1:79:04,-93
2026-08-21 10:03:17.660360,None,5B:C8:E4:A5:8D:04,-94
2026-08-21 10:03:56.855305,None,E9:1E:C2:E1:21:F0,-94
2026-08-21 10:04:07.766364,None,52:4D:78:1C:1C:30,-81
2026-08-21 10:04:14.905329,None,4B:C5:5A:3E:C2:15,-86
2026-08-21 10:04:16.302037,None,C8:DE:03:B4:AB:E5,-94
2026-08-21 10:04:30.439491,None,46:6C:2E:EF:E4:44,-89
2026-08-21 10:04:30.444181,None,56:F3:2A:44:7E:E3,-87
2026-08-21 10:04:30.626711,None,6B:58:8C:22:81:9D,-86
2026-08-21 10:04:36.304205,None,76:56:0B:BE:42:7A,-93
2026-08-21 10:05:07.196173,Charge 4,F1:D1:F5:5E:21:37,-83
2026-08-21 10:06:00.449915,None,E8:DE:8F:CC:52:CB,-91
2026-08-21 10:06:02.990229,None,A4:83:E7:83:E7:06,-93
2026-08-21 10:06:30.790517,None,61:58:04:57:6A:91,-96
2026-08-21 10:07:09.520360,None,5A:71:0F:EC:E4:6A,-85
2026-08-21 10:07:54.906557,None,49:1A:51:3C:25:27,-67
2026-08-21 10:07:55.152439,None,66:BE:59:8F:92:C3,-72
2026-08-21 10:08:05.936168,TOZO NC9,94:4B:F8:5F:14:DA,-78
2026-08-21 10:08:08.158844,None,E3:E9:0A:FF:67:A7,-87
2026-08-21 10:08:23.797161,None,D0:E9:8C:B3:C6:3E,-75
2026-08-21 10:08:29.930829,None,40:DA:30:E6:4C:B5,-76
2026-08-21 10:08:37.823170,None,52:01:5F:5F:CF:C4,-91
2026-08-21 10:08:42.108732,None,6E:EC:E5:74:9F:18,-96
2026-08-21 10:09:02.702555,None,4E:10:38:FF:0C:A2,-95
2026-08-21 10:09:02.742457,None,4F:4E:D7:73:9C:F9,-99
2026-08-21 10:09:02.798418,None,70:4D:6D:14:CA:91,-93
2026-08-21 10:09:04.518606,None,D7:88:E3:E9:B6:EF,-92
2026-08-21 10:09:06.787855,None,CD:54:C0:A4:43:9B,-88
2026-08-21 10:09:11.966827,113685_9C139E7A644C,9C:13:9E:7A:64:4E,-64
2026-08-21 10:09:18.306812,None,49:E2:BD:06:2E:4E,-97
2026-08-21 10:09:20.482157,None,C7:89:E1:52:1D:5A,-99
2026-08-21 10:09:35.095702,Peak Pro 01502,F0:AD:4E:40:19:D5,-91
2026-08-21 10:09:39.746398,ResMed 223238,E8:E0:7E:34:BB:D4,-88
2026-08-21 10:10:00.643994,None,EF:E1:29:46:83:60,-78
2026-08-21 10:10:01.019705,None,ED:6F:CD:0F:72:09,-77
2026-08-21 10:10:01.961409,None,F9:BA:A8:7D:F1:8B,-85
2026-08-21 10:10:02.173462,None,DE:03:69:2A:37:0B,-70
2026-08-21 10:10:07.315814,None,C5:16:38:A1:17:54,-74
2026-08-21 10:10:09.537488,None,C3:D3:E6:11:0F:50,-82
2026-08-21 10:10:09.673293,None,F8:55:83:6C:38:0B,-78
2026-08-21 10:10:23.977321,None,EE:F8:4B:05:D4:4D,-97
2026-08-21 10:10:36.141903,None,DD:26:F1:AD:08:D3,-91
2026-08-21 10:10:43.044815,None,FD:87:36:2A:37:68,-90
2026-08-21 10:10:56.702780,20HL39284450541189,48:87:2D:86:05:3D,-101
2026-08-21 10:11:24.219995,None,6C:36:B8:03:10:BF,-96
2026-08-21 10:11:24.405326,None,63:60:1A:92:8B:1A,-95
2026-08-21 10:11:26.697417,None,52:0B:82:AF:35:CB,-98
2026-08-21 10:11:46.081169,None,D6:13:5A:1E:00:89,-92
2026-08-21 10:11:49.280567,None,E3:A2:5D:27:CA:92,-95
2026-08-21 10:11:59.605552,20HL39284591421094,48:87:2D:89:79:5D,-95
2026-08-21 10:11:59.642846,RIOT Plus501B6E,D8:BC:38:50:1B:6E,-92
2026-08-21 10:12:22.768760,None,59:0A:D7:24:AE:B3,-84
2026-08-21 10:12:23.775585,Platco PR1,B4:CB:B8:1B:D4:50,-83
2026-08-21 10:12:43.223972,MELK-OF21   5C,BE:28:03:00:20:5C,-94
2026-08-21 10:13:11.209337,None,C9:0B:41:4E:77:ED,-99
2026-08-21 10:13:16.705332,None,4B:C6:AE:E1:79:04,-91
2026-08-21 10:13:30.589291,None,DE:AE:0C:9A:E8:4B,-71
2026-08-21 10:13:37.761596,None,45:69:6C:17:E4:1A,-87
2026-08-21 10:13:51.910129,None,4A:56:A8:47:6E:F9,-98
2026-08-21 10:13:58.709017,None,E9:1E:C2:E1:21:F0,-95
2026-08-21 10:14:07.894051,None,52:4D:78:1C:1C:30,-86
2026-08-21 10:14:15.795706,None,65:EA:40:C5:0C:CB,-89
2026-08-21 10:14:16.489525,None,4B:C5:5A:3E:C2:15,-82
2026-08-21 10:14:20.037070,None,C8:DE:03:B4:AB:E5,-100
2026-08-21 10:14:36.574671,None,76:56:0B:BE:42:7A,-86
2026-08-21 10:14:56.390060,None,42:C4:1A:D8:4A:AC,-96
2026-08-21 10:15:01.517379,None,67:BF:2C:96:14:42,-87
2026-08-21 10:15:02.059920,None,C2:F5:66:CD:85:E9,-92
2026-08-21 10:15:02.450293,None,6C:32:F9:F4:BC:75,-81
2026-08-21 10:15:02.462880,None,F5:85:39:6D:5F:59,-85
2026-08-21 10:15:02.470299,None,F1:B2:46:AA:1E:8C,-66
2026-08-21 10:15:02.497019,None,C2:3F:EE:D4:25:CB,-72
2026-08-21 10:15:02.569474,None,D9:CE:6D:30:91:4E,-88
2026-08-21 10:15:03.861139,None,72:7F:42:5E:99:15,-90
2026-08-21 10:15:03.992077,None,E6:1D:66:94:73:B4,-85
2026-08-21 10:15:04.076767,None,F9:98:D2:99:BD:F1,-82
2026-08-21 10:15:09.641722,Charge 4,F1:D1:F5:5E:21:37,-82
2026-08-21 10:15:11.789049,None,7B:DA:2C:EE:88:69,-69
2026-08-21 10:15:16.489208,None,EB:3F:01:0A:2F:48,-94
2026-08-21 10:15:18.813547,None,DB:52:2A:6B:65:FB,-81
2026-08-21 10:16:40.355921,None,E9:16:D3:11:B4:DC,-90
2026-08-21 10:16:40.894571,None,5F:01:EF:24:AC:C8,-94
2026-08-21 10:16:51.513978,None,5F:73:5C:F5:FA:C5,-87
2026-08-21 10:16:51.542804,None,4B:E2:24:E5:1E:3B,-101
2026-08-21 10:17:01.989895,None,C0:4D:D4:7D:D1:5F,-100
2026-08-21 10:17:58.103634,None,D9:E4:E0:39:88:56,-88
2026-08-21 10:17:58.346192,None,65:76:A4:48:28:B3,-96
2026-08-21 10:17:59.481930,None,49:1A:51:3C:25:27,-90
2026-08-21 10:18:06.067595,TOZO NC9,94:4B:F8:5F:14:DA,-86
2026-08-21 10:18:15.479694,None,E3:E9:0A:FF:67:A7,-82
2026-08-21 10:18:23.177200,None,F8:4E:58:0B:C3:AF,-99
2026-08-21 10:18:33.293870,None,40:DA:30:E6:4C:B5,-72
2026-08-21 10:19:12.034593,113685_9C139E7A644C,9C:13:9E:7A:64:4E,-65
2026-08-21 10:19:29.821327,None,EB:00:CE:3B:BD:77,-98
2026-08-21 10:19:36.208019,Peak Pro 01502,F0:AD:4E:40:19:D5,-87
2026-08-21 10:19:39.822565,ResMed 223238,E8:E0:7E:34:BB:D4,-87
2026-08-21 10:20:05.205214,None,4C:7E:DC:2C:47:1D,-94
2026-08-21 10:20:13.018081,None,C3:D3:E6:11:0F:50,-78
2026-08-21 10:20:20.123255,None,CC:E8:52:02:9F:E4,-72
2026-08-21 10:20:20.590061,None,41:A8:A9:94:D2:2C,-65
2026-08-21 10:20:56.347533,None,6E:0B:E0:26:89:EB,-91
2026-08-21 10:21:14.970361,20HL39284450541189,48:87:2D:86:05:3D,-97
2026-08-21 10:21:16.602588,None,A4:83:E7:83:E7:06,-97
2026-08-21 10:22:01.181757,20HL39284591421094,48:87:2D:89:79:5D,-95
2026-08-21 10:22:04.793240,RIOT Plus501B6E,D8:BC:38:50:1B:6E,-93
2026-08-21 10:22:15.019799,None,63:60:1A:92:8B:1A,-95
2026-08-21 10:22:15.254130,None,52:0B:82:AF:35:CB,-97
2026-08-21 10:22:15.555000,None,6C:36:B8:03:10:BF,-94
2026-08-21 10:22:16.010757,None,1D:7C:16:9F:D4:23,-92
2026-08-21 10:22:28.142921,EF-D36C0514,A0:85:E3:DE:D2:96,-97
2026-08-21 10:22:29.139447,Platco PR1,B4:CB:B8:1B:D4:50,-77
2026-08-21 10:22:43.317720,MELK-OF21   5C,BE:28:03:00:20:5C,-89
2026-08-21 10:23:32.100257,None,DE:AE:0C:9A:E8:4B,-72
2026-08-21 10:23:33.188693,None,66:BE:59:8F:92:C3,-63
2026-08-21 10:23:38.036063,None,45:69:6C:17:E4:1A,-80
2026-08-21 10:24:19.226856,None,14:C8:A3:ED:F8:9C,-99
2026-08-21 10:24:35.584401,ELK-BLEDOM05,BE:67:00:12:01:75,-101
2026-08-21 10:24:40.491387,None,52:01:5F:5F:CF:C4,-97
2026-08-21 10:24:55.976251,None,46:C1:3C:4A:53:7F,-89
2026-08-21 10:24:56.236288,None,4F:92:8B:9F:9D:A6,-86
2026-08-21 10:24:57.843102,None,42:C4:1A:D8:4A:AC,-98
2026-08-21 10:25:00.803720,Platco PR1,E4:A6:34:CF:38:ED,-96
2026-08-21 10:25:01.772151,None,67:BF:2C:96:14:42,-79
2026-08-21 10:25:02.550518,None,C2:F5:66:CD:85:E9,-83
2026-08-21 10:25:02.624248,None,64:D8:AA:9D:8F:7B,-92
2026-08-21 10:25:02.685634,None,F1:B2:46:AA:1E:8C,-69
2026-08-21 10:25:03.081885,None,C2:3F:EE:D4:25:CB,-84
2026-08-21 10:25:04.089439,None,6C:32:F9:F4:BC:75,-80
2026-08-21 10:25:04.218063,None,F5:85:39:6D:5F:59,-82
2026-08-21 10:25:04.958077,None,E6:1D:66:94:73:B4,-80
2026-08-21 10:25:05.085499,None,D9:CE:6D:30:91:4E,-87
2026-08-21 10:25:07.344194,None,F9:98:D2:99:BD:F1,-66
2026-08-21 10:25:10.768240,Charge 4,F1:D1:F5:5E:21:37,-82
2026-08-21 10:25:18.944020,None,DB:52:2A:6B:65:FB,-70
2026-08-21 10:25:30.035276,None,EB:3F:01:0A:2F:48,-91
2026-08-21 10:25:53.443970,None,60:DF:72:38:FF:CA,-96
2026-08-21 10:25:53.524119,None,CD:3A:5F:0A:CD:F4,-95
2026-08-21 10:26:05.140865,None,DC:64:F3:0B:21:6F,-97
2026-08-21 10:26:43.260097,None,E9:16:D3:11:B4:DC,-85
2026-08-21 10:27:30.419914,None,C0:4D:D4:7D:D1:5F,-95
2026-08-21 10:27:57.913091,None,5F:73:5C:F5:FA:C5,-99
2026-08-21 10:27:59.711685,None,65:76:A4:48:28:B3,-101
2026-08-21 10:27:59.728689,None,D9:E4:E0:39:88:56,-94
2026-08-21 10:28:00.266905,None,49:1A:51:3C:25:27,-68
2026-08-21 10:28:06.081245,TOZO NC9,94:4B:F8:5F:14:DA,-94
2026-08-21 10:28:15.197112,None,7C:CA:30:1D:CB:34,-54
2026-08-21 10:28:17.365280,None,5E:B6:C7:17:8A:DA,-57
2026-08-21 10:28:18.412948,None,E3:E9:0A:FF:67:A7,-79
2026-08-21 10:28:39.746854,None,EC:D2:78:E7:5F:06,-82
2026-08-21 10:29:00.084609,None,68:41:8A:2C:34:36,-98
2026-08-21 10:29:13.628952,113685_9C139E7A644C,9C:13:9E:7A:64:4E,-67
2026-08-21 10:29:36.265470,Peak Pro 01502,F0:AD:4E:40:19:D5,-95
2026-08-21 10:29:42.099888,ResMed 223238,E8:E0:7E:34:BB:D4,-89
2026-08-21 10:30:00.134593,None,C8:57:CB:39:02:57,-83
2026-08-21 10:30:03.540414,None,E1:41:AF:96:81:74,-77
2026-08-21 10:30:03.776919,None,72:7F:42:5E:99:15,-88
2026-08-21 10:30:04.261137,None,F3:CB:A1:AF:D8:48,-80
2026-08-21 10:30:05.270862,None,D6:32:FA:5A:6B:42,-76
2026-08-21 10:30:05.692992,None,F4:60:9B:95:D9:A9,-95
2026-08-21 10:30:06.106653,None,D8:D3:04:43:15:F2,-84
2026-08-21 10:30:07.535790,None,50:38:DE:2D:D0:00,-71
2026-08-21 10:30:10.072757,None,D0:F9:9F:88:4E:FE,-91
2026-08-21 10:30:14.720466,None,F9:96:42:AA:8F:F6,-75
2026-08-21 10:30:17.516129,None,CE:41:76:E8:25:E9,-71
2026-08-21 10:30:18.141594,None,C0:48:F5:D2:ED:FC,-93
2026-08-21 10:30:21.164415,None,41:A8:A9:94:D2:2C,-91
2026-08-21 10:30:21.353738,None,CC:E8:52:02:9F:E4,-86
2026-08-21 10:30:53.948360,None,C3:DD:2D:7B:28:84,-98
2026-08-21 10:30:56.365896,None,6E:0B:E0:26:89:EB,-81
2026-08-21 10:31:42.195104,None,A4:83:E7:83:E7:06,-96
2026-08-21 10:31:42.291662,None,5F:AC:10:B6:D0:02,-98
2026-08-21 10:31:53.103587,None,7E:92:B1:59:27:68,-90
2026-08-21 10:32:03.062941,20HL39284591421094,48:87:2D:89:79:5D,-94
2026-08-21 10:32:04.914865,None,E5:95:8F:5C:B6:C4,-94
2026-08-21 10:32:05.126693,RIOT Plus501B6E,D8:BC:38:50:1B:6E,-95
2026-08-21 10:32:33.999509,Platco PR1,B4:CB:B8:1B:D4:50,-85
2026-08-21 10:32:41.936314,EF-D36C0514,A0:85:E3:DE:D2:96,-98
2026-08-21 10:32:45.179723,MELK-OF21   5C,BE:28:03:00:20:5C,-90
2026-08-21 10:33:38.053411,None,45:69:6C:17:E4:1A,-80
2026-08-21 10:33:49.982620,None,D3:88:CD:A4:2F:C1,-92
2026-08-21 10:34:58.981272,None,46:C1:3C:4A:53:7F,-98
2026-08-21 10:35:00.791991,None,4F:92:8B:9F:9D:A6,-99
2026-08-21 10:35:01.891102,None,D3:7E:30:49:2E:50,-89
2026-08-21 10:35:01.906493,None,67:BF:2C:96:14:42,-83
2026-08-21 10:35:02.783568,None,64:D8:AA:9D:8F:7B,-97
2026-08-21 10:35:07.033980,None,6C:32:F9:F4:BC:75,-81
2026-08-21 10:35:14.335200,Charge 4,F1:D1:F5:5E:21:37,-81
2026-08-21 10:36:06.286726,None,3A:89:86:26:37:6F,-98
2026-08-21 10:37:03.372983,None,61:A5:F5:EF:C5:50,-81
2026-08-21 10:37:09.128529,None,E9:EC:9F:4D:93:42,-100
2026-08-21 10:37:15.636925,None,5F:72:A0:42:E2:E9,-96
2026-08-21 10:37:51.774566,Platco PR1,E4:A6:34:CF:38:ED,-95
2026-08-21 10:38:02.965510,None,65:76:A4:48:28:B3,-93
2026-08-21 10:38:06.577970,TOZO NC9,94:4B:F8:5F:14:DA,-93
2026-08-21 10:38:13.400817,None,4C:EB:0F:98:AB:CF,-96
2026-08-21 10:38:19.628610,None,78:66:E1:40:D5:93,-94
2026-08-21 10:38:27.790119,None,43:42:16:5A:DC:61,-97
2026-08-21 10:38:33.426120,None,7B:14:E3:64:A6:C1,-84
2026-08-21 10:38:33.687097,None,5A:6B:DB:83:E6:4A,-77
2026-08-21 10:38:35.017311,None,7E:C7:79:8F:60:14,-97
2026-08-21 10:38:39.942408,None,70:94:92:3A:8E:60,-96
2026-08-21 10:38:41.220111,None,EC:D2:78:E7:5F:06,-77
2026-08-21 10:38:49.074520,None,5C:93:DF:A2:0A:C9,-99
2026-08-21 10:38:59.221716,None,6D:C7:EB:93:78:C8,-93
2026-08-21 10:39:13.841957,113685_9C139E7A644C,9C:13:9E:7A:64:4E,-65
2026-08-21 10:39:36.980183,Peak Pro 01502,F0:AD:4E:40:19:D5,-84
2026-08-21 10:39:42.963788,ResMed 223238,E8:E0:7E:34:BB:D4,-91
2026-08-21 10:40:05.715834,None,F3:CB:A1:AF:D8:48,-81
2026-08-21 10:40:06.680880,None,E1:41:AF:96:81:74,-73
2026-08-21 10:40:06.931915,None,C8:57:CB:39:02:57,-89
2026-08-21 10:40:07.767117,None,50:38:DE:2D:D0:00,-74
2026-08-21 10:40:11.271047,None,F4:60:9B:95:D9:A9,-96
2026-08-21 10:40:20.464893,None,CE:41:76:E8:25:E9,-71
2026-08-21 10:40:21.379175,None,41:A8:A9:94:D2:2C,-84
2026-08-21 10:40:31.415194,None,D0:F9:9F:88:4E:FE,-92
2026-08-21 10:40:32.222255,None,F9:96:42:AA:8F:F6,-76
2026-08-21 10:41:47.552218,None,C3:DD:2D:7B:28:84,-95
2026-08-21 10:41:53.872380,None,7E:92:B1:59:27:68,-87
2026-08-21 10:41:58.094850,None,2B:00:D9:29:72:34,-96
2026-08-21 10:42:04.458856,20HL39284591421094,48:87:2D:89:79:5D,-97
2026-08-21 10:42:13.654932,None,5F:AC:10:B6:D0:02,-101
2026-08-21 10:42:14.057659,RIOT Plus501B6E,D8:BC:38:50:1B:6E,-95
2026-08-21 10:42:14.470699,None,E5:95:8F:5C:B6:C4,-94
2026-08-21 10:42:42.280178,EF-D36C0514,A0:85:E3:DE:D2:96,-101
2026-08-21 10:42:43.863831,Platco PR1,B4:CB:B8:1B:D4:50,-80
2026-08-21 10:42:46.228395,MELK-OF21   5C,BE:28:03:00:20:5C,-89
2026-08-21 10:43:43.137885,None,EF:1F:F2:55:5A:1C,-71
2026-08-21 10:43:51.297675,None,D3:88:CD:A4:2F:C1,-95
2026-08-21 10:45:00.329716,None,DA:00:07:73:34:9D,-77
2026-08-21 10:45:00.420564,None,EA:EF:7E:65:CB:54,-80
2026-08-21 10:45:01.683376,None,E1:75:09:86:BB:DD,-83
2026-08-21 10:45:02.153294,None,E1:84:AF:9C:F6:7B,-90
2026-08-21 10:45:03.964324,None,F3:E4:29:EC:A8:59,-76
2026-08-21 10:45:04.224178,None,CD:E4:19:86:84:8D,-98
2026-08-21 10:45:08.821007,None,F1:3E:F1:7A:5F:15,-72
2026-08-21 10:45:09.274134,None,C1:E6:CE:6B:3B:FE,-92
2026-08-21 10:45:15.489009,Charge 4,F1:D1:F5:5E:21:37,-80
2026-08-21 10:46:26.691266,None,FE:66:AA:D2:0F:03,-95
2026-08-21 10:46:32.047828,None,4E:4F:F6:FC:4A:47,-84
2026-08-21 10:46:36.115818,None,53:79:17:F3:6A:7A,-80
2026-08-21 10:47:03.454627,None,61:A5:F5:EF:C5:50,-81
2026-08-21 10:47:11.687508,None,F6:AE:60:78:0F:03,-95
2026-08-21 10:47:32.910385,None,4B:03:12:95:C8:4D,-97
2026-08-21 10:47:50.103999,None,DA:47:CC:31:0E:74,-98
2026-08-21 10:47:57.194137,None,57:C2:01:50:33:8C,-96
2026-08-21 10:48:06.973617,TOZO NC9,94:4B:F8:5F:14:DA,-91
2026-08-21 10:48:28.550598,None,43:42:16:5A:DC:61,-98
2026-08-21 10:48:34.199804,None,5A:6B:DB:83:E6:4A,-84
2026-08-21 10:48:34.926885,None,7B:14:E3:64:A6:C1,-83
2026-08-21 10:48:41.216863,None,7E:C7:79:8F:60:14,-95
2026-08-21 10:48:41.621593,None,70:94:92:3A:8E:60,-96
2026-08-21 10:49:08.077513,None,6D:C7:EB:93:78:C8,-93
2026-08-21 10:49:11.788712,None,4C:EB:0F:98:AB:CF,-93
2026-08-21 10:49:14.664616,113685_9C139E7A644C,9C:13:9E:7A:64:4E,-68
2026-08-21 10:49:37.315322,Peak Pro 01502,F0:AD:4E:40:19:D5,-81
2026-08-21 10:49:43.045069,ResMed 223238,E8:E0:7E:34:BB:D4,-96
2026-08-21 10:49:49.956496,None,62:2F:9D:39:92:4B,-96
2026-08-21 10:49:51.405517,None,51:37:8A:21:8A:8E,-95
2026-08-21 10:49:52.689869,Platco PR1,E4:A6:34:CF:38:ED,-95
2026-08-21 10:49:52.895384,None,5D:9E:03:CA:49:D3,-94
2026-08-21 10:50:08.120916,None,50:38:DE:2D:D0:00,-76
2026-08-21 10:50:19.133534,None,E7:F5:40:E0:28:DF,-94
2026-08-21 10:50:25.436574,None,61:34:AC:C8:4C:02,-73
2026-08-21 10:50:33.702953,None,41:48:A4:2C:6E:B5,-90
2026-08-21 10:51:58.729150,None,1E:B4:FB:DA:90:3D,-93
2026-08-21 10:51:58.962228,None,04:9D:DF:1A:B6:50,-94
2026-08-21 10:52:04.840429,20HL39284591421094,48:87:2D:89:79:5D,-98
2026-08-21 10:52:14.405174,RIOT Plus501B6E,D8:BC:38:50:1B:6E,-94
2026-08-21 10:52:43.823102,EF-D36C0514,A0:85:E3:DE:D2:96,-102
2026-08-21 10:52:46.659547,MELK-OF21   5C,BE:28:03:00:20:5C,-89
2026-08-21 10:52:48.291272,None,4C:81:C1:D6:BD:FE,-99
2026-08-21 10:52:48.700178,Platco PR1,B4:CB:B8:1B:D4:50,-80
2026-08-21 10:52:54.027638,None,32:4B:E7:49:53:BD,-92
2026-08-21 10:53:02.884572,None,00:0D:F0:E0:AB:20,-96
2026-08-21 10:53:44.664038,None,EF:1F:F2:55:5A:1C,-66
2026-08-21 10:53:53.579774,None,A4:83:E7:83:E7:06,-98
2026-08-21 10:54:06.933973,None,45:7B:5F:5C:E0:8F,-98
2026-08-21 10:54:35.045016,None,56:DB:13:9A:51:9D,-94
2026-08-21 10:54:35.470661,None,75:69:EF:66:05:4E,-95
2026-08-21 10:54:36.565583,None,53:81:4F:75:CD:9B,-97
2026-08-21 10:55:00.401209,None,DA:00:07:73:34:9D,-77
2026-08-21 10:55:01.189460,None,F8:4E:58:0B:C3:AF,-83
2026-08-21 10:55:01.792986,None,E1:75:09:86:BB:DD,-89
2026-08-21 10:55:03.078585,None,E1:84:AF:9C:F6:7B,-90
2026-08-21 10:55:03.849945,None,EA:EF:7E:65:CB:54,-72
2026-08-21 10:55:04.522263,None,F3:E4:29:EC:A8:59,-66
2026-08-21 10:55:09.275967,None,CD:E4:19:86:84:8D,-95
2026-08-21 10:55:09.730790,None,F1:3E:F1:7A:5F:15,-74
2026-08-21 10:55:16.629312,Charge 4,F1:D1:F5:5E:21:37,-92
2026-08-21 10:55:29.336608,None,C1:E6:CE:6B:3B:FE,-93
2026-08-21 10:56:24.916703,None,74:26:3D:A8:AE:3B,-92
2026-08-21 10:56:32.089364,None,4E:4F:F6:FC:4A:47,-84
2026-08-21 10:56:36.292606,None,53:79:17:F3:6A:7A,-91
2026-08-21 10:57:03.551980,None,61:A5:F5:EF:C5:50,-77
2026-08-21 10:57:14.425622,None,F6:AE:60:78:0F:03,-93
2026-08-21 10:57:37.478798,None,4B:03:12:95:C8:4D,-96
2026-08-21 10:58:00.791265,None,61:7D:17:95:9C:97,-93
2026-08-21 10:58:01.238809,None,E2:81:36:DA:EB:D5,-100
2026-08-21 10:58:07.063904,TOZO NC9,94:4B:F8:5F:14:DA,-84
2026-08-21 10:58:18.530055,None,54:BD:F4:DC:4D:00,-82
2026-08-21 10:58:29.446086,None,DA:47:CC:31:0E:74,-98
2026-08-21 10:58:35.595907,None,5A:6B:DB:83:E6:4A,-82
2026-08-21 10:58:36.380250,None,61:2D:3D:19:19:C0,-77
2026-08-21 10:58:36.401733,None,66:CE:E2:08:16:09,-81
2026-08-21 10:59:08.747266,None,6D:C7:EB:93:78:C8,-92
2026-08-21 10:59:14.677546,113685_9C139E7A644C,9C:13:9E:7A:64:4E,-73
2026-08-21 10:59:31.404583,None,35:3F:CB:2B:28:40,-95
2026-08-21 10:59:37.453122,Peak Pro 01502,F0:AD:4E:40:19:D5,-93
2026-08-21 10:59:43.126944,ResMed 223238,E8:E0:7E:34:BB:D4,-93
2026-08-21 10:59:53.004870,Platco PR1,E4:A6:34:CF:38:ED,-96
2026-08-21 11:00:00.023549,None,D0:D3:0A:95:D1:47,-79
2026-08-21 11:00:00.208700,None,FA:96:F4:FF:BA:D1,-76
2026-08-21 11:00:00.276703,None,F4:DA:6A:7C:FE:2E,-77
2026-08-21 11:00:00.323521,None,E3:EB:6E:76:2A:DA,-72
2026-08-21 11:00:03.271731,None,EA:2B:BD:BE:6B:47,-96
2026-08-21 11:00:03.679741,None,7D:30:D7:E1:BC:D9,-95
2026-08-21 11:00:04.193126,None,FE:94:71:B4:4A:E3,-80
2026-08-21 11:00:10.914332,None,D9:D3:83:7F:A7:2F,-95
2026-08-21 11:00:10.987472,None,F9:92:C6:00:55:D0,-100
2026-08-21 11:00:17.490965,None,F1:9F:B6:FF:F0:21,-68
2026-08-21 11:00:26.605830,None,61:34:AC:C8:4C:02,-74
2026-08-21 11:00:26.855812,None,E7:F5:40:E0:28:DF,-92
2026-08-21 11:00:49.229593,None,4D:C4:A7:76:C1:33,-77
2026-08-21 11:01:23.145526,None,79:F1:62:A1:8A:E7,-78
2026-08-21 11:02:05.599679,20HL39284591421094,48:87:2D:89:79:5D,-97
2026-08-21 11:02:14.607638,RIOT Plus501B6E,D8:BC:38:50:1B:6E,-92
2026-08-21 11:02:36.690450,None,C2:B3:A1:FC:91:74,-96
2026-08-21 11:02:43.931527,EF-D36C0514,A0:85:E3:DE:D2:96,-99
2026-08-21 11:02:47.633048,MELK-OF21   5C,BE:28:03:00:20:5C,-92
2026-08-21 11:02:47.877553,None,54:1F:9A:F3:FC:FE,-91
2026-08-21 11:02:49.051880,Platco PR1,B4:CB:B8:1B:D4:50,-82
2026-08-21 11:03:58.222228,None,CD:17:8A:47:DB:65,-86
2026-08-21 11:04:35.216468,None,56:DB:13:9A:51:9D,-94
2026-08-21 11:04:36.711209,None,53:81:4F:75:CD:9B,-95
2026-08-21 11:04:42.617151,None,75:69:EF:66:05:4E,-96
2026-08-21 11:05:12.791208,None,ED:77:22:C5:4F:B3,-92
2026-08-21 11:05:15.600316,None,73:97:6D:15:1E:CB,-97
2026-08-21 11:05:16.459571,None,42:EE:B5:60:4D:43,-95
2026-08-21 11:05:17.460840,None,71:F7:57:28:90:9B,-92
2026-08-21 11:05:17.594129,Charge 4,F1:D1:F5:5E:21:37,-81
2026-08-21 11:05:25.160847,None,FB:B8:14:D7:4F:25,-93
2026-08-21 11:05:26.054316,None,5F:2F:CA:47:E0:1E,-96
2026-08-21 11:05:40.449929,None,A4:83:E7:83:E7:06,-98
2026-08-21 11:07:12.666876,None,74:26:3D:A8:AE:3B,-90
2026-08-21 11:08:07.096473,TOZO NC9,94:4B:F8:5F:14:DA,-92
2026-08-21 11:08:18.963027,None,54:BD:F4:DC:4D:00,-78
2026-08-21 11:08:36.719072,None,61:2D:3D:19:19:C0,-89
2026-08-21 11:08:41.880919,None,66:CE:E2:08:16:09,-77
2026-08-21 11:09:15.236935,113685_9C139E7A644C,9C:13:9E:7A:64:4E,-68
2026-08-21 11:09:38.039896,Peak Pro 01502,F0:AD:4E:40:19:D5,-94
2026-08-21 11:09:43.516955,ResMed 223238,E8:E0:7E:34:BB:D4,-91
2026-08-21 11:10:01.239548,None,E3:EB:6E:76:2A:DA,-75
2026-08-21 11:10:02.134562,None,F4:DA:6A:7C:FE:2E,-76
2026-08-21 11:10:05.280645,None,EA:2B:BD:BE:6B:47,-93
2026-08-21 11:10:07.620806,None,FA:96:F4:FF:BA:D1,-71
2026-08-21 11:10:11.698535,None,D9:D3:83:7F:A7:2F,-80
2026-08-21 11:10:16.507174,None,FE:94:71:B4:4A:E3,-92
2026-08-21 11:10:18.931601,None,F1:9F:B6:FF:F0:21,-71
2026-08-21 11:10:49.236288,None,4D:C4:A7:76:C1:33,-73
2026-08-21 11:10:58.590162,Platco PR1,E4:A6:34:CF:38:ED,-92
2026-08-21 11:11:11.155911,None,F9:92:C6:00:55:D0,-97
2026-08-21 11:12:12.172078,20HL39284591421094,48:87:2D:89:79:5D,-95
2026-08-21 11:12:20.010371,RIOT Plus501B6E,D8:BC:38:50:1B:6E,-91
2026-08-21 11:12:44.049672,EF-D36C0514,A0:85:E3:DE:D2:96,-94
2026-08-21 11:12:47.642815,MELK-OF21   5C,BE:28:03:00:20:5C,-90
2026-08-21 11:12:48.177980,None,54:1F:9A:F3:FC:FE,-89
2026-08-21 11:12:53.905225,Platco PR1,B4:CB:B8:1B:D4:50,-81
2026-08-21 11:13:59.331591,None,CD:17:8A:47:DB:65,-85
2026-08-21 11:14:05.248717,None,C2:B3:A1:FC:91:74,-94
2026-08-21 11:15:01.356749,None,F9:AE:A1:19:F1:FC,-71
2026-08-21 11:15:02.089101,None,E8:BE:62:E3:85:3F,-78
2026-08-21 11:15:11.378327,None,DA:9B:09:7D:D6:77,-76
2026-08-21 11:15:14.760510,None,C6:79:95:8A:F5:A4,-96
2026-08-21 11:15:16.122560,None,73:97:6D:15:1E:CB,-97
2026-08-21 11:15:16.644737,None,FF:EE:32:D6:CF:C3,-72
2026-08-21 11:15:17.311123,None,42:EE:B5:60:4D:43,-94
2026-08-21 11:15:17.705488,None,71:F7:57:28:90:9B,-93
2026-08-21 11:15:17.870621,None,DD:8F:DF:40:87:31,-83
2026-08-21 11:15:23.867916,Charge 4,F1:D1:F5:5E:21:37,-79
2026-08-21 11:15:24.439925,None,ED:77:22:C5:4F:B3,-93
2026-08-21 11:15:25.907767,None,70:BC:06:2F:AD:01,-95
2026-08-21 11:15:29.379453,None,5F:2F:CA:47:E0:1E,-94
2026-08-21 11:15:40.244528,None,D0:BA:40:1B:78:0F,-84
2026-08-21 11:15:43.010772,None,61:7D:17:95:9C:97,-96
2026-08-21 11:15:44.617320,None,6D:5E:63:AD:F2:43,-100
2026-08-21 11:15:50.544163,None,C2:DD:5C:B8:66:47,-81
2026-08-21 11:15:59.657552,None,7D:4F:1C:AE:73:7E,-94
2026-08-21 11:15:59.678638,None,53:0D:D6:80:E4:A8,-96
2026-08-21 11:16:01.435564,None,7B:DE:05:66:BA:34,-97
2026-08-21 11:16:14.520615,None,A4:83:E7:83:E7:06,-99
2026-08-21 11:16:39.331726,None,C7:F3:87:03:79:BE,-92
2026-08-21 11:17:30.016125,None,60:51:30:38:CF:C8,-99
2026-08-21 11:18:19.215099,None,54:BD:F4:DC:4D:00,-81
2026-08-21 11:18:39.113081,None,61:2D:3D:19:19:C0,-85
2026-08-21 11:18:43.341862,None,66:CE:E2:08:16:09,-83
2026-08-21 11:19:10.711431,None,F5:40:1E:91:51:D7,-97
2026-08-21 11:19:15.519285,113685_9C139E7A644C,9C:13:9E:7A:64:4E,-68
2026-08-21 11:19:16.426369,None,4B:ED:92:29:99:FF,-93
2026-08-21 11:19:25.636467,None,7E:A2:C1:83:C0:74,-96
2026-08-21 11:19:34.894344,L70,C0:0C:9F:06:C2:D1,-96
2026-08-21 11:19:38.048298,Peak Pro 01502,F0:AD:4E:40:19:D5,-85
2026-08-21 11:19:43.745560,ResMed 223238,E8:E0:7E:34:BB:D4,-90
2026-08-21 11:19:52.396757,None,62:0E:D0:9C:EE:00,-75
2026-08-21 11:20:34.351126,None,6A:2D:CC:D7:81:7E,-98
2026-08-21 11:21:31.001202,None,CB:7C:32:42:EB:4B,-98
2026-08-21 11:22:12.997241,20HL39284591421094,48:87:2D:89:79:5D,-92
2026-08-21 11:22:20.853116,RIOT Plus501B6E,D8:BC:38:50:1B:6E,-93
2026-08-21 11:22:47.568393,None,62:A1:F4:11:E0:EA,-93
2026-08-21 11:22:47.667565,MELK-OF21   5C,BE:28:03:00:20:5C,-91
2026-08-21 11:22:48.293879,None,54:1F:9A:F3:FC:FE,-84
2026-08-21 11:23:03.770486,Platco PR1,B4:CB:B8:1B:D4:50,-84
2026-08-21 11:23:06.044150,None,6F:5D:19:E1:BF:B7,-86
2026-08-21 11:23:06.345400,EF-D36C0514,A0:85:E3:DE:D2:96,-99
2026-08-21 11:23:07.405958,None,78:A3:AA:A9:F3:EE,-98
2026-08-21 11:24:34.895233,Platco PR1,E4:A6:34:CF:38:ED,-95
2026-08-21 11:24:37.902783,None,4C:55:F6:45:61:D5,-69
2026-08-21 11:25:02.436373,None,F9:AE:A1:19:F1:FC,-80
2026-08-21 11:25:03.129758,None,E8:BE:62:E3:85:3F,-93
2026-08-21 11:25:12.788961,None,DA:9B:09:7D:D6:77,-76
2026-08-21 11:25:19.770988,None,FF:EE:32:D6:CF:C3,-85
2026-08-21 11:25:20.928506,None,71:F7:57:28:90:9B,-93
2026-08-21 11:25:23.292821,None,DD:8F:DF:40:87:31,-95
2026-08-21 11:25:27.603017,Charge 4,F1:D1:F5:5E:21:37,-80
2026-08-21 11:25:28.239767,None,C6:79:95:8A:F5:A4,-96
2026-08-21 11:25:29.195885,None,71:54:E4:0C:58:99,-94
2026-08-21 11:25:31.286137,LE-Bose SoundSport,66:A6:4C:B0:B6:DE,-87
2026-08-21 11:25:41.788560,None,D0:BA:40:1B:78:0F,-94
2026-08-21 11:25:59.692508,None,7D:4F:1C:AE:73:7E,-97
2026-08-21 11:26:02.399128,None,7B:DE:05:66:BA:34,-94
2026-08-21 11:26:02.432579,None,53:0D:D6:80:E4:A8,-95
2026-08-21 11:26:04.071992,None,6D:5E:63:AD:F2:43,-104
2026-08-21 11:26:09.539556,None,C2:DD:5C:B8:66:47,-91
2026-08-21 11:26:23.854127,None,7F:29:1A:3C:72:99,-81
2026-08-21 11:26:35.289818,None,7B:F8:76:4B:0F:9E,-73
2026-08-21 11:26:39.058442,None,64:53:37:C7:33:3E,-96
2026-08-21 11:26:54.997085,None,C7:F3:87:03:79:BE,-92
2026-08-21 11:27:09.068006,None,4D:71:FD:65:4F:0A,-82
2026-08-21 11:27:15.796644,None,5C:A5:EE:35:CE:CE,-99
2026-08-21 11:27:42.070958,None,70:BC:06:2F:AD:01,-95
2026-08-21 11:28:06.796761,None,68:F4:85:D6:F2:10,-87
2026-08-21 11:28:06.828249,None,6A:A8:44:A5:74:B6,-87
2026-08-21 11:28:11.815292,None,A4:83:E7:83:E7:06,-97
2026-08-21 11:28:18.484321,None,60:51:30:38:CF:C8,-97
2026-08-21 11:28:50.115618,ELK-BLEDOM05,BE:67:00:12:01:75,-101
2026-08-21 11:29:15.710505,113685_9C139E7A644C,9C:13:9E:7A:64:4E,-68
2026-08-21 11:29:38.221344,Peak Pro 01502,F0:AD:4E:40:19:D5,-93
2026-08-21 11:29:43.979998,ResMed 223238,E8:E0:7E:34:BB:D4,-92
2026-08-21 11:29:52.438505,None,62:0E:D0:9C:EE:00,-87
2026-08-21 11:30:00.394249,None,D7:BF:24:BB:CD:E1,-96
2026-08-21 11:30:04.272525,None,F6:12:41:10:28:AC,-76
2026-08-21 11:30:04.842151,None,D2:5B:F4:ED:13:17,-76
2026-08-21 11:30:08.167248,None,4E:D8:3C:5F:B0:E0,-97
2026-08-21 11:30:20.193266,None,F9:31:04:6E:AB:3D,-98
2026-08-21 11:30:20.634080,None,D4:9B:EC:4B:5E:A7,-63
2026-08-21 11:30:25.923384,None,D4:FC:D8:7D:49:BD,-94
2026-08-21 11:31:00.858957,None,C7:1A:E2:E7:7D:82,-91
2026-08-21 11:31:28.320367,None,67:DD:0B:3E:6F:F8,-78
2026-08-21 11:32:13.562309,20HL39284591421094,48:87:2D:89:79:5D,-97
2026-08-21 11:32:27.646692,RIOT Plus501B6E,D8:BC:38:50:1B:6E,-96
2026-08-21 11:32:28.869279,None,5D:EB:B4:A6:51:B7,-95
2026-08-21 11:32:47.694046,MELK-OF21   5C,BE:28:03:00:20:5C,-93
2026-08-21 11:33:03.733883,None,65:E7:BC:9B:F1:14,-97
2026-08-21 11:33:06.624673,None,6F:5D:19:E1:BF:B7,-89
2026-08-21 11:33:07.115756,None,6A:4B:B7:11:11:B0,-96
2026-08-21 11:33:07.481719,None,69:D3:25:29:CF:1F,-97
2026-08-21 11:33:08.661640,Platco PR1,B4:CB:B8:1B:D4:50,-83
2026-08-21 11:33:46.013715,EF-D36C0514,A0:85:E3:DE:D2:96,-97
2026-08-21 11:34:00.699900,None,C8:56:94:7D:5D:1A,-96
2026-08-21 11:34:19.441974,None,EF:B2:99:EA:EE:54,-95
2026-08-21 11:34:32.061250,None,70:91:65:A6:D4:B4,-63
2026-08-21 11:34:39.739519,Platco PR1,E4:A6:34:CF:38:ED,-97
2026-08-21 11:34:40.173409,None,70:CF:C1:4E:B7:D6,-91
2026-08-21 11:34:40.187432,None,E5:CF:BB:36:23:02,-91
2026-08-21 11:34:56.936937,None,1C:CC:97:53:42:50,-95
2026-08-21 11:35:24.327235,None,5A:A4:20:35:98:5B,-79
2026-08-21 11:35:28.566605,Charge 4,F1:D1:F5:5E:21:37,-89
2026-08-21 11:35:31.205908,None,5B:3B:C3:43:97:65,-95
2026-08-21 11:35:48.754576,None,76:F1:EC:FE:8D:07,-76
2026-08-21 11:37:09.558567,None,4D:71:FD:65:4F:0A,-79
2026-08-21 11:37:09.906007,None,42:C5:BC:45:0F:CC,-98
2026-08-21 11:37:35.704285,None,78:D7:3F:D4:FE:34,-93
2026-08-21 11:38:07.271131,None,68:F4:85:D6:F2:10,-82
2026-08-21 11:38:08.420232,None,6A:A8:44:A5:74:B6,-83
2026-08-21 11:38:41.756498,None,60:51:30:38:CF:C8,-100
2026-08-21 11:38:49.032635,None,1C:DF:75:58:E1:A6,-95
2026-08-21 11:39:04.703359,None,58:1D:60:D1:C7:F2,-101
2026-08-21 11:39:15.781978,113685_9C139E7A644C,9C:13:9E:7A:64:4E,-68
2026-08-21 11:39:38.230510,Peak Pro 01502,F0:AD:4E:40:19:D5,-84
2026-08-21 11:39:44.055541,ResMed 223238,E8:E0:7E:34:BB:D4,-89
2026-08-21 11:40:04.574553,None,F6:12:41:10:28:AC,-76
2026-08-21 11:40:05.783494,None,D7:BF:24:BB:CD:E1,-88
2026-08-21 11:40:06.247567,None,D2:5B:F4:ED:13:17,-75
2026-08-21 11:40:25.807265,None,D4:9B:EC:4B:5E:A7,-71
2026-08-21 11:40:35.030019,None,F9:31:04:6E:AB:3D,-96
2026-08-21 11:40:57.057605,None,D4:FC:D8:7D:49:BD,-95
2026-08-21 11:41:00.739883,None,F3:47:C4:72:20:33,-98
2026-08-21 11:41:01.486054,None,C7:1A:E2:E7:7D:82,-89
2026-08-21 11:41:28.396274,None,67:DD:0B:3E:6F:F8,-77
2026-08-21 11:42:18.089997,20HL39284591421094,48:87:2D:89:79:5D,-96
2026-08-21 11:42:27.776782,RIOT Plus501B6E,D8:BC:38:50:1B:6E,-91
2026-08-21 11:42:33.824720,None,72:82:BD:2C:6E:D4,-93
2026-08-21 11:42:47.753527,MELK-OF21   5C,BE:28:03:00:20:5C,-94
2026-08-21 11:43:04.029375,None,65:E7:BC:9B:F1:14,-94
2026-08-21 11:43:08.055814,None,69:D3:25:29:CF:1F,-96
2026-08-21 11:43:11.125344,None,6A:4B:B7:11:11:B0,-97
2026-08-21 11:43:13.978076,Platco PR1,B4:CB:B8:1B:D4:50,-81
2026-08-21 11:43:59.352710,None,A4:83:E7:83:E7:06,-98
2026-08-21 11:44:25.001420,None,EF:B2:99:EA:EE:54,-94
2026-08-21 11:44:28.404535,None,C8:56:94:7D:5D:1A,-96
2026-08-21 11:44:40.821759,None,70:CF:C1:4E:B7:D6,-94
2026-08-21 11:44:48.279444,None,4E:D8:3C:5F:B0:E0,-101
2026-08-21 11:45:02.392480,None,CE:4E:1C:16:14:2E,-84
2026-08-21 11:45:04.131571,None,DB:13:95:89:DF:83,-77
2026-08-21 11:45:07.423635,None,47:CE:E2:91:AD:31,-97
2026-08-21 11:45:07.997547,None,E5:CF:BB:36:23:02,-92
2026-08-21 11:45:09.452183,None,EE:1B:6D:4D:A0:79,-80
2026-08-21 11:45:15.225555,None,F0:61:66:85:32:75,-97
2026-08-21 11:45:18.196713,None,FE:A5:BE:69:9E:5E,-98
2026-08-21 11:45:21.772946,None,DD:86:D5:48:CB:99,-91
2026-08-21 11:45:24.329454,None,5A:A4:20:35:98:5B,-76
2026-08-21 11:45:29.717189,Charge 4,F1:D1:F5:5E:21:37,-89
2026-08-21 11:45:46.031083,None,78:50:17:73:3E:B7,-94
2026-08-21 11:45:46.391879,None,78:CC:1E:E4:65:53,-73
2026-08-21 11:45:50.143353,None,70:86:D3:A9:62:02,-94
2026-08-21 11:45:50.662225,Platco PR1,E4:A6:34:CF:38:ED,-95
2026-08-21 11:45:52.446467,None,49:13:A7:BA:7C:FE,-98
2026-08-21 11:46:28.714280,None,CB:37:FA:DE:06:E0,-72
2026-08-21 11:47:09.593571,None,4D:71:FD:65:4F:0A,-81
2026-08-21 11:47:09.693878,None,40:8F:47:78:19:AE,-97
2026-08-21 11:47:14.911312,None,42:C5:BC:45:0F:CC,-96
2026-08-21 11:47:25.377103,None,51:7F:B9:EB:62:5C,-95
2026-08-21 11:47:39.528984,None,30:26:07:83:86:D6,-97
2026-08-21 11:48:00.474912,None,E8:BD:21:D7:B5:37,-97
2026-08-21 11:48:07.353589,None,68:F4:85:D6:F2:10,-82
2026-08-21 11:48:10.848965,None,6A:A8:44:A5:74:B6,-80
2026-08-21 11:48:12.216973,EF-D36C0514,A0:85:E3:DE:D2:96,-99
2026-08-21 11:48:34.143899,ELK-BLEDOM05,BE:67:00:12:01:75,-98
2026-08-21 11:48:39.184466,None,62:2A:6C:F0:F7:B6,-79
2026-08-21 11:48:40.382405,None,59:07:5A:82:F0:1A,-97
2026-08-21 11:48:55.450933,None,69:97:DA:D0:F3:9F,-78
2026-08-21 11:49:15.953809,113685_9C139E7A644C,9C:13:9E:7A:64:4E,-68
2026-08-21 11:49:38.250925,None,72:AF:80:69:37:5F,-101
2026-08-21 11:49:38.272947,Peak Pro 01502,F0:AD:4E:40:19:D5,-84
2026-08-21 11:49:44.133434,ResMed 223238,E8:E0:7E:34:BB:D4,-96
2026-08-21 11:49:50.063199,None,58:1D:60:D1:C7:F2,-89
2026-08-21 11:49:50.157024,None,EF:15:3E:C9:B7:DC,-97
2026-08-21 11:49:51.550505,None,F7:F7:D6:4D:95:DE,-92
2026-08-21 11:50:38.599512,None,D6:CE:3B:46:4C:59,-97
2026-08-21 11:51:00.963415,None,47:5F:C8:4A:8A:94,-102
2026-08-21 11:51:57.376929,None,43:FD:AF:2B:A6:96,-81
2026-08-21 11:52:19.474662,20HL39284591421094,48:87:2D:89:79:5D,-97
2026-08-21 11:52:28.688837,None,59:64:6B:80:60:FB,-72
2026-08-21 11:52:33.899528,RIOT Plus501B6E,D8:BC:38:50:1B:6E,-101
2026-08-21 11:52:34.855275,None,72:82:BD:2C:6E:D4,-91
2026-08-21 11:52:47.776658,MELK-OF21   5C,BE:28:03:00:20:5C,-97
2026-08-21 11:53:09.727371,4,54:2A:41:79:D2:C4,-102
2026-08-21 11:53:23.855670,Platco PR1,B4:CB:B8:1B:D4:50,-80
2026-08-21 11:54:04.725512,None,D8:26:3E:B4:05:6F,-93
2026-08-21 11:54:30.873545,None,49:6A:18:BB:F9:FB,-81
2026-08-21 11:54:41.595995,None,70:CF:C1:4E:B7:D6,-94
2026-08-21 11:55:03.441048,None,CE:4E:1C:16:14:2E,-81
2026-08-21 11:55:06.057256,None,DB:13:95:89:DF:83,-65
2026-08-21 11:55:16.937091,None,EE:1B:6D:4D:A0:79,-77
2026-08-21 11:55:22.204932,None,FE:A5:BE:69:9E:5E,-94
2026-08-21 11:55:24.765001,None,F0:61:66:85:32:75,-95
2026-08-21 11:55:34.729245,Charge 4,F1:D1:F5:5E:21:37,-87
2026-08-21 11:55:48.291743,None,78:CC:1E:E4:65:53,-74
2026-08-21 11:56:10.446979,Platco PR1,E4:A6:34:CF:38:ED,-95
2026-08-21 11:56:13.162552,None,4F:67:48:4E:CF:5C,-94
2026-08-21 11:56:31.676044,None,CB:37:FA:DE:06:E0,-73
2026-08-21 11:56:53.624201,None,DD:86:D5:48:CB:99,-93
2026-08-21 11:57:14.524057,None,72:8D:CC:DE:D6:C8,-92
2026-08-21 11:57:15.108380,None,59:58:10:FB:64:F7,-96
2026-08-21 11:57:15.688312,None,4F:50:DA:F7:51:51,-94
2026-08-21 11:57:15.857033,None,63:9F:5C:31:2A:FF,-93
2026-08-21 11:58:38.691051,EF-D36C0514,A0:85:E3:DE:D2:96,-100
2026-08-21 11:58:39.542945,None,62:2A:6C:F0:F7:B6,-84
2026-08-21 11:58:41.589122,None,59:07:5A:82:F0:1A,-82
2026-08-21 11:58:55.955291,None,69:97:DA:D0:F3:9F,-74
2026-08-21 11:59:00.834382,None,45:FE:23:8E:20:E7,-97
2026-08-21 11:59:15.991331,113685_9C139E7A644C,9C:13:9E:7A:64:4E,-67
2026-08-21 11:59:30.666250,None,70:9F:BE:AE:08:B0,-97
2026-08-21 11:59:40.698393,Peak Pro 01502,F0:AD:4E:40:19:D5,-84
2026-08-21 11:59:44.212856,ResMed 223238,E8:E0:7E:34:BB:D4,-94
2026-08-21 11:59:57.688957,None,6E:FC:BC:2F:3B:C6,-90
2026-08-21 12:00:02.410286,None,D1:7B:DD:21:AF:60,-81
2026-08-21 12:00:03.105402,None,C1:AB:3C:11:37:76,-78
2026-08-21 12:00:03.487357,None,D4:10:08:1A:DA:A5,-81
2026-08-21 12:00:03.735806,None,C1:2E:67:C5:53:8C,-87
2026-08-21 12:00:51.849982,None,70:55:E3:10:DC:F9,-72
2026-08-21 12:01:00.375222,None,E3:B5:C2:AC:BA:F7,-94
2026-08-21 12:01:05.222628,None,E1:DD:FE:7C:B9:23,-97
2026-08-21 12:01:37.367345,None,47:60:CF:57:80:40,-92
2026-08-21 12:01:42.748474,None,77:0D:AB:98:9C:B1,-81
2026-08-21 12:01:47.715290,None,DF:82:C0:FA:A7:09,-72
2026-08-21 12:02:23.608484,20HL39284591421094,48:87:2D:89:79:5D,-100
2026-08-21 12:02:25.152113,None,71:B9:CE:D6:BA:81,-94
2026-08-21 12:02:26.949771,None,EB:08:84:F6:37:04,-96
2026-08-21 12:02:30.276881,None,59:64:6B:80:60:FB,-76
2026-08-21 12:02:34.302501,RIOT Plus501B6E,D8:BC:38:50:1B:6E,-94
2026-08-21 12:02:47.837558,MELK-OF21   5C,BE:28:03:00:20:5C,-89
2026-08-21 12:02:53.555655,None,CD:50:15:58:9B:9F,-105
2026-08-21 12:03:00.331978,None,4C:5F:79:EF:26:69,-95
2026-08-21 12:03:27.042528,None,CA:86:71:53:B3:E8,-97
2026-08-21 12:03:33.717210,Platco PR1,B4:CB:B8:1B:D4:50,-82
2026-08-21 12:03:41.946517,None,EE:BE:6C:67:23:4D,-99
2026-08-21 12:04:04.244277,None,54:2A:41:79:D2:C4,-96
2026-08-21 12:04:11.657081,None,D8:26:3E:B4:05:6F,-93
2026-08-21 12:04:30.987206,None,49:6A:18:BB:F9:FB,-83
2026-08-21 12:05:07.965957,None,47:CE:E2:91:AD:31,-95
2026-08-21 12:05:42.177344,Charge 4,F1:D1:F5:5E:21:37,-86
2026-08-21 12:05:48.542599,None,7C:C5:B2:6C:AE:B6,-98
2026-08-21 12:06:02.815252,None,CC:2A:6C:0B:AE:2D,-100
2026-08-21 12:06:30.796647,Platco PR1,E4:A6:34:CF:38:ED,-96
2026-08-21 12:07:08.651392,None,54:79:25:2B:1B:97,-86
2026-08-21 12:07:15.768395,None,59:58:10:FB:64:F7,-96
2026-08-21 12:07:15.872208,None,72:8D:CC:DE:D6:C8,-92
2026-08-21 12:07:16.363339,None,63:9F:5C:31:2A:FF,-95
2026-08-21 12:07:16.863008,None,4F:50:DA:F7:51:51,-95
2026-08-21 12:07:23.735592,None,5D:0F:C8:F2:24:0B,-93
2026-08-21 12:07:23.973089,None,D9:CF:4D:8E:9E:60,-94
2026-08-21 12:07:26.598222,None,EB:BF:AE:19:4B:C3,-92
2026-08-21 12:07:30.784263,None,65:4F:F2:76:68:77,-88
2026-08-21 12:08:39.713693,None,62:2A:6C:F0:F7:B6,-79
2026-08-21 12:08:44.976685,None,59:07:5A:82:F0:1A,-81
2026-08-21 12:08:46.105833,None,DA:46:DE:35:4B:67,-96
2026-08-21 12:09:06.721587,None,45:FE:23:8E:20:E7,-93
2026-08-21 12:09:14.956730,None,47:E3:FD:74:1F:C9,-85
2026-08-21 12:09:14.975587,None,7F:AA:9E:04:77:A9,-88
2026-08-21 12:09:16.059270,113685_9C139E7A644C,9C:13:9E:7A:64:4E,-71
2026-08-21 12:09:33.986373,None,70:9F:BE:AE:08:B0,-97
2026-08-21 12:09:40.742868,Peak Pro 01502,F0:AD:4E:40:19:D5,-83
2026-08-21 12:09:44.289941,ResMed 223238,E8:E0:7E:34:BB:D4,-88
2026-08-21 12:10:02.384189,None,53:6A:E6:B8:4F:75,-90
2026-08-21 12:10:02.393651,None,6C:13:31:CB:D4:E7,-94
2026-08-21 12:10:02.605210,None,54:FA:B9:73:6E:88,-95
2026-08-21 12:10:05.487112,None,C1:AB:3C:11:37:76,-76
2026-08-21 12:10:06.372237,None,D1:7B:DD:21:AF:60,-94
2026-08-21 12:10:06.464367,EF-D36C0514,A0:85:E3:DE:D2:96,-99
2026-08-21 12:10:11.004907,None,D4:10:08:1A:DA:A5,-82
2026-08-21 12:10:11.636983,None,C1:2E:67:C5:53:8C,-95
2026-08-21 12:10:52.332239,None,70:55:E3:10:DC:F9,-80
2026-08-21 12:10:59.133655,None,64:15:B8:42:E8:31,-92
2026-08-21 12:11:43.666304,None,53:79:DF:27:D1:E1,-75
2026-08-21 12:11:43.834800,None,77:0D:AB:98:9C:B1,-82
2026-08-21 12:11:44.953804,None,E3:B5:C2:AC:BA:F7,-89
2026-08-21 12:11:52.693156,None,DF:82:C0:FA:A7:09,-80
2026-08-21 12:12:29.139180,20HL39284591421094,48:87:2D:89:79:5D,-97
2026-08-21 12:12:35.179134,RIOT Plus501B6E,D8:BC:38:50:1B:6E,-99
2026-08-21 12:12:47.973779,MELK-OF21   5C,BE:28:03:00:20:5C,-91
2026-08-21 12:13:35.975990,ADBV52JG234158,6D:50:98:99:83:45,-94
2026-08-21 12:13:38.575114,Platco PR1,B4:CB:B8:1B:D4:50,-83
2026-08-21 12:13:59.447952,None,73:BF:49:DA:BB:BC,-95
2026-08-21 12:13:59.659573,None,5F:5B:8F:4E:48:1A,-89
2026-08-21 12:14:07.458774,None,77:84:2A:D2:6F:D9,-99
2026-08-21 12:14:10.562801,None,4C:29:0E:89:AE:AA,-91
2026-08-21 12:14:17.820435,None,5B:E5:CC:B9:3E:51,-97
2026-08-21 12:14:32.040576,None,49:6A:18:BB:F9:FB,-77
2026-08-21 12:14:55.125367,None,47:60:CF:57:80:40,-95
2026-08-21 12:15:00.369969,None,C8:4F:E7:8A:CA:2C,-96
2026-08-21 12:15:02.178370,None,F5:EE:04:2C:DD:C9,-94
2026-08-21 12:15:03.051236,None,C0:B8:4B:CB:C6:33,-97
2026-08-21 12:15:08.461354,None,F1:67:37:34:B2:A2,-93
2026-08-21 12:15:37.037594,None,47:CE:E2:91:AD:31,-99
2026-08-21 12:15:43.323731,Charge 4,F1:D1:F5:5E:21:37,-79
2026-08-21 12:16:06.426498,None,CC:2A:6C:0B:AE:2D,-82
2026-08-21 12:16:36.300385,None,67:D2:AB:4D:37:80,-79
2026-08-21 12:16:39.234780,None,4E:7C:ED:CB:5F:AC,-96
2026-08-21 12:16:39.292174,None,59:D0:59:05:93:58,-95
2026-08-21 12:16:53.298557,None,A4:83:E7:83:E7:06,-97
2026-08-21 12:17:06.599501,None,52:2D:E5:F9:F3:F0,-96
2026-08-21 12:17:16.005477,None,72:8D:CC:DE:D6:C8,-90
2026-08-21 12:17:17.368467,None,54:79:25:2B:1B:97,-94
2026-08-21 12:17:22.561164,None,5B:03:BA:43:3E:19,-96
2026-08-21 12:17:35.750719,None,D9:CF:4D:8E:9E:60,-90
2026-08-21 12:17:36.197246,Platco PR1,E4:A6:34:CF:38:ED,-96
2026-08-21 12:17:38.478062,None,5D:0F:C8:F2:24:0B,-95
2026-08-21 12:17:51.868202,None,EB:BF:AE:19:4B:C3,-89
2026-08-21 12:17:57.732373,None,D1:97:72:44:E5:F0,-99
2026-08-21 12:17:59.500312,None,F2:BB:A9:A6:D3:A5,-94
2026-08-21 12:18:00.358283,None,4F:CD:05:34:8C:66,-92
2026-08-21 12:18:14.682421,None,C1:43:72:54:72:AC,-75
2026-08-21 12:18:21.072022,None,68:5D:6A:09:EB:28,-100
2026-08-21 12:18:47.420304,None,6E:63:E2:BF:2D:E8,-82
2026-08-21 12:19:15.090971,None,47:E3:FD:74:1F:C9,-85
2026-08-21 12:19:16.152728,113685_9C139E7A644C,9C:13:9E:7A:64:4E,-71
2026-08-21 12:19:21.592976,None,57:94:D8:85:4C:1E,-95
2026-08-21 12:19:22.273908,None,7F:AA:9E:04:77:A9,-88
2026-08-21 12:19:28.354498,None,C8:F8:8A:4F:6F:00,-96
2026-08-21 12:19:41.623422,Peak Pro 01502,F0:AD:4E:40:19:D5,-83
2026-08-21 12:19:45.190510,ResMed 223238,E8:E0:7E:34:BB:D4,-90
2026-08-21 12:20:02.707814,None,53:6A:E6:B8:4F:75,-94
2026-08-21 12:20:03.886100,None,54:FA:B9:73:6E:88,-95
2026-08-21 12:20:04.259289,None,6C:13:31:CB:D4:E7,-96
2026-08-21 12:20:41.371314,None,74:05:42:22:3A:3B,-77
2026-08-21 12:21:07.947476,EF-D36C0514,A0:85:E3:DE:D2:96,-99
2026-08-21 12:21:55.995263,None,64:15:B8:42:E8:31,-92
2026-08-21 12:22:18.806772,None,C2:04:65:55:2E:D7,-91
2026-08-21 12:22:25.969874,None,6A:9D:EA:D8:1D:EA,-94
2026-08-21 12:22:32.618079,None,E5:2E:30:D5:0B:AC,-94
2026-08-21 12:22:33.142868,20HL39284591421094,48:87:2D:89:79:5D,-98
2026-08-21 12:22:35.506179,RIOT Plus501B6E,D8:BC:38:50:1B:6E,-93
2026-08-21 12:22:48.052294,MELK-OF21   5C,BE:28:03:00:20:5C,-92
2026-08-21 12:23:43.913734,Platco PR1,B4:CB:B8:1B:D4:50,-81
2026-08-21 12:24:27.951598,None,71:5F:55:C2:BA:ED,-86
2026-08-21 12:25:02.824128,None,F5:EE:04:2C:DD:C9,-91
2026-08-21 12:25:08.813023,None,C0:B8:4B:CB:C6:33,-97
2026-08-21 12:25:09.000820,None,F1:67:37:34:B2:A2,-85
2026-08-21 12:25:10.017340,None,DE:2C:D5:B9:FC:D2,-98
2026-08-21 12:25:13.903268,None,C8:4F:E7:8A:CA:2C,-87
2026-08-21 12:25:44.447150,Charge 4,F1:D1:F5:5E:21:37,-90
2026-08-21 12:26:25.873129,None,68:8E:02:4E:C0:2E,-100
2026-08-21 12:26:37.489860,None,67:D2:AB:4D:37:80,-82
2026-08-21 12:26:39.276178,None,D2:B0:1B:F6:51:3A,-96
2026-08-21 12:26:44.824909,None,67:65:F2:C3:5F:65,-96
2026-08-21 12:26:44.863459,None,40:69:03:B9:6D:B0,-95
2026-08-21 12:26:53.682709,None,4D:59:B3:6B:90:B6,-98
2026-08-21 12:27:47.937361,None,5B:03:BA:43:3E:19,-95
2026-08-21 12:27:49.898356,None,67:AC:F8:47:10:27,-96
2026-08-21 12:27:50.037849,None,5E:E4:F7:60:5F:E7,-95
2026-08-21 12:28:02.061342,None,4F:CD:05:34:8C:66,-92
2026-08-21 12:28:16.228491,None,C1:43:72:54:72:AC,-75
2026-08-21 12:28:17.189702,None,F2:BB:A9:A6:D3:A5,-91
2026-08-21 12:28:27.786369,None,68:5D:6A:09:EB:28,-100
2026-08-21 12:28:47.521510,None,6E:63:E2:BF:2D:E8,-80
2026-08-21 12:29:15.150652,None,47:E3:FD:74:1F:C9,-78
2026-08-21 12:29:16.162656,113685_9C139E7A644C,9C:13:9E:7A:64:4E,-72
2026-08-21 12:29:27.230504,None,7F:AA:9E:04:77:A9,-84
2026-08-21 12:29:42.354123,Peak Pro 01502,F0:AD:4E:40:19:D5,-84
2026-08-21 12:29:45.395980,ResMed 223238,E8:E0:7E:34:BB:D4,-89
2026-08-21 12:29:57.168920,Platco PR1,E4:A6:34:CF:38:ED,-97
2026-08-21 12:30:02.147813,None,CC:1B:02:3A:F6:B3,-83
2026-08-21 12:30:06.036443,None,D3:90:10:91:F5:01,-79
2026-08-21 12:30:06.539689,None,DE:75:BF:FF:BD:E4,-97
2026-08-21 12:30:20.253417,None,56:52:F4:96:26:70,-81
2026-08-21 12:30:24.276639,None,6F:A1:C2:8B:A9:8C,-94
2026-08-21 12:30:25.544796,None,C8:52:E9:62:12:EE,-91
2026-08-21 12:30:38.836898,None,F9:00:A5:46:67:62,-87
2026-08-21 12:30:42.082349,None,74:05:42:22:3A:3B,-73
2026-08-21 12:31:14.279785,EF-D36C0514,A0:85:E3:DE:D2:96,-100
2026-08-21 12:31:41.936394,None,D8:B7:7F:CF:B5:55,-94
2026-08-21 12:31:42.508701,None,79:06:AB:39:0D:2C,-96
2026-08-21 12:32:03.219336,None,4C:C5:69:69:DA:A9,-76
2026-08-21 12:32:32.736758,None,CF:9C:D2:E7:75:1A,-91
2026-08-21 12:32:34.145990,20HL39284591421094,48:87:2D:89:79:5D,-95
2026-08-21 12:32:41.402587,RIOT Plus501B6E,D8:BC:38:50:1B:6E,-91
2026-08-21 12:32:48.067091,MELK-OF21   5C,BE:28:03:00:20:5C,-90
2026-08-21 12:33:01.202638,None,F9:E2:BB:08:9C:48,-75
2026-08-21 12:33:09.169736,None,6E:E6:9D:1B:82:5F,-94
2026-08-21 12:33:15.618947,None,E0:CB:76:48:B0:4F,-90
2026-08-21 12:33:48.788720,Platco PR1,B4:CB:B8:1B:D4:50,-82
2026-08-21 12:34:30.531279,None,71:5F:55:C2:BA:ED,-96
2026-08-21 12:34:48.437462,None,E5:2E:30:D5:0B:AC,-95
2026-08-21 12:34:52.118968,None,51:83:66:4B:6D:A3,-71
2026-08-21 12:35:15.888021,None,C6:58:F0:3D:94:BC,-97
2026-08-21 12:35:19.387188,None,6A:9D:EA:D8:1D:EA,-98
2026-08-21 12:35:40.488952,None,53:E4:08:89:03:8F,-85
2026-08-21 12:35:48.066608,Charge 4,F1:D1:F5:5E:21:37,-88
2026-08-21 12:36:17.793494,None,53:05:F5:F9:17:54,-92
2026-08-21 12:36:37.617914,None,67:D2:AB:4D:37:80,-80
2026-08-21 12:36:44.394628,None,77:0B:CE:B4:DF:F4,-89
2026-08-21 12:36:45.440990,None,7D:10:40:EE:11:90,-94
2026-08-21 12:36:45.721744,None,FE:ED:BF:3F:85:EC,-90
2026-08-21 12:36:46.897733,None,67:65:F2:C3:5F:65,-96
2026-08-21 12:36:47.428045,None,40:69:03:B9:6D:B0,-97
2026-08-21 12:37:01.055534,None,4D:59:B3:6B:90:B6,-97
2026-08-21 12:37:33.061288,None,62:C1:FA:7F:B6:72,-92
2026-08-21 12:37:49.343592,None,5C:A8:D3:ED:3B:F1,-97
2026-08-21 12:37:54.151686,None,68:8E:02:4E:C0:2E,-98
2026-08-21 12:38:03.011584,None,4F:CD:05:34:8C:66,-93
2026-08-21 12:38:36.528864,None,52:80:22:6B:87:CB,-92
2026-08-21 12:39:16.218138,113685_9C139E7A644C,9C:13:9E:7A:64:4E,-66
2026-08-21 12:39:34.312974,None,C0:CF:8E:E1:6C:7C,-92
2026-08-21 12:39:42.647401,Peak Pro 01502,F0:AD:4E:40:19:D5,-84
2026-08-21 12:39:47.291860,ResMed 223238,E8:E0:7E:34:BB:D4,-89
2026-08-21 12:39:48.987182,None,7E:8C:A7:59:27:F8,-92
2026-08-21 12:40:02.810632,None,CC:1B:02:3A:F6:B3,-80
2026-08-21 12:40:08.930443,None,D3:90:10:91:F5:01,-79
2026-08-21 12:40:18.216737,None,DE:75:BF:FF:BD:E4,-96
2026-08-21 12:40:22.282297,None,56:52:F4:96:26:70,-88
2026-08-21 12:40:24.880209,None,6F:A1:C2:8B:A9:8C,-82
2026-08-21 12:40:25.925469,None,C8:52:E9:62:12:EE,-94
2026-08-21 12:40:54.785342,None,F9:00:A5:46:67:62,-97
2026-08-21 12:41:22.326122,EF-D36C0514,A0:85:E3:DE:D2:96,-98
2026-08-21 12:42:16.767328,None,7F:5E:53:14:16:EE,-92
2026-08-21 12:42:38.566463,Platco PR1,E4:A6:34:CF:38:ED,-97
2026-08-21 12:42:40.253052,20HL39284591421094,48:87:2D:89:79:5D,-100
2026-08-21 12:42:40.706842,None,CF:9C:D2:E7:75:1A,-92
2026-08-21 12:42:43.066734,RIOT Plus501B6E,D8:BC:38:50:1B:6E,-98
2026-08-21 12:42:50.096879,MELK-OF21   5C,BE:28:03:00:20:5C,-91
2026-08-21 12:43:12.700260,None,F9:E2:BB:08:9C:48,-75
2026-08-21 12:43:25.282436,None,6E:E6:9D:1B:82:5F,-92
2026-08-21 12:43:56.700437,None,47:C2:C7:FB:F4:44,-95
2026-08-21 12:43:57.060419,None,6B:D6:E8:2C:97:AC,-97
2026-08-21 12:44:03.676945,Platco PR1,B4:CB:B8:1B:D4:50,-82
2026-08-21 12:44:08.018664,None,52:B9:2C:A3:3D:D8,-96
2026-08-21 12:44:11.224343,None,FD:BB:44:F1:0E:D3,-97
2026-08-21 12:44:23.467728,None,7A:87:A0:43:24:00,-97
2026-08-21 12:44:23.934123,None,66:73:6E:9B:2C:70,-96
2026-08-21 12:44:30.129326,None,4E:64:30:62:8C:6A,-96
2026-08-21 12:44:36.048560,None,4F:8E:44:60:80:6D,-81
2026-08-21 12:44:52.206871,None,51:83:66:4B:6D:A3,-83
2026-08-21 12:45:00.212857,None,F7:6B:B4:81:60:28,-78
2026-08-21 12:45:00.586378,None,FA:CE:C0:49:FB:54,-81
2026-08-21 12:45:07.669024,None,D8:A7:C0:77:F7:9E,-89
2026-08-21 12:45:12.908685,None,DE:D8:78:C4:3D:0B,-83
2026-08-21 12:45:14.158396,None,D0:18:93:09:B4:C8,-97
2026-08-21 12:45:14.887545,None,1B:CB:31:7B:A8:39,-94
2026-08-21 12:45:39.412786,None,79:5A:84:1E:9F:FA,-102
2026-08-21 12:45:40.630909,None,53:E4:08:89:03:8F,-76
2026-08-21 12:45:50.445229,Charge 4,F1:D1:F5:5E:21:37,-89
2026-08-21 12:46:03.725248,None,6E:7E:2D:2F:4D:1A,-94
2026-08-21 12:46:17.253573,None,4E:0A:BE:B0:AB:A4,-74
2026-08-21 12:46:17.958102,None,53:05:F5:F9:17:54,-86
2026-08-21 12:47:07.965728,None,EF:70:61:05:33:50,-94
2026-08-21 12:47:13.974079,None,66:C1:A9:D9:4D:66,-93
2026-08-21 12:47:57.266511,None,F2:EC:44:D6:22:FB,-92
2026-08-21 12:48:04.687362,None,0D:D5:42:2F:EC:81,-96
2026-08-21 12:48:37.765144,None,52:80:22:6B:87:CB,-91
2026-08-21 12:48:52.473664,None,6E:E4:0B:10:BA:E0,-97
2026-08-21 12:49:04.582545,None,6A:C4:E4:36:D3:4B,-71
2026-08-21 12:49:17.698719,113685_9C139E7A644C,9C:13:9E:7A:64:4E,-65
2026-08-21 12:49:42.848278,Peak Pro 01502,F0:AD:4E:40:19:D5,-84
2026-08-21 12:49:47.601725,ResMed 223238,E8:E0:7E:34:BB:D4,-87
2026-08-21 12:50:09.566743,None,5C:A8:D3:ED:3B:F1,-98
2026-08-21 12:50:23.178459,None,56:52:F4:96:26:70,-91
2026-08-21 12:50:31.527558,None,6F:A1:C2:8B:A9:8C,-85
2026-08-21 12:50:52.923552,None,4C:0E:FE:45:13:58,-76
2026-08-21 12:50:52.945550,None,57:DA:1A:68:64:B2,-75
2026-08-21 12:51:35.584040,None,6E:AD:73:DB:5F:F8,-92
2026-08-21 12:52:29.501282,None,E5:E3:78:F5:94:7C,-98
2026-08-21 12:52:43.570563,RIOT Plus501B6E,D8:BC:38:50:1B:6E,-92
2026-08-21 12:52:50.219495,MELK-OF21   5C,BE:28:03:00:20:5C,-90
2026-08-21 12:53:06.579771,20HL39284591421094,48:87:2D:89:79:5D,-96
2026-08-21 12:53:11.955562,None,4C:73:EB:B4:F5:53,-99
2026-08-21 12:53:13.459232,Platco PR1,E4:A6:34:CF:38:ED,-93
2026-08-21 12:54:00.729306,EF-D36C0514,A0:85:E3:DE:D2:96,-99
2026-08-21 12:54:08.541198,Platco PR1,B4:CB:B8:1B:D4:50,-82
2026-08-21 12:54:25.154303,None,66:73:6E:9B:2C:70,-97
2026-08-21 12:54:29.094233,None,7A:87:A0:43:24:00,-97
2026-08-21 12:54:31.018422,None,4E:64:30:62:8C:6A,-95
2026-08-21 12:54:31.148645,None,56:A1:29:20:29:73,-97
2026-08-21 12:54:32.229596,None,76:D2:30:CE:1C:B5,-97
2026-08-21 12:54:32.304146,None,78:CB:41:46:D0:1A,-93
2026-08-21 12:54:36.384043,None,4F:8E:44:60:80:6D,-82
2026-08-21 12:55:00.481932,ELK-BLEDOM05,BE:67:00:12:01:75,-98
2026-08-21 12:55:02.896774,None,F7:6B:B4:81:60:28,-68
2026-08-21 12:55:03.680170,None,FA:CE:C0:49:FB:54,-90
2026-08-21 12:55:12.048482,None,D8:A7:C0:77:F7:9E,-95
2026-08-21 12:55:12.349000,None,79:82:C7:15:B6:6B,-100
2026-08-21 12:55:14.473058,None,DE:D8:78:C4:3D:0B,-74
2026-08-21 12:55:21.313717,None,D0:18:93:09:B4:C8,-95
2026-08-21 12:55:52.880188,Charge 4,F1:D1:F5:5E:21:37,-86
2026-08-21 12:56:17.317210,None,4E:0A:BE:B0:AB:A4,-75
2026-08-21 12:56:20.418164,None,6A:56:8B:7B:61:CC,-91
2026-08-21 12:56:29.206013,None,6E:7E:2D:2F:4D:1A,-94
2026-08-21 12:57:14.408484,None,66:C1:A9:D9:4D:66,-94
2026-08-21 12:57:27.824306,None,F8:12:60:53:4C:D0,-96
2026-08-21 12:57:48.806569,None,EF:70:61:05:33:50,-90
2026-08-21 12:58:06.940738,None,F2:EC:44:D6:22:FB,-91
2026-08-21 12:58:37.788470,None,52:80:22:6B:87:CB,-90
2026-08-21 12:58:52.460079,None,10:47:04:58:7D:BB,-96
2026-08-21 12:59:04.643970,None,6A:C4:E4:36:D3:4B,-82
2026-08-21 12:59:17.747446,None,41:75:EE:2F:1C:27,-97
2026-08-21 12:59:18.108069,113685_9C139E7A644C,9C:13:9E:7A:64:4E,-66
2026-08-21 12:59:45.545551,Peak Pro 01502,F0:AD:4E:40:19:D5,-84
2026-08-21 12:59:47.742863,ResMed 223238,E8:E0:7E:34:BB:D4,-95
2026-08-21 13:00:06.171590,None,EF:28:C7:91:CD:3D,-88
2026-08-21 13:00:06.201325,None,C6:B0:41:7F:5D:22,-84
2026-08-21 13:00:12.952973,None,FE:13:36:F3:79:F9,-91
2026-08-21 13:00:14.972616,None,1E:67:18:B1:3C:81,-84
2026-08-21 13:00:19.899925,None,6B:49:04:51:56:51,-71
2026-08-21 13:00:34.623448,None,DE:CB:AC:BE:19:09,-74
2026-08-21 13:00:54.983889,None,4C:0E:FE:45:13:58,-83
2026-08-21 13:00:56.303082,None,57:DA:1A:68:64:B2,-94
2026-08-21 13:01:02.276056,None,66:40:CC:D4:C7:08,-98
2026-08-21 13:01:03.338773,None,40:99:A2:9B:19:C4,-95
2026-08-21 13:01:03.818919,None,E6:06:D3:07:4A:68,-97
2026-08-21 13:01:10.352930,None,4C:E8:88:C9:BE:DC,-100
2026-08-21 13:01:38.045433,None,6E:AD:73:DB:5F:F8,-98
2026-08-21 13:02:00.227480,None,CD:20:BE:E2:5D:28,-92
2026-08-21 13:02:05.301065,None,64:53:C1:E3:C3:C9,-73
2026-08-21 13:02:20.806737,None,CC:38:8D:F8:8A:A3,-83
2026-08-21 13:02:48.037394,RIOT Plus501B6E,D8:BC:38:50:1B:6E,-96
2026-08-21 13:02:50.270015,MELK-OF21   5C,BE:28:03:00:20:5C,-94
2026-08-21 13:03:18.801214,Platco PR1,E4:A6:34:CF:38:ED,-94
2026-08-21 13:03:24.678360,None,4C:73:EB:B4:F5:53,-94
2026-08-21 13:03:27.744247,20HL39284591421094,48:87:2D:89:79:5D,-100
2026-08-21 13:03:31.797840,None,4D:4D:C0:BA:65:0F,-94
2026-08-21 13:03:33.309037,None,41:C3:4A:D8:44:5A,-95
2026-08-21 13:03:34.383320,None,DE:00:C4:28:C5:5F,-99
2026-08-21 13:04:08.858108,Platco PR1,B4:CB:B8:1B:D4:50,-83
2026-08-21 13:04:09.864660,EF-D36C0514,A0:85:E3:DE:D2:96,-97
2026-08-21 13:04:17.795070,None,F4:13:BD:04:23:D3,-90
2026-08-21 13:04:20.911824,None,41:63:48:4D:11:49,-92
2026-08-21 13:04:36.591063,None,4F:8E:44:60:80:6D,-79
2026-08-21 13:05:11.311323,None,73:63:3F:40:9C:5C,-82
2026-08-21 13:05:17.225500,GBK_H6114_5E4E,EB:6B:05:06:5E:4E,-94
2026-08-21 13:05:18.211873,None,74:02:70:BA:CA:A0,-94
2026-08-21 13:05:18.250184,None,ED:15:AF:2E:6C:61,-93
2026-08-21 13:05:53.839001,Charge 4,F1:D1:F5:5E:21:37,-85
2026-08-21 13:06:55.499057,None,4C:8A:DE:05:B2:6C,-96
2026-08-21 13:08:13.560890,None,55:AC:AC:88:39:FF,-72
2026-08-21 13:08:23.195690,None,66:41:FF:D1:21:19,-98
2026-08-21 13:08:29.222152,ELK-BLEDOM05,BE:67:00:12:01:75,-97
2026-08-21 13:08:30.532543,None,3B:EB:CC:FF:E1:12,-96
2026-08-21 13:08:42.799880,None,CE:C4:BD:2A:C2:B3,-89
2026-08-21 13:08:43.942969,None,11:44:44:B0:41:C9,-97
2026-08-21 13:09:18.235795,113685_9C139E7A644C,9C:13:9E:7A:64:4E,-67
2026-08-21 13:09:20.559466,None,41:75:EE:2F:1C:27,-90
2026-08-21 13:09:45.577053,Peak Pro 01502,F0:AD:4E:40:19:D5,-83
2026-08-21 13:09:47.909614,ResMed 223238,E8:E0:7E:34:BB:D4,-89
2026-08-21 13:10:06.222000,None,EF:28:C7:91:CD:3D,-84
2026-08-21 13:10:14.496468,None,C6:B0:41:7F:5D:22,-80
2026-08-21 13:10:14.816426,None,40:C9:3E:4B:A6:1C,-94
2026-08-21 13:10:16.176497,None,57:A8:0F:6A:13:59,-91
2026-08-21 13:10:19.300918,None,FE:13:36:F3:79:F9,-92
2026-08-21 13:10:20.146962,None,6B:49:04:51:56:51,-74
2026-08-21 13:10:21.816954,None,53:FC:C0:9B:FF:82,-94
2026-08-21 13:10:34.653902,None,DE:CB:AC:BE:19:09,-75
2026-08-21 13:10:42.863176,None,7B:89:86:88:39:06,-93
2026-08-21 13:10:55.174483,None,4C:0E:FE:45:13:58,-84
2026-08-21 13:10:58.359927,None,57:DA:1A:68:64:B2,-85
2026-08-21 13:11:44.284192,None,75:94:CE:91:ED:FB,-95
2026-08-21 13:11:45.142417,None,4D:E0:B9:2C:4A:4C,-95
2026-08-21 13:11:46.206798,None,E6:06:D3:07:4A:68,-98
2026-08-21 13:12:05.540325,None,64:53:C1:E3:C3:C9,-85
2026-08-21 13:12:21.652655,None,CC:38:8D:F8:8A:A3,-86
2026-08-21 13:12:50.392737,MELK-OF21   5C,BE:28:03:00:20:5C,-90
2026-08-21 13:12:50.595813,RIOT Plus501B6E,D8:BC:38:50:1B:6E,-94
2026-08-21 13:13:08.661658,None,66:4C:1A:76:8D:51,-79
2026-08-21 13:13:29.804862,20HL39284591421094,48:87:2D:89:79:5D,-98
2026-08-21 13:13:32.128205,None,43:47:A9:0A:EA:9D,-88
2026-08-21 13:13:32.557188,None,4D:4D:C0:BA:65:0F,-87
2026-08-21 13:13:33.932253,None,42:36:6C:51:CA:76,-79
2026-08-21 13:14:07.866937,None,F9:29:13:77:01:AF,-93
2026-08-21 13:14:13.709476,Platco PR1,B4:CB:B8:1B:D4:50,-82
2026-08-21 13:14:14.038105,EF-D36C0514,A0:85:E3:DE:D2:96,-99
2026-08-21 13:14:19.465798,None,F4:13:BD:04:23:D3,-94
2026-08-21 13:14:21.550925,None,41:63:48:4D:11:49,-94
2026-08-21 13:14:22.460150,None,43:27:E6:6E:F6:86,-73
2026-08-21 13:15:02.185830,None,C4:7E:0C:31:6B:18,-88
2026-08-21 13:15:03.511463,None,CC:B8:D1:92:26:C9,-92
2026-08-21 13:15:08.344406,None,21:3D:D7:3F:E9:D4,-96
2026-08-21 13:15:09.497338,None,D9:AB:02:73:EF:91,-97
2026-08-21 13:15:11.988960,None,73:63:3F:40:9C:5C,-79
2026-08-21 13:15:24.695347,Platco PR1,E4:A6:34:CF:38:ED,-98
2026-08-21 13:15:46.212141,None,C8:E2:EC:BE:6E:09,-93
2026-08-21 13:15:57.563380,Charge 4,F1:D1:F5:5E:21:37,-85
2026-08-21 13:16:26.645827,None,47:C7:F6:70:AE:C9,-76
2026-08-21 13:16:43.166906,None,20:3F:38:5C:38:4E,-100
2026-08-21 13:17:11.329234,None,E7:D7:49:70:D0:59,-94
2026-08-21 13:17:11.911213,None,6F:E6:EE:6A:F3:3F,-96
2026-08-21 13:17:15.682943,None,6E:09:D9:DA:59:9E,-96
2026-08-21 13:17:16.449545,None,72:C9:21:61:B7:D8,-98
2026-08-21 13:18:00.984993,None,E0:D4:88:E3:B1:96,-90
2026-08-21 13:19:15.646314,None,C6:CB:68:25:A1:5A,-73
2026-08-21 13:19:18.335016,113685_9C139E7A644C,9C:13:9E:7A:64:4E,-67
2026-08-21 13:19:21.791625,None,41:75:EE:2F:1C:27,-91
2026-08-21 13:19:40.903509,None,01:96:C9:A9:95:1E,-87
2026-08-21 13:19:45.679816,Peak Pro 01502,F0:AD:4E:40:19:D5,-87
2026-08-21 13:19:48.000402,ResMed 223238,E8:E0:7E:34:BB:D4,-87
2026-08-21 13:20:23.034211,None,4E:26:BB:E7:9A:8E,-94
2026-08-21 13:21:50.561425,None,62:9D:68:81:96:A6,-93
2026-08-21 13:21:51.012669,None,14:87:4F:0C:CB:2D,-87
2026-08-21 13:22:20.233359,None,52:2D:E5:F9:F3:F0,-99
2026-08-21 13:22:50.417628,MELK-OF21   5C,BE:28:03:00:20:5C,-91
2026-08-21 13:22:51.017137,RIOT Plus501B6E,D8:BC:38:50:1B:6E,-95
2026-08-21 13:23:08.887616,None,66:4C:1A:76:8D:51,-80
2026-08-21 13:23:10.595959,None,0E:1B:28:2D:18:ED,-94
2026-08-21 13:23:30.001852,20HL39284591421094,48:87:2D:89:79:5D,-98
2026-08-21 13:23:32.278905,None,43:47:A9:0A:EA:9D,-78
2026-08-21 13:23:34.419974,None,42:36:6C:51:CA:76,-78
2026-08-21 13:24:23.395318,None,41:63:48:4D:11:49,-91
2026-08-21 13:24:33.578917,Platco PR1,B4:CB:B8:1B:D4:50,-83
2026-08-21 13:24:34.764497,None,53:FC:C0:9B:FF:82,-95
2026-08-21 13:25:02.412376,None,C4:7E:0C:31:6B:18,-77
2026-08-21 13:25:03.900798,None,CC:B8:D1:92:26:C9,-72
2026-08-21 13:25:11.078993,None,D9:AB:02:73:EF:91,-90
2026-08-21 13:25:12.011282,None,73:63:3F:40:9C:5C,-80
2026-08-21 13:25:50.926308,None,53:D7:06:78:DD:D9,-91
2026-08-21 13:25:51.515727,None,C8:E2:EC:BE:6E:09,-95
2026-08-21 13:26:00.932888,None,5E:19:7E:90:62:8E,-95
2026-08-21 13:26:01.289906,Charge 4,F1:D1:F5:5E:21:37,-77
2026-08-21 13:26:21.933384,EF-D36C0514,A0:85:E3:DE:D2:96,-100
2026-08-21 13:26:26.751454,None,47:C7:F6:70:AE:C9,-72
2026-08-21 13:26:35.115186,Platco PR1,E4:A6:34:CF:38:ED,-100
2026-08-21 13:26:48.548050,RB Meta 01LL,51:E1:40:33:60:33,-87
2026-08-21 13:26:53.786994,None,47:68:59:FA:8F:41,-81
2026-08-21 13:27:02.104197,None,6C:3E:1F:3D:13:D4,-80
2026-08-21 13:27:17.701402,None,6F:E6:EE:6A:F3:3F,-86
2026-08-21 13:27:19.930050,None,6E:09:D9:DA:59:9E,-97
2026-08-21 13:27:28.504812,None,72:C9:21:61:B7:D8,-95
2026-08-21 13:28:05.940405,None,E0:D4:88:E3:B1:96,-93
2026-08-21 13:28:13.437964,None,E7:D7:49:70:D0:59,-94
2026-08-21 13:29:03.020839,None,40:D9:3E:6E:E9:31,-96
2026-08-21 13:29:07.508613,None,47:B6:89:43:CC:5A,-94
2026-08-21 13:29:07.527562,None,F6:A9:93:76:EB:C0,-90
2026-08-21 13:29:20.038135,113685_9C139E7A644C,9C:13:9E:7A:64:4E,-68
2026-08-21 13:29:21.577911,None,C6:CB:68:25:A1:5A,-80
2026-08-21 13:29:29.261785,None,5B:C9:08:01:0A:54,-94
2026-08-21 13:29:48.221416,ResMed 223238,E8:E0:7E:34:BB:D4,-89
2026-08-21 13:29:48.964364,Peak Pro 01502,F0:AD:4E:40:19:D5,-87
2026-08-21 13:30:01.769289,None,ED:7C:12:8E:7C:B9,-93
2026-08-21 13:30:05.396742,None,ED:E7:47:47:85:D6,-79
2026-08-21 13:30:06.310505,None,CA:AB:EB:B3:C4:CB,-98
2026-08-21 13:30:08.158754,None,FD:FD:12:7F:63:7B,-73
2026-08-21 13:30:12.414238,None,D6:12:25:45:4A:C2,-95
2026-08-21 13:30:22.971104,None,11:88:EE:F1:31:48,-91
2026-08-21 13:30:47.610162,None,4E:26:BB:E7:9A:8E,-98
2026-08-21 13:30:52.674197,None,2C:DC:A2:79:FF:B3,-97
2026-08-21 13:31:00.046542,None,DE:6F:22:E1:85:F0,-100
2026-08-21 13:31:38.331005,None,4A:AB:AB:B2:73:53,-99
2026-08-21 13:31:51.080856,None,62:9D:68:81:96:A6,-88
2026-08-21 13:32:13.915289,None,67:21:E7:55:8B:6D,-88
2026-08-21 13:32:38.110198,None,48:61:8B:AF:BC:F2,-82
2026-08-21 13:32:40.066679,None,55:82:B0:E1:3E:15,-81
2026-08-21 13:32:45.725086,None,4E:77:86:44:61:40,-95
2026-08-21 13:32:52.054972,MELK-OF21   5C,BE:28:03:00:20:5C,-91
2026-08-21 13:32:52.169697,RIOT Plus501B6E,D8:BC:38:50:1B:6E,-92
2026-08-21 13:32:55.436789,None,EA:1E:F4:0E:08:29,-95
2026-08-21 13:33:31.578727,20HL39284591421094,48:87:2D:89:79:5D,-101
2026-08-21 13:33:34.680206,None,7E:DB:BF:DA:C2:80,-92
2026-08-21 13:33:41.629582,None,66:18:A4:3A:E2:88,-76
2026-08-21 13:33:48.451072,None,59:12:DB:54:7D:CE,-89
2026-08-21 13:33:49.440617,None,C4:1F:8B:E1:8C:E9,-99
2026-08-21 13:34:38.461510,Platco PR1,B4:CB:B8:1B:D4:50,-85
2026-08-21 13:36:02.271728,Charge 4,F1:D1:F5:5E:21:37,-92
2026-08-21 13:36:44.943189,None,E0:11:24:30:6B:DD,-93
2026-08-21 13:36:45.391812,None,7C:02:4C:FB:FC:E4,-93
2026-08-21 13:36:45.512538,None,48:81:A3:A3:53:7E,-95
2026-08-21 13:36:45.582932,None,51:D2:F8:C4:43:10,-93
2026-08-21 13:37:02.408951,None,6C:3E:1F:3D:13:D4,-91
2026-08-21 13:37:13.970073,None,C5:6A:09:FB:9A:A9,-98
2026-08-21 13:37:16.527180,LFSmart Scale,CF:E9:17:28:41:0D,-97
2026-08-21 13:38:40.505357,None,62:54:FB:03:92:1D,-95
2026-08-21 13:38:57.456330,EF-D36C0514,A0:85:E3:DE:D2:96,-100
2026-08-21 13:39:15.389736,None,CC:77:3F:4E:1F:63,-98
2026-08-21 13:39:20.992819,113685_9C139E7A644C,9C:13:9E:7A:64:4E,-68
2026-08-21 13:39:46.550410,Platco PR1,E4:A6:34:CF:38:ED,-96
2026-08-21 13:39:49.194694,Peak Pro 01502,F0:AD:4E:40:19:D5,-85
2026-08-21 13:39:49.241768,ResMed 223238,E8:E0:7E:34:BB:D4,-89
2026-08-21 13:40:03.203021,None,5B:C9:08:01:0A:54,-92
2026-08-21 13:40:06.920567,None,ED:E7:47:47:85:D6,-79
2026-08-21 13:40:07.320561,None,ED:7C:12:8E:7C:B9,-95
2026-08-21 13:40:07.458000,None,CA:AB:EB:B3:C4:CB,-94
2026-08-21 13:40:14.256519,None,D6:12:25:45:4A:C2,-96
2026-08-21 13:42:17.794997,None,67:21:E7:55:8B:6D,-99
2026-08-21 13:42:26.104008,None,4B:5F:AA:27:71:CA,-98
2026-08-21 13:42:40.075571,None,55:82:B0:E1:3E:15,-80
2026-08-21 13:42:52.135629,MELK-OF21   5C,BE:28:03:00:20:5C,-91
2026-08-21 13:42:53.898615,RIOT Plus501B6E,D8:BC:38:50:1B:6E,-93
2026-08-21 13:43:04.047814,None,7A:40:5F:85:72:65,-88
2026-08-21 13:43:31.746884,20HL39284591421094,48:87:2D:89:79:5D,-96
2026-08-21 13:43:34.935812,None,7E:DB:BF:DA:C2:80,-94
2026-08-21 13:43:38.921888,None,54:97:3F:35:4E:13,-97
2026-08-21 13:43:41.980223,None,66:18:A4:3A:E2:88,-71
2026-08-21 13:43:50.144957,None,59:12:DB:54:7D:CE,-96
2026-08-21 13:44:38.798139,Platco PR1,B4:CB:B8:1B:D4:50,-85
2026-08-21 13:45:02.426901,None,E3:5A:1A:14:C5:A3,-85
2026-08-21 13:45:03.526726,None,F1:FC:81:E0:B5:1A,-96
2026-08-21 13:45:16.180509,None,D5:3A:24:98:28:03,-95
2026-08-21 13:46:03.425904,Charge 4,F1:D1:F5:5E:21:37,-88
2026-08-21 13:46:04.641913,ELK-BLEDOM05,BE:67:00:12:01:75,-97
2026-08-21 13:46:26.069051,None,F7:10:D1:71:B5:D9,-99
2026-08-21 13:46:30.588511,None,E3:A6:16:BE:F8:FD,-72
2026-08-21 13:46:45.551602,None,48:81:A3:A3:53:7E,-97
2026-08-21 13:46:46.012498,None,7C:02:4C:FB:FC:E4,-97
2026-08-21 13:46:46.377291,None,51:D2:F8:C4:43:10,-95
2026-08-21 13:46:46.763753,None,E0:11:24:30:6B:DD,-89
2026-08-21 13:46:49.187804,None,D3:2B:88:18:9C:FF,-96
2026-08-21 13:46:53.765760,None,4A:AB:AB:B2:73:53,-96
2026-08-21 13:47:05.683255,None,6C:3E:1F:3D:13:D4,-89
2026-08-21 13:47:13.676659,None,6A:5E:FA:D3:7D:8F,-92
2026-08-21 13:47:29.242390,None,CB:F0:5E:15:1D:B3,-96
2026-08-21 13:49:05.850731,EF-D36C0514,A0:85:E3:DE:D2:96,-101
2026-08-21 13:49:21.065043,113685_9C139E7A644C,9C:13:9E:7A:64:4E,-67
2026-08-21 13:49:49.200493,Peak Pro 01502,F0:AD:4E:40:19:D5,-91
2026-08-21 13:49:49.325347,ResMed 223238,E8:E0:7E:34:BB:D4,-90
2026-08-21 13:49:51.393468,Platco PR1,E4:A6:34:CF:38:ED,-95
2026-08-21 13:50:24.877274,None,48:F7:28:D5:42:9A,-96
2026-08-21 13:50:38.765952,None,C1:5E:47:F3:F3:70,-97
2026-08-21 13:50:40.497726,None,77:D0:7B:D0:B7:BA,-92
2026-08-21 13:50:41.232811,None,45:B3:95:85:15:2D,-93
2026-08-21 13:50:48.236505,None,5F:10:24:A1:D1:F9,-96
2026-08-21 13:51:15.774118,None,FB:E7:BD:17:F3:3C,-95
2026-08-21 13:51:15.951782,None,4C:00:A9:37:8A:B8,-95
2026-08-21 13:51:22.966962,None,54:F6:BF:FD:71:8C,-94
2026-08-21 13:51:35.714906,LE_WF-C500,4F:18:19:B3:22:2F,-90
2026-08-21 13:51:54.681322,None,4E:BF:81:DF:24:9E,-81
2026-08-21 13:52:11.387926,None,5B:EA:F4:19:17:67,-97
2026-08-21 13:52:17.809399,None,67:21:E7:55:8B:6D,-98
2026-08-21 13:52:30.191070,None,64:3C:2E:3D:EE:33,-96
2026-08-21 13:52:31.800702,None,52:C9:0D:1C:25:F5,-95
2026-08-21 13:52:37.063040,None,6A:C5:E7:D7:DA:C5,-95
2026-08-21 13:52:40.233354,None,55:82:B0:E1:3E:15,-79
2026-08-21 13:52:52.309649,MELK-OF21   5C,BE:28:03:00:20:5C,-91
2026-08-21 13:52:58.597374,RIOT Plus501B6E,D8:BC:38:50:1B:6E,-97
2026-08-21 13:53:19.710555,None,46:CD:BA:7B:D3:8C,-96
2026-08-21 13:53:33.328452,20HL39284591421094,48:87:2D:89:79:5D,-97
2026-08-21 13:53:47.456843,None,7E:DB:BF:DA:C2:80,-95
2026-08-21 13:54:01.248905,None,59:12:DB:54:7D:CE,-94
2026-08-21 13:54:43.663093,Platco PR1,B4:CB:B8:1B:D4:50,-86
2026-08-21 13:55:01.601971,None,F4:C9:C5:F8:4B:39,-99
2026-08-21 13:55:19.175393,None,E3:5A:1A:14:C5:A3,-97
2026-08-21 13:55:19.750111,None,F1:FC:81:E0:B5:1A,-95
2026-08-21 13:55:20.459667,None,D5:3A:24:98:28:03,-96
2026-08-21 13:56:05.863306,Charge 4,F1:D1:F5:5E:21:37,-80
2026-08-21 13:56:31.747643,None,F7:10:D1:71:B5:D9,-100
2026-08-21 13:56:32.243166,None,E3:A6:16:BE:F8:FD,-71
2026-08-21 13:56:47.294170,None,4B:BA:A5:D9:EB:E9,-93
2026-08-21 13:56:51.970460,None,D3:2B:88:18:9C:FF,-94
2026-08-21 13:56:52.617780,None,68:53:0D:E5:0E:78,-97
2026-08-21 13:57:49.215784,None,76:FA:7A:4F:C6:48,-97
2026-08-21 13:58:09.854962,Triones-A4C1381FC9,A4:C1:38:1F:C9:0F,-94
2026-08-21 13:58:10.244838,Triones-A4C13817BA,A4:C1:38:17:BA:11,-94
2026-08-21 13:59:21.085357,113685_9C139E7A644C,9C:13:9E:7A:64:4E,-68
2026-08-21 13:59:49.402724,ResMed 223238,E8:E0:7E:34:BB:D4,-89
2026-08-21 13:59:49.467480,Peak Pro 01502,F0:AD:4E:40:19:D5,-86
2026-08-21 14:00:02.004417,EF-D36C0514,A0:85:E3:DE:D2:96,-103
2026-08-21 14:00:07.831332,None,D8:37:6B:C3:6E:6E,-98
2026-08-21 14:00:11.751059,Platco PR1,E4:A6:34:CF:38:ED,-95
2026-08-21 14:00:14.809476,None,69:1E:A1:B4:C1:B0,-81
2026-08-21 14:00:16.481883,None,E5:AC:1E:34:E2:EA,-97
2026-08-21 14:00:16.700504,None,D8:E1:0B:1E:34:42,-74
2026-08-21 14:00:30.365995,None,CB:78:CB:69:80:73,-96
2026-08-21 14:01:21.808560,None,66:D7:47:E2:2D:81,-95
2026-08-21 14:01:54.336634,None,D0:F2:F9:5C:D2:74,-97
2026-08-21 14:01:54.866619,None,4E:BF:81:DF:24:9E,-74
2026-08-21 14:02:03.924849,None,D6:2D:B8:CC:AF:C3,-100
2026-08-21 14:02:12.064195,None,5B:EA:F4:19:17:67,-92
2026-08-21 14:02:30.496611,None,64:3C:2E:3D:EE:33,-96
2026-08-21 14:02:36.160243,None,52:C9:0D:1C:25:F5,-96
2026-08-21 14:02:37.797801,None,6A:C5:E7:D7:DA:C5,-95
2026-08-21 14:02:52.366817,MELK-OF21   5C,BE:28:03:00:20:5C,-91
2026-08-21 14:03:06.742970,RIOT Plus501B6E,D8:BC:38:50:1B:6E,-96
2026-08-21 14:03:07.093483,None,75:B1:6F:5F:BC:24,-98
2026-08-21 14:03:19.204575,None,5C:DD:8E:0A:2F:7A,-93
2026-08-21 14:03:20.568027,None,46:CD:BA:7B:D3:8C,-95
2026-08-21 14:03:33.478958,20HL39284591421094,48:87:2D:89:79:5D,-100
2026-08-21 14:03:55.400058,None,EC:A0:FA:F3:68:DB,-93
2026-08-21 14:04:53.540876,Platco PR1,B4:CB:B8:1B:D4:50,-84
2026-08-21 14:05:39.080588,None,43:AA:D0:85:6C:3B,-81
2026-08-21 14:05:55.568786,None,E3:FB:05:35:1E:CA,-96
2026-08-21 14:05:56.132256,None,A4:83:E7:83:E7:06,-98
2026-08-21 14:06:08.118026,Charge 4,F1:D1:F5:5E:21:37,-89
2026-08-21 14:06:55.910354,None,4B:BA:A5:D9:EB:E9,-94
2026-08-21 14:07:07.856750,None,5F:10:24:A1:D1:F9,-97
2026-08-21 14:07:21.003691,None,68:53:0D:E5:0E:78,-91
2026-08-21 14:07:55.579265,None,5A:40:16:23:CD:E2,-98
2026-08-21 14:08:15.232333,None,48:F7:28:D5:42:9A,-97
2026-08-21 14:08:57.947175,None,E9:31:1F:D3:9D:CD,-98
2026-08-21 14:09:21.203504,113685_9C139E7A644C,9C:13:9E:7A:64:4E,-68
2026-08-21 14:09:41.603339,None,4B:8C:A9:43:EF:73,-94
2026-08-21 14:09:42.524174,None,57:91:1E:6E:8D:D0,-94
2026-08-21 14:09:49.482281,ResMed 223238,E8:E0:7E:34:BB:D4,-91
2026-08-21 14:09:49.554146,Peak Pro 01502,F0:AD:4E:40:19:D5,-86
2026-08-21 14:09:55.016393,None,59:6C:B9:A6:C7:DB,-93
2026-08-21 14:10:09.117660,None,D8:37:6B:C3:6E:6E,-89
2026-08-21 14:10:09.729077,None,D2:13:34:13:B1:3D,-97
2026-08-21 14:10:14.867680,None,69:1E:A1:B4:C1:B0,-78
2026-08-21 14:10:16.546649,None,67:14:78:2E:DD:B0,-99
2026-08-21 14:10:20.290333,None,D8:E1:0B:1E:34:42,-80
2026-08-21 14:10:21.602797,Platco PR1,E4:A6:34:CF:38:ED,-97
2026-08-21 14:10:24.449141,None,E5:AC:1E:34:E2:EA,-97
2026-08-21 14:10:24.753953,None,72:E2:5B:11:46:F3,-89
2026-08-21 14:10:24.898048,None,6C:45:F9:22:6D:A8,-95
2026-08-21 14:10:27.992459,None,7E:2E:37:85:C9:EB,-95
2026-08-21 14:10:28.023915,EF-D36C0514,A0:85:E3:DE:D2:96,-97
2026-08-21 14:10:31.984238,None,CB:78:CB:69:80:73,-97
2026-08-21 14:10:51.728003,None,CA:22:D6:65:ED:80,-99
2026-08-21 14:11:53.171210,None,5B:F2:FA:3D:E0:83,-73
2026-08-21 14:12:13.179386,None,5B:EA:F4:19:17:67,-96
2026-08-21 14:12:22.055797,None,77:61:CE:F6:52:80,-98
2026-08-21 14:12:43.301862,None,43:1B:0B:4D:84:36,-93
2026-08-21 14:12:52.407572,MELK-OF21   5C,BE:28:03:00:20:5C,-90
2026-08-21 14:13:09.423774,RIOT Plus501B6E,D8:BC:38:50:1B:6E,-95
2026-08-21 14:13:24.193531,None,5C:DD:8E:0A:2F:7A,-96
2026-08-21 14:13:27.321152,None,54:64:9F:19:CB:4E,-94
2026-08-21 14:13:33.822232,20HL39284591421094,48:87:2D:89:79:5D,-97
2026-08-21 14:13:59.074578,None,EC:A0:FA:F3:68:DB,-95
2026-08-21 14:14:58.393318,Platco PR1,B4:CB:B8:1B:D4:50,-80
2026-08-21 14:15:05.545758,None,59:C6:78:7A:51:27,-95
2026-08-21 14:15:11.837227,None,CB:46:C6:C4:31:FA,-94
2026-08-21 14:15:20.347612,None,C3:57:71:07:D4:4D,-96
2026-08-21 14:15:39.094116,None,43:AA:D0:85:6C:3B,-73
2026-08-21 14:16:09.256407,Charge 4,F1:D1:F5:5E:21:37,-81
2026-08-21 14:16:13.350740,None,D1:6C:99:9A:D2:55,-92
2026-08-21 14:16:37.132890,None,C2:46:7F:29:00:44,-99
2026-08-21 14:16:43.915311,None,F8:4E:58:0B:C3:AF,-97
2026-08-21 14:18:13.221764,None,D7:33:3F:F8:3C:A9,-83
2026-08-21 14:18:22.342281,None,4F:8C:92:F3:EB:34,-100
2026-08-21 14:18:26.235701,None,A4:83:E7:83:E7:06,-97
2026-08-21 14:18:43.585189,None,C4:81:A0:19:18:C5,-97
2026-08-21 14:18:56.301771,None,ED:51:F7:D7:48:2A,-93
2026-08-21 14:19:22.280349,113685_9C139E7A644C,9C:13:9E:7A:64:4E,-68
2026-08-21 14:19:43.276530,None,4B:8C:A9:43:EF:73,-71
2026-08-21 14:19:46.319780,None,57:91:1E:6E:8D:D0,-72
2026-08-21 14:19:50.880247,Peak Pro 01502,F0:AD:4E:40:19:D5,-88
2026-08-21 14:19:51.446354,ResMed 223238,E8:E0:7E:34:BB:D4,-96
2026-08-21 14:20:14.994383,None,69:1E:A1:B4:C1:B0,-79
2026-08-21 14:20:26.451261,None,72:E2:5B:11:46:F3,-95
2026-08-21 14:20:26.719559,None,60:8E:11:23:1C:E7,-75
2026-08-21 14:20:26.737604,None,79:88:C8:98:28:6F,-77
2026-08-21 14:20:30.108167,None,7E:2E:37:85:C9:EB,-94
2026-08-21 14:20:33.609775,None,6C:45:F9:22:6D:A8,-95
2026-08-21 14:20:36.225113,EF-D36C0514,A0:85:E3:DE:D2:96,-103
2026-08-21 14:20:49.959173,None,48:A7:01:C3:21:FD,-91
2026-08-21 14:20:50.803494,None,D5:C1:2C:36:E8:55,-98
2026-08-21 14:20:56.592927,None,CD:09:C1:EC:DC:14,-83
2026-08-21 14:21:45.621438,None,59:6C:B9:A6:C7:DB,-97
2026-08-21 14:22:07.509410,Platco PR1,E4:A6:34:CF:38:ED,-96
2026-08-21 14:22:26.893627,None,6F:C0:12:48:77:EF,-80
2026-08-21 14:22:33.624094,None,77:61:CE:F6:52:80,-93
2026-08-21 14:22:43.773132,None,43:1B:0B:4D:84:36,-87
2026-08-21 14:22:53.644507,MELK-OF21   5C,BE:28:03:00:20:5C,-91
2026-08-21 14:23:09.462021,RIOT Plus501B6E,D8:BC:38:50:1B:6E,-96
2026-08-21 14:23:15.386421,None,7D:04:66:64:0C:C7,-76
2026-08-21 14:23:36.374625,20HL39284591421094,48:87:2D:89:79:5D,-96
2026-08-21 14:24:46.944384,None,3F:C8:0A:4C:B9:D8,-91
2026-08-21 14:25:03.641248,None,54:64:9F:19:CB:4E,-96
2026-08-21 14:25:09.010757,None,59:C6:78:7A:51:27,-94
2026-08-21 14:25:17.515590,None,CB:46:C6:C4:31:FA,-94
2026-08-21 14:25:18.750029,Platco PR1,B4:CB:B8:1B:D4:50,-82
2026-08-21 14:25:22.488486,None,C3:57:71:07:D4:4D,-80
2026-08-21 14:25:52.647631,None,45:A2:00:FF:9E:5C,-92
2026-08-21 14:26:11.705579,Charge 4,F1:D1:F5:5E:21:37,-87
2026-08-21 14:26:20.802582,None,D1:6C:99:9A:D2:55,-94
2026-08-21 14:27:42.274152,None,79:D3:E2:4A:00:84,-79
2026-08-21 14:28:04.269174,None,73:EB:3B:49:B0:24,-99
2026-08-21 14:28:08.141234,None,C2:46:7F:29:00:44,-95
2026-08-21 14:28:14.799602,None,D7:33:3F:F8:3C:A9,-93
2026-08-21 14:28:24.861297,None,4F:8C:92:F3:EB:34,-96
2026-08-21 14:28:26.337591,None,A4:83:E7:83:E7:06,-100
2026-08-21 14:29:00.634778,None,ED:51:F7:D7:48:2A,-93
2026-08-21 14:29:10.572541,None,63:71:B9:94:41:15,-95
2026-08-21 14:29:11.664989,None,58:F6:32:6E:D3:C1,-96
2026-08-21 14:29:11.722814,None,60:5E:43:53:80:E2,-94
2026-08-21 14:29:22.461075,113685_9C139E7A644C,9C:13:9E:7A:64:4E,-67
2026-08-21 14:29:39.483306,None,DE:6E:43:3D:7D:0F,-98
2026-08-21 14:29:51.232954,Peak Pro 01502,F0:AD:4E:40:19:D5,-92
2026-08-21 14:29:51.688303,ResMed 223238,E8:E0:7E:34:BB:D4,-97
2026-08-21 14:30:00.171479,None,FE:E2:B7:EB:21:84,-85
2026-08-21 14:30:13.189253,None,D3:6C:32:94:D8:11,-93
2026-08-21 14:30:27.168625,None,60:8E:11:23:1C:E7,-86
2026-08-21 14:30:28.231854,None,79:88:C8:98:28:6F,-84
2026-08-21 14:30:33.372895,None,FC:91:53:5B:7D:2A,-97
2026-08-21 14:30:42.858779,None,D9:26:F5:E8:D4:F5,-91
2026-08-21 14:31:10.755146,EF-D36C0514,A0:85:E3:DE:D2:96,-99
2026-08-21 14:31:46.264032,JBL Charge 5,D8:37:3B:B9:05:29,-97
2026-08-21 14:32:11.529508,None,71:48:2E:45:C4:CF,-98
2026-08-21 14:32:45.627197,None,43:1B:0B:4D:84:36,-90
2026-08-21 14:32:47.304473,None,5D:48:14:4A:8E:A4,-94
2026-08-21 14:32:53.687450,MELK-OF21   5C,BE:28:03:00:20:5C,-91
2026-08-21 14:32:54.556932,None,E3:6D:B3:86:FE:55,-67
2026-08-21 14:33:11.487017,RIOT Plus501B6E,D8:BC:38:50:1B:6E,-94
2026-08-21 14:33:15.400138,None,7D:04:66:64:0C:C7,-73
2026-08-21 14:33:16.772167,None,68:D9:77:EC:11:F8,-95
2026-08-21 14:33:37.298147,20HL39284591421094,48:87:2D:89:79:5D,-96
2026-08-21 14:33:44.189150,None,C6:38:28:5E:9E:87,-94
2026-08-21 14:33:51.512642,None,4B:D8:5A:2E:D0:EF,-93
2026-08-21 14:34:12.524020,None,E1:CE:9D:1A:EA:97,-92
2026-08-21 14:34:17.286479,None,79:20:7C:57:FC:81,-91
2026-08-21 14:34:18.417735,Platco PR1,E4:A6:34:CF:38:ED,-94
2026-08-21 14:34:45.751610,None,4E:6A:E6:8B:FB:63,-97
2026-08-21 14:34:53.057469,None,59:12:93:6F:FF:CD,-93
2026-08-21 14:35:13.656296,None,7A:86:AE:57:7D:CF,-93
2026-08-21 14:35:23.608905,Platco PR1,B4:CB:B8:1B:D4:50,-83
2026-08-21 14:35:48.538868,None,69:AC:F8:DE:25:44,-94
2026-08-21 14:35:48.877348,None,71:74:9C:10:78:CE,-95
2026-08-21 14:35:50.897022,None,4B:E6:03:C5:17:12,-98
2026-08-21 14:35:56.073444,None,EA:85:67:E1:6C:94,-89
2026-08-21 14:35:57.222430,None,58:8E:6F:C2:CD:E4,-92
2026-08-21 14:35:59.817118,None,44:6F:99:DC:AC:C1,-89
2026-08-21 14:36:00.171626,None,45:A2:00:FF:9E:5C,-95
2026-08-21 14:36:12.667349,Charge 4,F1:D1:F5:5E:21:37,-80
2026-08-21 14:37:42.739571,None,79:D3:E2:4A:00:84,-79
2026-08-21 14:38:07.182285,None,52:4A:14:AC:99:A4,-95
2026-08-21 14:38:21.030911,None,60:E5:3B:F2:84:9F,-77
2026-08-21 14:38:46.659163,None,44:24:68:FC:EE:0E,-94
2026-08-21 14:38:55.384191,None,79:83:F0:14:69:03,-71
2026-08-21 14:39:13.249144,None,63:71:B9:94:41:15,-97
2026-08-21 14:39:13.975316,None,58:F6:32:6E:D3:C1,-95
2026-08-21 14:39:15.712631,None,60:5E:43:53:80:E2,-99
2026-08-21 14:39:22.463194,113685_9C139E7A644C,9C:13:9E:7A:64:4E,-70
2026-08-21 14:39:51.234838,Peak Pro 01502,F0:AD:4E:40:19:D5,-86
2026-08-21 14:39:52.089649,ResMed 223238,E8:E0:7E:34:BB:D4,-90
2026-08-21 14:40:04.645961,None,FE:E2:B7:EB:21:84,-89
2026-08-21 14:40:34.799718,None,D3:6C:32:94:D8:11,-96
2026-08-21 14:40:38.883124,None,FC:91:53:5B:7D:2A,-93
2026-08-21 14:40:44.634515,None,D9:26:F5:E8:D4:F5,-93
2026-08-21 14:40:46.847997,None,DB:97:65:E5:BE:16,-99
2026-08-21 14:42:15.967633,None,71:48:2E:45:C4:CF,-98
2026-08-21 14:42:20.016899,None,57:DD:D6:87:B2:53,-93
2026-08-21 14:42:48.453356,None,5D:48:14:4A:8E:A4,-92
2026-08-21 14:42:53.768177,MELK-OF21   5C,BE:28:03:00:20:5C,-91
2026-08-21 14:42:58.389710,None,E3:6D:B3:86:FE:55,-86
2026-08-21 14:43:13.120711,RIOT Plus501B6E,D8:BC:38:50:1B:6E,-96
2026-08-21 14:43:36.852433,None,68:D9:77:EC:11:F8,-96
2026-08-21 14:43:37.820267,20HL39284591421094,48:87:2D:89:79:5D,-98
2026-08-21 14:43:51.851707,None,4B:D8:5A:2E:D0:EF,-87
2026-08-21 14:43:54.650113,None,06:EC:D5:91:25:26,-76
2026-08-21 14:43:54.979621,None,58:5E:59:AE:92:B8,-98
2026-08-21 14:43:55.113910,None,7F:0B:5A:CE:6C:50,-94
2026-08-21 14:43:57.238006,None,6C:46:6E:88:8F:A2,-94
2026-08-21 14:44:19.949575,None,79:20:7C:57:FC:81,-87
2026-08-21 14:44:54.506019,None,E1:CE:9D:1A:EA:97,-95
2026-08-21 14:45:00.154559,None,F0:A8:9B:09:CD:90,-87
2026-08-21 14:45:09.999501,None,F6:DC:25:BA:66:DF,-81
2026-08-21 14:45:16.166160,None,EC:E3:BE:06:68:B3,-95
2026-08-21 14:45:22.496175,None,E2:DD:38:A1:F2:D0,-93
2026-08-21 14:45:23.813003,Platco PR1,E4:A6:34:CF:38:ED,-95
2026-08-21 14:45:26.200504,None,49:BA:C4:5C:CD:9C,-97
2026-08-21 14:45:33.473347,Platco PR1,B4:CB:B8:1B:D4:50,-84
2026-08-21 14:46:16.398240,Charge 4,F1:D1:F5:5E:21:37,-81
2026-08-21 14:46:23.128416,None,60:4D:95:EE:E4:8C,-92
2026-08-21 14:46:23.152499,None,54:D3:B2:01:9B:E4,-83
2026-08-21 14:46:47.585916,None,5E:44:40:CB:82:94,-98
2026-08-21 14:47:43.030240,None,79:D3:E2:4A:00:84,-81
2026-08-21 14:47:58.129242,EF-D36C0514,A0:85:E3:DE:D2:96,-101
2026-08-21 14:48:10.494577,ELK-BLEDOM05,BE:67:00:12:01:75,-98
2026-08-21 14:48:21.068616,None,6F:8F:65:88:18:DD,-97
2026-08-21 14:48:39.213113,None,52:4A:14:AC:99:A4,-97
2026-08-21 14:49:06.045734,None,57:62:14:2E:02:26,-87
2026-08-21 14:49:07.234777,None,50:CE:A2:22:73:9A,-80
2026-08-21 14:49:22.505664,113685_9C139E7A644C,9C:13:9E:7A:64:4E,-66
2026-08-21 14:49:36.344986,None,CA:91:7E:30:24:E8,-96
2026-08-21 14:49:51.635987,Peak Pro 01502,F0:AD:4E:40:19:D5,-86
2026-08-21 14:49:52.627409,ResMed 223238,E8:E0:7E:34:BB:D4,-87
2026-08-21 14:50:24.466412,None,F1:5F:C7:C5:F5:C6,-93
2026-08-21 14:50:25.430028,None,D5:13:4F:34:4A:D4,-93
2026-08-21 14:50:30.822899,JBL Charge 5,D8:37:3B:B9:05:29,-96
2026-08-21 14:51:26.728094,None,43:C3:B7:D8:BE:EB,-79
2026-08-21 14:52:40.763793,None,4C:4F:E5:D6:06:A2,-98
2026-08-21 14:52:48.884244,None,5D:48:14:4A:8E:A4,-90
2026-08-21 14:52:53.845268,MELK-OF21   5C,BE:28:03:00:20:5C,-91
2026-08-21 14:53:07.864960,None,43:F7:72:28:3A:25,-96
2026-08-21 14:53:13.390483,RIOT Plus501B6E,D8:BC:38:50:1B:6E,-93
2026-08-21 14:53:37.248192,None,5E:F1:17:31:5D:9D,-94
2026-08-21 14:53:42.096948,20HL39284591421094,48:87:2D:89:79:5D,-97
2026-08-21 14:53:55.995810,None,7F:0B:5A:CE:6C:50,-94
2026-08-21 14:53:56.523115,None,58:5E:59:AE:92:B8,-95
2026-08-21 14:53:59.375759,None,6C:46:6E:88:8F:A2,-94
2026-08-21 14:54:12.060996,None,D6:D5:26:E6:82:E8,-95
2026-08-21 14:54:13.295415,None,48:3B:06:C3:17:3D,-90
2026-08-21 14:54:24.097755,None,79:83:F0:14:69:03,-88
2026-08-21 14:54:44.109383,None,A4:83:E7:83:E7:06,-99
2026-08-21 14:54:52.949756,None,C2:1F:0F:09:74:33,-98
2026-08-21 14:55:05.849852,None,F0:A8:9B:09:CD:90,-84
2026-08-21 14:55:15.597829,None,F6:DC:25:BA:66:DF,-81
2026-08-21 14:55:30.067305,None,49:BA:C4:5C:CD:9C,-94
2026-08-21 14:55:30.202121,None,E2:DD:38:A1:F2:D0,-92
2026-08-21 14:55:33.818501,Platco PR1,B4:CB:B8:1B:D4:50,-82
2026-08-21 14:55:43.944798,None,EC:E3:BE:06:68:B3,-94
2026-08-21 14:56:04.206355,Platco PR1,E4:A6:34:CF:38:ED,-97
2026-08-21 14:56:17.531142,Charge 4,F1:D1:F5:5E:21:37,-82
2026-08-21 14:56:37.110627,None,51:21:38:53:12:DD,-91
2026-08-21 14:56:48.206740,None,5E:44:40:CB:82:94,-95
2026-08-21 14:56:57.613536,None,77:91:53:30:0F:93,-95
2026-08-21 14:57:40.230184,None,5E:95:2C:13:1B:80,-96
2026-08-21 14:57:58.646128,EF-D36C0514,A0:85:E3:DE:D2:96,-98
2026-08-21 14:58:09.814048,None,6D:17:29:25:34:BA,-91
2026-08-21 14:58:22.169840,None,6F:8F:65:88:18:DD,-94
2026-08-21 14:59:06.566315,None,57:62:14:2E:02:26,-86
2026-08-21 14:59:08.993255,None,40:E1:C9:CD:2E:21,-96
2026-08-21 14:59:11.904682,WQ-NOTACTIVATED,CC:DB:A7:AF:F4:96,-94
2026-08-21 14:59:18.875662,None,50:CE:A2:22:73:9A,-82
2026-08-21 14:59:22.644257,113685_9C139E7A644C,9C:13:9E:7A:64:4E,-70
2026-08-21 14:59:53.486166,ResMed 223238,E8:E0:7E:34:BB:D4,-92
2026-08-21 14:59:53.788563,Peak Pro 01502,F0:AD:4E:40:19:D5,-91
2026-08-21 15:00:02.133591,None,D0:72:4F:68:35:3B,-76
2026-08-21 15:00:04.630550,None,DD:A4:AD:81:3C:B0,-94
2026-08-21 15:00:11.113893,None,DC:57:93:8B:55:DE,-97
2026-08-21 15:00:11.822786,None,F2:FC:55:82:4A:4E,-95
2026-08-21 15:00:15.947951,None,4C:68:59:14:81:0E,-82
2026-08-21 15:00:15.966963,None,50:E7:C6:49:D2:A2,-87
2026-08-21 15:00:29.694623,None,4C:38:FD:AE:A3:08,-101
2026-08-21 15:00:32.653030,None,D9:B4:D7:8E:31:0D,-83
2026-08-21 15:00:57.064347,None,7F:40:9A:75:22:49,-83
2026-08-21 15:01:04.541523,None,6E:5C:73:82:98:44,-93
2026-08-21 15:01:06.593391,None,44:1F:ED:4A:12:57,-94
2026-08-21 15:01:08.729159,None,43:2E:00:F0:2A:88,-95
2026-08-21 15:01:26.790859,None,43:C3:B7:D8:BE:EB,-85
2026-08-21 15:02:09.030268,None,55:2B:8A:DE:94:0F,-95
2026-08-21 15:02:53.881824,MELK-OF21   5C,BE:28:03:00:20:5C,-91
2026-08-21 15:02:59.699589,None,64:0E:9C:0A:2D:3F,-93
2026-08-21 15:03:07.254167,None,E2:0C:E8:91:EF:55,-94
2026-08-21 15:03:11.081049,None,60:54:48:19:96:D9,-93
2026-08-21 15:03:17.523748,None,48:E9:A4:EF:3A:40,-96
2026-08-21 15:03:18.823682,RIOT Plus501B6E,D8:BC:38:50:1B:6E,-82
2026-08-21 15:03:42.707612,20HL39284591421094,48:87:2D:89:79:5D,-102
2026-08-21 15:04:09.961653,4,46:D9:B3:4C:B5:8E,-95
2026-08-21 15:04:17.483063,None,CF:15:74:26:45:7C,-92
2026-08-21 15:05:32.097946,None,E2:DD:38:A1:F2:D0,-92
2026-08-21 15:05:44.348088,Platco PR1,B4:CB:B8:1B:D4:50,-86
2026-08-21 15:05:56.038996,None,D7:6E:0F:C5:9B:CE,-95
2026-08-21 15:06:09.056637,None,F8:4E:58:0B:C3:AF,-97
2026-08-21 15:06:18.499453,Charge 4,F1:D1:F5:5E:21:37,-86
2026-08-21 15:06:19.710414,None,4A:62:05:1F:EA:97,-98
2026-08-21 15:06:37.935149,None,51:21:38:53:12:DD,-100
2026-08-21 15:08:01.009470,None,EE:6E:B1:77:C3:51,-100
2026-08-21 15:08:14.858004,None,A4:83:E7:83:E7:06,-96
2026-08-21 15:08:15.741995,ELK-BLEDOM05,BE:67:00:12:01:75,-97
2026-08-21 15:08:32.559207,None,7E:69:73:27:27:EB,-98
2026-08-21 15:08:33.611243,None,6D:17:29:25:34:BA,-96
2026-08-21 15:08:50.612593,Platco PR1,E4:A6:34:CF:38:ED,-93
2026-08-21 15:09:07.636704,None,F3:B5:5D:36:94:C9,-94
2026-08-21 15:09:22.873286,113685_9C139E7A644C,9C:13:9E:7A:64:4E,-65
2026-08-21 15:09:53.730954,ResMed 223238,E8:E0:7E:34:BB:D4,-85
2026-08-21 15:09:53.934246,Peak Pro 01502,F0:AD:4E:40:19:D5,-87
2026-08-21 15:10:03.814539,None,D0:72:4F:68:35:3B,-79
2026-08-21 15:10:16.002954,None,4C:68:59:14:81:0E,-81
2026-08-21 15:10:16.088411,None,F2:FC:55:82:4A:4E,-94
2026-08-21 15:10:21.880743,None,50:E7:C6:49:D2:A2,-75
2026-08-21 15:10:24.546898,None,77:91:53:30:0F:93,-96
2026-08-21 15:10:29.722083,None,4C:38:FD:AE:A3:08,-96
2026-08-21 15:10:31.026618,None,DA:83:BC:89:E3:1F,-99
2026-08-21 15:10:36.187682,None,D9:B4:D7:8E:31:0D,-93
2026-08-21 15:10:40.310669,None,DD:A4:AD:81:3C:B0,-94
2026-08-21 15:10:46.405605,None,7D:90:80:7E:5D:16,-78
2026-08-21 15:10:46.420034,None,66:F5:18:BD:96:0D,-81
2026-08-21 15:10:57.136628,None,7F:40:9A:75:22:49,-101
2026-08-21 15:10:58.014969,None,DC:57:93:8B:55:DE,-100
2026-08-21 15:11:05.066247,None,6E:5C:73:82:98:44,-93
2026-08-21 15:11:08.183034,None,44:1F:ED:4A:12:57,-94
2026-08-21 15:11:11.335316,None,43:2E:00:F0:2A:88,-95
2026-08-21 15:11:26.852143,None,43:C3:B7:D8:BE:EB,-90
2026-08-21 15:12:14.347681,None,7D:BF:D3:1B:BB:87,-87
2026-08-21 15:12:39.235214,None,49:28:6B:D8:FC:C5,-99
2026-08-21 15:12:53.903287,MELK-OF21   5C,BE:28:03:00:20:5C,-90
2026-08-21 15:13:18.122969,None,48:E9:A4:EF:3A:40,-97
2026-08-21 15:13:18.822720,None,E2:0C:E8:91:EF:55,-97
2026-08-21 15:13:19.802330,RIOT Plus501B6E,D8:BC:38:50:1B:6E,-96
2026-08-21 15:13:20.168612,None,60:54:48:19:96:D9,-97
2026-08-21 15:13:32.792538,JBL Charge 5,D8:37:3B:B9:05:29,-98
2026-08-21 15:13:33.970596,None,F6:6B:44:0D:9E:EA,-102
2026-08-21 15:13:46.794695,20HL39284591421094,48:87:2D:89:79:5D,-98
2026-08-21 15:14:10.703707,EF-D36C0514,A0:85:E3:DE:D2:96,-99
2026-08-21 15:14:23.409853,None,CF:15:74:26:45:7C,-98
2026-08-21 15:14:43.352772,None,64:0E:9C:0A:2D:3F,-95
2026-08-21 15:14:52.077413,None,4E:14:9F:DE:7A:E5,-95
2026-08-21 15:14:52.506189,None,45:B9:04:5A:DB:E2,-95
2026-08-21 15:14:52.587000,None,56:1B:D6:F0:4A:A8,-96
2026-08-21 15:15:00.147005,None,E6:BC:FF:A8:0B:E0,-85
2026-08-21 15:15:08.083279,None,C6:E3:2A:15:51:F3,-94
2026-08-21 15:15:13.831037,None,DC:28:2A:34:2D:1C,-98
2026-08-21 15:15:19.377414,None,DC:AC:AA:29:47:FE,-99
2026-08-21 15:15:25.225600,None,E4:A8:53:D3:BF:42,-96
2026-08-21 15:15:27.890404,None,CC:2C:6F:AF:4C:CC,-93
2026-08-21 15:15:33.096984,None,70:6F:B3:4B:42:D7,-99
2026-08-21 15:15:43.397669,None,51:83:3B:30:25:DE,-94
2026-08-21 15:15:46.483734,None,4F:9F:83:88:6D:3C,-96
2026-08-21 15:15:46.991255,None,E7:41:AF:2D:6F:C9,-102
2026-08-21 15:16:03.639452,None,D7:6E:0F:C5:9B:CE,-91
2026-08-21 15:16:10.709522,None,D5:E5:CD:B9:BA:F1,-87
2026-08-21 15:16:14.045097,Platco PR1,B4:CB:B8:1B:D4:50,-80
2026-08-21 15:16:20.967824,Charge 4,F1:D1:F5:5E:21:37,-83
2026-08-21 15:16:37.665029,None,C8:49:B3:46:2B:1D,-99
2026-08-21 15:16:38.088341,None,51:21:38:53:12:DD,-92
2026-08-21 15:16:39.370624,None,E4:E7:11:0A:C9:FC,-90
2026-08-21 15:16:46.022287,None,6B:72:B4:5D:0C:6E,-96
2026-08-21 15:16:52.549816,None,FC:DC:B8:09:62:9F,-95
2026-08-21 15:16:57.450364,None,65:B5:4D:0D:75:22,-98
2026-08-21 15:17:24.719872,None,4B:AA:22:69:04:8F,-97
2026-08-21 15:18:00.434296,None,5E:21:46:05:98:89,-91
2026-08-21 15:18:08.324727,None,73:7D:0C:33:79:5F,-88
2026-08-21 15:18:17.389542,None,68:7D:92:BF:CB:BB,-99
2026-08-21 15:18:30.952300,None,6D:10:02:EF:75:07,-95
2026-08-21 15:18:31.294906,None,CF:A4:35:3E:63:3A,-94
2026-08-21 15:18:56.140880,None,74:7C:5B:B3:7D:3A,-86
2026-08-21 15:19:00.463678,Platco PR1,E4:A6:34:CF:38:ED,-98
2026-08-21 15:19:23.936930,113685_9C139E7A644C,9C:13:9E:7A:64:4E,-71
2026-08-21 15:19:25.369621,None,4F:54:73:BF:80:BD,-103
2026-08-21 15:19:53.979856,ResMed 223238,E8:E0:7E:34:BB:D4,-87
2026-08-21 15:19:54.375208,None,68:7A:61:6D:A2:E0,-97
2026-08-21 15:19:54.433784,Peak Pro 01502,F0:AD:4E:40:19:D5,-87
2026-08-21 15:20:09.654685,None,C1:4E:54:D8:65:87,-93
2026-08-21 15:20:10.172307,None,65:D7:FF:06:95:38,-96
2026-08-21 15:20:31.856282,None,45:C6:C5:48:22:B2,-95
2026-08-21 15:20:34.673025,None,65:D6:BF:50:7B:5B,-94
2026-08-21 15:20:35.802273,None,4A:76:01:49:2C:CA,-93
2026-08-21 15:21:30.943009,None,74:67:7A:C0:AC:0E,-98
2026-08-21 15:22:06.563831,None,43:33:9D:6D:AB:48,-96
2026-08-21 15:22:08.593993,None,43:26:2E:67:44:C7,-93
2026-08-21 15:22:08.744746,None,FB:63:29:26:F2:41,-96
2026-08-21 15:22:08.989424,None,88:0E:85:1A:10:67,-98
2026-08-21 15:22:13.390163,None,E9:50:E9:48:48:DF,-90
2026-08-21 15:22:14.693775,None,7D:BF:D3:1B:BB:87,-83
2026-08-21 15:22:15.479071,None,69:26:0A:37:33:E3,-87
2026-08-21 15:22:21.727103,None,DD:9C:06:54:B8:17,-87
2026-08-21 15:22:22.943226,None,60:A4:C6:B3:47:4A,-92
2026-08-21 15:22:42.351900,None,49:28:6B:D8:FC:C5,-97
2026-08-21 15:22:49.025234,None,64:4B:7B:CF:81:18,-93
2026-08-21 15:22:49.082933,None,74:A7:93:18:BC:64,-95
2026-08-21 15:22:49.164514,None,6A:A8:B4:3C:F8:75,-95
2026-08-21 15:22:49.226190,None,5F:53:4A:C8:F3:F0,-94
2026-08-21 15:22:50.028746,None,77:B9:6F:29:17:82,-91
2026-08-21 15:22:54.960902,MELK-OF21   5C,BE:28:03:00:20:5C,-92
2026-08-21 15:23:09.757237,None,43:28:6B:CB:17:74,-94
2026-08-21 15:23:20.046813,RIOT Plus501B6E,D8:BC:38:50:1B:6E,-96
2026-08-21 15:23:35.159429,None,D0:7C:54:F4:0D:07,-93
2026-08-21 15:23:47.841186,20HL39284591421094,48:87:2D:89:79:5D,-95
2026-08-21 15:24:51.826423,None,60:98:8A:2B:CC:55,-93
2026-08-21 15:24:52.139341,None,59:E1:21:30:CA:85,-97
2026-08-21 15:25:25.273336,None,E4:A8:53:D3:BF:42,-99
2026-08-21 15:25:26.242018,None,6D:C0:AB:4E:2A:60,-98
2026-08-21 15:25:30.393190,None,CC:2C:6F:AF:4C:CC,-95
2026-08-21 15:25:33.279869,None,DC:28:2A:34:2D:1C,-95
2026-08-21 15:25:45.191596,None,F0:61:4B:4B:E7:40,-90
2026-08-21 15:25:48.661626,None,57:18:E0:13:8F:16,-96
2026-08-21 15:25:51.986467,None,40:07:2E:D9:3E:2B,-95
2026-08-21 15:25:52.229031,None,49:C9:A0:25:CB:3E,-97
2026-08-21 15:26:12.356157,None,D5:E5:CD:B9:BA:F1,-90
2026-08-21 15:26:23.920339,Platco PR1,B4:CB:B8:1B:D4:50,-82
2026-08-21 15:26:29.819434,Charge 4,F1:D1:F5:5E:21:37,-89
2026-08-21 15:26:43.709900,None,E4:E7:11:0A:C9:FC,-91
2026-08-21 15:27:16.959193,None,4D:DA:EC:A9:70:96,-96
2026-08-21 15:27:16.989051,None,7A:63:C8:F6:3C:18,-94
2026-08-21 15:27:18.175894,None,7F:AF:B7:10:27:F4,-95
2026-08-21 15:28:00.450237,None,5E:21:46:05:98:89,-91
2026-08-21 15:28:15.027893,None,73:7D:0C:33:79:5F,-93
2026-08-21 15:28:22.834218,None,7B:70:DF:F2:1F:97,-95
2026-08-21 15:28:41.415234,None,76:A1:6B:15:43:8D,-91
2026-08-21 15:28:47.135078,None,68:7D:92:BF:CB:BB,-96
2026-08-21 15:28:56.707419,None,74:7C:5B:B3:7D:3A,-88
2026-08-21 15:28:57.008240,None,6B:72:B4:5D:0C:6E,-94
2026-08-21 15:29:18.625485,None,A4:83:E7:83:E7:06,-98
2026-08-21 15:29:23.963053,113685_9C139E7A644C,9C:13:9E:7A:64:4E,-71
2026-08-21 15:29:45.838132,Platco PR1,E4:A6:34:CF:38:ED,-95
2026-08-21 15:29:54.033239,ResMed 223238,E8:E0:7E:34:BB:D4,-89
2026-08-21 15:29:54.475162,Peak Pro 01502,F0:AD:4E:40:19:D5,-86
2026-08-21 15:29:54.573661,None,68:7A:61:6D:A2:E0,-96
2026-08-21 15:29:58.204382,None,60:E0:F1:8D:53:52,-81
2026-08-21 15:30:42.453079,None,FB:5C:47:05:67:62,-94
2026-08-21 15:30:46.478083,None,4F:9A:A6:5A:98:F9,-95
2026-08-21 15:30:48.550708,None,EF:09:19:C9:C9:99,-99
2026-08-21 15:31:08.052774,None,70:6F:B3:4B:42:D7,-100
2026-08-21 15:31:08.258533,None,CA:DC:57:EE:37:7E,-92
2026-08-21 15:31:24.841285,None,E0:2F:E7:E5:69:F4,-100
2026-08-21 15:31:39.862178,None,7A:AA:D1:D9:2E:94,-88
2026-08-21 15:31:50.946695,None,F8:81:F6:02:D5:B7,-98
2026-08-21 15:32:15.480203,None,69:26:0A:37:33:E3,-91
2026-08-21 15:32:39.644679,None,71:C1:1D:5E:C2:BF,-96
2026-08-21 15:32:54.985095,MELK-OF21   5C,BE:28:03:00:20:5C,-90
2026-08-21 15:33:11.674815,None,43:28:6B:CB:17:74,-102
2026-08-21 15:33:21.459794,RIOT Plus501B6E,D8:BC:38:50:1B:6E,-95
2026-08-21 15:33:42.881296,None,41:87:1A:1A:23:FA,-82
2026-08-21 15:33:44.118618,None,D0:23:6B:8D:D9:56,-95
2026-08-21 15:33:50.485327,20HL39284591421094,48:87:2D:89:79:5D,-97
2026-08-21 15:33:50.861841,None,F1:A5:54:94:80:E6,-85
2026-08-21 15:33:56.829456,None,56:C9:15:34:A9:A6,-99
2026-08-21 15:34:11.599030,None,CC:88:63:56:7E:A8,-90
2026-08-21 15:34:32.609578,EF-D36C0514,A0:85:E3:DE:D2:96,-96
2026-08-21 15:35:58.618719,None,CC:2C:6F:AF:4C:CC,-95
2026-08-21 15:36:17.560908,None,6E:6F:70:A2:7F:4E,-97
2026-08-21 15:36:25.051525,None,F1:AE:ED:33:C7:0C,-99
2026-08-21 15:36:28.769193,Platco PR1,B4:CB:B8:1B:D4:50,-81
2026-08-21 15:36:32.255395,Charge 4,F1:D1:F5:5E:21:37,-90
2026-08-21 15:36:34.343274,ELK-BLEDOM05,BE:67:00:12:01:75,-96
2026-08-21 15:37:53.161364,None,40:88:DA:A3:7C:BC,-92
2026-08-21 15:38:00.607517,None,5E:21:46:05:98:89,-92
2026-08-21 15:38:12.440005,None,47:1F:07:43:86:4E,-98
2026-08-21 15:38:12.584086,None,F1:2E:EA:45:C8:4D,-95
2026-08-21 15:38:38.961687,None,64:B1:F7:2B:D2:9F,-94
2026-08-21 15:38:41.616660,None,76:A1:6B:15:43:8D,-93
2026-08-21 15:39:24.280852,113685_9C139E7A644C,9C:13:9E:7A:64:4E,-65
2026-08-21 15:39:55.528516,Peak Pro 01502,F0:AD:4E:40:19:D5,-91
2026-08-21 15:39:55.844616,ResMed 223238,E8:E0:7E:34:BB:D4,-91
2026-08-21 15:39:56.416405,None,68:7A:61:6D:A2:E0,-100
2026-08-21 15:39:58.347454,None,60:E0:F1:8D:53:52,-88
2026-08-21 15:40:25.847446,None,50:13:23:65:21:1A,-86
2026-08-21 15:40:46.591250,None,FB:5C:47:05:67:62,-90
2026-08-21 15:41:08.292731,None,4F:9A:A6:5A:98:F9,-99
2026-08-21 15:41:09.351576,None,CA:DC:57:EE:37:7E,-92
2026-08-21 15:41:15.161882,None,76:D9:8B:9F:72:AF,-94
2026-08-21 15:41:16.268085,Platco PR1,E4:A6:34:CF:38:ED,-95
2026-08-21 15:41:19.989909,None,EF:09:19:C9:C9:99,-94
2026-08-21 15:41:34.815625,None,4F:4E:57:21:B1:22,-98
2026-08-21 15:42:16.386908,None,69:26:0A:37:33:E3,-86
2026-08-21 15:42:17.375328,None,53:EB:32:A6:87:7F,-87
2026-08-21 15:42:17.774658,None,7F:A8:CA:6C:C2:D6,-96
2026-08-21 15:42:54.989423,MELK-OF21   5C,BE:28:03:00:20:5C,-91
2026-08-21 15:43:22.079329,RIOT Plus501B6E,D8:BC:38:50:1B:6E,-94
2026-08-21 15:43:52.152619,None,F1:A5:54:94:80:E6,-91
2026-08-21 15:43:55.636273,20HL39284591421094,48:87:2D:89:79:5D,-98
2026-08-21 15:43:58.823768,None,D0:23:6B:8D:D9:56,-92
2026-08-21 15:44:03.057297,None,56:C9:15:34:A9:A6,-95
2026-08-21 15:44:11.770784,None,CC:88:63:56:7E:A8,-79
2026-08-21 15:44:17.048528,None,70:83:40:D2:62:D8,-94
2026-08-21 15:44:17.294151,None,69:9F:E2:F3:F8:7F,-95
2026-08-21 15:44:18.563902,None,F2:97:A0:17:A5:85,-93
2026-08-21 15:44:21.101795,None,52:22:00:9F:C9:0F,-93
2026-08-21 15:45:02.227709,None,F4:3E:88:80:96:6B,-94
2026-08-21 15:45:08.373225,None,F2:1E:7B:82:D5:C5,-98
2026-08-21 15:45:08.820719,None,C3:13:26:8F:31:A4,-96
2026-08-21 15:45:15.021613,None,F6:16:A0:53:7D:AF,-92
2026-08-21 15:45:15.630404,None,C8:85:A9:FB:05:CA,-86
2026-08-21 15:46:04.877818,None,C1:86:DB:8E:73:38,-98
2026-08-21 15:46:33.663408,Platco PR1,B4:CB:B8:1B:D4:50,-82
2026-08-21 15:46:34.574319,Charge 4,F1:D1:F5:5E:21:37,-82
2026-08-21 15:46:52.396794,None,CB:7D:32:47:57:AF,-79
2026-08-21 15:47:13.360913,None,58:6D:7D:C5:40:D2,-95
2026-08-21 15:47:15.719099,LFSmart Scale,CF:E9:17:28:41:0D,-96
2026-08-21 15:48:04.138932,None,40:88:DA:A3:7C:BC,-95
2026-08-21 15:48:19.623893,None,64:77:27:70:53:0A,-98
2026-08-21 15:48:19.968094,None,B0:38:E2:44:79:D0,-94
2026-08-21 15:48:39.070551,None,64:B1:F7:2B:D2:9F,-91
2026-08-21 15:48:41.889736,ELK-BLEDOM05,BE:67:00:12:01:75,-99
2026-08-21 15:49:24.534119,113685_9C139E7A644C,9C:13:9E:7A:64:4E,-71
2026-08-21 15:49:25.498229,None,7E:51:5D:7C:83:07,-92
2026-08-21 15:49:45.792667,None,42:43:6A:A0:E1:15,-96
2026-08-21 15:49:56.550054,ResMed 223238,E8:E0:7E:34:BB:D4,-93
2026-08-21 15:49:56.587599,EF-D36C0514,A0:85:E3:DE:D2:96,-100
2026-08-21 15:49:57.283837,Peak Pro 01502,F0:AD:4E:40:19:D5,-87
2026-08-21 15:49:58.354184,None,60:E0:F1:8D:53:52,-83
2026-08-21 15:50:24.584836,None,66:7C:DA:49:9B:E1,-87
2026-08-21 15:50:27.968508,None,50:13:23:65:21:1A,-91
2026-08-21 15:51:59.984937,None,75:3C:64:3D:4B:14,-98
2026-08-21 15:52:07.629082,None,4F:4E:57:21:B1:22,-97
2026-08-21 15:52:17.637217,None,53:EB:32:A6:87:7F,-91
2026-08-21 15:52:31.982592,None,46:56:C0:48:2A:A7,-88
2026-08-21 15:52:34.224220,None,70:C6:D5:CD:BD:ED,-95
2026-08-21 15:52:55.026543,MELK-OF21   5C,BE:28:03:00:20:5C,-91
2026-08-21 15:53:14.602239,None,F2:F7:50:76:E7:37,-97
2026-08-21 15:53:17.544943,None,57:F6:8D:E2:F4:CE,-93
2026-08-21 15:53:18.597247,None,C4:E8:4B:A3:93:CB,-94
2026-08-21 15:53:21.638690,None,51:A7:6A:A7:80:0C,-90
2026-08-21 15:53:21.998839,None,DF:4F:ED:CF:E1:40,-99
2026-08-21 15:53:22.173523,RIOT Plus501B6E,D8:BC:38:50:1B:6E,-95
2026-08-21 15:53:22.202391,None,F8:44:A4:BB:37:A3,-96
2026-08-21 15:53:22.383419,None,5C:C1:96:45:17:B5,-92
2026-08-21 15:53:24.330638,None,DF:0D:F9:FD:C5:43,-96
2026-08-21 15:53:57.495093,20HL39284591421094,48:87:2D:89:79:5D,-96
2026-08-21 15:53:57.671803,Platco PR1,E4:A6:34:CF:38:ED,-96
2026-08-21 15:54:17.973187,None,70:83:40:D2:62:D8,-89
2026-08-21 15:54:20.157182,None,69:9F:E2:F3:F8:7F,-93
2026-08-21 15:54:27.325195,None,42:93:9A:B0:E4:63,-92
2026-08-21 15:54:27.687807,None,52:22:00:9F:C9:0F,-94
2026-08-21 15:54:39.494757,None,72:6D:2A:D1:E5:B8,-94
2026-08-21 15:54:39.626069,None,5E:14:7B:7D:4C:5D,-93
2026-08-21 15:54:40.405867,None,55:47:12:F0:6B:32,-93
2026-08-21 15:55:09.753495,None,F2:1E:7B:82:D5:C5,-91
2026-08-21 15:55:16.691084,None,F6:16:A0:53:7D:AF,-90
2026-08-21 15:55:18.405357,None,C8:85:A9:FB:05:CA,-94
2026-08-21 15:55:42.629167,None,6E:6F:70:A2:7F:4E,-95
2026-08-21 15:55:48.961732,None,59:8A:6A:B9:A9:88,-85
2026-08-21 15:55:50.397124,None,EC:C9:94:55:89:80,-86
2026-08-21 15:55:51.533196,None,F4:3E:88:80:96:6B,-94
2026-08-21 15:55:52.393426,None,DD:F3:7A:09:9F:69,-85
2026-08-21 15:56:05.285422,None,C1:86:DB:8E:73:38,-85
2026-08-21 15:56:33.057421,None,52:B6:84:8F:4B:7C,-94
2026-08-21 15:56:36.892572,Charge 4,F1:D1:F5:5E:21:37,-81
2026-08-21 15:56:40.218064,None,6A:45:4B:CD:0E:C9,-86
2026-08-21 15:56:40.346592,None,6A:45:4B:03:F6:8B,-90
2026-08-21 15:56:44.000163,Platco PR1,B4:CB:B8:1B:D4:50,-85
2026-08-21 15:56:49.505175,None,C3:13:26:8F:31:A4,-94
2026-08-21 15:56:55.894205,None,CB:7D:32:47:57:AF,-79
2026-08-21 15:57:15.766597,None,58:6D:7D:C5:40:D2,-92
2026-08-21 15:58:20.086928,None,46:4B:E0:C9:66:DE,-88
2026-08-21 15:58:40.184021,None,64:B1:F7:2B:D2:9F,-92
2026-08-21 15:58:51.867932,None,7A:C1:A2:97:ED:9C,-90
2026-08-21 15:59:19.876955,None,4F:BD:F5:BD:0D:31,-89
2026-08-21 15:59:24.662273,113685_9C139E7A644C,9C:13:9E:7A:64:4E,-73
2026-08-21 15:59:46.368223,None,42:43:6A:A0:E1:15,-90
2026-08-21 15:59:57.903329,Peak Pro 01502,F0:AD:4E:40:19:D5,-92
2026-08-21 15:59:58.222468,ResMed 223238,E8:E0:7E:34:BB:D4,-87
2026-08-21 16:00:05.419247,None,FB:CE:15:8A:38:F1,-93
2026-08-21 16:00:05.973392,None,D0:74:5A:EB:5A:26,-95
2026-08-21 16:00:08.185453,None,E1:6D:63:17:F5:3D,-98
2026-08-21 16:00:08.255729,None,D6:7F:E3:FD:23:E4,-95
2026-08-21 16:00:09.006786,None,D7:E8:2F:56:1D:78,-93
2026-08-21 16:00:12.178701,None,75:E3:68:74:B0:C0,-96
2026-08-21 16:00:14.619303,None,43:65:A7:20:6B:2D,-90
2026-08-21 16:00:16.072880,None,E3:A1:A5:0D:56:BE,-88
2026-08-21 16:00:26.400084,None,66:7C:DA:49:9B:E1,-82
2026-08-21 16:00:36.160928,None,F7:08:6C:F5:2D:3F,-97
2026-08-21 16:00:42.052565,None,E6:0C:AE:E6:4A:40,-97
2026-08-21 16:01:11.383289,None,DA:55:AE:E8:AE:07,-88
2026-08-21 16:02:19.574645,None,72:FE:CE:A6:12:A9,-95
2026-08-21 16:02:33.114819,None,46:56:C0:48:2A:A7,-84
2026-08-21 16:02:55.052855,MELK-OF21   5C,BE:28:03:00:20:5C,-90
2026-08-21 16:03:03.059040,ELK-BLEDOM05,BE:67:00:12:01:75,-98
2026-08-21 16:03:08.692538,None,70:C6:D5:CD:BD:ED,-97
2026-08-21 16:03:11.972129,None,4B:59:4D:C9:31:6B,-98
2026-08-21 16:03:22.818262,RIOT Plus501B6E,D8:BC:38:50:1B:6E,-96
2026-08-21 16:03:23.842495,None,5C:C1:96:45:17:B5,-94
2026-08-21 16:03:29.730130,None,51:A7:6A:A7:80:0C,-97
2026-08-21 16:03:50.849207,None,78:62:F6:28:8B:91,-92
2026-08-21 16:03:58.964219,20HL39284591421094,48:87:2D:89:79:5D,-97
2026-08-21 16:04:26.838017,EF-D36C0514,A0:85:E3:DE:D2:96,-99
2026-08-21 16:04:27.367052,None,42:93:9A:B0:E4:63,-86
2026-08-21 16:04:40.984860,None,72:6D:2A:D1:E5:B8,-95
2026-08-21 16:04:41.015541,None,55:47:12:F0:6B:32,-94
2026-08-21 16:04:41.404913,None,5E:14:7B:7D:4C:5D,-94
2026-08-21 16:04:55.807197,None,76:72:16:16:2A:40,-104
2026-08-21 16:05:08.124352,Platco PR1,E4:A6:34:CF:38:ED,-97
2026-08-21 16:05:47.375711,None,75:3C:64:3D:4B:14,-99
2026-08-21 16:05:52.699250,None,DD:F3:7A:09:9F:69,-95
2026-08-21 16:06:20.405203,None,E9:DD:0A:6D:06:B8,-95
2026-08-21 16:06:40.688271,Charge 4,F1:D1:F5:5E:21:37,-83
2026-08-21 16:06:43.530315,None,EC:C9:94:55:89:80,-95
2026-08-21 16:06:48.858324,Platco PR1,B4:CB:B8:1B:D4:50,-88
2026-08-21 16:08:20.165365,None,46:4B:E0:C9:66:DE,-93
2026-08-21 16:08:21.484882,None,4D:C3:B2:C8:3A:43,-93
2026-08-21 16:08:34.131120,None,48:2E:AC:29:98:D3,-98
2026-08-21 16:08:44.111931,None,45:AB:2F:8D:1F:36,-96
2026-08-21 16:08:44.205149,None,D6:75:7C:06:8A:30,-98
2026-08-21 16:09:24.727093,113685_9C139E7A644C,9C:13:9E:7A:64:4E,-71
2026-08-21 16:09:46.931089,None,68:7D:92:BF:CB:BB,-105
2026-08-21 16:09:58.077456,Peak Pro 01502,F0:AD:4E:40:19:D5,-87
2026-08-21 16:09:58.290189,ResMed 223238,E8:E0:7E:34:BB:D4,-90
2026-08-21 16:10:07.779874,None,D0:74:5A:EB:5A:26,-94
2026-08-21 16:10:08.369885,None,FB:CE:15:8A:38:F1,-96
2026-08-21 16:10:11.680557,None,E1:6D:63:17:F5:3D,-84
2026-08-21 16:10:12.510579,None,75:E3:68:74:B0:C0,-95
2026-08-21 16:10:13.693637,None,D7:E8:2F:56:1D:78,-96
2026-08-21 16:10:14.650613,None,43:65:A7:20:6B:2D,-98
2026-08-21 16:10:18.362862,None,E3:A1:A5:0D:56:BE,-92
2026-08-21 16:10:26.884357,None,66:7C:DA:49:9B:E1,-97
2026-08-21 16:10:33.228801,None,49:AD:E5:7A:67:58,-86
2026-08-21 16:10:48.812781,None,7A:F0:9C:76:61:0A,-97
2026-08-21 16:10:50.399648,None,ED:A9:B5:60:21:64,-96
2026-08-21 16:11:01.425138,None,57:EA:5C:BF:12:90,-93
2026-08-21 16:11:04.476019,None,D9:0B:0D:8E:1B:88,-95
2026-08-21 16:11:15.083278,None,DA:55:AE:E8:AE:07,-88
2026-08-21 16:11:17.650770,None,F7:08:6C:F5:2D:3F,-99
2026-08-21 16:12:04.467847,None,5A:F3:02:DB:5F:3F,-72
2026-08-21 16:12:04.754673,None,56:C6:77:05:66:15,-95
2026-08-21 16:12:07.669891,None,D6:7F:E3:FD:23:E4,-90
2026-08-21 16:12:11.981567,None,74:32:7E:09:AD:D4,-96
2026-08-21 16:12:21.840244,None,4B:9A:4D:C7:8D:DB,-94
2026-08-21 16:12:23.271640,None,6C:2D:26:51:0E:7E,-96
2026-08-21 16:12:25.754516,None,5B:76:71:D1:CA:82,-94
2026-08-21 16:12:33.128937,None,46:56:C0:48:2A:A7,-81
2026-08-21 16:12:55.113225,MELK-OF21   5C,BE:28:03:00:20:5C,-95
2026-08-21 16:13:23.033042,RIOT Plus501B6E,D8:BC:38:50:1B:6E,-94
2026-08-21 16:13:24.831402,None,E6:0C:AE:E6:4A:40,-98
2026-08-21 16:13:26.186315,None,5E:65:45:8C:FD:7A,-97
2026-08-21 16:13:51.731841,None,78:62:F6:28:8B:91,-92
2026-08-21 16:13:59.239339,20HL39284591421094,48:87:2D:89:79:5D,-95
2026-08-21 16:14:09.589197,None,43:F4:F1:0A:C4:BA,-94
2026-08-21 16:14:28.080762,None,42:93:9A:B0:E4:63,-93
2026-08-21 16:15:02.351711,None,E0:D3:D4:72:E5:FB,-80
2026-08-21 16:15:03.197270,None,C7:2C:9D:C2:D9:59,-76
2026-08-21 16:15:03.963246,None,C3:50:A8:C1:C3:9F,-94
2026-08-21 16:15:05.125342,None,D8:91:E5:9D:6B:BA,-87
2026-08-21 16:15:16.987415,None,76:72:16:16:2A:40,-94
2026-08-21 16:15:33.408352,Platco PR1,E4:A6:34:CF:38:ED,-94
2026-08-21 16:15:37.384779,None,C6:B8:53:D2:54:A9,-101
2026-08-21 16:16:05.712523,None,4E:85:33:33:0A:8C,-91
2026-08-21 16:16:07.424760,None,D8:2C:08:55:E4:60,-87
2026-08-21 16:16:41.656228,Charge 4,F1:D1:F5:5E:21:37,-90
2026-08-21 16:17:03.727316,Platco PR1,B4:CB:B8:1B:D4:50,-84
2026-08-21 16:17:08.364563,None,F0:92:11:A9:07:F4,-99
2026-08-21 16:17:15.133539,None,69:B6:67:60:43:93,-96
2026-08-21 16:17:25.078863,None,CE:B6:F2:13:96:83,-89
2026-08-21 16:17:39.778171,None,FB:61:8E:92:E9:5F,-97
2026-08-21 16:17:42.559046,None,42:C1:E2:34:D5:A0,-98
2026-08-21 16:18:22.712070,Triones-A4C13817BA,A4:C1:38:17:BA:11,-95
2026-08-21 16:18:23.137634,Triones-A4C1381FC9,A4:C1:38:1F:C9:0F,-98
2026-08-21 16:18:30.108088,None,C2:40:8C:F7:E0:2A,-100
2026-08-21 16:19:25.129598,113685_9C139E7A644C,9C:13:9E:7A:64:4E,-65
2026-08-21 16:19:46.837457,None,FA:75:1F:8F:04:D1,-97
2026-08-21 16:19:59.703691,Peak Pro 01502,F0:AD:4E:40:19:D5,-90
2026-08-21 16:19:59.836877,ResMed 223238,E8:E0:7E:34:BB:D4,-88
2026-08-21 16:20:34.989149,None,49:AD:E5:7A:67:58,-85
2026-08-21 16:20:42.038481,None,7B:46:83:77:6E:16,-82
2026-08-21 16:20:49.077261,None,7A:F0:9C:76:61:0A,-91
2026-08-21 16:20:57.663038,None,ED:A9:B5:60:21:64,-95
2026-08-21 16:21:04.729074,None,D9:0B:0D:8E:1B:88,-92
2026-08-21 16:21:18.266645,EF-D36C0514,A0:85:E3:DE:D2:96,-99
2026-08-21 16:21:26.923560,None,57:EA:5C:BF:12:90,-96
2026-08-21 16:22:02.391270,ELK-BLEDOM05,BE:67:00:12:01:75,-97
2026-08-21 16:22:06.736881,None,5A:F3:02:DB:5F:3F,-73
2026-08-21 16:22:06.781867,None,56:C6:77:05:66:15,-90
2026-08-21 16:22:22.858462,None,DA:3B:2D:B7:45:79,-101
2026-08-21 16:22:23.006792,None,4B:9A:4D:C7:8D:DB,-95
2026-08-21 16:22:23.272432,None,6C:2D:26:51:0E:7E,-94
2026-08-21 16:22:28.089049,None,5B:76:71:D1:CA:82,-94
2026-08-21 16:22:35.712582,None,7F:28:89:6F:95:B0,-95
2026-08-21 16:22:43.583322,None,60:98:1A:C0:24:3B,-94
2026-08-21 16:22:44.892918,None,D8:3E:6A:D1:92:7B,-88
2026-08-21 16:22:55.143844,MELK-OF21   5C,BE:28:03:00:20:5C,-90
2026-08-21 16:23:01.615495,None,5A:BF:61:42:B6:2E,-89
2026-08-21 16:23:12.616780,None,61:82:AE:B1:44:B0,-92
2026-08-21 16:23:16.551633,None,7F:EE:07:B9:64:B7,-94
2026-08-21 16:23:27.313000,RIOT Plus501B6E,D8:BC:38:50:1B:6E,-96
2026-08-21 16:23:59.854370,20HL39284591421094,48:87:2D:89:79:5D,-97
2026-08-21 16:24:10.206513,None,43:F4:F1:0A:C4:BA,-98
2026-08-21 16:25:02.456715,JBL Charge 5,D8:37:3B:B9:05:29,-92
2026-08-21 16:25:06.392567,None,E0:D3:D4:72:E5:FB,-83
2026-08-21 16:25:07.970619,None,C7:2C:9D:C2:D9:59,-73
2026-08-21 16:25:09.002973,None,C3:50:A8:C1:C3:9F,-95
2026-08-21 16:25:20.738662,None,D8:91:E5:9D:6B:BA,-92
2026-08-21 16:25:48.286498,None,50:2B:60:5B:E8:CC,-92
2026-08-21 16:25:52.298427,None,7A:21:B7:FD:44:84,-72
2026-08-21 16:25:58.293279,Platco PR1,E4:A6:34:CF:38:ED,-96
2026-08-21 16:25:58.627866,None,C6:B8:53:D2:54:A9,-90
2026-08-21 16:26:05.781633,None,4E:85:33:33:0A:8C,-86
2026-08-21 16:26:17.925584,None,D8:2C:08:55:E4:60,-86
2026-08-21 16:26:30.769668,None,44:B4:B2:1B:78:C8,-100
2026-08-21 16:26:46.691185,Charge 4,F1:D1:F5:5E:21:37,-90
2026-08-21 16:27:08.585226,Platco PR1,B4:CB:B8:1B:D4:50,-86
2026-08-21 16:27:28.582720,None,CE:B6:F2:13:96:83,-86
2026-08-21 16:27:31.517862,None,4C:2F:19:5C:8D:88,-89
2026-08-21 16:27:58.299409,None,61:8B:FE:6B:FA:89,-95
2026-08-21 16:27:59.203100,None,7A:EB:40:39:9B:11,-94
2026-08-21 16:28:00.402875,None,60:1C:4E:CB:8C:4C,-95
2026-08-21 16:28:12.953983,None,E9:E4:1B:E3:18:75,-96
2026-08-21 16:28:41.033781,None,C2:40:8C:F7:E0:2A,-95
2026-08-21 16:28:55.175514,None,42:C1:E2:34:D5:A0,-100
2026-08-21 16:29:25.170117,113685_9C139E7A644C,9C:13:9E:7A:64:4E,-65
2026-08-21 16:29:50.140080,None,4F:71:DB:62:BF:C7,-95
2026-08-21 16:29:59.864450,Peak Pro 01502,F0:AD:4E:40:19:D5,-87
2026-08-21 16:29:59.879704,ResMed 223238,E8:E0:7E:34:BB:D4,-95
2026-08-21 16:30:00.376350,None,C2:C2:37:1E:27:0B,-94
2026-08-21 16:30:04.449072,None,D6:84:77:B7:3D:B6,-93
2026-08-21 16:30:04.608418,None,EE:1F:33:55:8C:AA,-86
2026-08-21 16:30:04.689455,None,FB:84:F6:4D:1F:B7,-94
2026-08-21 16:30:05.153951,None,F8:73:AF:66:A7:56,-74
2026-08-21 16:30:05.882201,None,EA:18:BB:EA:F4:60,-93
2026-08-21 16:30:06.934746,None,D7:0E:01:FF:D0:EB,-93
2026-08-21 16:30:12.780258,None,FE:3D:B9:F0:42:B0,-79
2026-08-21 16:30:13.429638,None,FC:23:DF:8C:2C:72,-95
2026-08-21 16:30:35.289166,None,49:AD:E5:7A:67:58,-85
2026-08-21 16:30:41.287799,None,75:E4:A8:91:8B:82,-90
2026-08-21 16:30:42.301251,None,7B:46:83:77:6E:16,-80
2026-08-21 16:31:08.506737,None,EF:13:60:C4:17:0C,-97
2026-08-21 16:31:20.614102,None,51:75:9F:76:12:5A,-82
2026-08-21 16:31:20.645568,None,6F:A3:E8:E8:3F:DA,-85
2026-08-21 16:31:27.463368,None,63:02:C3:28:AC:47,-94
2026-08-21 16:31:41.930382,None,F8:03:C7:08:82:48,-97
2026-08-21 16:32:09.983398,EF-D36C0514,A0:85:E3:DE:D2:96,-103
2026-08-21 16:32:25.045961,None,EB:1D:8C:25:83:40,-101
2026-08-21 16:32:33.588869,None,DA:3B:2D:B7:45:79,-103
2026-08-21 16:32:54.770460,None,51:E4:C8:84:31:A8,-95
2026-08-21 16:32:55.225288,MELK-OF21   5C,BE:28:03:00:20:5C,-91
2026-08-21 16:33:29.380324,RIOT Plus501B6E,D8:BC:38:50:1B:6E,-94
2026-08-21 16:34:07.191019,20HL39284591421094,48:87:2D:89:79:5D,-100
2026-08-21 16:35:48.321569,None,50:2B:60:5B:E8:CC,-93
2026-08-21 16:35:52.304152,None,7A:21:B7:FD:44:84,-74
2026-08-21 16:36:05.990818,ELK-BLEDOM05,BE:67:00:12:01:75,-98
2026-08-21 16:36:06.358075,None,4E:85:33:33:0A:8C,-92
2026-08-21 16:36:06.642325,None,61:95:12:2D:57:35,-77
2026-08-21 16:36:47.805756,Charge 4,F1:D1:F5:5E:21:37,-81
2026-08-21 16:36:59.016029,None,53:A2:8E:DD:7E:82,-79
2026-08-21 16:37:08.913998,Platco PR1,B4:CB:B8:1B:D4:50,-85
2026-08-21 16:37:14.155293,Platco PR1,E4:A6:34:CF:38:ED,-98
2026-08-21 16:37:15.392719,None,63:C9:35:6C:FE:22,-89
2026-08-21 16:37:34.330035,None,4C:2F:19:5C:8D:88,-98
2026-08-21 16:37:52.421588,None,52:D1:C0:60:DD:79,-94
2026-08-21 16:37:57.989406,None,46:22:8B:4E:7B:86,-97
2026-08-21 16:37:58.566087,None,61:8B:FE:6B:FA:89,-93
2026-08-21 16:38:03.541211,None,60:1C:4E:CB:8C:4C,-93
2026-08-21 16:38:04.001902,None,7A:EB:40:39:9B:11,-92
2026-08-21 16:38:05.738425,None,4D:DE:A1:0D:3B:D2,-92
2026-08-21 16:38:38.666001,None,6C:EE:33:DE:CF:23,-94
2026-08-21 16:38:39.286387,None,66:52:54:C6:61:F7,-97
2026-08-21 16:38:40.148196,None,5B:87:C7:20:79:05,-94
2026-08-21 16:38:55.730615,None,42:C1:E2:34:D5:A0,-97
2026-08-21 16:39:06.366710,None,6D:AE:A4:3D:47:E7,-90
2026-08-21 16:39:07.697130,None,7F:27:7A:90:EA:E8,-93
2026-08-21 16:39:14.633374,None,5A:0A:C5:2B:6A:DD,-97
2026-08-21 16:39:27.109065,113685_9C139E7A644C,9C:13:9E:7A:64:4E,-70
2026-08-21 16:39:38.034385,None,4D:C5:71:EE:DD:A8,-94
2026-08-21 16:39:52.676465,None,D0:9C:5E:A8:EB:34,-94
2026-08-21 16:39:59.909353,Peak Pro 01502,F0:AD:4E:40:19:D5,-87
2026-08-21 16:39:59.937425,ResMed 223238,E8:E0:7E:34:BB:D4,-90
2026-08-21 16:40:06.255067,None,C2:C2:37:1E:27:0B,-94
2026-08-21 16:40:06.403451,None,F8:73:AF:66:A7:56,-73
2026-08-21 16:40:06.982686,None,EE:1F:33:55:8C:AA,-81
2026-08-21 16:40:10.818992,None,D7:0E:01:FF:D0:EB,-95
2026-08-21 16:40:10.957457,None,FB:84:F6:4D:1F:B7,-93
2026-08-21 16:40:12.813746,None,D6:84:77:B7:3D:B6,-90
2026-08-21 16:40:16.307722,None,FE:3D:B9:F0:42:B0,-87
2026-08-21 16:40:20.323868,None,74:22:DF:CE:53:D9,-97
2026-08-21 16:40:33.421342,None,EA:18:BB:EA:F4:60,-93
2026-08-21 16:40:44.470132,None,75:E4:A8:91:8B:82,-91
2026-08-21 16:40:44.962398,None,7B:46:83:77:6E:16,-81
2026-08-21 16:40:48.505376,None,46:04:26:73:EF:DA,-93
2026-08-21 16:41:27.505894,None,63:02:C3:28:AC:47,-94
2026-08-21 16:41:29.019864,None,E5:C7:9C:38:BB:FA,-100
2026-08-21 16:41:35.281664,None,FC:23:DF:8C:2C:72,-96
2026-08-21 16:41:43.810401,None,41:74:93:7F:73:EB,-96
2026-08-21 16:42:20.452199,None,F8:03:C7:08:82:48,-95
2026-08-21 16:42:24.356922,None,63:FE:99:96:D1:73,-92
2026-08-21 16:42:27.356336,None,6F:ED:9B:E9:B5:A6,-93
2026-08-21 16:42:32.341927,None,FC:B0:EE:72:75:D3,-95
2026-08-21 16:42:45.201405,None,4C:2C:12:5E:38:DB,-99
2026-08-21 16:42:55.332756,MELK-OF21   5C,BE:28:03:00:20:5C,-91
2026-08-21 16:42:58.507470,None,51:E4:C8:84:31:A8,-96
2026-08-21 16:43:06.993273,None,4C:A3:89:7F:4D:14,-96
2026-08-21 16:43:30.190734,RIOT Plus501B6E,D8:BC:38:50:1B:6E,-96
2026-08-21 16:44:08.979850,20HL39284591421094,48:87:2D:89:79:5D,-97
2026-08-21 16:44:20.143380,None,EF:13:60:C4:17:0C,-99
2026-08-21 16:44:27.423171,None,54:EB:D2:B0:C7:89,-88
2026-08-21 16:44:38.417702,None,4E:7E:5E:59:D9:DE,-97
2026-08-21 16:44:39.397722,None,73:00:CE:8D:3F:09,-70
2026-08-21 16:44:59.412893,None,53:23:93:30:DE:0C,-96
2026-08-21 16:45:00.033525,None,E4:A9:11:5E:C7:74,-78
2026-08-21 16:45:00.092333,None,78:AD:32:05:81:AC,-95
2026-08-21 16:45:00.108270,None,E7:E9:AC:58:58:63,-94
2026-08-21 16:45:00.156406,None,E9:59:90:91:F3:39,-68
2026-08-21 16:45:00.272553,None,C9:F7:1D:EB:CD:17,-96
2026-08-21 16:45:00.372214,None,DF:DF:D2:AE:5B:09,-93
2026-08-21 16:45:01.217238,None,7F:97:4C:79:A6:CF,-96
2026-08-21 16:45:02.370450,None,DB:E3:7A:B9:31:38,-92
2026-08-21 16:45:06.614390,None,FA:AE:51:2E:AC:7B,-92
2026-08-21 16:45:06.967729,None,CF:FB:BE:40:68:43,-91
2026-08-21 16:45:08.578617,None,EF:BA:FA:AF:B4:E5,-96
2026-08-21 16:45:13.307760,None,64:02:14:DD:EE:F4,-96
2026-08-21 16:46:08.918097,None,61:95:12:2D:57:35,-76
2026-08-21 16:46:48.780980,Charge 4,F1:D1:F5:5E:21:37,-82
2026-08-21 16:46:59.079006,None,53:A2:8E:DD:7E:82,-72
2026-08-21 16:47:07.456451,ELK-BLEDOM05,BE:67:00:12:01:75,-99
2026-08-21 16:47:24.017421,Platco PR1,E4:A6:34:CF:38:ED,-94
2026-08-21 16:47:33.800206,Platco PR1,B4:CB:B8:1B:D4:50,-85
2026-08-21 16:47:42.004367,None,C2:13:CB:E1:FC:47,-102
2026-08-21 16:48:44.411075,None,4D:DE:A1:0D:3B:D2,-97
2026-08-21 16:49:09.517499,None,E8:B6:FA:74:B8:81,-86
2026-08-21 16:49:27.286773,113685_9C139E7A644C,9C:13:9E:7A:64:4E,-65
2026-08-21 16:50:01.235893,Peak Pro 01502,F0:AD:4E:40:19:D5,-90
2026-08-21 16:50:01.272168,ResMed 223238,E8:E0:7E:34:BB:D4,-89
2026-08-21 16:50:04.606218,None,72:A3:4E:10:AE:86,-96
2026-08-21 16:50:12.348170,None,E3:74:36:2A:68:39,-94
2026-08-21 16:50:24.572389,None,74:22:DF:CE:53:D9,-100
2026-08-21 16:50:27.846393,None,37:08:59:75:0C:9F,-91
2026-08-21 16:50:27.873707,None,34:E5:05:9E:70:71,-90
2026-08-21 16:50:30.416278,None,23:EA:4B:3E:FD:EA,-90
2026-08-21 16:50:44.487523,None,75:E4:A8:91:8B:82,-87
2026-08-21 16:50:45.402999,None,7B:46:83:77:6E:16,-89
2026-08-21 16:50:46.044188,None,15:02:53:2B:AB:08,-96
2026-08-21 16:50:48.833896,None,46:04:26:73:EF:DA,-92
2026-08-21 16:51:21.385956,None,67:BA:04:1E:0D:B9,-88
2026-08-21 16:51:45.216291,None,6A:45:4B:03:F6:8B,-89
2026-08-21 16:51:45.456984,None,6A:45:4B:CD:0E:C9,-91
2026-08-21 16:51:46.007790,None,7B:2C:CB:1F:B5:4F,-96
2026-08-21 16:51:49.513986,None,7B:2C:CB:3A:AF:DE,-88
2026-08-21 16:52:45.753727,None,4C:2C:12:5E:38:DB,-86
2026-08-21 16:52:55.396149,MELK-OF21   5C,BE:28:03:00:20:5C,-92
2026-08-21 16:53:06.605801,None,75:09:AD:B4:D8:3A,-76
2026-08-21 16:53:30.972280,RIOT Plus501B6E,D8:BC:38:50:1B:6E,-95
2026-08-21 16:54:00.649232,None,46:22:8B:4E:7B:86,-97
2026-08-21 16:54:13.332357,20HL39284591421094,48:87:2D:89:79:5D,-98
2026-08-21 16:54:39.140395,None,4E:7E:5E:59:D9:DE,-76
2026-08-21 16:54:39.649336,None,73:00:CE:8D:3F:09,-93
2026-08-21 16:54:59.520227,None,53:23:93:30:DE:0C,-94
2026-08-21 16:55:00.554785,None,E9:59:90:91:F3:39,-72
2026-08-21 16:55:02.612343,None,E4:A9:11:5E:C7:74,-81
2026-08-21 16:55:02.789197,None,78:AD:32:05:81:AC,-96
2026-08-21 16:55:06.731246,None,7F:97:4C:79:A6:CF,-94
2026-08-21 16:55:08.346643,None,FA:AE:51:2E:AC:7B,-86
2026-08-21 16:55:08.626051,None,DB:E3:7A:B9:31:38,-92
2026-08-21 16:55:08.902421,None,46:12:A4:47:8C:CD,-93
2026-08-21 16:55:15.800896,None,E7:E9:AC:58:58:63,-95
2026-08-21 16:55:16.431511,None,DF:DF:D2:AE:5B:09,-97
2026-08-21 16:55:16.836736,None,CF:FB:BE:40:68:43,-89
2026-08-21 16:55:22.163504,None,EF:BA:FA:AF:B4:E5,-98
2026-08-21 16:55:48.664755,None,5B:A1:A0:94:BD:DD,-92
2026-08-21 16:56:04.362724,None,55:E1:0C:3B:CC:03,-74
2026-08-21 16:56:25.988047,None,4C:A3:89:7F:4D:14,-96
2026-08-21 16:56:31.776622,None,C9:F7:1D:EB:CD:17,-101
2026-08-21 16:56:52.531931,Charge 4,F1:D1:F5:5E:21:37,-82
2026-08-21 16:56:53.490738,None,64:02:14:DD:EE:F4,-94
2026-08-21 16:57:22.196415,None,4A:C5:1D:7B:07:7D,-81
2026-08-21 16:57:35.417432,None,6C:FF:6C:80:EF:0D,-100
2026-08-21 16:57:38.693853,Platco PR1,B4:CB:B8:1B:D4:50,-87
2026-08-21 16:58:14.384712,Platco PR1,E4:A6:34:CF:38:ED,-94
2026-08-21 16:58:27.492055,None,5F:DD:6F:51:3D:6E,-93
2026-08-21 16:58:27.828171,None,5E:2E:5E:72:34:24,-94
2026-08-21 16:58:28.293553,None,63:05:0F:A1:97:3F,-94
2026-08-21 16:59:09.985602,None,E8:B6:FA:74:B8:81,-89
2026-08-21 16:59:27.348875,113685_9C139E7A644C,9C:13:9E:7A:64:4E,-74
2026-08-21 16:59:49.958437,None,C2:13:CB:E1:FC:47,-100
2026-08-21 16:59:58.743709,Z900,18:7A:93:F7:24:57,-98
2026-08-21 17:00:02.684287,Peak Pro 01502,F0:AD:4E:40:19:D5,-85
2026-08-21 17:00:02.830182,None,D7:10:F3:5E:92:CF,-77
2026-08-21 17:00:02.915642,ResMed 223238,E8:E0:7E:34:BB:D4,-92
2026-08-21 17:00:03.648067,None,F7:27:AB:7A:01:49,-95
2026-08-21 17:00:03.827829,None,73:0E:44:13:E2:0F,-97
2026-08-21 17:00:04.367721,None,C6:73:E3:F9:2C:36,-99
2026-08-21 17:00:04.388948,None,FD:B8:F8:20:CA:73,-92
2026-08-21 17:00:04.499777,None,E1:71:56:56:B7:54,-97
2026-08-21 17:00:04.515945,None,D2:06:73:61:4A:3F,-91
2026-08-21 17:00:04.666560,None,72:A3:4E:10:AE:86,-93
2026-08-21 17:00:05.547884,None,DE:DA:A8:5E:75:EB,-86
2026-08-21 17:00:05.803629,None,CD:3C:E3:03:4B:81,-92
2026-08-21 17:00:07.155605,ELK-BLEDOM05,BE:67:00:12:01:75,-100
2026-08-21 17:00:34.279817,None,74:22:DF:CE:53:D9,-101
2026-08-21 17:00:42.474311,None,73:98:3E:51:99:E4,-97
2026-08-21 17:01:21.568919,None,67:BA:04:1E:0D:B9,-87
2026-08-21 17:01:28.100669,None,46:BC:D6:A7:8F:F1,-92
2026-08-21 17:01:41.342354,None,6F:ED:9B:E9:B5:A6,-89
2026-08-21 17:01:42.281082,None,E8:28:DC:63:2D:3E,-98
2026-08-21 17:01:43.091966,None,18:E4:63:20:C1:C2,-94
2026-08-21 17:01:43.515415,None,23:F9:BB:35:E4:74,-92
2026-08-21 17:01:48.842499,None,65:FB:BB:3B:C9:3E,-100
2026-08-21 17:02:12.859089,None,C8:8F:D4:12:A9:81,-97
2026-08-21 17:02:45.993918,None,4C:2C:12:5E:38:DB,-88
2026-08-21 17:02:55.469370,MELK-OF21   5C,BE:28:03:00:20:5C,-92
2026-08-21 17:02:59.671624,None,42:6C:8C:93:7A:0D,-86
2026-08-21 17:03:00.803316,EF-D36C0514,A0:85:E3:DE:D2:96,-102
2026-08-21 17:03:07.022020,None,75:09:AD:B4:D8:3A,-87
2026-08-21 17:03:34.415783,RIOT Plus501B6E,D8:BC:38:50:1B:6E,-94
2026-08-21 17:03:34.703053,None,75:2B:60:5A:0C:C7,-95
2026-08-21 17:03:37.804713,None,EE:A2:CF:38:A8:9B,-82
2026-08-21 17:04:39.867507,None,7F:F8:1A:53:AF:D7,-93
2026-08-21 17:05:03.113302,None,E4:A9:11:5E:C7:74,-83
2026-08-21 17:05:08.836335,None,4C:36:E1:5A:F8:64,-85
2026-08-21 17:05:09.664537,Apple Pencil,68:DC:55:59:89:AA,-94
2026-08-21 17:05:33.758523,None,46:6E:7C:FD:20:64,-82
2026-08-21 17:05:43.241804,None,CF:E1:6D:E4:C9:39,-86
2026-08-21 17:05:48.922750,None,5B:A1:A0:94:BD:DD,-90
2026-08-21 17:06:01.872294,None,6F:30:62:4D:0E:3D,-92
2026-08-21 17:06:03.820726,None,49:4F:0D:5D:64:F9,-78
2026-08-21 17:06:04.382348,None,55:E1:0C:3B:CC:03,-73
2026-08-21 17:06:20.797060,None,46:FA:2F:0A:47:C0,-83
2026-08-21 17:06:51.616665,None,62:D1:A8:DD:03:A5,-94
2026-08-21 17:06:51.781310,None,2C:E6:BE:F4:A0:8E,-93
2026-08-21 17:06:52.268246,None,02:64:93:B5:52:30,-96
2026-08-21 17:06:53.655446,Charge 4,F1:D1:F5:5E:21:37,-91
2026-08-21 17:06:58.437768,None,7B:61:91:50:30:73,-94
2026-08-21 17:07:23.245892,None,4A:C5:1D:7B:07:7D,-75
2026-08-21 17:07:42.875647,None,6C:FF:6C:80:EF:0D,-97
2026-08-21 17:07:44.007236,Platco PR1,B4:CB:B8:1B:D4:50,-84
2026-08-21 17:08:18.379660,20HL39284591421094,48:87:2D:89:79:5D,-98
2026-08-21 17:08:29.803026,None,63:05:0F:A1:97:3F,-94
2026-08-21 17:08:30.319121,None,5F:DD:6F:51:3D:6E,-95
2026-08-21 17:08:30.571495,None,5E:2E:5E:72:34:24,-97
2026-08-21 17:08:32.101067,None,D3:2F:7F:F3:FE:64,-99
2026-08-21 17:09:27.473063,113685_9C139E7A644C,9C:13:9E:7A:64:4E,-72
2026-08-21 17:09:49.807780,Platco PR1,E4:A6:34:CF:38:ED,-98
2026-08-21 17:10:02.961617,None,54:6F:AE:29:FC:A1,-71
2026-08-21 17:10:03.008176,ResMed 223238,E8:E0:7E:34:BB:D4,-90
2026-08-21 17:10:03.092092,Peak Pro 01502,F0:AD:4E:40:19:D5,-90
2026-08-21 17:10:04.813252,None,E1:71:56:56:B7:54,-93
2026-08-21 17:10:05.257471,None,D7:10:F3:5E:92:CF,-73
2026-08-21 17:10:05.360551,None,FD:B8:F8:20:CA:73,-91
2026-08-21 17:10:09.962371,None,CD:3C:E3:03:4B:81,-84
2026-08-21 17:10:12.628337,None,F7:27:AB:7A:01:49,-95
2026-08-21 17:10:20.066096,None,DE:DA:A8:5E:75:EB,-88
2026-08-21 17:10:37.426698,None,57:73:8C:F2:8C:62,-85
2026-08-21 17:10:38.621811,None,C4:D7:70:70:7D:3B,-92
2026-08-21 17:10:47.347283,None,C6:73:E3:F9:2C:36,-97
2026-08-21 17:10:48.292077,None,43:F5:6F:09:56:00,-91
2026-08-21 17:11:10.347886,None,71:7A:97:EF:B6:98,-95
2026-08-21 17:11:12.697498,None,5E:FA:E6:DE:80:B9,-94
2026-08-21 17:11:13.445308,None,5B:9B:BC:7E:7F:23,-94
2026-08-21 17:11:21.793958,None,55:77:24:6A:39:3D,-93
2026-08-21 17:11:21.867621,None,67:BA:04:1E:0D:B9,-87
2026-08-21 17:11:58.433944,None,43:2A:62:E3:2D:13,-94
2026-08-21 17:12:06.853384,None,E8:28:DC:63:2D:3E,-96
2026-08-21 17:12:10.123998,None,65:FB:BB:3B:C9:3E,-97
2026-08-21 17:12:31.676752,None,C8:8F:D4:12:A9:81,-100
2026-08-21 17:12:49.277411,None,40:A7:EE:2C:42:24,-93
2026-08-21 17:12:55.488649,MELK-OF21   5C,BE:28:03:00:20:5C,-90
2026-08-21 17:12:59.704029,None,42:6C:8C:93:7A:0D,-92
2026-08-21 17:13:41.742364,RIOT Plus501B6E,D8:BC:38:50:1B:6E,-95
2026-08-21 17:13:45.621973,None,45:98:A5:76:90:37,-95
2026-08-21 17:13:48.370657,None,EE:A2:CF:38:A8:9B,-87
2026-08-21 17:13:50.690517,None,EE:AF:2F:C1:AF:80,-93
2026-08-21 17:15:00.645507,None,EC:D5:5A:72:02:F8,-74
2026-08-21 17:15:01.919440,None,F3:CF:A7:0B:EE:41,-96
2026-08-21 17:15:02.404770,None,FB:8C:93:4B:83:B1,-91
2026-08-21 17:15:06.339201,None,CB:04:4C:B9:59:D8,-84
2026-08-21 17:15:06.659942,None,FF:21:4C:B1:CD:AF,-80
2026-08-21 17:15:10.593654,None,E6:06:39:2C:01:B9,-96
2026-08-21 17:15:15.665359,None,FC:95:2A:42:F6:B4,-94
2026-08-21 17:15:38.900061,None,F9:00:58:F0:B4:2A,-78
2026-08-21 17:15:42.049071,None,77:D7:A4:3D:07:28,-95
2026-08-21 17:16:02.574004,None,6F:30:62:4D:0E:3D,-89
2026-08-21 17:16:04.109302,None,49:4F:0D:5D:64:F9,-79
2026-08-21 17:16:05.696379,None,EB:95:94:0F:57:3F,-98
2026-08-21 17:16:16.490242,None,55:F4:36:51:98:EB,-86
2026-08-21 17:16:18.584312,None,D6:E1:04:13:98:3A,-97
2026-08-21 17:16:20.801033,None,46:FA:2F:0A:47:C0,-77
2026-08-21 17:16:54.780967,Charge 4,F1:D1:F5:5E:21:37,-90
2026-08-21 17:16:59.567132,None,7B:61:91:50:30:73,-86
2026-08-21 17:17:23.504415,None,4A:C5:1D:7B:07:7D,-79
2026-08-21 17:17:58.902203,Platco PR1,B4:CB:B8:1B:D4:50,-85
2026-08-21 17:18:17.799873,None,45:B1:A6:80:EF:80,-95
2026-08-21 17:18:40.808131,20HL39284591421094,48:87:2D:89:79:5D,-98
2026-08-21 17:19:28.309422,113685_9C139E7A644C,9C:13:9E:7A:64:4E,-65
2026-08-21 17:19:50.149299,Platco PR1,E4:A6:34:CF:38:ED,-95
2026-08-21 17:19:50.363259,ELK-BLEDOM05,BE:67:00:12:01:75,-99
2026-08-21 17:20:02.962034,None,54:6F:AE:29:FC:A1,-75
2026-08-21 17:20:03.092320,ResMed 223238,E8:E0:7E:34:BB:D4,-89
2026-08-21 17:20:03.223148,Peak Pro 01502,F0:AD:4E:40:19:D5,-89
2026-08-21 17:20:48.301004,None,43:F5:6F:09:56:00,-92
2026-08-21 17:21:10.904229,None,71:7A:97:EF:B6:98,-95
2026-08-21 17:21:13.738943,None,5E:FA:E6:DE:80:B9,-94
2026-08-21 17:21:17.475080,None,5B:9B:BC:7E:7F:23,-96
2026-08-21 17:21:34.817544,None,DA:37:02:59:EB:FE,-98
2026-08-21 17:21:50.393966,None,70:0C:2B:1F:63:09,-95
2026-08-21 17:21:52.664470,None,5E:F2:DE:19:7C:89,-86
2026-08-21 17:21:52.679188,None,70:63:F5:0C:E2:A0,-83
2026-08-21 17:22:12.353432,ISP165B_BLE,C4:C1:03:E0:2C:DC,-91
2026-08-21 17:22:17.615134,None,42:54:BC:4E:82:A4,-102
2026-08-21 17:22:18.135798,None,79:F2:6A:81:B7:EA,-94
2026-08-21 17:22:18.480939,None,6B:DA:AB:B1:F7:DD,-97
2026-08-21 17:22:18.919175,None,47:9F:B5:C9:C0:67,-94
2026-08-21 17:22:31.120470,None,64:13:85:80:9D:07,-79
2026-08-21 17:22:42.504023,EF-D36C0514,A0:85:E3:DE:D2:96,-101
2026-08-21 17:22:49.570598,None,40:A7:EE:2C:42:24,-88
2026-08-21 17:22:55.625311,MELK-OF21   5C,BE:28:03:00:20:5C,-89
2026-08-21 17:23:00.037472,None,42:6C:8C:93:7A:0D,-87
2026-08-21 17:23:42.567288,RIOT Plus501B6E,D8:BC:38:50:1B:6E,-94
2026-08-21 17:23:56.419489,None,7E:1F:E9:B7:E1:2C,-73
2026-08-21 17:24:49.118220,None,70:2D:49:69:11:A1,-93
2026-08-21 17:25:02.009099,None,EC:D5:5A:72:02:F8,-84
2026-08-21 17:25:03.350556,None,FB:8C:93:4B:83:B1,-91
2026-08-21 17:25:07.387841,None,FF:21:4C:B1:CD:AF,-77
2026-08-21 17:25:08.146993,None,CB:04:4C:B9:59:D8,-93
2026-08-21 17:25:08.935390,None,EE:AD:30:E9:44:90,-95
2026-08-21 17:25:14.247340,None,E6:06:39:2C:01:B9,-95
2026-08-21 17:25:16.196805,None,FC:95:2A:42:F6:B4,-94
2026-08-21 17:25:42.391554,None,F9:00:58:F0:B4:2A,-81
2026-08-21 17:25:45.907164,None,48:BA:D7:FC:BB:9B,-96
2026-08-21 17:25:49.891897,None,F3:CF:A7:0B:EE:41,-93
2026-08-21 17:25:50.171176,None,7F:21:9A:5C:24:36,-91
2026-08-21 17:26:20.913520,None,46:FA:2F:0A:47:C0,-69
2026-08-21 17:26:42.470827,None,69:BE:89:A0:89:2C,-70
2026-08-21 17:26:57.067831,Charge 4,F1:D1:F5:5E:21:37,-82
2026-08-21 17:26:59.718107,None,7B:61:91:50:30:73,-91
2026-08-21 17:27:08.282629,None,71:50:88:71:BE:3C,-77
2026-08-21 17:27:31.557460,None,EB:95:94:0F:57:3F,-97
2026-08-21 17:28:41.336696,20HL39284591421094,48:87:2D:89:79:5D,-100
2026-08-21 17:28:59.276896,Platco PR1,B4:CB:B8:1B:D4:50,-89
2026-08-21 17:29:08.361166,None,D6:E1:04:13:98:3A,-97
2026-08-21 17:29:28.971677,113685_9C139E7A644C,9C:13:9E:7A:64:4E,-81
2026-08-21 17:30:00.247547,None,DA:CF:F5:5B:69:F9,-90
2026-08-21 17:30:00.437969,None,F4:B0:46:91:C1:2E,-90
2026-08-21 17:30:02.952856,None,E9:13:ED:E4:16:1B,-86
2026-08-21 17:30:03.155978,ResMed 223238,E8:E0:7E:34:BB:D4,-95
2026-08-21 17:30:03.892079,Peak Pro 01502,F0:AD:4E:40:19:D5,-101
2026-08-21 17:30:04.370696,None,C9:7C:07:3E:34:53,-96
2026-08-21 17:30:04.992411,Platco PR1,E4:A6:34:CF:38:ED,-95
2026-08-21 17:30:06.426281,None,E4:3F:4C:94:E0:3D,-93
2026-08-21 17:30:06.486740,None,C9:C1:56:E0:90:98,-94
2026-08-21 17:30:23.667129,None,CA:E6:E0:F4:A4:A2,-96
2026-08-21 17:30:33.513886,None,D4:4B:E0:10:84:39,-70
2026-08-21 17:30:37.872898,None,D6:5D:44:FD:39:F8,-78
2026-08-21 17:30:45.634129,None,53:00:5D:31:97:1F,-99
2026-08-21 17:31:07.637846,None,7B:DC:F0:1F:F5:0D,-100
2026-08-21 17:31:52.902184,None,5E:F2:DE:19:7C:89,-82
2026-08-21 17:31:55.987215,None,70:63:F5:0C:E2:A0,-83
2026-08-21 17:32:06.977306,None,EA:D2:FD:4D:C0:07,-97
2026-08-21 17:32:09.355616,None,5D:D3:1F:67:F6:66,-88
2026-08-21 17:32:11.483876,None,D1:A7:21:BC:AC:33,-96
2026-08-21 17:32:19.819045,None,79:F2:6A:81:B7:EA,-94
2026-08-21 17:32:19.862706,None,47:9F:B5:C9:C0:67,-94
2026-08-21 17:32:20.106222,None,6B:DA:AB:B1:F7:DD,-93
2026-08-21 17:32:31.412663,None,64:13:85:80:9D:07,-84
2026-08-21 17:32:41.020463,None,42:54:BC:4E:82:A4,-97
2026-08-21 17:32:48.562298,EF-D36C0514,A0:85:E3:DE:D2:96,-101
2026-08-21 17:32:52.080666,None,40:A7:EE:2C:42:24,-80
2026-08-21 17:32:55.885572,MELK-OF21   5C,BE:28:03:00:20:5C,-92
2026-08-21 17:33:12.781852,None,5B:E4:D6:CE:E9:9F,-96
2026-08-21 17:33:15.183123,None,41:9E:37:53:F8:8A,-96
2026-08-21 17:33:15.705802,None,49:3A:F2:7C:3B:C7,-95
2026-08-21 17:33:43.687822,RIOT Plus501B6E,D8:BC:38:50:1B:6E,-97
2026-08-21 17:33:50.776989,None,40:C1:B1:7B:DE:AB,-88
2026-08-21 17:33:56.510818,None,7E:1F:E9:B7:E1:2C,-89
2026-08-21 17:33:58.671133,None,D0:61:52:1A:8D:67,-94
2026-08-21 17:34:32.982204,None,6B:82:8D:C5:26:6A,-98
2026-08-21 17:35:31.145796,ISP165B_BLE,C4:C1:03:E0:2C:DC,-94
2026-08-21 17:35:46.371059,None,48:BA:D7:FC:BB:9B,-95
2026-08-21 17:35:50.222117,None,7F:21:9A:5C:24:36,-88
2026-08-21 17:35:56.602008,None,61:8D:DD:EA:3A:F1,-95
2026-08-21 17:36:42.666604,None,69:BE:89:A0:89:2C,-71
2026-08-21 17:37:00.797714,Charge 4,F1:D1:F5:5E:21:37,-89
2026-08-21 17:38:55.702044,20HL39284591421094,48:87:2D:89:79:5D,-96
2026-08-21 17:39:04.238895,Platco PR1,B4:CB:B8:1B:D4:50,-85
2026-08-21 17:39:25.430262,None,04:B1:39:49:00:7F,-96
2026-08-21 17:39:29.099727,113685_9C139E7A644C,9C:13:9E:7A:64:4E,-65
2026-08-21 17:39:29.147984,None,69:54:BF:5E:BE:3C,-95
2026-08-21 17:39:50.471035,None,7B:05:BE:62:04:F8,-81
2026-08-21 17:40:03.212722,None,E9:13:ED:E4:16:1B,-72
2026-08-21 17:40:03.263791,ResMed 223238,E8:E0:7E:34:BB:D4,-86
2026-08-21 17:40:04.777379,Peak Pro 01502,F0:AD:4E:40:19:D5,-96
2026-08-21 17:40:05.859648,None,DA:CF:F5:5B:69:F9,-94
2026-08-21 17:40:06.469270,None,E4:3F:4C:94:E0:3D,-87
2026-08-21 17:40:07.760923,None,6F:49:A0:80:C7:ED,-91
2026-08-21 17:40:14.010480,None,F4:B0:46:91:C1:2E,-96
2026-08-21 17:40:14.262125,None,C9:C1:56:E0:90:98,-98
2026-08-21 17:40:27.480036,None,CA:E6:E0:F4:A4:A2,-96
2026-08-21 17:40:32.025829,None,C9:7C:07:3E:34:53,-98
2026-08-21 17:40:34.874484,Platco PR1,E4:A6:34:CF:38:ED,-96
2026-08-21 17:40:38.359263,None,D6:5D:44:FD:39:F8,-86
2026-08-21 17:40:41.158475,None,D4:4B:E0:10:84:39,-74
2026-08-21 17:40:47.493045,None,53:00:5D:31:97:1F,-90
2026-08-21 17:40:48.564796,None,7A:47:F6:79:E3:41,-89
2026-08-21 17:41:53.176149,None,5E:F2:DE:19:7C:89,-88
2026-08-21 17:41:57.506749,None,70:63:F5:0C:E2:A0,-88
2026-08-21 17:42:11.175775,None,5D:D3:1F:67:F6:66,-91
2026-08-21 17:42:11.648091,None,7D:09:6D:26:52:82,-91
2026-08-21 17:42:25.570177,None,5A:44:D1:77:B8:2B,-96
2026-08-21 17:42:26.442268,None,EA:D2:FD:4D:C0:07,-99
2026-08-21 17:42:31.611444,None,64:13:85:80:9D:07,-78
2026-08-21 17:42:45.103670,None,42:54:BC:4E:82:A4,-94
2026-08-21 17:42:53.779782,None,52:4F:C0:5E:5C:DB,-91
2026-08-21 17:42:53.833642,None,58:08:7B:6A:D9:38,-89
2026-08-21 17:42:56.037972,MELK-OF21   5C,BE:28:03:00:20:5C,-92
2026-08-21 17:43:14.277736,None,5B:E4:D6:CE:E9:9F,-96
2026-08-21 17:43:15.622661,None,41:9E:37:53:F8:8A,-94
2026-08-21 17:43:17.280520,None,49:3A:F2:7C:3B:C7,-94
2026-08-21 17:43:50.336516,RIOT Plus501B6E,D8:BC:38:50:1B:6E,-92
2026-08-21 17:43:50.812547,None,40:C1:B1:7B:DE:AB,-84
2026-08-21 17:45:00.243940,None,F0:1D:CD:2F:F7:16,-83
2026-08-21 17:45:00.264739,None,78:76:CB:DF:E8:74,-78
2026-08-21 17:45:00.438090,None,C9:72:B0:62:89:37,-93
2026-08-21 17:45:00.738256,None,E5:1D:BA:39:09:B1,-92
2026-08-21 17:45:00.907660,None,D2:11:AB:A1:19:33,-81
2026-08-21 17:45:02.401640,None,E4:AF:56:3F:6D:D3,-90
2026-08-21 17:45:06.487372,None,DE:54:E6:0D:51:C9,-96
2026-08-21 17:45:06.724726,None,F8:8F:04:1A:A0:C6,-89
2026-08-21 17:45:07.630410,None,4C:99:C8:B5:A4:EA,-78
2026-08-21 17:45:07.657645,None,EE:47:F7:1E:80:E9,-87
2026-08-21 17:45:18.424111,ELK-BLEDOM05,BE:67:00:12:01:75,-101
2026-08-21 17:45:36.639481,None,EA:BE:97:70:0C:52,-95
2026-08-21 17:45:45.932977,None,6B:82:8D:C5:26:6A,-98
2026-08-21 17:45:49.252182,None,4E:94:1F:3E:55:52,-94
2026-08-21 17:45:49.283956,None,79:9F:CE:93:D5:FE,-95
2026-08-21 17:45:49.346474,None,48:76:15:45:F6:FB,-93
2026-08-21 17:45:57.212264,None,61:8D:DD:EA:3A:F1,-88
2026-08-21 17:46:43.352643,None,69:BE:89:A0:89:2C,-76
2026-08-21 17:47:01.796538,Charge 4,F1:D1:F5:5E:21:37,-87
2026-08-21 17:47:03.257214,None,41:F4:2B:EB:65:0E,-83
2026-08-21 17:47:11.537405,None,55:C1:4F:30:8E:73,-100
2026-08-21 17:47:24.813493,None,FC:26:35:78:FA:33,-98
2026-08-21 17:47:51.163448,None,62:63:2B:90:DC:52,-96
2026-08-21 17:48:27.606379,None,C2:C3:93:43:4A:30,-101
2026-08-21 17:49:03.907643,20HL39284591421094,48:87:2D:89:79:5D,-96
2026-08-21 17:49:23.599021,None,49:8E:5F:E0:B7:BE,-99
2026-08-21 17:49:24.511822,Platco PR1,B4:CB:B8:1B:D4:50,-83
2026-08-21 17:49:29.504851,113685_9C139E7A644C,9C:13:9E:7A:64:4E,-65
2026-08-21 17:49:51.083975,None,7B:05:BE:62:04:F8,-66
2026-08-21 17:50:04.752951,ResMed 223238,E8:E0:7E:34:BB:D4,-84
2026-08-21 17:50:04.982759,Peak Pro 01502,F0:AD:4E:40:19:D5,-92
2026-08-21 17:50:35.203912,Platco PR1,E4:A6:34:CF:38:ED,-96
2026-08-21 17:50:49.070273,None,7A:47:F6:79:E3:41,-89
2026-08-21 17:51:22.880071,None,4A:96:81:64:BB:C1,-94
2026-08-21 17:51:57.454314,None,7D:A7:1C:5D:71:AC,-88
2026-08-21 17:52:11.718131,4,7D:81:9F:12:3C:F3,-94
2026-08-21 17:52:32.417768,None,64:13:85:80:9D:07,-86
2026-08-21 17:52:53.804411,None,52:4F:C0:5E:5C:DB,-86
2026-08-21 17:52:56.146650,MELK-OF21   5C,BE:28:03:00:20:5C,-92
2026-08-21 17:53:03.094949,None,58:08:7B:6A:D9:38,-84
2026-08-21 17:53:50.922825,None,40:C1:B1:7B:DE:AB,-87
2026-08-21 17:53:52.566511,RIOT Plus501B6E,D8:BC:38:50:1B:6E,-93
2026-08-21 17:55:02.084512,None,F0:1D:CD:2F:F7:16,-92
2026-08-21 17:55:02.501688,None,C9:72:B0:62:89:37,-89
2026-08-21 17:55:02.649156,None,D2:11:AB:A1:19:33,-78
2026-08-21 17:55:04.239120,None,65:1F:5E:C3:99:40,-70
2026-08-21 17:55:08.403364,None,EE:47:F7:1E:80:E9,-90
2026-08-21 17:55:09.738695,None,E4:AF:56:3F:6D:D3,-95
2026-08-21 17:55:10.011805,None,F8:8F:04:1A:A0:C6,-96
2026-08-21 17:55:16.700355,None,DE:54:E6:0D:51:C9,-95
2026-08-21 17:55:30.798743,None,E5:1D:BA:39:09:B1,-93
2026-08-21 17:55:32.618958,ELK-BLEDOM05,BE:67:00:12:01:75,-97
2026-08-21 17:55:39.547534,None,EA:BE:97:70:0C:52,-92
2026-08-21 17:55:49.827974,None,4E:94:1F:3E:55:52,-92
2026-08-21 17:55:49.992164,None,64:6E:66:60:55:73,-88
2026-08-21 17:55:51.894119,None,F8:FB:90:D3:E7:96,-96
2026-08-21 17:55:51.997392,None,48:76:15:45:F6:FB,-95
2026-08-21 17:55:59.434565,None,5E:CA:48:72:F2:C5,-86
2026-08-21 17:56:00.899371,None,79:9F:CE:93:D5:FE,-93
2026-08-21 17:56:27.498940,None,5A:45:DC:91:9A:2F,-85
2026-08-21 17:57:02.935675,Charge 4,F1:D1:F5:5E:21:37,-88
2026-08-21 17:57:03.395030,None,41:F4:2B:EB:65:0E,-82
2026-08-21 17:57:15.114283,None,55:C1:4F:30:8E:73,-99
2026-08-21 17:57:38.521356,None,FC:26:35:78:FA:33,-98
2026-08-21 17:58:28.469384,None,62:63:2B:90:DC:52,-93
2026-08-21 17:59:29.377866,Platco PR1,B4:CB:B8:1B:D4:50,-82
2026-08-21 17:59:29.681913,113685_9C139E7A644C,9C:13:9E:7A:64:4E,-74
2026-08-21 17:59:30.428533,20HL39284591421094,48:87:2D:89:79:5D,-98
2026-08-21 17:59:32.234822,None,63:AB:E0:F9:C5:33,-96
2026-08-21 18:00:00.674821,None,EB:2B:59:20:57:10,-92
2026-08-21 18:00:04.981864,None,EC:06:B0:C3:85:67,-83
2026-08-21 18:00:05.131644,ResMed 223238,E8:E0:7E:34:BB:D4,-92
2026-08-21 18:00:05.171116,Peak Pro 01502,F0:AD:4E:40:19:D5,-84
2026-08-21 18:00:06.314890,None,E9:1F:93:39:9E:31,-91
2026-08-21 18:00:06.419131,None,C9:63:1C:1D:FB:94,-89
2026-08-21 18:00:06.786112,None,F9:D8:CD:2C:DE:54,-94
2026-08-21 18:00:19.802959,None,DA:86:D9:31:78:CD,-77
2026-08-21 18:00:28.554359,None,FD:2C:9A:D8:29:8F,-98
2026-08-21 18:00:55.895017,None,FC:3B:D1:1B:D8:80,-95
2026-08-21 18:01:23.232735,None,4A:96:81:64:BB:C1,-89
2026-08-21 18:01:32.318079,EF-D36C0514,A0:85:E3:DE:D2:96,-100
2026-08-21 18:01:45.593068,Platco PR1,E4:A6:34:CF:38:ED,-95
2026-08-21 18:01:59.468146,None,7D:A7:1C:5D:71:AC,-95
2026-08-21 18:02:54.659534,None,52:4F:C0:5E:5C:DB,-91
2026-08-21 18:02:56.169734,MELK-OF21   5C,BE:28:03:00:20:5C,-93
2026-08-21 18:03:04.471268,None,58:08:7B:6A:D9:38,-91
2026-08-21 18:03:20.138695,None,7A:60:6C:33:90:7F,-90
2026-08-21 18:03:20.146427,None,77:41:BE:A0:AD:AA,-92
2026-08-21 18:03:51.929455,None,55:B1:95:A9:EB:21,-93
2026-08-21 18:03:55.055037,RIOT Plus501B6E,D8:BC:38:50:1B:6E,-95
2026-08-21 18:04:07.781754,None,7F:49:80:D1:79:79,-97
2026-08-21 18:04:08.350750,None,50:7E:C3:FA:3C:B5,-95
2026-08-21 18:04:13.782690,None,54:47:07:AF:FF:5F,-94
2026-08-21 18:04:30.177214,None,C4:5E:13:91:22:68,-86
2026-08-21 18:05:04.294153,None,65:1F:5E:C3:99:40,-67
2026-08-21 18:05:38.666933,None,59:95:D3:E9:FB:50,-98
2026-08-21 18:05:50.917051,None,64:6E:66:60:55:73,-88
2026-08-21 18:05:59.613437,None,5E:CA:48:72:F2:C5,-89
2026-08-21 18:06:13.310387,None,F0:58:B0:7A:CD:BE,-100
2026-08-21 18:06:15.330680,None,F5:8F:09:C5:90:B6,-98
2026-08-21 18:06:27.643385,None,5A:45:DC:91:9A:2F,-87
2026-08-21 18:07:03.491412,None,41:F4:2B:EB:65:0E,-75
2026-08-21 18:07:10.522542,Charge 4,F1:D1:F5:5E:21:37,-81
2026-08-21 18:07:17.415738,None,55:C1:4F:30:8E:73,-101
2026-08-21 18:07:22.987509,None,64:9A:70:94:E5:CB,-65
2026-08-21 18:07:27.674024,None,65:5E:E0:83:1B:49,-74
2026-08-21 18:09:29.962750,113685_9C139E7A644C,9C:13:9E:7A:64:4E,-69
2026-08-21 18:09:31.123944,20HL39284591421094,48:87:2D:89:79:5D,-96
2026-08-21 18:09:34.234225,Platco PR1,B4:CB:B8:1B:D4:50,-82
2026-08-21 18:10:02.011432,None,EB:2B:59:20:57:10,-87
2026-08-21 18:10:05.213771,ResMed 223238,E8:E0:7E:34:BB:D4,-84
2026-08-21 18:10:05.377029,Peak Pro 01502,F0:AD:4E:40:19:D5,-84
2026-08-21 18:10:13.390347,None,EC:06:B0:C3:85:67,-86
2026-08-21 18:10:14.825023,None,E9:1F:93:39:9E:31,-89
2026-08-21 18:10:15.280050,None,F9:D8:CD:2C:DE:54,-95
2026-08-21 18:10:19.947055,None,DA:86:D9:31:78:CD,-74
2026-08-21 18:10:22.394049,None,C9:63:1C:1D:FB:94,-89
2026-08-21 18:10:34.686247,None,FD:2C:9A:D8:29:8F,-91
2026-08-21 18:10:48.727663,None,6A:F8:60:20:C0:82,-89
2026-08-21 18:11:21.407796,None,5C:88:6A:8D:79:D1,-89
2026-08-21 18:11:26.900202,None,FC:3B:D1:1B:D8:80,-96
2026-08-21 18:11:55.433951,Platco PR1,E4:A6:34:CF:38:ED,-96
2026-08-21 18:12:20.323891,EF-D36C0514,A0:85:E3:DE:D2:96,-98
2026-08-21 18:12:30.861032,ELK-BLEDOM05,BE:67:00:12:01:75,-101
2026-08-21 18:12:56.177126,MELK-OF21   5C,BE:28:03:00:20:5C,-91
2026-08-21 18:13:20.419394,None,7A:60:6C:33:90:7F,-85
2026-08-21 18:13:23.780271,None,77:41:BE:A0:AD:AA,-91
2026-08-21 18:13:24.132887,None,59:26:D5:53:07:CB,-97
2026-08-21 18:13:53.368541,None,55:B1:95:A9:EB:21,-92
2026-08-21 18:13:55.250243,RIOT Plus501B6E,D8:BC:38:50:1B:6E,-94
2026-08-21 18:14:10.606220,None,50:7E:C3:FA:3C:B5,-93
2026-08-21 18:14:13.963734,None,54:47:07:AF:FF:5F,-93
2026-08-21 18:14:16.589692,None,7F:49:80:D1:79:79,-94
2026-08-21 18:14:31.622340,None,C4:5E:13:91:22:68,-86
2026-08-21 18:15:03.249927,None,C0:09:B5:58:6D:25,-83
2026-08-21 18:15:04.230820,None,D3:5A:7A:AF:86:8C,-90
2026-08-21 18:15:04.399581,None,EA:40:75:28:6F:09,-89
2026-08-21 18:15:06.504008,None,EC:B5:6A:5F:1B:CD,-98
2026-08-21 18:15:06.934472,None,F7:B3:BB:9A:DE:91,-94
2026-08-21 18:15:09.327754,None,E8:22:7C:29:3F:32,-95
2026-08-21 18:15:12.650849,None,7B:5F:97:99:52:1C,-92
2026-08-21 18:15:25.311003,None,63:AB:E0:F9:C5:33,-96
2026-08-21 18:15:33.662304,None,D7:B8:A1:57:BD:7D,-89
2026-08-21 18:15:59.806773,None,5E:CA:48:72:F2:C5,-82
2026-08-21 18:16:00.149502,None,EE:E5:12:00:A4:89,-74
2026-08-21 18:16:00.897328,None,4A:F1:4C:5F:5F:EC,-95
2026-08-21 18:16:02.371799,None,49:BF:51:22:92:51,-93
2026-08-21 18:16:06.166067,None,5C:5A:CF:38:3B:85,-92
2026-08-21 18:16:28.389886,None,5A:45:DC:91:9A:2F,-86
2026-08-21 18:17:11.494340,Charge 4,F1:D1:F5:5E:21:37,-96
2026-08-21 18:17:23.397671,None,64:9A:70:94:E5:CB,-76
2026-08-21 18:17:30.417280,None,65:5E:E0:83:1B:49,-74
2026-08-21 18:18:37.484435,None,44:03:28:B2:98:BE,-89
2026-08-21 18:19:06.496714,None,62:78:E5:0D:4F:31,-85
2026-08-21 18:19:30.319797,113685_9C139E7A644C,9C:13:9E:7A:64:4E,-64
2026-08-21 18:19:32.470322,20HL39284591421094,48:87:2D:89:79:5D,-97
2026-08-21 18:20:05.438749,ResMed 223238,E8:E0:7E:34:BB:D4,-91
2026-08-21 18:20:06.017443,Peak Pro 01502,F0:AD:4E:40:19:D5,-96
2026-08-21 18:20:09.589963,Platco PR1,B4:CB:B8:1B:D4:50,-81
2026-08-21 18:20:13.959504,None,26:0D:CA:9A:3C:0A,-96
2026-08-21 18:20:48.757473,None,6A:F8:60:20:C0:82,-89
2026-08-21 18:21:23.304021,None,5C:88:6A:8D:79:D1,-84
2026-08-21 18:21:55.450718,None,C8:CE:1C:80:D6:AB,-96
2026-08-21 18:22:00.311841,Platco PR1,E4:A6:34:CF:38:ED,-100
2026-08-21 18:22:20.486787,EF-D36C0514,A0:85:E3:DE:D2:96,-99
2026-08-21 18:22:50.059919,None,68:88:AC:CD:97:58,-92
2026-08-21 18:22:56.228456,MELK-OF21   5C,BE:28:03:00:20:5C,-92
2026-08-21 18:23:20.887254,None,7A:60:6C:33:90:7F,-86
2026-08-21 18:23:24.860286,None,44:6B:C6:A5:07:DE,-85
2026-08-21 18:23:24.878870,None,77:EF:BF:CF:B2:2B,-81
2026-08-21 18:24:00.416036,RIOT Plus501B6E,D8:BC:38:50:1B:6E,-97
2026-08-21 18:24:39.103788,None,59:26:D5:53:07:CB,-97
2026-08-21 18:25:03.262348,None,C0:09:B5:58:6D:25,-84
2026-08-21 18:25:05.175191,None,D3:5A:7A:AF:86:8C,-87
2026-08-21 18:25:10.322431,None,EC:B5:6A:5F:1B:CD,-91
2026-08-21 18:25:11.707019,None,EA:40:75:28:6F:09,-95
2026-08-21 18:25:12.445827,None,F7:B3:BB:9A:DE:91,-96
2026-08-21 18:25:12.719076,None,E8:22:7C:29:3F:32,-97
2026-08-21 18:25:14.644945,None,61:51:5B:8F:04:FA,-80
2026-08-21 18:25:35.292708,None,D7:B8:A1:57:BD:7D,-86
2026-08-21 18:25:48.738873,None,43:92:A4:E4:F9:0B,-89
2026-08-21 18:26:02.045709,None,4A:F1:4C:5F:5F:EC,-95
2026-08-21 18:26:03.797424,None,EE:E5:12:00:A4:89,-76
2026-08-21 18:26:06.828763,None,49:BF:51:22:92:51,-95
2026-08-21 18:26:07.400052,None,5C:5A:CF:38:3B:85,-94
2026-08-21 18:26:28.452573,None,5A:45:DC:91:9A:2F,-77
2026-08-21 18:26:57.961100,None,C8:26:0C:8D:66:10,-100
2026-08-21 18:27:07.849089,None,F4:F0:CA:8E:10:2D,-100
2026-08-21 18:27:13.965570,Charge 4,F1:D1:F5:5E:21:37,-80
2026-08-21 18:27:32.205251,None,65:5E:E0:83:1B:49,-76
2026-08-21 18:27:50.756950,None,50:51:1D:FC:D9:FF,-80
2026-08-21 18:28:09.200062,None,5D:F8:EE:44:B4:76,-77
2026-08-21 18:28:38.360332,None,44:03:28:B2:98:BE,-96
2026-08-21 18:28:43.544801,None,73:95:E3:A5:06:E4,-94
2026-08-21 18:28:43.758198,ELK-BLEDOM05,BE:67:00:12:01:75,-98
2026-08-21 18:28:45.311006,None,5D:3B:F5:26:B5:47,-93
2026-08-21 18:28:45.411625,None,49:47:F1:30:B2:CD,-95
2026-08-21 18:29:06.739244,None,62:78:E5:0D:4F:31,-84
2026-08-21 18:29:32.538670,113685_9C139E7A644C,9C:13:9E:7A:64:4E,-75
2026-08-21 18:29:33.520607,20HL39284591421094,48:87:2D:89:79:5D,-96
2026-08-21 18:30:00.749687,None,EF:AC:B9:F0:97:AC,-90
2026-08-21 18:30:04.393380,None,F3:4E:B2:90:61:48,-88
2026-08-21 18:30:04.769646,None,E5:51:16:A7:A3:26,-95
2026-08-21 18:30:05.173671,None,D0:3F:31:F5:27:83,-73
2026-08-21 18:30:05.406807,None,D6:F7:88:51:8C:CE,-84
2026-08-21 18:30:05.515706,ResMed 223238,E8:E0:7E:34:BB:D4,-91
2026-08-21 18:30:07.689424,Peak Pro 01502,F0:AD:4E:40:19:D5,-84
2026-08-21 18:30:18.906447,None,40:1A:F6:E3:63:AD,-100
2026-08-21 18:30:19.338781,None,49:C4:3A:E6:51:D6,-98
2026-08-21 18:30:19.473816,Platco PR1,B4:CB:B8:1B:D4:50,-88
2026-08-21 18:30:22.376239,None,E1:40:C7:E7:24:8C,-86
2026-08-21 18:30:23.114437,None,D6:3E:E2:EF:45:0D,-103
2026-08-21 18:30:24.492268,None,FC:12:23:64:19:05,-95
2026-08-21 18:31:22.808575,None,C0:10:1F:23:A6:BC,-92
2026-08-21 18:31:25.472493,None,5C:88:6A:8D:79:D1,-83
2026-08-21 18:31:43.356172,None,C0:EF:E7:82:D9:EC,-100
2026-08-21 18:31:55.963949,None,79:F5:34:A2:99:9F,-100
2026-08-21 18:32:04.405037,None,40:DD:FC:72:32:96,-84
2026-08-21 18:32:30.762272,Platco PR1,E4:A6:34:CF:38:ED,-98
2026-08-21 18:32:56.264310,MELK-OF21   5C,BE:28:03:00:20:5C,-91
2026-08-21 18:33:22.877889,EF-D36C0514,A0:85:E3:DE:D2:96,-98
2026-08-21 18:33:27.303671,None,44:6B:C6:A5:07:DE,-96
2026-08-21 18:33:36.938942,None,77:EF:BF:CF:B2:2B,-87
2026-08-21 18:34:06.403939,RIOT Plus501B6E,D8:BC:38:50:1B:6E,-93
2026-08-21 18:35:14.861518,None,61:51:5B:8F:04:FA,-70
2026-08-21 18:35:48.822920,None,43:92:A4:E4:F9:0B,-89
2026-08-21 18:37:18.691182,None,7B:45:93:0B:53:4F,-72
2026-08-21 18:37:18.938942,Charge 4,F1:D1:F5:5E:21:37,-83
2026-08-21 18:37:35.265897,None,5B:7F:71:D2:87:8C,-78
2026-08-21 18:37:35.281379,None,45:80:70:44:34:85,-83
2026-08-21 18:37:51.078766,None,50:51:1D:FC:D9:FF,-84
2026-08-21 18:37:55.078506,None,6C:08:46:92:AE:92,-89
2026-08-21 18:38:09.239262,None,5D:F8:EE:44:B4:76,-78
2026-08-21 18:38:44.203991,None,73:95:E3:A5:06:E4,-97
2026-08-21 18:38:46.130178,None,5D:3B:F5:26:B5:47,-93
2026-08-21 18:38:46.453049,None,49:47:F1:30:B2:CD,-96
2026-08-21 18:39:06.754949,None,62:78:E5:0D:4F:31,-82
2026-08-21 18:39:32.576053,113685_9C139E7A644C,9C:13:9E:7A:64:4E,-75
2026-08-21 18:39:41.467604,None,FA:09:C0:2F:87:4E,-98
2026-08-21 18:39:58.156244,20HL39284591421094,48:87:2D:89:79:5D,-96
2026-08-21 18:40:01.716073,None,EF:AC:B9:F0:97:AC,-77
2026-08-21 18:40:05.606377,ResMed 223238,E8:E0:7E:34:BB:D4,-85
2026-08-21 18:40:07.869773,Peak Pro 01502,F0:AD:4E:40:19:D5,-85
2026-08-21 18:40:08.807596,None,D0:3F:31:F5:27:83,-77
2026-08-21 18:40:09.055275,None,D6:F7:88:51:8C:CE,-97
2026-08-21 18:40:10.850586,None,F3:4E:B2:90:61:48,-95
2026-08-21 18:40:22.489587,None,E1:40:C7:E7:24:8C,-89
2026-08-21 18:40:24.333564,Platco PR1,B4:CB:B8:1B:D4:50,-81
2026-08-21 18:40:36.593668,None,E5:51:16:A7:A3:26,-93
2026-08-21 18:40:36.625966,None,FC:12:23:64:19:05,-96
2026-08-21 18:40:44.736278,None,D6:3E:E2:EF:45:0D,-96
2026-08-21 18:40:50.109693,None,69:86:C5:C4:26:AD,-89
2026-08-21 18:41:33.087071,None,45:38:29:D8:50:CD,-94
2026-08-21 18:41:33.385875,None,77:BF:3A:2E:DA:97,-93
2026-08-21 18:41:33.990609,None,69:6B:A6:BD:12:26,-94
2026-08-21 18:41:57.623662,None,FA:89:96:63:61:02,-92
2026-08-21 18:41:58.141181,None,C0:EF:E7:82:D9:EC,-97
2026-08-21 18:42:00.974549,None,79:E8:97:47:3D:CD,-87
2026-08-21 18:42:01.104203,None,7B:FF:34:B2:7C:DE,-97
2026-08-21 18:42:04.491414,None,40:DD:FC:72:32:96,-83
2026-08-21 18:42:08.893653,None,79:F5:34:A2:99:9F,-100
2026-08-21 18:42:11.235916,None,EF:D5:B2:16:0E:1E,-95
2026-08-21 18:42:11.469616,None,F0:3B:41:E3:8F:61,-83
2026-08-21 18:42:11.775997,None,73:BA:F8:AB:C1:49,-96
2026-08-21 18:42:17.059275,None,48:7A:C6:3D:2C:AD,-93
2026-08-21 18:42:18.624760,None,C0:10:1F:23:A6:BC,-95
2026-08-21 18:42:45.534842,Platco PR1,E4:A6:34:CF:38:ED,-97
2026-08-21 18:42:57.087130,MELK-OF21   5C,BE:28:03:00:20:5C,-88
2026-08-21 18:43:58.005937,EF-D36C0514,A0:85:E3:DE:D2:96,-99
2026-08-21 18:44:08.322780,RIOT Plus501B6E,D8:BC:38:50:1B:6E,-96
2026-08-21 18:45:00.296424,None,C5:D4:DD:95:84:CB,-83
2026-08-21 18:45:01.663876,None,FF:02:53:9E:07:3E,-89
2026-08-21 18:45:05.002442,None,E9:DB:C8:78:30:16,-81
2026-08-21 18:45:06.509348,None,CC:08:41:64:00:E1,-93
2026-08-21 18:45:08.412482,None,E0:BD:42:6A:5C:7F,-89
2026-08-21 18:45:20.083628,None,FD:E5:C7:45:86:91,-95
2026-08-21 18:45:20.257083,None,F7:2F:15:74:9E:80,-95
2026-08-21 18:45:36.320438,None,EF:D5:81:9F:51:11,-97
2026-08-21 18:45:37.501030,None,CE:AA:DF:D7:61:C4,-96
2026-08-21 18:45:50.589444,None,40:93:E1:B9:4D:CD,-97
2026-08-21 18:45:57.752545,None,16:A1:E6:1A:60:33,-94
2026-08-21 18:45:58.060290,None,25:EF:4D:65:E9:71,-99
2026-08-21 18:46:02.566981,None,32:0E:D2:57:0D:B5,-91
2026-08-21 18:46:05.244823,None,42:49:C2:EA:C7:DB,-94
2026-08-21 18:46:08.195100,None,EA:C2:69:62:A4:43,-82
2026-08-21 18:46:12.191410,None,FC:68:2F:A4:43:61,-92
2026-08-21 18:46:19.069819,None,73:A3:8A:DB:C7:72,-94
2026-08-21 18:46:46.676260,None,6F:C4:C3:05:DE:BD,-95
2026-08-21 18:46:47.664894,None,FF:07:17:03:C6:5F,-74
2026-08-21 18:46:52.004322,None,49:62:AB:8E:B3:07,-99
2026-08-21 18:46:52.471337,None,69:01:CE:C4:43:74,-90
2026-08-21 18:47:00.697324,None,D0:23:AD:92:3F:C7,-92
2026-08-21 18:47:18.784807,None,7B:45:93:0B:53:4F,-74
2026-08-21 18:47:19.838964,None,71:D8:42:FB:23:43,-81
2026-08-21 18:47:21.201083,Charge 4,F1:D1:F5:5E:21:37,-80
2026-08-21 18:47:28.037106,None,38:C1:4F:24:09:78,-86
2026-08-21 18:47:35.384454,None,5B:7F:71:D2:87:8C,-80
2026-08-21 18:47:42.772476,None,45:80:70:44:34:85,-85
2026-08-21 18:47:51.751083,None,50:51:1D:FC:D9:FF,-91
2026-08-21 18:48:05.707521,None,0F:8B:A7:72:BD:15,-70
2026-08-21 18:48:06.549228,None,C2:07:10:8E:75:E3,-97
2026-08-21 18:48:09.999037,None,5D:F8:EE:44:B4:76,-77
2026-08-21 18:48:16.473361,None,79:A7:FC:B1:08:7E,-79
2026-08-21 18:48:16.809545,None,24:A0:F3:33:63:DE,-69
2026-08-21 18:48:26.117888,None,7F:C2:4E:67:27:F9,-95
2026-08-21 18:48:26.916415,None,58:A6:50:E9:6C:CF,-98
2026-08-21 18:48:53.699280,None,2C:71:5B:B0:9A:8C,-86
2026-08-21 18:48:53.752553,None,4C:88:66:7A:B7:57,-81
2026-08-21 18:48:53.813681,None,6C:5B:13:5E:A5:04,-91
2026-08-21 18:48:56.751945,None,0F:19:B4:32:C4:FC,-71
2026-08-21 18:48:56.913651,None,48:4C:03:25:C8:26,-86
2026-08-21 18:48:57.729005,None,64:54:E6:2C:C8:2C,-90
2026-08-21 18:49:18.774648,None,7E:BB:04:DA:B0:77,-77
2026-08-21 18:49:32.548344,None,6C:08:46:92:AE:92,-97
2026-08-21 18:49:32.950714,113685_9C139E7A644C,9C:13:9E:7A:64:4E,-71
2026-08-21 18:49:41.051916,None,7D:43:83:36:9E:47,-92
2026-08-21 18:49:46.027534,None,71:D7:19:B4:8A:C9,-93
2026-08-21 18:49:46.167729,None,42:64:50:D9:7B:B9,-83
2026-08-21 18:49:49.439971,None,E7:03:D7:71:70:40,-85
2026-08-21 18:49:55.516869,None,1D:04:2F:EE:32:97,-68
2026-08-21 18:49:56.133003,None,17:06:B6:55:97:9E,-84
2026-08-21 18:49:56.375047,None,39:BE:61:45:F1:88,-60
2026-08-21 18:50:08.031881,ResMed 223238,E8:E0:7E:34:BB:D4,-88
2026-08-21 18:50:08.051069,Peak Pro 01502,F0:AD:4E:40:19:D5,-89
2026-08-21 18:50:17.430319,20HL39284450541189,48:87:2D:86:05:3D,-100
2026-08-21 18:50:29.685439,Platco PR1,B4:CB:B8:1B:D4:50,-87
2026-08-21 18:50:50.304618,None,69:86:C5:C4:26:AD,-86
2026-08-21 18:50:56.968231,None,53:22:90:FA:D8:9B,-86
2026-08-21 18:51:26.144136,None,5B:5E:F7:FF:72:30,-76
2026-08-21 18:51:28.492046,None,DF:DC:61:62:CD:6A,-96
2026-08-21 18:51:33.159676,20HL39284591421094,48:87:2D:89:79:5D,-92
2026-08-21 18:51:40.648692,ELK-BLEDOM05,BE:67:00:12:01:75,-99
2026-08-21 18:52:38.837944,TY,D8:D6:68:F4:C7:9F,-69
2026-08-21 18:52:57.958690,MELK-OF21   5C,BE:28:03:00:20:5C,-91
2026-08-21 18:53:59.239496,None,5D:AE:70:99:08:D9,-83
2026-08-21 18:54:08.880131,None,40:3F:A4:70:8A:F5,-75
2026-08-21 18:54:09.499501,RIOT Plus501B6E,D8:BC:38:50:1B:6E,-94
2026-08-21 18:54:26.102552,None,7A:CB:B1:03:9C:56,-93
2026-08-21 18:55:00.422133,None,C5:D4:DD:95:84:CB,-89
2026-08-21 18:55:06.598347,None,E9:DB:C8:78:30:16,-87
2026-08-21 18:55:10.553441,None,E0:BD:42:6A:5C:7F,-89
2026-08-21 18:55:14.848046,None,FF:02:53:9E:07:3E,-97
2026-08-21 18:55:16.396469,None,CC:08:41:64:00:E1,-91
2026-08-21 18:55:28.072466,None,F7:2F:15:74:9E:80,-91
2026-08-21 18:55:41.190171,None,7E:23:2B:AE:E0:95,-93
2026-08-21 18:55:41.454241,None,46:2E:17:15:A5:07,-93
2026-08-21 18:55:44.842896,None,4A:7C:24:8C:3F:15,-94
2026-08-21 18:55:48.822581,None,76:9B:28:00:28:30,-88
2026-08-21 18:56:02.602698,None,44:1F:3F:64:BC:A1,-83
2026-08-21 18:56:06.075407,None,6F:D5:3A:BD:51:10,-83
2026-08-21 18:56:18.270158,None,75:DC:64:C4:84:96,-97
2026-08-21 18:56:53.961631,None,FF:07:17:03:C6:5F,-76
2026-08-21 18:57:08.010752,Platco PR1,E4:A6:34:CF:38:ED,-96
2026-08-21 18:57:20.395799,None,71:D8:42:FB:23:43,-77
2026-08-21 18:57:21.213620,Charge 4,F1:D1:F5:5E:21:37,-89
2026-08-21 18:58:26.326394,None,7F:C2:4E:67:27:F9,-85
2026-08-21 18:59:20.283733,None,7E:BB:04:DA:B0:77,-73
2026-08-21 18:59:34.468720,113685_9C139E7A644C,9C:13:9E:7A:64:4E,-66
2026-08-21 18:59:36.984451,None,14:9C:EF:A5:88:A0,-90
2026-08-21 18:59:41.993553,None,7D:43:83:36:9E:47,-91
2026-08-21 18:59:49.954881,None,E7:03:D7:71:70:40,-78
2026-08-21 19:00:00.244032,None,F5:DB:57:97:C6:15,-81
2026-08-21 19:00:00.391797,None,F2:65:34:09:53:53,-87
2026-08-21 19:00:04.464338,None,D2:68:7B:23:A6:D3,-93
2026-08-21 19:00:06.305169,None,D4:74:D6:86:BA:0B,-93
2026-08-21 19:00:06.455076,None,DC:19:FE:DE:90:7C,-88
2026-08-21 19:00:06.638297,None,CF:AC:1E:04:90:C8,-95
2026-08-21 19:00:09.846106,ResMed 223238,E8:E0:7E:34:BB:D4,-89
2026-08-21 19:00:10.243890,Peak Pro 01502,F0:AD:4E:40:19:D5,-96
2026-08-21 19:00:10.393324,None,ED:B8:BC:9E:33:10,-77
2026-08-21 19:00:18.724838,None,E9:BF:99:C4:2D:87,-88
2026-08-21 19:00:49.539363,Platco PR1,B4:CB:B8:1B:D4:50,-86
2026-08-21 19:00:59.120772,None,53:22:90:FA:D8:9B,-85
2026-08-21 19:01:42.741948,ELK-BLEDOM05,BE:67:00:12:01:75,-99
2026-08-21 19:02:09.805280,20HL39284591421094,48:87:2D:89:79:5D,-92
2026-08-21 19:02:45.230184,None,48:D0:59:A9:06:B7,-90
2026-08-21 19:02:59.206837,MELK-OF21   5C,BE:28:03:00:20:5C,-91
2026-08-21 19:03:14.606826,None,C8:28:1D:72:15:94,-77
2026-08-21 19:03:14.662084,None,54:71:8A:AD:0F:FC,-93
2026-08-21 19:04:09.637203,None,40:3F:A4:70:8A:F5,-79
2026-08-21 19:04:10.064733,RIOT Plus501B6E,D8:BC:38:50:1B:6E,-93
2026-08-21 19:05:00.240071,None,C9:45:7E:7B:BF:49,-92
2026-08-21 19:05:22.925950,EF-D36C0514,A0:85:E3:DE:D2:96,-102
2026-08-21 19:05:34.143845,None,62:43:E5:B3:A4:68,-87
2026-08-21 19:05:38.212794,None,42:3E:B2:C3:DF:47,-88
2026-08-21 19:05:41.410722,None,7E:23:2B:AE:E0:95,-91
2026-08-21 19:05:43.548077,None,46:2E:17:15:A5:07,-88
2026-08-21 19:05:45.528606,None,4A:7C:24:8C:3F:15,-94
2026-08-21 19:05:48.868950,None,76:9B:28:00:28:30,-88
2026-08-21 19:06:02.944673,None,44:1F:3F:64:BC:A1,-87
2026-08-21 19:06:06.665746,None,6F:D5:3A:BD:51:10,-86
2026-08-21 19:06:13.368671,Z900,18:7A:93:F7:24:57,-93
2026-08-21 19:06:13.469941,None,1E:24:EF:82:71:D8,-94
2026-08-21 19:07:20.564817,None,71:D8:42:FB:23:43,-89
2026-08-21 19:07:22.200736,Charge 4,F1:D1:F5:5E:21:37,-79
2026-08-21 19:08:19.473141,None,65:AC:1F:63:8F:1F,-94
2026-08-21 19:08:23.474555,None,6D:31:60:8E:08:A2,-94
2026-08-21 19:08:24.830749,None,54:68:97:D3:66:FE,-94
2026-08-21 19:08:38.390991,Platco PR1,E4:A6:34:CF:38:ED,-98
2026-08-21 19:09:20.449786,None,7E:BB:04:DA:B0:77,-74
2026-08-21 19:09:23.305080,None,57:04:F7:D1:1E:8B,-74
2026-08-21 19:09:24.224292,None,6C:D7:9A:10:55:F9,-73
2026-08-21 19:09:27.079614,None,4F:13:49:A0:AA:D5,-87
2026-08-21 19:09:34.517135,113685_9C139E7A644C,9C:13:9E:7A:64:4E,-66
2026-08-21 19:10:02.603560,None,F5:DB:57:97:C6:15,-83
2026-08-21 19:10:09.933170,ResMed 223238,E8:E0:7E:34:BB:D4,-92
2026-08-21 19:10:10.622003,Peak Pro 01502,F0:AD:4E:40:19:D5,-87
2026-08-21 19:10:11.211704,None,D2:68:7B:23:A6:D3,-91
2026-08-21 19:10:13.180787,None,ED:B8:BC:9E:33:10,-75
2026-08-21 19:10:13.203014,None,D4:74:D6:86:BA:0B,-91
2026-08-21 19:10:17.988756,None,F2:65:34:09:53:53,-87
2026-08-21 19:10:18.374098,None,DC:19:FE:DE:90:7C,-90
2026-08-21 19:10:19.022222,None,E9:BF:99:C4:2D:87,-95
2026-08-21 19:10:45.548891,None,7A:CD:1B:D1:43:97,-79
2026-08-21 19:10:51.409635,None,65:E1:43:A1:97:43,-87
2026-08-21 19:11:14.897063,Platco PR1,B4:CB:B8:1B:D4:50,-86
2026-08-21 19:12:11.461913,ELK-BLEDOM05,BE:67:00:12:01:75,-100
2026-08-21 19:12:17.966691,20HL39284591421094,48:87:2D:89:79:5D,-92
2026-08-21 19:12:59.304169,MELK-OF21   5C,BE:28:03:00:20:5C,-92
2026-08-21 19:13:15.026830,None,88:08:94:E9:38:03,-97
2026-08-21 19:13:16.118460,None,C8:28:1D:72:15:94,-88
2026-08-21 19:13:34.424817,None,14:9C:EF:A5:88:A0,-91
2026-08-21 19:14:10.341120,RIOT Plus501B6E,D8:BC:38:50:1B:6E,-97
2026-08-21 19:14:55.589456,None,54:71:8A:AD:0F:FC,-93
2026-08-21 19:14:59.710921,20HL39284450541189,48:87:2D:86:05:3D,-101
2026-08-21 19:15:00.153381,None,DB:C6:7A:D3:10:AE,-85
2026-08-21 19:15:00.399613,None,E2:CF:34:0F:D6:05,-86
2026-08-21 19:15:02.400270,None,F4:59:86:65:10:6A,-93
2026-08-21 19:15:02.428639,None,FB:FB:EA:32:C6:A8,-91
2026-08-21 19:15:08.309100,None,FB:FA:51:83:59:14,-93
2026-08-21 19:15:34.397131,None,62:43:E5:B3:A4:68,-81
2026-08-21 19:15:38.494854,None,42:3E:B2:C3:DF:47,-87
2026-08-21 19:16:07.286517,None,78:E8:41:CD:EA:FA,-96
2026-08-21 19:16:57.534205,None,CD:27:1C:80:9C:CF,-73
2026-08-21 19:17:20.461531,EF-D36C0514,A0:85:E3:DE:D2:96,-98
2026-08-21 19:17:20.660603,None,71:D8:42:FB:23:43,-83
2026-08-21 19:17:23.182174,Charge 4,F1:D1:F5:5E:21:37,-88
2026-08-21 19:18:21.129738,None,65:AC:1F:63:8F:1F,-92
2026-08-21 19:18:23.818081,None,6D:31:60:8E:08:A2,-93
2026-08-21 19:18:27.251907,None,76:4E:1E:58:F1:17,-96
2026-08-21 19:18:28.703221,None,54:68:97:D3:66:FE,-93
2026-08-21 19:19:23.427833,None,57:04:F7:D1:1E:8B,-77
2026-08-21 19:19:24.795498,None,6C:D7:9A:10:55:F9,-79
2026-08-21 19:19:30.871154,None,4F:13:49:A0:AA:D5,-95
2026-08-21 19:19:34.624985,113685_9C139E7A644C,9C:13:9E:7A:64:4E,-65
2026-08-21 19:19:46.154423,None,CE:34:F3:8A:EB:76,-89
2026-08-21 19:20:10.002163,ResMed 223238,E8:E0:7E:34:BB:D4,-87
2026-08-21 19:20:12.637119,Peak Pro 01502,F0:AD:4E:40:19:D5,-87
2026-08-21 19:20:45.558384,None,7A:CD:1B:D1:43:97,-79
2026-08-21 19:20:48.093238,None,78:FD:63:76:77:35,-84
2026-08-21 19:20:51.768917,None,65:E1:43:A1:97:43,-87
2026-08-21 19:21:03.679108,None,5B:4C:F8:C9:5D:68,-83
2026-08-21 19:21:03.868697,None,73:DC:72:BD:73:51,-81
2026-08-21 19:21:04.374900,Platco PR1,E4:A6:34:CF:38:ED,-94
2026-08-21 19:21:19.801926,Platco PR1,B4:CB:B8:1B:D4:50,-89
2026-08-21 19:21:24.029549,None,79:1D:90:59:7B:60,-92
2026-08-21 19:22:13.125276,ELK-BLEDOM05,BE:67:00:12:01:75,-97
2026-08-21 19:22:21.215157,None,52:4C:0D:85:2C:C2,-97
2026-08-21 19:22:21.371663,None,DB:8C:DD:8A:9C:5C,-98
2026-08-21 19:22:22.219449,None,DE:EE:2A:C1:54:7F,-83
2026-08-21 19:22:24.931274,None,70:E4:2E:65:8A:9E,-96
2026-08-21 19:22:44.361759,20HL39284591421094,48:87:2D:89:79:5D,-95
2026-08-21 19:22:45.941935,None,61:76:8D:FE:66:19,-85
2026-08-21 19:22:59.328693,MELK-OF21   5C,BE:28:03:00:20:5C,-90
2026-08-21 19:23:18.355414,None,43:F5:15:1C:8E:01,-97
2026-08-21 19:23:30.803930,None,68:B2:B9:A8:36:43,-91
2026-08-21 19:23:32.025121,None,D7:85:19:E1:76:10,-91
2026-08-21 19:24:14.597343,RIOT Plus501B6E,D8:BC:38:50:1B:6E,-95
2026-08-21 19:24:27.674933,None,7B:0E:A2:5B:EF:70,-91
2026-08-21 19:24:28.100377,None,7D:CE:CB:B6:F4:2C,-92
2026-08-21 19:24:29.240665,None,53:C3:08:40:B5:78,-92
2026-08-21 19:25:03.410490,None,DB:C6:7A:D3:10:AE,-88
2026-08-21 19:25:10.653817,None,E2:CF:34:0F:D6:05,-99
2026-08-21 19:25:12.200314,None,FB:FB:EA:32:C6:A8,-90
2026-08-21 19:25:14.394823,None,FB:FA:51:83:59:14,-93
2026-08-21 19:25:17.700575,None,F4:59:86:65:10:6A,-87
2026-08-21 19:25:31.541536,None,62:D8:45:0E:AE:29,-94
2026-08-21 19:25:34.508451,None,62:43:E5:B3:A4:68,-85
2026-08-21 19:25:46.436278,None,47:78:94:3A:D5:F8,-98
2026-08-21 19:25:48.659774,None,44:F0:A9:1D:D7:5D,-91
2026-08-21 19:25:48.733817,None,48:5A:D2:CF:9F:79,-95
2026-08-21 19:26:21.168410,None,42:DE:36:7B:F3:8F,-96
2026-08-21 19:26:34.253571,None,46:A3:E2:3C:03:97,-83
2026-08-21 19:26:37.731145,None,EE:E5:07:B8:4B:DD,-91
2026-08-21 19:26:42.747876,None,4B:3E:D1:0E:79:10,-94
2026-08-21 19:26:45.972353,20HL39284450541189,48:87:2D:86:05:3D,-100
2026-08-21 19:26:58.093174,None,CD:27:1C:80:9C:CF,-76
2026-08-21 19:27:26.905840,Charge 4,F1:D1:F5:5E:21:37,-80
2026-08-21 19:28:59.909742,None,79:D6:8B:D3:B5:BF,-98
2026-08-21 19:29:02.811891,None,FF:B7:A4:95:F4:FA,-94
2026-08-21 19:29:02.844529,None,62:C7:88:8B:AB:7D,-95
2026-08-21 19:29:09.787744,None,EC:7B:F7:74:18:2D,-94
2026-08-21 19:29:23.622772,None,57:04:F7:D1:1E:8B,-81
2026-08-21 19:29:34.950974,113685_9C139E7A644C,9C:13:9E:7A:64:4E,-73
2026-08-21 19:29:47.806873,None,CE:34:F3:8A:EB:76,-88
2026-08-21 19:30:00.151328,None,F3:00:1B:BD:6C:80,-83
2026-08-21 19:30:02.410274,None,F2:79:DD:E8:3F:9C,-88
2026-08-21 19:30:08.339207,None,E1:3C:6F:FE:56:4B,-92
2026-08-21 19:30:08.661446,None,D0:60:23:B3:BA:A9,-93
2026-08-21 19:30:10.072800,ResMed 223238,E8:E0:7E:34:BB:D4,-90
2026-08-21 19:30:13.007795,Peak Pro 01502,F0:AD:4E:40:19:D5,-89
2026-08-21 19:30:15.229830,None,D1:C0:04:8E:71:5C,-88
2026-08-21 19:30:20.852121,None,5E:D6:5F:99:D2:E5,-94
2026-08-21 19:30:48.629168,None,78:FD:63:76:77:35,-72
2026-08-21 19:31:04.151043,None,5B:4C:F8:C9:5D:68,-88
2026-08-21 19:31:04.617526,None,73:DC:72:BD:73:51,-84
2026-08-21 19:31:19.667539,Platco PR1,E4:A6:34:CF:38:ED,-94
2026-08-21 19:31:34.655298,Platco PR1,B4:CB:B8:1B:D4:50,-96
2026-08-21 19:31:52.542024,None,CC:E6:F5:58:89:F9,-95
2026-08-21 19:32:01.838226,None,D5:EA:F6:80:DF:78,-93
2026-08-21 19:32:02.739199,None,5F:53:EB:64:FE:37,-74
2026-08-21 19:32:02.761888,None,D1:09:44:59:47:7C,-73
2026-08-21 19:32:10.813028,None,6E:D7:C1:2D:69:C8,-92
2026-08-21 19:32:21.309799,None,52:4C:0D:85:2C:C2,-96
2026-08-21 19:32:31.091935,None,6D:5A:4E:1B:67:D4,-99
2026-08-21 19:32:51.087507,20HL39284591421094,48:87:2D:89:79:5D,-92
2026-08-21 19:32:52.475736,None,F0:48:A8:35:DE:74,-95
2026-08-21 19:32:53.540117,None,11:A3:84:64:E1:8A,-96
2026-08-21 19:32:57.382110,None,E8:04:C4:AF:B5:A5,-97
2026-08-21 19:32:57.978724,None,66:42:46:71:9C:4F,-91
2026-08-21 19:32:59.457466,MELK-OF21   5C,BE:28:03:00:20:5C,-91
2026-08-21 19:33:10.785239,EF-D36C0514,A0:85:E3:DE:D2:96,-97
2026-08-21 19:33:53.823025,None,CF:27:D0:D1:C8:2E,-88
2026-08-21 19:34:18.351554,RIOT Plus501B6E,D8:BC:38:50:1B:6E,-94
2026-08-21 19:34:27.995830,None,7B:0E:A2:5B:EF:70,-93
2026-08-21 19:34:30.109353,None,53:C3:08:40:B5:78,-92
2026-08-21 19:34:30.524482,None,7D:CE:CB:B6:F4:2C,-94
2026-08-21 19:35:00.367823,None,FE:E6:52:27:7D:9F,-95
2026-08-21 19:35:49.063276,None,44:F0:A9:1D:D7:5D,-81
2026-08-21 19:35:49.326664,None,48:5A:D2:CF:9F:79,-87
2026-08-21 19:35:55.724433,None,C0:46:79:88:90:FA,-98
2026-08-21 19:36:34.874864,None,46:A3:E2:3C:03:97,-75
2026-08-21 19:36:50.106896,None,E8:CA:F8:C8:06:47,-95
2026-08-21 19:36:56.258844,None,E6:D9:62:FF:80:CA,-91
2026-08-21 19:36:56.548794,None,53:B8:B3:84:2A:6D,-87
2026-08-21 19:36:56.840280,None,FC:21:B0:05:0E:53,-93
2026-08-21 19:36:58.880485,None,77:56:61:4D:30:06,-91
2026-08-21 19:37:19.166300,None,0A:A1:CB:A0:5D:7E,-97
2026-08-21 19:37:28.043704,Charge 4,F1:D1:F5:5E:21:37,-78
2026-08-21 19:37:38.952678,4,65:BA:9D:26:86:25,-96
2026-08-21 19:37:49.152671,None,16:7A:E3:5C:0C:32,-92
2026-08-21 19:38:20.512994,None,F8:5A:C5:02:96:FD,-91
2026-08-21 19:38:21.927685,None,5E:5E:68:5B:E0:78,-95
2026-08-21 19:39:14.369494,None,41:E3:27:98:2D:00,-63
2026-08-21 19:39:34.996648,113685_9C139E7A644C,9C:13:9E:7A:64:4E,-72
2026-08-21 19:39:56.266344,None,62:D8:45:0E:AE:29,-95
2026-08-21 19:40:01.272677,None,F3:00:1B:BD:6C:80,-78
2026-08-21 19:40:02.494723,None,F2:79:DD:E8:3F:9C,-88
2026-08-21 19:40:10.110923,ResMed 223238,E8:E0:7E:34:BB:D4,-86
2026-08-21 19:40:10.564303,None,E1:3C:6F:FE:56:4B,-93
2026-08-21 19:40:13.800486,Peak Pro 01502,F0:AD:4E:40:19:D5,-88
2026-08-21 19:40:22.209501,None,D1:C0:04:8E:71:5C,-84
2026-08-21 19:40:24.045445,None,D0:60:23:B3:BA:A9,-94
2026-08-21 19:40:49.211719,None,64:ED:F1:F6:16:8F,-88
2026-08-21 19:40:49.278236,None,78:FD:63:76:77:35,-83
2026-08-21 19:40:58.912780,None,7B:E1:FE:D5:DB:15,-98
2026-08-21 19:41:04.797498,None,5B:4C:F8:C9:5D:68,-82
2026-08-21 19:41:05.411992,None,73:DC:72:BD:73:51,-94
2026-08-21 19:41:07.584929,None,76:DE:F0:F9:9B:59,-81
2026-08-21 19:41:11.547887,None,51:DE:90:64:BE:4D,-88
2026-08-21 19:41:39.537326,Platco PR1,B4:CB:B8:1B:D4:50,-91
2026-08-21 19:42:02.810808,None,5F:53:EB:64:FE:37,-79
2026-08-21 19:42:08.440502,None,D1:09:44:59:47:7C,-73
2026-08-21 19:42:23.334380,None,52:4C:0D:85:2C:C2,-98
2026-08-21 19:42:35.994954,None,5D:CA:E7:1E:A1:32,-89
2026-08-21 19:42:58.254292,20HL39284591421094,48:87:2D:89:79:5D,-94
2026-08-21 19:42:59.518765,MELK-OF21   5C,BE:28:03:00:20:5C,-91
2026-08-21 19:43:54.089201,None,CF:27:D0:D1:C8:2E,-76
2026-08-21 19:44:15.520591,None,78:B0:22:08:38:57,-92
2026-08-21 19:44:15.581097,None,79:FE:A6:E9:D3:50,-91
2026-08-21 19:44:19.061566,None,7E:4C:F6:F7:4E:1F,-91
2026-08-21 19:44:23.706585,RIOT Plus501B6E,D8:BC:38:50:1B:6E,-93
2026-08-21 19:44:26.151288,Platco PR1,E4:A6:34:CF:38:ED,-95
2026-08-21 19:44:38.391903,None,77:FB:E9:C0:ED:C5,-92
2026-08-21 19:45:00.391934,None,F1:DB:8E:EE:9A:EB,-94
2026-08-21 19:45:00.591738,None,F5:35:EC:8D:CE:3F,-93
2026-08-21 19:45:04.163719,None,D3:96:A4:FE:C4:27,-82
2026-08-21 19:45:04.472835,None,F6:67:B2:6F:0A:45,-88
2026-08-21 19:45:07.233510,None,C0:72:D2:4B:2B:22,-91
2026-08-21 19:45:13.421901,None,40:84:59:42:B2:16,-98
2026-08-21 19:45:26.503952,None,CC:E6:F5:58:89:F9,-94
2026-08-21 19:45:49.211793,None,44:F0:A9:1D:D7:5D,-81
2026-08-21 19:46:00.142522,None,4A:21:E4:15:32:B8,-83
2026-08-21 19:46:04.708165,None,6D:5A:4E:1B:67:D4,-94
2026-08-21 19:46:21.205027,None,E6:55:E9:58:A3:6E,-74
2026-08-21 19:47:06.806758,None,E8:04:C4:AF:B5:A5,-96
2026-08-21 19:47:31.597824,Charge 4,F1:D1:F5:5E:21:37,-91
2026-08-21 19:47:31.947590,None,1F:B6:2D:1B:2F:74,-90
2026-08-21 19:47:32.041154,None,26:39:EC:4E:44:99,-86
2026-08-21 19:47:54.563636,None,4D:D6:8C:D2:6A:B6,-90
2026-08-21 19:48:38.929076,None,32:F3:62:F5:F7:79,-97
2026-08-21 19:48:43.896228,None,D2:62:5C:B7:9F:37,-86
2026-08-21 19:48:49.478428,None,46:B8:6B:B8:4B:62,-95
2026-08-21 19:48:58.096463,20HL39284450541189,48:87:2D:86:05:3D,-98
2026-08-21 19:49:06.443833,ELK-BLEDOM05,BE:67:00:12:01:75,-96
2026-08-21 19:49:14.554035,None,41:E3:27:98:2D:00,-72
2026-08-21 19:49:35.332467,113685_9C139E7A644C,9C:13:9E:7A:64:4E,-64
2026-08-21 19:50:10.238073,ResMed 223238,E8:E0:7E:34:BB:D4,-87
2026-08-21 19:50:14.136379,Peak Pro 01502,F0:AD:4E:40:19:D5,-88
2026-08-21 19:50:21.725406,None,50:DD:B8:19:37:02,-89
2026-08-21 19:50:24.068514,None,D1:10:78:0E:E3:84,-90
2026-08-21 19:50:28.888275,None,D3:0F:52:24:69:EE,-93
2026-08-21 19:50:50.304521,None,64:ED:F1:F6:16:8F,-88
2026-08-21 19:51:08.055662,None,76:DE:F0:F9:9B:59,-87
2026-08-21 19:51:12.413126,None,51:DE:90:64:BE:4D,-90
2026-08-21 19:51:54.851925,Platco PR1,B4:CB:B8:1B:D4:50,-83
2026-08-21 19:52:02.320082,None,27:9C:DC:8E:1E:CF,-100
2026-08-21 19:52:03.123638,None,5F:53:EB:64:FE:37,-73
2026-08-21 19:52:07.085618,None,58:6B:6E:11:A7:F1,-80
2026-08-21 19:52:07.619531,None,52:7C:A0:75:42:16,-81
2026-08-21 19:52:08.357094,None,2B:09:3F:C9:36:0E,-98
2026-08-21 19:52:36.141674,None,5D:CA:E7:1E:A1:32,-94
2026-08-21 19:52:52.217390,None,C4:A3:F1:1E:4A:94,-93
2026-08-21 19:52:59.568573,MELK-OF21   5C,BE:28:03:00:20:5C,-92
2026-08-21 19:52:59.886119,20HL39284591421094,48:87:2D:89:79:5D,-97
2026-08-21 19:53:20.798330,None,44:7F:E3:11:B9:C2,-95
2026-08-21 19:54:06.360541,None,70:B6:48:25:5F:FC,-71
2026-08-21 19:54:15.572191,None,78:B0:22:08:38:57,-94
2026-08-21 19:54:15.692215,None,79:FE:A6:E9:D3:50,-92
2026-08-21 19:54:21.870294,None,7A:AF:03:10:8E:25,-96
2026-08-21 19:54:22.701832,None,7E:4C:F6:F7:4E:1F,-93
2026-08-21 19:54:27.796161,RIOT Plus501B6E,D8:BC:38:50:1B:6E,-95
2026-08-21 19:55:05.504299,None,D3:96:A4:FE:C4:27,-73
2026-08-21 19:55:06.228548,None,F5:35:EC:8D:CE:3F,-91
2026-08-21 19:55:10.177747,None,F1:DB:8E:EE:9A:EB,-93
2026-08-21 19:55:27.161283,None,C0:72:D2:4B:2B:22,-92
2026-08-21 19:55:31.844936,None,F6:67:B2:6F:0A:45,-88
2026-08-21 19:55:33.237207,None,7B:E1:FE:D5:DB:15,-97
2026-08-21 19:55:45.345718,None,65:A0:88:65:C5:E0,-96
2026-08-21 19:55:48.452393,None,72:0C:96:71:A9:D7,-89
2026-08-21 19:56:00.423825,None,4A:21:E4:15:32:B8,-81
2026-08-21 19:56:21.462328,None,E6:55:E9:58:A3:6E,-75
2026-08-21 19:56:22.049414,Platco PR1,E4:A6:34:CF:38:ED,-96
2026-08-21 19:56:22.484845,None,78:90:78:73:0F:4B,-92
2026-08-21 19:56:23.906258,None,E1:4E:93:93:2D:2C,-91
2026-08-21 19:56:46.317700,None,45:DF:54:5E:75:4D,-92
2026-08-21 19:56:50.272737,None,4A:EA:A9:91:8B:06,-92
2026-08-21 19:56:50.464061,None,4D:14:BF:45:30:7D,-95
2026-08-21 19:57:18.150914,None,01:12:8D:2F:1D:22,-96
2026-08-21 19:57:32.742814,Charge 4,F1:D1:F5:5E:21:37,-91
2026-08-21 19:57:54.745100,None,52:93:78:B1:21:C7,-98
2026-08-21 19:57:54.932761,None,4D:D6:8C:D2:6A:B6,-80
2026-08-21 19:58:10.832045,None,F7:F3:05:54:7F:31,-96
2026-08-21 19:58:17.446606,None,4A:7F:2A:93:75:65,-99
2026-08-21 19:58:20.914167,None,EE:CA:37:FE:1E:2D,-91
2026-08-21 19:58:38.457573,LED_BLE_58DC2E0C,E6:66:58:DC:2E:0C,-91
2026-08-21 19:58:42.703136,LED_BLE_FE7D761B,A9:E5:FE:7D:76:1B,-91
2026-08-21 19:58:43.005328,01469995,00:25:CA:5D:D9:D0,-84
2026-08-21 19:58:45.401400,None,D2:62:5C:B7:9F:37,-78
2026-08-21 19:58:50.926432,None,46:B8:6B:B8:4B:62,-90
2026-08-21 19:59:03.998922,None,61:A6:64:B4:2F:3E,-94
2026-08-21 19:59:07.531269,ELK-BLEDOM05,BE:67:00:12:01:75,-100
2026-08-21 19:59:26.309318,None,52:AC:04:6C:C0:76,-96
2026-08-21 19:59:35.414174,113685_9C139E7A644C,9C:13:9E:7A:64:4E,-66
2026-08-21 20:00:03.137213,None,DD:D0:BD:44:B2:F6,-92
2026-08-21 20:00:07.198402,None,CE:98:86:E3:5A:3C,-85
2026-08-21 20:00:07.403800,None,E5:6E:57:B6:32:E9,-88
2026-08-21 20:00:10.321505,ResMed 223238,E8:E0:7E:34:BB:D4,-89
2026-08-21 20:00:15.066356,Peak Pro 01502,F0:AD:4E:40:19:D5,-88
2026-08-21 20:00:16.046285,None,E0:60:90:47:E9:88,-88
2026-08-21 20:00:18.547068,None,D4:02:06:C1:ED:37,-93
2026-08-21 20:00:45.522786,None,FC:88:1A:F8:87:DE,-92
2026-08-21 20:01:08.444732,None,76:DE:F0:F9:9B:59,-93
2026-08-21 20:01:08.538583,None,D1:E4:5B:11:87:DF,-99
2026-08-21 20:01:13.365403,None,51:DE:90:64:BE:4D,-87
2026-08-21 20:01:14.192505,None,C8:0E:AB:2A:6D:41,-98
2026-08-21 20:01:35.390061,None,09:F3:CB:D3:D4:79,-93
2026-08-21 20:01:35.451762,None,16:48:6B:A8:FC:FE,-95
2026-08-21 20:01:59.719682,Platco PR1,B4:CB:B8:1B:D4:50,-85
2026-08-21 20:02:09.216280,None,58:6B:6E:11:A7:F1,-87
2026-08-21 20:02:17.252066,None,E6:19:34:DB:33:0E,-87
2026-08-21 20:02:30.182920,None,65:F2:C8:56:F5:21,-93
2026-08-21 20:02:59.677641,MELK-OF21   5C,BE:28:03:00:20:5C,-92
2026-08-21 20:03:01.228147,20HL39284591421094,48:87:2D:89:79:5D,-94
2026-08-21 20:03:01.235727,None,73:02:14:37:CB:5A,-97
2026-08-21 20:03:12.919458,None,50:DD:B8:19:37:02,-92
2026-08-21 20:03:14.576954,None,FB:3F:69:05:47:58,-92
2026-08-21 20:03:16.200679,None,D1:10:78:0E:E3:84,-95
2026-08-21 20:03:21.571448,None,44:7F:E3:11:B9:C2,-100
2026-08-21 20:03:21.640573,None,C7:39:35:1E:6A:2E,-94
2026-08-21 20:03:28.016593,None,5A:F1:C0:E2:8C:28,-98
2026-08-21 20:04:06.550420,None,70:B6:48:25:5F:FC,-72
2026-08-21 20:04:28.090381,RIOT Plus501B6E,D8:BC:38:50:1B:6E,-94
2026-08-21 20:05:43.880990,None,76:2D:5A:2B:72:97,-104
2026-08-21 20:05:48.228293,None,65:A0:88:65:C5:E0,-91
2026-08-21 20:05:49.454142,None,72:0C:96:71:A9:D7,-87
2026-08-21 20:06:01.829820,None,4A:21:E4:15:32:B8,-80
2026-08-21 20:06:23.195352,None,52:7C:A0:75:42:16,-95
2026-08-21 20:06:29.821514,None,CC:DE:00:A8:A2:80,-97
2026-08-21 20:06:46.721109,None,45:DF:54:5E:75:4D,-94
2026-08-21 20:06:51.232358,None,4D:14:BF:45:30:7D,-93
2026-08-21 20:06:52.870309,None,4A:EA:A9:91:8B:06,-94
2026-08-21 20:06:57.995175,None,67:DA:A2:24:5F:C7,-95
2026-08-21 20:07:02.471678,Platco PR1,E4:A6:34:CF:38:ED,-99
2026-08-21 20:07:02.479741,None,4C:58:FE:04:2D:B4,-94
2026-08-21 20:07:12.549894,None,1E:CE:4F:57:9E:92,-92
2026-08-21 20:07:33.887248,Charge 4,F1:D1:F5:5E:21:37,-80
2026-08-21 20:07:55.139397,None,4D:D6:8C:D2:6A:B6,-81
2026-08-21 20:08:47.276903,None,DA:C4:32:57:8D:D7,-95
2026-08-21 20:09:35.461624,113685_9C139E7A644C,9C:13:9E:7A:64:4E,-72
2026-08-21 20:10:09.688995,None,E5:6E:57:B6:32:E9,-87
2026-08-21 20:10:10.390798,ResMed 223238,E8:E0:7E:34:BB:D4,-91
2026-08-21 20:10:10.874627,None,CE:98:86:E3:5A:3C,-80
2026-08-21 20:10:15.336832,Peak Pro 01502,F0:AD:4E:40:19:D5,-89
2026-08-21 20:10:16.678686,None,E0:60:90:47:E9:88,-88
2026-08-21 20:10:20.027748,None,D4:02:06:C1:ED:37,-92
2026-08-21 20:10:37.217572,None,7C:59:F7:36:88:7C,-93
2026-08-21 20:10:37.245492,None,68:7A:F5:82:B1:5F,-91
2026-08-21 20:10:37.860559,None,5A:73:78:45:0D:14,-93
2026-08-21 20:10:50.708280,None,70:68:CA:28:1D:4F,-88
2026-08-21 20:11:07.386618,None,FC:88:1A:F8:87:DE,-94
2026-08-21 20:11:12.522523,None,5C:0C:33:8F:EE:CD,-87
2026-08-21 20:11:36.341548,None,E9:EC:F7:0E:C1:AD,-97
2026-08-21 20:12:01.951482,None,51:A7:E9:25:5D:6A,-93
2026-08-21 20:12:09.418636,None,58:6B:6E:11:A7:F1,-80
2026-08-21 20:12:09.588202,Platco PR1,B4:CB:B8:1B:D4:50,-93
2026-08-21 20:12:17.608725,None,E6:19:34:DB:33:0E,-85
2026-08-21 20:12:59.706063,MELK-OF21   5C,BE:28:03:00:20:5C,-93
2026-08-21 20:13:08.761035,None,4A:45:0A:25:F1:F5,-68
2026-08-21 20:13:11.913518,None,6A:16:5C:B9:D5:20,-90
2026-08-21 20:13:15.463982,20HL39284591421094,48:87:2D:89:79:5D,-96
2026-08-21 20:13:40.260877,None,52:4B:86:57:C6:FF,-93
2026-08-21 20:13:44.635592,None,5B:13:E5:7D:36:CC,-89
2026-08-21 20:14:10.660782,None,74:A1:54:AD:D2:4D,-93
2026-08-21 20:14:29.858314,RIOT Plus501B6E,D8:BC:38:50:1B:6E,-95
2026-08-21 20:15:02.395818,None,E3:AD:18:DB:99:A9,-87
2026-08-21 20:15:07.220535,None,D4:0F:BC:85:7A:AF,-95
2026-08-21 20:15:12.150040,None,EC:70:0B:75:80:0A,-91
2026-08-21 20:15:20.245341,None,E7:71:FE:02:B5:F0,-100
2026-08-21 20:15:36.711148,None,D5:E7:49:9C:6F:09,-89
2026-08-21 20:15:54.872456,None,4B:4D:D6:04:B0:BB,-98
2026-08-21 20:16:01.339155,None,CE:3E:E0:D1:16:5F,-80
2026-08-21 20:16:38.162176,None,76:2D:5A:2B:72:97,-94
2026-08-21 20:17:06.046636,None,D3:DD:79:CB:DF:96,-95
2026-08-21 20:17:09.374887,None,4C:58:FE:04:2D:B4,-92
2026-08-21 20:17:23.223850,None,DB:5F:DB:23:8C:E8,-83
2026-08-21 20:17:26.132851,None,07:12:DE:D8:98:FE,-94
2026-08-21 20:17:34.869144,Charge 4,F1:D1:F5:5E:21:37,-91
2026-08-21 20:17:55.209230,None,4D:D6:8C:D2:6A:B6,-80
2026-08-21 20:18:02.372826,None,78:8A:64:2B:39:9D,-77
2026-08-21 20:18:37.844439,Platco PR1,E4:A6:34:CF:38:ED,-94
2026-08-21 20:19:35.776419,113685_9C139E7A644C,9C:13:9E:7A:64:4E,-78
2026-08-21 20:20:10.782965,ResMed 223238,E8:E0:7E:34:BB:D4,-94
2026-08-21 20:20:15.432660,Peak Pro 01502,F0:AD:4E:40:19:D5,-88
2026-08-21 20:20:37.373862,None,68:7A:F5:82:B1:5F,-92
2026-08-21 20:20:38.957917,None,5A:73:78:45:0D:14,-93
2026-08-21 20:20:39.686454,None,7C:59:F7:36:88:7C,-93
2026-08-21 20:20:46.992848,None,6C:6A:EB:64:1C:D9,-90
2026-08-21 20:20:51.010335,None,70:68:CA:28:1D:4F,-87
2026-08-21 20:21:26.984824,None,64:76:43:C3:4E:71,-92
2026-08-21 20:21:29.423959,None,50:9D:40:9D:88:88,-94
2026-08-21 20:21:34.665042,None,6F:20:68:AB:48:CD,-96
2026-08-21 20:21:44.006122,None,DF:8C:CC:A8:A8:E7,-90
2026-08-21 20:22:09.922534,Platco PR1,B4:CB:B8:1B:D4:50,-85
2026-08-21 20:22:11.334420,ELK-BLEDOM05,BE:67:00:12:01:75,-98
2026-08-21 20:22:59.708785,MELK-OF21   5C,BE:28:03:00:20:5C,-90
2026-08-21 20:23:09.651194,None,4A:45:0A:25:F1:F5,-66
2026-08-21 20:23:24.459519,None,6D:E5:D0:C1:2B:A8,-92
2026-08-21 20:23:24.917810,None,43:0F:92:64:28:2A,-91
2026-08-21 20:23:25.501679,None,49:E8:A1:50:7D:B4,-94
2026-08-21 20:23:26.449681,None,6A:16:5C:B9:D5:20,-94
2026-08-21 20:23:38.356158,20HL39284591421094,48:87:2D:89:79:5D,-93
2026-08-21 20:23:40.273751,None,52:4B:86:57:C6:FF,-89
2026-08-21 20:23:45.221880,None,5B:13:E5:7D:36:CC,-91
2026-08-21 20:24:13.038920,None,74:A1:54:AD:D2:4D,-74
2026-08-21 20:24:30.177944,RIOT Plus501B6E,D8:BC:38:50:1B:6E,-96
2026-08-21 20:25:09.254991,None,E3:AD:18:DB:99:A9,-88
2026-08-21 20:25:17.194588,None,7D:5C:6A:15:A6:14,-67
2026-08-21 20:25:19.294190,None,D4:0F:BC:85:7A:AF,-92
2026-08-21 20:25:33.004456,None,E7:71:FE:02:B5:F0,-104
2026-08-21 20:25:33.819736,None,42:AB:31:C9:24:1D,-92
2026-08-21 20:25:38.869777,None,D5:E7:49:9C:6F:09,-91
2026-08-21 20:25:40.818156,4,43:8D:FC:84:7A:D6,-97
2026-08-21 20:25:44.757672,None,FA:A3:7E:09:6E:C1,-87
2026-08-21 20:25:49.073750,None,53:0B:B8:44:CC:D9,-89
2026-08-21 20:26:07.000697,None,CE:3E:E0:D1:16:5F,-74
2026-08-21 20:26:20.508417,None,F5:66:2E:7C:80:DA,-97
2026-08-21 20:27:13.296287,None,2C:DA:C5:A9:89:52,-97
2026-08-21 20:27:17.582846,None,D7:B8:47:66:86:47,-93
2026-08-21 20:27:23.773158,None,DB:5F:DB:23:8C:E8,-84
2026-08-21 20:27:34.957486,None,43:01:83:DC:75:97,-86
2026-08-21 20:27:38.582871,Charge 4,F1:D1:F5:5E:21:37,-81
2026-08-21 20:27:40.661847,None,D7:07:B1:56:53:7B,-90
2026-08-21 20:28:03.118488,None,78:8A:64:2B:39:9D,-92
2026-08-21 20:29:33.211990,Platco PR1,E4:A6:34:CF:38:ED,-99
2026-08-21 20:29:34.593745,None,52:F1:94:46:BC:BE,-95
2026-08-21 20:29:37.101550,113685_9C139E7A644C,9C:13:9E:7A:64:4E,-68
2026-08-21 20:29:58.645449,None,65:77:12:DF:22:32,-92
2026-08-21 20:30:00.400250,None,C8:9D:10:BD:DF:6D,-87
2026-08-21 20:30:00.535107,None,DC:FD:B0:83:D0:00,-83
2026-08-21 20:30:02.255493,None,DB:CA:70:E1:8D:2A,-84
2026-08-21 20:30:02.802155,None,C2:33:33:CB:4C:DA,-91
2026-08-21 20:30:07.921454,None,FD:A8:99:B5:6E:AE,-91
2026-08-21 20:30:12.431564,ResMed 223238,E8:E0:7E:34:BB:D4,-90
2026-08-21 20:30:14.654120,None,3C:DB:FB:D6:7D:5A,-97
2026-08-21 20:30:15.348746,None,C5:4A:6C:6A:EB:7E,-94
2026-08-21 20:30:15.515867,Peak Pro 01502,F0:AD:4E:40:19:D5,-89
2026-08-21 20:30:30.829648,20HL39284450541189,48:87:2D:86:05:3D,-100
2026-08-21 20:30:48.287430,None,6C:6A:EB:64:1C:D9,-94
2026-08-21 20:31:10.459928,None,C4:00:AB:EB:87:9F,-97
2026-08-21 20:32:07.386812,None,7B:32:D5:3C:D7:0F,-89
2026-08-21 20:32:14.812911,Platco PR1,B4:CB:B8:1B:D4:50,-94
2026-08-21 20:32:28.206506,None,F8:B2:B8:8A:F6:FA,-83
2026-08-21 20:32:58.907801,ELK-BLEDOM05,BE:67:00:12:01:75,-98
2026-08-21 20:32:59.850691,MELK-OF21   5C,BE:28:03:00:20:5C,-90
2026-08-21 20:33:04.007985,None,5B:0E:1F:16:18:64,-75
2026-08-21 20:33:23.861884,None,69:A1:64:DD:1D:3F,-95
2026-08-21 20:33:24.835776,None,6D:E5:D0:C1:2B:A8,-92
2026-08-21 20:33:25.640839,None,49:E8:A1:50:7D:B4,-93
2026-08-21 20:33:25.970484,None,50:48:91:BD:9C:B4,-92
2026-08-21 20:33:26.087719,None,43:0F:92:64:28:2A,-92
2026-08-21 20:33:31.643206,None,46:F7:49:A1:E3:2E,-74
2026-08-21 20:33:42.097924,None,54:5A:DE:F8:26:A2,-89
2026-08-21 20:33:46.035834,None,5B:13:E5:7D:36:CC,-89
2026-08-21 20:34:13.671266,None,74:A1:54:AD:D2:4D,-80
2026-08-21 20:34:30.916967,RIOT Plus501B6E,D8:BC:38:50:1B:6E,-92
2026-08-21 20:34:34.494525,None,EE:BF:37:0B:F0:46,-96
2026-08-21 20:35:17.418252,None,7D:5C:6A:15:A6:14,-78
2026-08-21 20:35:41.851796,None,5E:0D:FD:56:13:41,-80
2026-08-21 20:35:41.884739,None,D3:98:CC:FB:16:66,-80
2026-08-21 20:35:52.198729,None,53:0B:B8:44:CC:D9,-88
2026-08-21 20:37:09.787725,20HL39284591421094,48:87:2D:89:79:5D,-95
2026-08-21 20:37:16.838411,None,7F:86:A7:71:A0:F5,-81
2026-08-21 20:37:39.738182,Charge 4,F1:D1:F5:5E:21:37,-81
2026-08-21 20:37:45.202171,None,4A:8B:F8:5D:27:BC,-89
2026-08-21 20:38:53.197921,None,54:62:40:71:38:CA,-93
2026-08-21 20:38:55.961285,None,41:8C:8F:43:11:4A,-92
2026-08-21 20:38:56.041142,None,6F:D1:CC:72:84:89,-92
2026-08-21 20:38:56.919379,None,4C:BA:C0:57:4B:56,-89
2026-08-21 20:39:38.096012,113685_9C139E7A644C,9C:13:9E:7A:64:4E,-67
2026-08-21 20:39:50.098486,None,6A:C8:9E:91:D6:86,-93
2026-08-21 20:39:53.572842,None,CB:8B:EB:9F:C4:89,-90
2026-08-21 20:39:59.620778,None,65:77:12:DF:22:32,-88
2026-08-21 20:40:01.929370,None,C8:9D:10:BD:DF:6D,-87
2026-08-21 20:40:02.105618,None,DC:FD:B0:83:D0:00,-89
2026-08-21 20:40:02.623095,None,DB:CA:70:E1:8D:2A,-85
2026-08-21 20:40:08.071209,None,C2:33:33:CB:4C:DA,-94
2026-08-21 20:40:13.939344,ResMed 223238,E8:E0:7E:34:BB:D4,-89
2026-08-21 20:40:15.229658,None,FD:A8:99:B5:6E:AE,-92
2026-08-21 20:40:16.674493,Peak Pro 01502,F0:AD:4E:40:19:D5,-89
2026-08-21 20:40:17.773998,None,C5:4A:6C:6A:EB:7E,-84
2026-08-21 20:40:23.784044,Platco PR1,E4:A6:34:CF:38:ED,-95
2026-08-21 20:40:35.843097,None,31:F6:14:A2:54:CD,-97
2026-08-21 20:40:48.766866,None,6C:6A:EB:64:1C:D9,-92
2026-08-21 20:40:49.035409,None,5B:51:08:AD:07:4A,-88
2026-08-21 20:41:02.912397,None,7E:5C:F6:24:B9:55,-94
2026-08-21 20:41:17.862589,None,C4:00:AB:EB:87:9F,-94
2026-08-21 20:41:40.366869,None,7A:73:27:91:FA:77,-92
2026-08-21 20:41:41.839446,None,6A:16:26:19:5E:D7,-93
2026-08-21 20:41:41.871970,None,F9:0D:DC:30:EC:77,-98
2026-08-21 20:41:45.139630,None,CF:56:66:BB:03:8C,-91
2026-08-21 20:41:48.606157,None,7F:F9:DD:C5:82:C7,-95
2026-08-21 20:42:15.567500,None,52:F1:94:46:BC:BE,-104
2026-08-21 20:42:29.661608,Platco PR1,B4:CB:B8:1B:D4:50,-85
2026-08-21 20:42:29.800954,None,F8:B2:B8:8A:F6:FA,-85
2026-08-21 20:42:30.480327,None,7C:0D:53:9D:0D:A4,-94
2026-08-21 20:42:31.129011,None,41:B4:29:03:01:19,-88
2026-08-21 20:42:31.150011,None,EC:6A:D3:32:1E:B9,-87
2026-08-21 20:42:46.283261,None,6D:85:E6:33:AF:D0,-95
2026-08-21 20:42:59.879281,MELK-OF21   5C,BE:28:03:00:20:5C,-92
2026-08-21 20:43:28.336861,None,50:48:91:BD:9C:B4,-99
2026-08-21 20:43:31.660511,None,46:F7:49:A1:E3:2E,-72
2026-08-21 20:43:40.749363,ELK-BLEDOM05,BE:67:00:12:01:75,-96
2026-08-21 20:43:42.213026,None,54:5A:DE:F8:26:A2,-88
2026-08-21 20:44:38.366359,None,7E:A0:E6:CD:5C:99,-83
2026-08-21 20:44:42.163614,RIOT Plus501B6E,D8:BC:38:50:1B:6E,-94
2026-08-21 20:45:00.541935,None,CA:EF:FD:54:B8:4D,-70
2026-08-21 20:45:02.593044,None,C9:0A:A7:88:0E:32,-79
2026-08-21 20:45:02.645228,None,DF:6A:B1:26:49:39,-92
2026-08-21 20:45:03.369966,None,F4:3C:7F:C9:3B:D9,-86
2026-08-21 20:45:09.715414,None,F4:05:7B:63:68:5D,-86
2026-08-21 20:45:10.238537,None,D3:3E:C5:F6:3C:5D,-93
2026-08-21 20:45:10.436784,None,D2:AC:80:D6:29:9C,-89
2026-08-21 20:45:41.974866,None,5E:0D:FD:56:13:41,-74
2026-08-21 20:46:37.063259,None,72:B1:71:E4:B0:A4,-71
2026-08-21 20:47:16.886969,None,7F:86:A7:71:A0:F5,-71
2026-08-21 20:47:29.722159,None,D3:8C:5B:B6:AC:9D,-86
2026-08-21 20:47:40.696534,Charge 4,F1:D1:F5:5E:21:37,-79
2026-08-21 20:47:47.474165,None,4A:8B:F8:5D:27:BC,-81
2026-08-21 20:48:45.679691,20HL39284591421094,48:87:2D:89:79:5D,-93
2026-08-21 20:48:46.229068,None,76:CA:4F:64:19:65,-83
2026-08-21 20:48:54.429934,None,54:62:40:71:38:CA,-93
2026-08-21 20:48:56.046618,None,6F:D1:CC:72:84:89,-92
2026-08-21 20:48:58.672502,None,4C:BA:C0:57:4B:56,-86
2026-08-21 20:48:59.876461,None,41:8C:8F:43:11:4A,-91
2026-08-21 20:49:38.104801,113685_9C139E7A644C,9C:13:9E:7A:64:4E,-72
2026-08-21 20:50:09.565954,None,05:90:F3:01:3D:D1,-93
2026-08-21 20:50:16.256598,ResMed 223238,E8:E0:7E:34:BB:D4,-89
2026-08-21 20:50:16.803963,Peak Pro 01502,F0:AD:4E:40:19:D5,-90
2026-08-21 20:50:19.802609,None,4B:AE:82:4F:14:E2,-93
2026-08-21 20:50:20.695095,None,7A:CC:20:F9:EC:A0,-94
2026-08-21 20:50:23.310087,None,5D:48:6B:3A:26:B8,-93
2026-08-21 20:50:24.384865,None,DD:60:A5:B5:29:65,-94
2026-08-21 20:50:52.980220,None,5B:51:08:AD:07:4A,-88
2026-08-21 20:51:03.097997,None,7E:5C:F6:24:B9:55,-85
2026-08-21 20:51:28.956253,Platco PR1,E4:A6:34:CF:38:ED,-94
2026-08-21 20:51:29.085611,None,4F:C2:0B:3D:18:61,-97
2026-08-21 20:51:43.658279,None,50:B3:2F:A9:B8:F0,-96
2026-08-21 20:51:45.426070,None,E6:D3:C7:FD:07:0A,-92
2026-08-21 20:52:39.997181,Platco PR1,B4:CB:B8:1B:D4:50,-83
2026-08-21 20:52:46.640881,None,79:85:62:D3:50:3C,-92
2026-08-21 20:52:55.437803,None,63:3A:C8:41:26:57,-98
2026-08-21 20:52:59.903509,MELK-OF21   5C,BE:28:03:00:20:5C,-88
2026-08-21 20:53:02.122167,None,54:08:B7:19:A2:AD,-94
2026-08-21 20:53:13.399371,None,73:FC:AF:CF:C5:EA,-76
2026-08-21 20:53:36.457251,None,50:48:91:BD:9C:B4,-91
2026-08-21 20:53:53.046122,ELK-BLEDOM05,BE:67:00:12:01:75,-95
2026-08-21 20:54:38.472999,None,7E:A0:E6:CD:5C:99,-81
2026-08-21 20:54:45.504513,RIOT Plus501B6E,D8:BC:38:50:1B:6E,-95
2026-08-21 20:54:47.652875,CoolLEDUX,01:00:00:92:42:B7,-92
2026-08-21 20:55:02.979759,None,CA:EF:FD:54:B8:4D,-100
2026-08-21 20:55:06.349175,None,F4:3C:7F:C9:3B:D9,-85
2026-08-21 20:55:09.847029,None,F4:05:7B:63:68:5D,-93
2026-08-21 20:55:10.227164,None,C9:0A:A7:88:0E:32,-75
2026-08-21 20:55:10.578649,None,D3:3E:C5:F6:3C:5D,-93
2026-08-21 20:55:15.583266,None,DF:6A:B1:26:49:39,-93
2026-08-21 20:55:16.138358,None,7D:67:61:44:ED:63,-71
2026-08-21 20:55:24.981224,None,D2:AC:80:D6:29:9C,-88
2026-08-21 20:55:31.062965,None,EF:7F:51:75:03:61,-97
2026-08-21 20:55:42.136622,None,5E:0D:FD:56:13:41,-80
2026-08-21 20:55:49.213451,None,6F:62:4E:50:25:3E,-88
2026-08-21 20:55:55.897628,None,71:BE:79:02:D2:F9,-93
2026-08-21 20:56:07.607537,None,70:90:6A:2A:00:94,-79
2026-08-21 20:56:38.454218,None,72:B1:71:E4:B0:A4,-78
2026-08-21 20:57:08.259542,None,67:B3:50:B5:17:DF,-94
2026-08-21 20:57:31.230926,None,D3:8C:5B:B6:AC:9D,-86
2026-08-21 20:57:41.846704,Charge 4,F1:D1:F5:5E:21:37,-79
2026-08-21 20:57:42.382626,None,45:58:A0:26:0A:19,-97
2026-08-21 20:57:46.373620,None,51:28:EB:82:AD:16,-91
2026-08-21 20:58:10.592630,None,61:D6:50:96:12:EB,-93
2026-08-21 20:58:31.102844,None,4B:83:63:29:4D:DB,-82
2026-08-21 20:58:46.914781,20HL39284591421094,48:87:2D:89:79:5D,-95
2026-08-21 20:58:53.075480,None,76:CA:4F:64:19:65,-92
2026-08-21 20:59:18.022609,None,62:6B:64:9C:2A:8C,-85
2026-08-21 20:59:38.143381,113685_9C139E7A644C,9C:13:9E:7A:64:4E,-71
2026-08-21 21:00:00.169224,None,CD:66:18:38:12:FF,-76
2026-08-21 21:00:00.538069,None,C4:35:DB:06:A1:5C,-80
2026-08-21 21:00:00.602941,None,D7:A3:CF:44:A5:2F,-91
2026-08-21 21:00:04.239902,None,73:6E:39:96:02:73,-96
2026-08-21 21:00:06.436067,None,CC:F9:97:D7:4D:C8,-87
2026-08-21 21:00:07.649566,None,CD:95:61:4D:DD:84,-95
2026-08-21 21:00:10.368912,None,20:AC:AF:88:14:93,-96
2026-08-21 21:00:16.768042,ResMed 223238,E8:E0:7E:34:BB:D4,-94
2026-08-21 21:00:17.371434,Peak Pro 01502,F0:AD:4E:40:19:D5,-83
2026-08-21 21:00:17.447923,20HL39284450541189,48:87:2D:86:05:3D,-98
2026-08-21 21:00:24.829627,None,DD:60:A5:B5:29:65,-98
2026-08-21 21:01:03.539495,None,7E:5C:F6:24:B9:55,-93
2026-08-21 21:01:39.292079,Platco PR1,E4:A6:34:CF:38:ED,-95
2026-08-21 21:01:49.563060,None,45:FB:0A:34:5E:00,-89
2026-08-21 21:01:57.382737,None,50:B3:2F:A9:B8:F0,-92
2026-08-21 21:01:59.938090,None,56:93:D2:35:0E:CE,-82
2026-08-21 21:02:03.823652,None,CD:F8:68:62:52:A8,-94
2026-08-21 21:02:26.138156,None,DB:0E:7F:6E:69:84,-80
2026-08-21 21:02:54.912365,Platco PR1,B4:CB:B8:1B:D4:50,-91
2026-08-21 21:03:00.033937,MELK-OF21   5C,BE:28:03:00:20:5C,-89
2026-08-21 21:03:13.405559,None,73:FC:AF:CF:C5:EA,-82
2026-08-21 21:03:29.318409,None,CD:45:3B:C2:B9:C8,-93
2026-08-21 21:04:05.605265,None,7F:90:20:B9:98:49,-93
2026-08-21 21:04:39.654158,None,7E:A0:E6:CD:5C:99,-85
2026-08-21 21:04:54.594302,RIOT Plus501B6E,D8:BC:38:50:1B:6E,-97
2026-08-21 21:04:54.843372,None,F7:D0:48:23:98:28,-84
2026-08-21 21:05:24.022642,None,D3:3E:C5:F6:3C:5D,-93
2026-08-21 21:05:49.003691,None,78:29:3E:1E:18:14,-81
2026-08-21 21:05:49.469559,None,6F:62:4E:50:25:3E,-87
2026-08-21 21:06:06.205104,None,58:DD:82:A7:AB:73,-88
2026-08-21 21:06:09.794978,None,70:90:6A:2A:00:94,-74
2026-08-21 21:07:42.990240,Charge 4,F1:D1:F5:5E:21:37,-83
2026-08-21 21:07:48.765623,None,51:28:EB:82:AD:16,-88
2026-08-21 21:08:25.860539,None,71:BE:79:02:D2:F9,-96
2026-08-21 21:08:55.490587,None,C6:40:A6:8B:25:F9,-92
2026-08-21 21:08:55.902929,None,54:3A:08:FC:4B:DB,-93
2026-08-21 21:09:00.204501,None,79:BE:0C:CB:01:14,-95
2026-08-21 21:09:00.216483,None,66:FA:89:FB:87:54,-95
2026-08-21 21:09:31.384626,20HL39284591421094,48:87:2D:89:79:5D,-94
2026-08-21 21:09:38.205385,113685_9C139E7A644C,9C:13:9E:7A:64:4E,-77
2026-08-21 21:09:41.817256,None,4B:83:63:29:4D:DB,-84
2026-08-21 21:10:02.687352,Garuda,C3:88:82:99:A9:49,-95
2026-08-21 21:10:03.052711,None,C4:35:DB:06:A1:5C,-71
2026-08-21 21:10:05.023010,None,CD:66:18:38:12:FF,-68
2026-08-21 21:10:10.586520,None,CC:F9:97:D7:4D:C8,-87
2026-08-21 21:10:11.297408,None,76:CA:4F:64:19:65,-95
2026-08-21 21:10:11.387880,None,0C:29:08:E8:01:65,-95
2026-08-21 21:10:17.319475,ResMed 223238,E8:E0:7E:34:BB:D4,-86
2026-08-21 21:10:18.018799,Peak Pro 01502,F0:AD:4E:40:19:D5,-91
2026-08-21 21:10:25.537905,None,CD:95:61:4D:DD:84,-95
2026-08-21 21:10:30.689228,None,D7:A3:CF:44:A5:2F,-92
2026-08-21 21:10:49.049360,None,70:8A:83:28:5C:47,-87
2026-08-21 21:10:51.862048,None,65:BC:E6:75:68:4A,-95
2026-08-21 21:10:51.905921,None,62:3C:FB:2F:B1:3C,-100
2026-08-21 21:10:55.864814,None,6C:D5:B8:1A:F8:C0,-98
2026-08-21 21:11:00.146925,None,63:16:0D:1C:6A:E9,-91
2026-08-21 21:11:02.083366,None,4B:F2:96:51:42:C4,-90
2026-08-21 21:11:02.513533,None,C5:D9:1D:26:1E:2E,-88
2026-08-21 21:11:06.930492,None,FE:BF:AB:39:E7:EF,-98
2026-08-21 21:11:09.191211,None,79:F0:EE:1C:E7:9F,-96
2026-08-21 21:11:24.312541,None,E3:20:13:4C:51:88,-95
2026-08-21 21:11:29.991107,ELK-BLEDOM05,BE:67:00:12:01:75,-99
2026-08-21 21:11:52.438861,None,45:FB:0A:34:5E:00,-93
2026-08-21 21:12:00.245958,None,56:93:D2:35:0E:CE,-77
2026-08-21 21:12:11.680337,None,CD:F8:68:62:52:A8,-93
2026-08-21 21:12:31.651396,None,DB:0E:7F:6E:69:84,-91
2026-08-21 21:12:59.746618,Platco PR1,B4:CB:B8:1B:D4:50,-84
2026-08-21 21:13:00.393362,MELK-OF21   5C,BE:28:03:00:20:5C,-90
2026-08-21 21:14:06.946863,None,7F:90:20:B9:98:49,-91
2026-08-21 21:14:40.752678,Platco PR1,E4:A6:34:CF:38:ED,-95
2026-08-21 21:14:54.987439,None,F7:D0:48:23:98:28,-83
2026-08-21 21:15:00.410051,None,C5:51:1F:A3:82:A4,-87
2026-08-21 21:15:02.196023,None,E7:E1:52:54:D6:7A,-95
2026-08-21 21:15:02.333532,None,D2:6B:D4:CC:72:1F,-91
2026-08-21 21:15:02.592841,None,D0:E5:F8:A1:97:E5,-89
2026-08-21 21:15:03.626772,None,F4:FA:F4:DD:30:B4,-71
2026-08-21 21:15:06.097961,RIOT Plus501B6E,D8:BC:38:50:1B:6E,-96
2026-08-21 21:15:08.228086,None,F0:F9:FC:6D:91:89,-89
2026-08-21 21:15:32.130077,None,6B:BE:0A:95:B8:2A,-94
2026-08-21 21:15:46.226692,None,43:91:7B:8F:3D:CF,-95
2026-08-21 21:15:46.360858,None,E1:02:B9:9E:77:CD,-90
2026-08-21 21:15:49.710064,None,78:29:3E:1E:18:14,-82
2026-08-21 21:15:52.451675,None,58:6D:C9:89:F2:47,-91
2026-08-21 21:16:02.512055,None,D7:CA:67:96:20:3C,-69
2026-08-21 21:16:06.628318,None,58:DD:82:A7:AB:73,-66
2026-08-21 21:16:09.930329,None,43:95:0B:A1:93:70,-92
2026-08-21 21:16:13.041839,None,73:D8:88:05:C9:DD,-102
2026-08-21 21:16:52.829101,None,ED:47:E2:3E:28:C7,-97
2026-08-21 21:16:56.252950,None,FF:54:25:1A:61:BC,-88
2026-08-21 21:17:42.292123,None,7B:63:BF:55:39:F4,-71
2026-08-21 21:17:44.165053,Charge 4,F1:D1:F5:5E:21:37,-87
2026-08-21 21:17:48.817803,None,51:28:EB:82:AD:16,-86
2026-08-21 21:18:52.143787,None,6E:0F:93:90:F3:97,-99
2026-08-21 21:18:56.712285,None,54:3A:08:FC:4B:DB,-93
2026-08-21 21:19:00.274493,None,79:BE:0C:CB:01:14,-93
2026-08-21 21:19:00.868914,None,66:FA:89:FB:87:54,-91
2026-08-21 21:19:38.342937,113685_9C139E7A644C,9C:13:9E:7A:64:4E,-68
2026-08-21 21:20:10.822842,None,0D:D3:80:48:22:84,-98
2026-08-21 21:20:13.667684,20HL39284591421094,48:87:2D:89:79:5D,-96
2026-08-21 21:20:17.567693,ResMed 223238,E8:E0:7E:34:BB:D4,-90
2026-08-21 21:20:18.042449,Peak Pro 01502,F0:AD:4E:40:19:D5,-90
2026-08-21 21:20:18.403589,None,6C:FA:5C:3D:FD:A3,-96
2026-08-21 21:20:18.946320,None,F1:9B:00:7B:75:B3,-97
2026-08-21 21:20:49.410190,None,70:8A:83:28:5C:47,-87
2026-08-21 21:21:35.966300,None,57:54:70:CC:56:70,-94
2026-08-21 21:21:36.796921,None,75:3B:14:1D:FD:C7,-93
2026-08-21 21:21:37.110146,None,50:A9:99:91:7B:90,-93
2026-08-21 21:21:57.479240,None,45:FB:0A:34:5E:00,-91
2026-08-21 21:22:45.301152,None,64:CD:12:15:03:7B,-80
2026-08-21 21:23:00.427692,MELK-OF21   5C,BE:28:03:00:20:5C,-89
2026-08-21 21:23:14.359645,None,47:F5:1B:23:56:80,-88
2026-08-21 21:23:15.083814,Platco PR1,B4:CB:B8:1B:D4:50,-84
2026-08-21 21:23:21.575196,None,58:29:D4:CC:E4:E7,-95
2026-08-21 21:23:42.364740,None,42:BE:B9:CB:D9:F6,-95
2026-08-21 21:23:50.828997,None,D5:13:5C:14:8E:F7,-91
2026-08-21 21:24:04.044223,None,5E:0D:8D:F5:0F:D9,-94
2026-08-21 21:24:19.327154,None,61:3C:E4:4F:DE:07,-91
2026-08-21 21:24:45.311687,None,66:96:F0:06:88:1B,-88
2026-08-21 21:25:02.292214,None,E7:E1:52:54:D6:7A,-95
2026-08-21 21:25:03.549319,None,D2:6B:D4:CC:72:1F,-79
2026-08-21 21:25:06.842140,None,D0:E5:F8:A1:97:E5,-92
2026-08-21 21:25:07.104569,None,F4:FA:F4:DD:30:B4,-66
2026-08-21 21:25:07.161024,RIOT Plus501B6E,D8:BC:38:50:1B:6E,-96
2026-08-21 21:25:09.054871,None,C5:51:1F:A3:82:A4,-86
2026-08-21 21:25:15.606356,Platco PR1,E4:A6:34:CF:38:ED,-96
2026-08-21 21:25:16.284683,None,F0:F9:FC:6D:91:89,-93
2026-08-21 21:25:48.871775,None,73:32:12:DB:CD:E1,-87
2026-08-21 21:26:03.370048,None,D7:CA:67:96:20:3C,-69
2026-08-21 21:26:10.478199,None,43:95:0B:A1:93:70,-75
2026-08-21 21:26:11.280030,None,72:CE:8E:CA:E6:5A,-97
2026-08-21 21:26:30.453546,None,4E:DF:3F:AA:A8:AC,-95
2026-08-21 21:26:53.150342,None,ED:47:E2:3E:28:C7,-96
2026-08-21 21:26:59.853068,None,FF:54:25:1A:61:BC,-86
2026-08-21 21:27:08.075606,None,73:D8:88:05:C9:DD,-96
2026-08-21 21:27:27.725737,None,65:8D:6E:04:5F:8E,-94
2026-08-21 21:27:30.087205,None,45:75:FF:43:BE:C5,-94
2026-08-21 21:27:36.091517,None,F2:D3:E8:DC:B0:9C,-89
2026-08-21 21:27:42.722034,None,7B:63:BF:55:39:F4,-71
2026-08-21 21:27:45.127245,Charge 4,F1:D1:F5:5E:21:37,-82
2026-08-21 21:28:02.281434,None,64:5A:FC:B5:E6:73,-81
2026-08-21 21:28:18.385589,20HL39284450541189,48:87:2D:86:05:3D,-97
2026-08-21 21:29:30.050063,None,E9:34:EC:AA:77:1D,-97
2026-08-21 21:29:38.464000,113685_9C139E7A644C,9C:13:9E:7A:64:4E,-73
2026-08-21 21:30:01.135944,None,E4:CF:59:E2:BA:47,-74
2026-08-21 21:30:04.212878,None,FD:31:9D:D8:2F:5E,-82
2026-08-21 21:30:04.399154,None,FE:91:0C:74:16:2B,-88
2026-08-21 21:30:04.536779,None,FD:B8:FD:B9:46:50,-90
2026-08-21 21:30:04.645048,None,CE:2F:65:93:09:F7,-78
2026-08-21 21:30:06.110353,None,44:57:43:C1:A1:49,-96
2026-08-21 21:30:11.174751,None,22:1F:E2:CD:1F:26,-95
2026-08-21 21:30:18.069066,Peak Pro 01502,F0:AD:4E:40:19:D5,-90
2026-08-21 21:30:18.245215,None,FD:2E:4F:32:20:85,-93
2026-08-21 21:30:18.724436,ResMed 223238,E8:E0:7E:34:BB:D4,-90
2026-08-21 21:30:26.043379,None,F8:DF:D5:4D:A9:A0,-96
2026-08-21 21:31:21.691091,None,CC:96:E1:25:C9:EB,-76
2026-08-21 21:31:29.822749,None,D1:BC:97:CA:07:AE,-87
2026-08-21 21:31:36.841988,None,57:54:70:CC:56:70,-94
2026-08-21 21:31:37.248555,None,50:A9:99:91:7B:90,-95
2026-08-21 21:31:39.587389,ELK-BLEDOM05,BE:67:00:12:01:75,-96
2026-08-21 21:31:44.387977,None,75:3B:14:1D:FD:C7,-92
2026-08-21 21:32:18.338285,EF-D36C0514,A0:85:E3:DE:D2:96,-97
2026-08-21 21:32:32.128656,None,6C:A4:68:63:4C:02,-89
2026-08-21 21:32:33.042954,None,F8:95:8F:04:9C:6D,-93
2026-08-21 21:32:46.428281,None,64:CD:12:15:03:7B,-66
2026-08-21 21:32:53.223396,None,4A:E3:B3:F5:14:D2,-92
2026-08-21 21:32:53.570321,None,56:C6:CD:8A:17:4B,-93
2026-08-21 21:32:54.164129,None,57:2A:1C:CC:7A:DC,-93
2026-08-21 21:33:00.584473,MELK-OF21   5C,BE:28:03:00:20:5C,-89
2026-08-21 21:33:19.941332,Platco PR1,B4:CB:B8:1B:D4:50,-86
2026-08-21 21:33:28.428546,20HL39284591421094,48:87:2D:89:79:5D,-90
2026-08-21 21:33:42.903149,None,42:BE:B9:CB:D9:F6,-83
2026-08-21 21:33:57.784286,None,72:77:A2:7C:DD:8A,-64
2026-08-21 21:34:02.489216,None,7A:36:DF:B2:FC:25,-70
2026-08-21 21:34:09.309759,None,5E:0D:8D:F5:0F:D9,-82
2026-08-21 21:34:19.550568,None,61:3C:E4:4F:DE:07,-86
2026-08-21 21:34:45.339892,None,66:96:F0:06:88:1B,-87
2026-08-21 21:35:25.782209,RIOT Plus501B6E,D8:BC:38:50:1B:6E,-97
2026-08-21 21:35:48.960345,None,73:32:12:DB:CD:E1,-87
2026-08-21 21:36:10.578235,None,48:7B:B2:22:33:DA,-77
2026-08-21 21:36:16.033921,Platco PR1,E4:A6:34:CF:38:ED,-95
2026-08-21 21:36:24.566497,None,44:F6:62:F8:11:65,-100
2026-08-21 21:36:30.794727,None,4E:DF:3F:AA:A8:AC,-77
2026-08-21 21:37:46.257937,Charge 4,F1:D1:F5:5E:21:37,-85
2026-08-21 21:37:49.358305,None,49:E7:0E:31:16:4B,-103
2026-08-21 21:38:01.198507,None,4B:2D:4B:9C:B6:79,-94
2026-08-21 21:38:02.533322,None,64:5A:FC:B5:E6:73,-77
2026-08-21 21:38:56.558955,None,51:13:6F:F4:53:E8,-80
2026-08-21 21:38:56.788877,None,53:89:81:68:73:D6,-78
2026-08-21 21:39:13.190058,20HL39284450541189,48:87:2D:86:05:3D,-97
2026-08-21 21:39:14.538416,None,5A:D6:DE:65:D4:A2,-91
2026-08-21 21:39:39.009800,113685_9C139E7A644C,9C:13:9E:7A:64:4E,-76
2026-08-21 21:40:01.677173,None,E4:CF:59:E2:BA:47,-85
2026-08-21 21:40:04.779771,None,FD:31:9D:D8:2F:5E,-91
2026-08-21 21:40:08.305022,None,CE:2F:65:93:09:F7,-76
2026-08-21 21:40:08.454935,None,FD:B8:FD:B9:46:50,-93
2026-08-21 21:40:09.425516,None,22:1E:6E:18:5E:91,-97
2026-08-21 21:40:18.858294,Peak Pro 01502,F0:AD:4E:40:19:D5,-89
2026-08-21 21:40:18.966692,ResMed 223238,E8:E0:7E:34:BB:D4,-86
2026-08-21 21:40:24.688860,None,FE:91:0C:74:16:2B,-87
2026-08-21 21:40:31.725616,None,FD:2E:4F:32:20:85,-91
2026-08-21 21:40:50.929353,None,72:B3:5D:E7:04:90,-87
2026-08-21 21:41:27.391029,None,CC:96:E1:25:C9:EB,-80
2026-08-21 21:41:33.338835,None,D1:BC:97:CA:07:AE,-85
2026-08-21 21:42:27.281166,None,20:A7:16:57:88:E8,-93
2026-08-21 21:42:53.843083,None,56:C6:CD:8A:17:4B,-92
2026-08-21 21:42:58.883519,None,4A:E3:B3:F5:14:D2,-93
2026-08-21 21:43:00.739237,MELK-OF21   5C,BE:28:03:00:20:5C,-90
2026-08-21 21:43:01.719161,None,57:2A:1C:CC:7A:DC,-94
2026-08-21 21:43:30.246250,Platco PR1,B4:CB:B8:1B:D4:50,-84
2026-08-21 21:43:58.206606,None,72:77:A2:7C:DD:8A,-68
2026-08-21 21:44:17.862691,None,5B:1D:30:6C:BE:15,-98
2026-08-21 21:44:22.416957,None,61:3C:E4:4F:DE:07,-86
2026-08-21 21:44:45.595065,None,66:96:F0:06:88:1B,-86
2026-08-21 21:45:00.532740,None,C9:24:F2:43:D4:C0,-93
2026-08-21 21:45:02.243726,None,C2:00:EB:BD:33:66,-80
2026-08-21 21:45:02.393879,None,E9:25:C2:97:83:00,-87
2026-08-21 21:45:05.264295,None,DA:F8:1D:C2:D0:A6,-81
2026-08-21 21:45:08.177214,None,EC:AA:53:B1:41:C9,-93
2026-08-21 21:45:28.604702,RIOT Plus501B6E,D8:BC:38:50:1B:6E,-97
2026-08-21 21:45:33.534097,None,73:62:EE:36:61:76,-76
2026-08-21 21:45:34.787758,None,D0:08:33:4C:E9:D7,-69
2026-08-21 21:46:10.836871,None,48:7B:B2:22:33:DA,-81
2026-08-21 21:46:54.205866,20HL39284591421094,48:87:2D:89:79:5D,-94
2026-08-21 21:47:15.864790,None,5D:F8:F7:21:93:3B,-85
2026-08-21 21:47:37.004954,None,25:1E:5F:C4:F7:DA,-91
2026-08-21 21:47:37.617421,None,37:E5:EE:4D:82:E4,-93
2026-08-21 21:47:47.395426,Charge 4,F1:D1:F5:5E:21:37,-84
2026-08-21 21:48:04.732880,None,64:5A:FC:B5:E6:73,-79
2026-08-21 21:48:56.755531,None,51:13:6F:F4:53:E8,-88
2026-08-21 21:48:57.401680,None,53:89:81:68:73:D6,-85
2026-08-21 21:48:59.110003,None,75:55:01:53:DD:E6,-96
2026-08-21 21:49:02.450747,None,42:B0:8D:90:F8:E9,-92
2026-08-21 21:49:03.184400,None,65:A1:D8:FC:6C:80,-93
2026-08-21 21:49:03.425238,None,4D:1E:7A:28:0A:4F,-93
2026-08-21 21:49:10.187822,None,65:07:B0:57:91:6D,-88
2026-08-21 21:49:17.457214,None,4A:1C:4D:9E:AF:A7,-94
2026-08-21 21:49:36.746746,None,E3:0C:29:01:9E:7A,-79
2026-08-21 21:49:37.130194,None,56:DF:90:31:8C:9D,-73
2026-08-21 21:49:39.073846,113685_9C139E7A644C,9C:13:9E:7A:64:4E,-73
2026-08-21 21:49:51.677198,None,D0:BB:E5:EC:89:BF,-84
2026-08-21 21:50:01.699365,LE_WF-C500,76:86:C0:C9:DA:09,-89
2026-08-21 21:50:09.850810,None,1E:26:53:5B:B4:63,-97
2026-08-21 21:50:19.044784,ResMed 223238,E8:E0:7E:34:BB:D4,-87
2026-08-21 21:50:19.125842,Peak Pro 01502,F0:AD:4E:40:19:D5,-91
2026-08-21 21:50:43.041117,Platco PR1,E4:A6:34:CF:38:ED,-94
2026-08-21 21:50:51.293522,None,72:B3:5D:E7:04:90,-89
2026-08-21 21:50:57.741146,None,68:12:5D:41:84:81,-89
2026-08-21 21:51:30.308502,None,F7:60:E9:B0:62:8A,-95
2026-08-21 21:51:34.590698,None,79:8C:D4:1B:F2:EF,-98
2026-08-21 21:51:45.797845,None,6E:C2:9E:F1:DE:CE,-92
2026-08-21 21:53:01.523751,MELK-OF21   5C,BE:28:03:00:20:5C,-89
2026-08-21 21:53:36.890155,None,51:04:70:6C:52:47,-80
2026-08-21 21:53:44.686158,Platco PR1,B4:CB:B8:1B:D4:50,-85
2026-08-21 21:54:15.256851,None,5C:BF:25:25:30:A5,-88
2026-08-21 21:55:02.681220,None,C2:00:EB:BD:33:66,-89
2026-08-21 21:55:04.507974,None,C9:24:F2:43:D4:C0,-92
2026-08-21 21:55:12.903966,None,DA:F8:1D:C2:D0:A6,-85
2026-08-21 21:55:15.825012,None,E9:25:C2:97:83:00,-86
2026-08-21 21:55:17.245786,None,EC:AA:53:B1:41:C9,-95
2026-08-21 21:55:34.817219,None,D0:08:33:4C:E9:D7,-73
2026-08-21 21:55:49.078132,None,64:B6:3A:3D:2B:52,-87
2026-08-21 21:55:55.207111,RIOT Plus501B6E,D8:BC:38:50:1B:6E,-97
2026-08-21 21:56:11.310615,None,48:7B:B2:22:33:DA,-94
2026-08-21 21:56:14.262260,None,6D:D2:41:49:99:1E,-78
2026-08-21 21:57:13.357620,None,78:69:83:FF:55:E4,-82
2026-08-21 21:57:13.375962,None,44:BE:C0:FD:C5:D2,-84
2026-08-21 21:57:17.499162,None,5D:F8:F7:21:93:3B,-81
2026-08-21 21:57:20.107798,ELK-BLEDOM05,BE:67:00:12:01:75,-98
2026-08-21 21:57:48.370546,Charge 4,F1:D1:F5:5E:21:37,-80
2026-08-21 21:58:45.380580,None,5A:2A:A6:98:B9:C5,-95
2026-08-21 21:59:03.600822,None,4D:1E:7A:28:0A:4F,-96
2026-08-21 21:59:05.998933,None,42:B0:8D:90:F8:E9,-95
2026-08-21 21:59:11.715701,None,65:A1:D8:FC:6C:80,-95
2026-08-21 21:59:12.909437,None,68:07:F5:90:A7:C7,-92
2026-08-21 21:59:13.027993,None,E9:F1:6C:FB:4E:7F,-97
2026-08-21 21:59:31.739767,None,2F:C2:BB:8C:90:3C,-92
2026-08-21 21:59:38.235852,None,56:DF:90:31:8C:9D,-75
2026-08-21 21:59:38.551932,None,E3:0C:29:01:9E:7A,-77
2026-08-21 21:59:39.376543,113685_9C139E7A644C,9C:13:9E:7A:64:4E,-66
2026-08-21 21:59:53.848496,None,D0:BB:E5:EC:89:BF,-84
2026-08-21 22:00:00.371316,None,EE:C5:C4:ED:9A:43,-92
2026-08-21 22:00:00.391280,None,CA:AE:D3:A6:77:D7,-87
2026-08-21 22:00:01.892698,None,CB:6C:E7:E2:5A:6F,-84
2026-08-21 22:00:11.048125,None,0A:35:B2:A6:8F:98,-92
2026-08-21 22:00:20.855781,ResMed 223238,E8:E0:7E:34:BB:D4,-86
2026-08-21 22:00:21.012014,Peak Pro 01502,F0:AD:4E:40:19:D5,-83
2026-08-21 22:00:24.625213,None,C0:FA:85:97:00:D4,-86
2026-08-21 22:00:44.668314,None,CF:62:B2:2E:1E:B3,-92
2026-08-21 22:00:44.913179,None,41:7A:36:92:A0:C6,-96
2026-08-21 22:00:50.374144,None,F2:57:A5:A9:C4:D6,-93
2026-08-21 22:00:51.342825,None,EB:CD:88:39:B9:18,-95
2026-08-21 22:00:57.771336,None,68:12:5D:41:84:81,-75
2026-08-21 22:01:13.259917,None,57:86:B9:6E:2F:C7,-95
2026-08-21 22:01:15.076708,None,7C:51:59:DD:6F:28,-99
2026-08-21 22:01:48.860406,Platco PR1,E4:A6:34:CF:38:ED,-95
2026-08-21 22:03:02.993541,MELK-OF21   5C,BE:28:03:00:20:5C,-87
2026-08-21 22:03:41.936311,None,45:D8:5F:EF:C2:5C,-98
2026-08-21 22:03:55.036270,Platco PR1,B4:CB:B8:1B:D4:50,-93
2026-08-21 22:04:15.413969,None,5C:BF:25:25:30:A5,-84
2026-08-21 22:04:15.863207,None,53:2A:F3:90:47:22,-92
2026-08-21 22:04:20.876417,20HL39284591421094,48:87:2D:89:79:5D,-94
2026-08-21 22:05:13.033575,None,67:67:4C:89:AB:6E,-96
2026-08-21 22:05:13.190102,None,73:4B:C5:BF:5D:A9,-95
2026-08-21 22:05:14.547228,None,70:50:44:1E:85:A1,-95
2026-08-21 22:05:42.238266,None,D0:08:33:4C:E9:D7,-73
2026-08-21 22:05:49.161502,None,64:B6:3A:3D:2B:52,-87
2026-08-21 22:05:49.418775,None,51:04:70:6C:52:47,-87
2026-08-21 22:05:59.911537,None,69:90:B6:C2:B2:FF,-95
2026-08-21 22:06:04.040541,RIOT Plus501B6E,D8:BC:38:50:1B:6E,-99
2026-08-21 22:06:14.437850,None,6D:D2:41:49:99:1E,-89
2026-08-21 22:06:35.223679,None,59:61:28:46:E4:B8,-96
2026-08-21 22:06:48.692183,None,5E:2F:7A:5C:39:5F,-96
2026-08-21 22:06:50.437720,None,C3:B2:CA:49:48:C2,-87
2026-08-21 22:07:13.752631,None,78:69:83:FF:55:E4,-83
2026-08-21 22:07:17.666030,None,5D:F8:F7:21:93:3B,-83
2026-08-21 22:07:18.283711,None,44:BE:C0:FD:C5:D2,-83
2026-08-21 22:07:24.737993,None,68:52:AD:6D:8F:6B,-94
2026-08-21 22:07:25.762779,None,66:2B:9B:EF:E4:1D,-93
2026-08-21 22:07:25.954897,Garuda,C3:88:82:99:A9:49,-94
2026-08-21 22:07:32.941296,None,48:E4:F4:ED:A5:6B,-96
2026-08-21 22:07:33.819256,None,FD:39:FC:95:65:DC,-97
2026-08-21 22:07:38.696071,None,F1:3A:9D:DD:87:CC,-74
2026-08-21 22:07:40.276885,None,F1:C8:8C:30:EE:D6,-98
2026-08-21 22:07:44.977318,None,62:F1:89:08:18:47,-98
2026-08-21 22:07:49.518375,Charge 4,F1:D1:F5:5E:21:37,-83
2026-08-21 22:09:38.812379,None,56:DF:90:31:8C:9D,-77
2026-08-21 22:09:39.402610,113685_9C139E7A644C,9C:13:9E:7A:64:4E,-71
2026-08-21 22:09:40.209169,None,E3:0C:29:01:9E:7A,-75
2026-08-21 22:10:00.480795,None,63:5C:6E:15:C7:F0,-101
2026-08-21 22:10:01.396596,None,EE:C5:C4:ED:9A:43,-80
2026-08-21 22:10:01.922067,None,E4:22:E1:85:D9:37,-98
2026-08-21 22:10:03.552936,None,CB:6C:E7:E2:5A:6F,-84
2026-08-21 22:10:10.429531,None,10:4A:9D:AF:8B:49,-90
2026-08-21 22:10:10.693756,None,CA:AE:D3:A6:77:D7,-87
2026-08-21 22:10:21.166790,ResMed 223238,E8:E0:7E:34:BB:D4,-85
2026-08-21 22:10:21.402506,Peak Pro 01502,F0:AD:4E:40:19:D5,-89
2026-08-21 22:10:32.245948,None,73:AC:5C:9D:FB:00,-97
2026-08-21 22:10:32.791313,None,C0:FA:85:97:00:D4,-88
2026-08-21 22:10:44.696367,None,CF:62:B2:2E:1E:B3,-90
2026-08-21 22:10:49.467817,None,77:B7:2A:3F:32:D1,-89
2026-08-21 22:10:58.878127,None,F2:57:A5:A9:C4:D6,-95
2026-08-21 22:11:12.825753,None,44:F6:62:F8:11:65,-95
2026-08-21 22:11:13.076879,None,A4:83:E7:83:E7:06,-93
2026-08-21 22:11:25.676595,None,67:BC:EE:BB:F2:AF,-86
2026-08-21 22:11:41.059205,None,65:CC:34:49:F3:2B,-98
2026-08-21 22:12:22.351460,None,4F:35:60:BB:C9:29,-77
2026-08-21 22:12:22.371097,None,CA:D1:FD:1D:EC:86,-76
2026-08-21 22:12:28.786249,Platco PR1,E4:A6:34:CF:38:ED,-95
2026-08-21 22:13:03.014287,MELK-OF21   5C,BE:28:03:00:20:5C,-90
2026-08-21 22:13:13.536732,None,6C:FD:97:0E:AA:71,-91
2026-08-21 22:13:20.101000,None,5C:E3:C5:BC:62:D2,-94
2026-08-21 22:13:20.128196,None,52:FD:C0:64:88:C7,-94
2026-08-21 22:13:20.886197,None,61:C2:CE:56:96:67,-94
2026-08-21 22:13:59.900455,Platco PR1,B4:CB:B8:1B:D4:50,-88
2026-08-21 22:14:16.404571,None,5C:BF:25:25:30:A5,-84
2026-08-21 22:14:22.396654,None,53:2A:F3:90:47:22,-96
2026-08-21 22:14:41.351164,None,4D:C1:FB:CF:E2:E0,-89
2026-08-21 22:14:48.782098,None,6B:7A:96:DD:92:63,-88
2026-08-21 22:14:51.798563,None,CE:B8:86:1F:3D:88,-98
2026-08-21 22:14:59.380376,20HL39284591421094,48:87:2D:89:79:5D,-95
2026-08-21 22:15:02.384584,None,E9:2C:52:40:ED:89,-85
2026-08-21 22:15:02.761244,None,71:D4:E7:B1:B6:86,-92
2026-08-21 22:15:03.973758,None,D4:E6:CD:DD:69:3F,-92
2026-08-21 22:15:06.214090,20HL39284450541189,48:87:2D:86:05:3D,-100
2026-08-21 22:15:12.547197,None,F2:0F:1B:DC:FA:21,-91
2026-08-21 22:15:16.531249,None,C4:C0:3B:9A:A7:59,-72
2026-08-21 22:15:56.231545,None,78:2A:0D:80:B5:03,-99
2026-08-21 22:15:59.471018,None,EC:41:B8:16:59:B0,-84
2026-08-21 22:15:59.989137,None,69:90:B6:C2:B2:FF,-76
2026-08-21 22:16:03.615484,None,F4:E9:54:3D:B9:8C,-95
2026-08-21 22:16:06.941701,None,47:6B:CE:51:C8:01,-96
2026-08-21 22:16:13.204667,None,4F:6B:B3:43:4F:03,-96
2026-08-21 22:16:13.412626,RIOT Plus501B6E,D8:BC:38:50:1B:6E,-97
2026-08-21 22:16:13.748244,None,5C:87:8B:85:2E:70,-94
2026-08-21 22:16:14.529508,None,6D:D2:41:49:99:1E,-76
2026-08-21 22:16:20.154160,None,6F:62:F5:99:C7:47,-91
2026-08-21 22:16:20.224286,None,53:A0:89:33:BE:C8,-91
2026-08-21 22:16:37.281654,None,45:D8:5F:EF:C2:5C,-97
2026-08-21 22:17:02.799550,None,EB:7E:35:0A:AD:DF,-100
2026-08-21 22:17:05.825722,None,CC:F7:D6:2F:AE:92,-97
2026-08-21 22:17:16.732691,None,62:8F:AA:55:EE:89,-83
2026-08-21 22:17:18.980161,None,64:23:ED:41:34:28,-89
2026-08-21 22:17:39.530610,None,E5:14:4D:56:06:5D,-99
2026-08-21 22:17:42.142330,None,F1:3A:9D:DD:87:CC,-73
2026-08-21 22:17:46.787207,None,65:CC:A8:7A:65:73,-98
2026-08-21 22:17:54.548944,Charge 4,F1:D1:F5:5E:21:37,-81
2026-08-21 22:18:09.500651,None,DC:43:10:AA:3C:4B,-81
2026-08-21 22:18:29.489287,None,4A:DE:19:29:0B:84,-97
2026-08-21 22:19:39.855338,113685_9C139E7A644C,9C:13:9E:7A:64:4E,-78
2026-08-21 22:19:52.629715,None,7B:7D:B8:91:DA:65,-94
2026-08-21 22:19:54.304512,None,77:12:2A:2F:A9:A9,-92
2026-08-21 22:20:00.737993,None,ED:FC:C2:7E:11:99,-65
2026-08-21 22:20:00.794161,None,6B:48:06:9E:05:4C,-92
2026-08-21 22:20:21.767082,Peak Pro 01502,F0:AD:4E:40:19:D5,-90
2026-08-21 22:20:21.956626,ResMed 223238,E8:E0:7E:34:BB:D4,-90
2026-08-21 22:20:46.226794,None,49:6C:8C:5F:31:2D,-96
2026-08-21 22:20:46.292387,None,63:65:35:D6:E0:55,-92
2026-08-21 22:20:49.916279,None,77:B7:2A:3F:32:D1,-88
2026-08-21 22:20:50.638130,None,7E:83:B7:14:9D:B0,-94
2026-08-21 22:21:13.116306,None,44:F6:62:F8:11:65,-95
2026-08-21 22:21:13.673979,None,A4:83:E7:83:E7:06,-95
2026-08-21 22:21:18.936250,None,47:5E:0C:80:CF:4A,-92
2026-08-21 22:21:47.265550,None,4C:D5:71:4B:C5:3A,-98
2026-08-21 22:22:18.018004,None,67:BC:EE:BB:F2:AF,-98
2026-08-21 22:22:22.582509,None,4F:35:60:BB:C9:29,-77
2026-08-21 22:22:54.369424,Platco PR1,E4:A6:34:CF:38:ED,-96
2026-08-21 22:23:04.063632,MELK-OF21   5C,BE:28:03:00:20:5C,-89
2026-08-21 22:23:11.403561,None,4C:CB:82:06:9B:C1,-67
2026-08-21 22:23:49.007552,None,7C:32:91:BB:7A:0C,-97
2026-08-21 22:24:04.762903,Platco PR1,B4:CB:B8:1B:D4:50,-91
2026-08-21 22:24:17.618337,None,6D:08:C1:CB:20:BC,-98
2026-08-21 22:24:42.826714,None,4D:C1:FB:CF:E2:E0,-83
2026-08-21 22:24:49.825708,None,6B:7A:96:DD:92:63,-79
2026-08-21 22:25:04.531582,None,D4:E6:CD:DD:69:3F,-77
2026-08-21 22:25:07.747721,20HL39284591421094,48:87:2D:89:79:5D,-96
2026-08-21 22:25:08.715910,None,E9:2C:52:40:ED:89,-87
2026-08-21 22:25:20.243617,None,C4:C0:3B:9A:A7:59,-75
2026-08-21 22:25:35.126592,None,F0:D6:F1:15:DA:64,-100
2026-08-21 22:25:36.529054,None,F2:0F:1B:DC:FA:21,-91
2026-08-21 22:25:48.721005,None,4B:24:97:F5:FA:E9,-87
2026-08-21 22:26:02.231660,None,EC:41:B8:16:59:B0,-73
2026-08-21 22:26:10.465065,None,F4:E9:54:3D:B9:8C,-95
2026-08-21 22:26:11.524537,None,7B:4B:A2:D6:85:B1,-91
2026-08-21 22:26:15.701781,None,46:B9:96:A0:B2:B5,-97
2026-08-21 22:26:16.805541,RIOT Plus501B6E,D8:BC:38:50:1B:6E,-96
2026-08-21 22:26:21.978090,None,6F:62:F5:99:C7:47,-86
2026-08-21 22:26:24.797382,None,53:A0:89:33:BE:C8,-80
2026-08-21 22:27:18.580452,None,62:8F:AA:55:EE:89,-81
2026-08-21 22:27:29.917457,None,EF:B7:49:A4:9F:35,-96
2026-08-21 22:27:54.883237,ELK-BLEDOM05,BE:67:00:12:01:75,-97
2026-08-21 22:27:55.512191,Charge 4,F1:D1:F5:5E:21:37,-83
2026-08-21 22:28:11.008573,None,DC:43:10:AA:3C:4B,-85
2026-08-21 22:28:24.331207,None,61:F8:B8:C4:25:1B,-94
2026-08-21 22:28:24.355396,None,7C:69:39:3A:57:E8,-95
2026-08-21 22:28:25.412976,None,5A:A1:60:30:8C:C0,-94
2026-08-21 22:29:39.996737,113685_9C139E7A644C,9C:13:9E:7A:64:4E,-71
2026-08-21 22:29:57.434204,None,E5:14:4D:56:06:5D,-96
2026-08-21 22:30:02.395882,None,F2:21:B6:2B:44:A1,-87
2026-08-21 22:30:04.128357,None,E9:D2:F6:0F:E6:DD,-79
2026-08-21 22:30:04.343581,None,F2:68:0B:5A:01:F2,-72
2026-08-21 22:30:04.387673,None,DE:31:B1:07:33:B8,-77
2026-08-21 22:30:04.498444,None,FE:6C:61:43:42:31,-91
2026-08-21 22:30:22.353048,Peak Pro 01502,F0:AD:4E:40:19:D5,-89
2026-08-21 22:30:23.447657,ResMed 223238,E8:E0:7E:34:BB:D4,-85
2026-08-21 22:30:31.637606,None,EB:C1:3A:86:17:5B,-73
2026-08-21 22:30:33.203842,None,C8:DF:FF:E6:2D:22,-94
2026-08-21 22:31:02.290296,None,D0:C2:39:0E:31:0C,-84
2026-08-21 22:31:14.249705,None,A4:83:E7:83:E7:06,-88
2026-08-21 22:31:28.548135,None,61:1D:BB:F7:1D:02,-76
2026-08-21 22:31:35.072038,None,6C:B8:6E:0D:D3:2D,-83
2026-08-21 22:31:35.330790,None,68:79:81:47:82:77,-84
2026-08-21 22:31:42.250321,None,F8:93:CE:F7:38:A0,-96
2026-08-21 22:32:22.397378,None,D8:11:6E:40:4F:E2,-96
2026-08-21 22:32:23.181686,None,4F:35:60:BB:C9:29,-78
2026-08-21 22:33:04.145075,MELK-OF21   5C,BE:28:03:00:20:5C,-88
2026-08-21 22:33:11.621933,None,4C:CB:82:06:9B:C1,-72
2026-08-21 22:33:18.970479,Platco PR1,E4:A6:34:CF:38:ED,-98
2026-08-21 22:33:29.072347,None,DE:6A:A4:12:31:CD,-101
2026-08-21 22:33:33.375895,None,73:1E:5A:67:24:C5,-95
2026-08-21 22:33:42.731772,None,47:5E:0C:80:CF:4A,-99
2026-08-21 22:34:04.795549,Platco PR1,B4:CB:B8:1B:D4:50,-85
2026-08-21 22:34:29.499848,None,6A:43:29:6A:E5:39,-96
2026-08-21 22:34:42.989334,None,4D:C1:FB:CF:E2:E0,-87
2026-08-21 22:34:50.749473,None,6B:7A:96:DD:92:63,-82
2026-08-21 22:35:17.009342,None,5A:75:80:C5:52:C1,-72
2026-08-21 22:35:47.709816,20HL39284591421094,48:87:2D:89:79:5D,-96
2026-08-21 22:35:49.657391,None,4B:24:97:F5:FA:E9,-88
2026-08-21 22:36:22.688246,RIOT Plus501B6E,D8:BC:38:50:1B:6E,-96
2026-08-21 22:36:24.110390,None,7B:4B:A2:D6:85:B1,-94
2026-08-21 22:36:32.477668,None,C8:84:57:11:1E:3D,-94
2026-08-21 22:36:54.866405,None,7E:BC:F6:DC:F6:6A,-73
2026-08-21 22:37:19.060688,None,62:8F:AA:55:EE:89,-75
2026-08-21 22:37:43.017873,None,D3:E4:1A:72:AC:3D,-95
2026-08-21 22:37:56.658623,Charge 4,F1:D1:F5:5E:21:37,-83
2026-08-21 22:38:03.944173,None,56:A2:97:51:F7:ED,-99
2026-08-21 22:38:20.243106,None,72:01:CE:31:41:FB,-82
2026-08-21 22:38:24.434759,None,7C:69:39:3A:57:E8,-92
2026-08-21 22:38:24.942819,None,61:F8:B8:C4:25:1B,-93
2026-08-21 22:38:29.860700,None,5A:A1:60:30:8C:C0,-92
2026-08-21 22:38:30.275149,None,67:FC:5B:99:04:B2,-86
2026-08-21 22:38:45.343339,None,6E:A9:E7:1D:C3:3A,-82
2026-08-21 22:39:40.424611,113685_9C139E7A644C,9C:13:9E:7A:64:4E,-70
2026-08-21 22:40:04.252937,None,E9:D2:F6:0F:E6:DD,-72
2026-08-21 22:40:05.289821,None,DE:31:B1:07:33:B8,-74
2026-08-21 22:40:05.910574,None,F2:68:0B:5A:01:F2,-68
2026-08-21 22:40:06.172407,None,F2:21:B6:2B:44:A1,-88
2026-08-21 22:40:12.455828,None,FE:6C:61:43:42:31,-95
2026-08-21 22:40:22.603818,Peak Pro 01502,F0:AD:4E:40:19:D5,-90
2026-08-21 22:40:23.694202,ResMed 223238,E8:E0:7E:34:BB:D4,-85
2026-08-21 22:40:31.682306,None,EB:C1:3A:86:17:5B,-81
2026-08-21 22:40:37.292583,None,C8:DF:FF:E6:2D:22,-92
2026-08-21 22:40:50.750003,None,41:57:1C:11:8F:73,-97
2026-08-21 22:41:06.091868,None,D0:C2:39:0E:31:0C,-80
2026-08-21 22:41:35.594595,None,68:79:81:47:82:77,-72
2026-08-21 22:41:36.452682,None,6C:B8:6E:0D:D3:2D,-70
2026-08-21 22:42:19.056559,None,52:D3:D7:E6:1E:54,-82
2026-08-21 22:43:04.549958,MELK-OF21   5C,BE:28:03:00:20:5C,-93
2026-08-21 22:43:15.850933,None,7D:39:12:5E:8C:74,-98
2026-08-21 22:43:16.520909,None,A4:83:E7:83:E7:06,-96
2026-08-21 22:43:57.531601,None,40:59:AD:2B:54:C3,-91
2026-08-21 22:43:57.922958,None,69:5C:78:88:17:E6,-97
2026-08-21 22:44:12.314466,None,C8:43:F4:43:2D:54,-95
2026-08-21 22:44:12.369159,None,D9:E6:F9:DB:B5:69,-92
2026-08-21 22:44:18.419771,None,61:1D:BB:F7:1D:02,-89
2026-08-21 22:44:19.959912,Platco PR1,B4:CB:B8:1B:D4:50,-93
2026-08-21 22:45:02.350526,None,EB:7F:3B:E2:52:F3,-78
2026-08-21 22:45:02.468377,None,DA:84:C5:3E:4F:6B,-92
2026-08-21 22:45:08.460463,None,CC:F2:14:22:EF:79,-88
2026-08-21 22:45:12.398026,None,C7:7A:E1:E4:84:E4,-76
2026-08-21 22:45:18.876422,None,5A:75:80:C5:52:C1,-79
2026-08-21 22:45:33.721753,None,F0:F8:9E:B7:81:2F,-86
2026-08-21 22:45:34.951922,None,FE:77:48:3B:C4:70,-80
2026-08-21 22:45:40.411046,Platco PR1,E4:A6:34:CF:38:ED,-96
2026-08-21 22:45:42.205002,None,C7:8B:63:43:96:CA,-92
2026-08-21 22:46:08.290891,None,46:28:DD:EC:6A:7D,-84
2026-08-21 22:46:11.734640,None,20:85:39:6A:32:B3,-95
2026-08-21 22:46:12.523636,None,C0:CB:24:3C:1B:7F,-87
2026-08-21 22:46:29.699274,None,56:D0:8D:C6:86:9B,-82
2026-08-21 22:46:36.505124,None,56:88:B1:BA:B2:D5,-83
2026-08-21 22:46:37.976544,None,44:01:25:E6:E3:81,-72
2026-08-21 22:46:38.923682,RIOT Plus501B6E,D8:BC:38:50:1B:6E,-96
2026-08-21 22:46:53.624127,None,58:17:9F:23:86:95,-94
2026-08-21 22:46:53.664087,None,72:27:30:8E:28:56,-94
2026-08-21 22:46:54.448596,None,7F:F5:31:60:16:B7,-90
2026-08-21 22:47:06.756327,None,7E:BC:F6:DC:F6:6A,-95
2026-08-21 22:47:22.241654,None,4C:87:5D:52:61:A0,-90
2026-08-21 22:47:34.348973,20HL39284591421094,48:87:2D:89:79:5D,-101
2026-08-21 22:47:42.974930,None,53:D3:CB:8D:3F:7C,-92
2026-08-21 22:47:43.048064,LE-Beats Studio Pro #2,CA:B3:A0:55:26:77,-93
2026-08-21 22:47:44.319235,None,53:D3:CB:D6:6E:B5,-93
2026-08-21 22:47:55.029889,None,70:C2:02:56:28:E9,-98
2026-08-21 22:47:59.386702,Charge 4,F1:D1:F5:5E:21:37,-81
2026-08-21 22:48:03.156691,None,50:39:CC:54:58:F1,-94
2026-08-21 22:48:04.536603,None,74:96:6F:A8:5A:BD,-83
2026-08-21 22:48:04.836496,None,C5:55:37:B2:1C:96,-91
2026-08-21 22:48:20.383664,None,72:01:CE:31:41:FB,-89
2026-08-21 22:48:30.743867,None,67:FC:5B:99:04:B2,-86
2026-08-21 22:48:45.973746,None,6E:A9:E7:1D:C3:3A,-77
2026-08-21 22:48:50.876806,None,54:62:30:ED:2C:57,-69
2026-08-21 22:49:40.673294,113685_9C139E7A644C,9C:13:9E:7A:64:4E,-72
2026-08-21 22:50:22.810928,Peak Pro 01502,F0:AD:4E:40:19:D5,-89
2026-08-21 22:50:23.765463,ResMed 223238,E8:E0:7E:34:BB:D4,-85
2026-08-21 22:50:33.375190,None,5C:5F:55:03:5A:93,-77
2026-08-21 22:50:50.799287,None,41:57:1C:11:8F:73,-94
2026-08-21 22:51:45.518435,None,56:A2:97:51:F7:ED,-96
2026-08-21 22:52:16.463398,None,58:60:A7:63:7F:FC,-91
2026-08-21 22:52:17.034219,None,F5:86:AF:EE:AD:AE,-96
2026-08-21 22:52:19.099629,None,52:D3:D7:E6:1E:54,-83
2026-08-21 22:53:05.446132,MELK-OF21   5C,BE:28:03:00:20:5C,-89
2026-08-21 22:53:46.168243,None,D2:D3:6F:0A:F3:07,-94
2026-08-21 22:53:46.371710,None,4C:EE:7D:93:C8:EB,-93
2026-08-21 22:54:01.518734,None,40:59:AD:2B:54:C3,-89
2026-08-21 22:54:28.473560,None,26:73:BE:0D:20:6D,-90
2026-08-21 22:54:29.841518,Platco PR1,B4:CB:B8:1B:D4:50,-90
2026-08-21 22:55:00.488776,None,EE:FD:46:D6:28:D4,-98
2026-08-21 22:55:07.059318,None,EB:7F:3B:E2:52:F3,-82
2026-08-21 22:55:08.705195,None,DA:84:C5:3E:4F:6B,-89
2026-08-21 22:55:10.564977,None,A4:83:E7:83:E7:06,-97
2026-08-21 22:55:14.107809,None,C7:7A:E1:E4:84:E4,-77
2026-08-21 22:55:16.595391,None,CC:F2:14:22:EF:79,-88
2026-08-21 22:55:19.916386,None,5A:75:80:C5:52:C1,-77
2026-08-21 22:55:26.023545,None,75:FA:0A:D3:87:93,-77
2026-08-21 22:55:37.060033,None,7C:B3:0D:92:C7:06,-93
2026-08-21 22:55:37.399904,None,FE:77:48:3B:C4:70,-81
2026-08-21 22:55:38.054221,None,CF:2D:DF:26:FF:D9,-92
2026-08-21 22:55:41.333122,None,F0:F8:9E:B7:81:2F,-71
2026-08-21 22:55:48.153942,None,C7:8B:63:43:96:CA,-92
2026-08-21 22:55:48.715106,None,69:0A:ED:35:7C:2D,-89
2026-08-21 22:56:12.648234,None,C0:CB:24:3C:1B:7F,-83
2026-08-21 22:56:22.938651,None,E3:D8:6A:D6:1E:D2,-97
2026-08-21 22:56:37.172310,None,56:88:B1:BA:B2:D5,-85
2026-08-21 22:56:44.615238,None,44:01:25:E6:E3:81,-88
2026-08-21 22:56:51.737890,None,53:65:4E:95:4E:82,-97
2026-08-21 22:56:54.441400,None,58:17:9F:23:86:95,-93
2026-08-21 22:56:55.530384,RIOT Plus501B6E,D8:BC:38:50:1B:6E,-95
2026-08-21 22:56:57.800493,None,72:27:30:8E:28:56,-92
2026-08-21 22:56:57.843555,None,7F:F5:31:60:16:B7,-92
2026-08-21 22:57:26.510737,None,6E:D1:10:ED:92:2F,-99
2026-08-21 22:57:47.643713,20HL39284591421094,48:87:2D:89:79:5D,-100
2026-08-21 22:58:01.525699,Charge 4,F1:D1:F5:5E:21:37,-80
2026-08-21 22:58:03.179340,None,50:39:CC:54:58:F1,-87
2026-08-21 22:58:06.186627,None,C5:55:37:B2:1C:96,-75
2026-08-21 22:58:31.037564,None,67:FC:5B:99:04:B2,-85
2026-08-21 22:58:31.714192,None,6A:96:25:EC:4B:8D,-100
2026-08-21 22:58:32.838124,None,EF:5B:17:C7:F0:F9,-97
2026-08-21 22:58:45.980960,None,6E:A9:E7:1D:C3:3A,-79
2026-08-21 22:58:50.940324,None,54:62:30:ED:2C:57,-89
2026-08-21 22:58:54.413114,LE-Beats Studio Pro #2,CA:B3:A0:55:26:77,-93
2026-08-21 22:58:54.932287,None,53:D3:CB:8D:3F:7C,-94
2026-08-21 22:58:55.108397,None,EB:52:51:6F:04:8B,-97
2026-08-21 22:58:55.348623,None,68:60:82:DE:85:EE,-75
2026-08-21 22:58:56.272711,ELK-BLEDOM05,BE:67:00:12:01:75,-100
2026-08-21 22:59:04.261264,None,44:81:F7:F5:F6:35,-84
2026-08-21 22:59:40.801031,113685_9C139E7A644C,9C:13:9E:7A:64:4E,-72
2026-08-21 23:00:01.964660,None,FD:7B:B3:D3:83:A4,-89
2026-08-21 23:00:02.401734,Platco PR1,E4:A6:34:CF:38:ED,-94
2026-08-21 23:00:02.451665,None,FE:18:29:06:55:83,-93
2026-08-21 23:00:06.188798,None,E7:99:73:62:F5:5D,-77
2026-08-21 23:00:10.743340,None,F1:C1:34:FA:85:69,-67
2026-08-21 23:00:23.642789,Peak Pro 01502,F0:AD:4E:40:19:D5,-83
2026-08-21 23:00:24.512693,ResMed 223238,E8:E0:7E:34:BB:D4,-84
2026-08-21 23:00:28.518023,None,DF:16:FC:B5:BF:3B,-91
2026-08-21 23:00:52.499068,None,FF:13:65:B1:D2:C5,-92
2026-08-21 23:01:57.195506,None,D1:77:30:55:7A:02,-88
2026-08-21 23:01:57.656993,None,FF:B8:86:19:3F:B9,-72
2026-08-21 23:02:19.233595,None,52:D3:D7:E6:1E:54,-97
2026-08-21 23:02:27.073765,None,E1:27:BE:51:C7:3A,-96
2026-08-21 23:02:28.375338,None,77:AC:2C:8A:E5:3C,-91
2026-08-21 23:03:05.659868,MELK-OF21   5C,BE:28:03:00:20:5C,-89
2026-08-21 23:04:16.007117,None,D0:E9:93:75:AE:18,-88
2026-08-21 23:04:33.169410,None,58:71:29:22:C5:71,-95
2026-08-21 23:04:39.738567,Platco PR1,B4:CB:B8:1B:D4:50,-88
2026-08-21 23:05:17.397200,None,4A:2A:97:90:C1:27,-95
2026-08-21 23:05:24.332414,None,49:E0:EF:D2:A9:DC,-91
2026-08-21 23:05:26.278851,None,75:FA:0A:D3:87:93,-77
2026-08-21 23:05:42.645857,None,7D:C0:94:91:6D:E7,-93
2026-08-21 23:05:43.289994,None,73:E3:24:FF:B8:43,-94
2026-08-21 23:05:44.372742,None,7A:D4:62:C1:98:DC,-92
2026-08-21 23:05:48.892033,None,69:0A:ED:35:7C:2D,-91
2026-08-21 23:06:08.355840,None,6B:CD:76:8F:AC:E2,-97
2026-08-21 23:06:19.229173,None,52:4D:E5:71:36:C6,-70
2026-08-21 23:06:37.367123,None,56:88:B1:BA:B2:D5,-85
2026-08-21 23:06:48.163537,None,44:01:25:E6:E3:81,-78
2026-08-21 23:07:02.869819,RIOT Plus501B6E,D8:BC:38:50:1B:6E,-99
2026-08-21 23:07:22.330134,None,56:DD:A3:0B:93:84,-99
2026-08-21 23:07:59.358388,20HL39284591421094,48:87:2D:89:79:5D,-101
2026-08-21 23:08:01.654608,Charge 4,F1:D1:F5:5E:21:37,-90
2026-08-21 23:08:04.814573,None,50:39:CC:54:58:F1,-80
2026-08-21 23:08:55.595993,None,68:60:82:DE:85:EE,-88
2026-08-21 23:09:04.422526,None,44:81:F7:F5:F6:35,-86
2026-08-21 23:09:17.244991,None,A4:83:E7:83:E7:06,-100
2026-08-21 23:09:40.822919,113685_9C139E7A644C,9C:13:9E:7A:64:4E,-78
2026-08-21 23:09:48.760911,None,6E:1F:44:00:98:11,-85
2026-08-21 23:10:00.839535,None,62:3F:28:88:DA:31,-78
2026-08-21 23:10:01.103672,None,63:E5:2E:FD:A5:73,-82
2026-08-21 23:10:03.406314,None,FE:18:29:06:55:83,-90
2026-08-21 23:10:03.849220,None,FD:7B:B3:D3:83:A4,-77
2026-08-21 23:10:08.004542,None,E7:99:73:62:F5:5D,-77
2026-08-21 23:10:11.043424,None,F1:C1:34:FA:85:69,-75
2026-08-21 23:10:17.266831,Platco PR1,E4:A6:34:CF:38:ED,-96
2026-08-21 23:10:23.654398,Peak Pro 01502,F0:AD:4E:40:19:D5,-89
2026-08-21 23:10:24.872547,ResMed 223238,E8:E0:7E:34:BB:D4,-87
2026-08-21 23:10:31.366897,None,C2:E1:CF:A2:95:6A,-85
2026-08-21 23:10:42.397016,None,DF:16:FC:B5:BF:3B,-92
2026-08-21 23:10:50.042508,None,47:02:66:49:36:62,-92
2026-08-21 23:10:59.668648,None,FF:13:65:B1:D2:C5,-94
2026-08-21 23:12:00.890773,None,D1:77:30:55:7A:02,-77
2026-08-21 23:12:01.249230,None,FF:B8:86:19:3F:B9,-69
2026-08-21 23:12:04.691746,None,67:E7:25:55:E0:5F,-77
2026-08-21 23:12:28.550863,None,77:AC:2C:8A:E5:3C,-85
2026-08-21 23:12:52.424235,None,62:F2:89:29:74:88,-97
2026-08-21 23:13:05.719065,MELK-OF21   5C,BE:28:03:00:20:5C,-90
2026-08-21 23:13:47.217771,None,E1:27:BE:51:C7:3A,-92
2026-08-21 23:13:48.717372,None,4D:F3:02:61:A9:1E,-93
2026-08-21 23:14:17.571884,None,D0:E9:93:75:AE:18,-74
2026-08-21 23:14:40.035847,Platco PR1,B4:CB:B8:1B:D4:50,-88
2026-08-21 23:15:00.437943,None,DA:92:0A:4D:25:08,-92
2026-08-21 23:15:04.133732,None,C5:A9:64:F8:E4:41,-80
2026-08-21 23:15:06.368812,None,ED:E9:41:4F:D1:B5,-100
2026-08-21 23:15:07.556495,None,F2:AA:9A:C4:EF:E4,-81
2026-08-21 23:15:11.190010,None,CF:F4:D1:4A:E0:EB,-77
2026-08-21 23:15:13.169309,None,D8:07:89:48:26:BC,-91
2026-08-21 23:15:13.750348,None,F4:CE:1E:19:9A:2F,-83
2026-08-21 23:15:19.318089,None,FB:BA:C7:BE:06:26,-98
2026-08-21 23:15:26.514154,None,75:FA:0A:D3:87:93,-79
2026-08-21 23:15:40.059154,None,FE:13:01:EA:72:F4,-97
2026-08-21 23:15:43.450422,None,73:E3:24:FF:B8:43,-94
2026-08-21 23:15:46.549203,None,7D:C0:94:91:6D:E7,-91
2026-08-21 23:15:53.869136,None,7A:D4:62:C1:98:DC,-91
2026-08-21 23:16:08.577976,None,CD:C8:97:5E:4F:4F,-74
2026-08-21 23:16:29.470749,None,75:5F:BB:F0:D1:87,-101
2026-08-21 23:16:30.413491,None,57:46:A6:98:FF:3B,-96
2026-08-21 23:17:01.510475,None,49:E0:EF:D2:A9:DC,-84
2026-08-21 23:17:04.712077,RIOT Plus501B6E,D8:BC:38:50:1B:6E,-95
2026-08-21 23:18:02.353871,Charge 4,F1:D1:F5:5E:21:37,-81
2026-08-21 23:18:04.823415,None,50:39:CC:54:58:F1,-82
2026-08-21 23:18:17.029854,None,C6:1D:33:61:81:3A,-96
2026-08-21 23:18:56.039039,None,68:60:82:DE:85:EE,-73
2026-08-21 23:19:13.022680,None,59:3F:EE:8D:5E:B4,-74
2026-08-21 23:19:41.788599,113685_9C139E7A644C,9C:13:9E:7A:64:4E,-76
2026-08-21 23:19:44.469500,20HL39284591421094,48:87:2D:89:79:5D,-93
2026-08-21 23:19:44.814982,None,A4:83:E7:83:E7:06,-100
2026-08-21 23:19:48.818587,None,6E:1F:44:00:98:11,-80
2026-08-21 23:20:03.446593,None,63:E5:2E:FD:A5:73,-82
2026-08-21 23:20:06.206795,None,62:3F:28:88:DA:31,-93
2026-08-21 23:20:07.378667,None,6A:A8:FC:ED:3E:A0,-86
2026-08-21 23:20:07.409679,None,C5:71:8E:B7:0B:30,-73
2026-08-21 23:20:24.946645,ResMed 223238,E8:E0:7E:34:BB:D4,-94
2026-08-21 23:20:24.993344,Peak Pro 01502,F0:AD:4E:40:19:D5,-94
2026-08-21 23:20:42.615293,Platco PR1,E4:A6:34:CF:38:ED,-94
2026-08-21 23:20:50.130388,None,47:02:66:49:36:62,-91
2026-08-21 23:21:14.252526,None,40:B9:01:78:14:3C,-73
2026-08-21 23:21:57.397563,None,6D:18:C4:28:28:81,-97
2026-08-21 23:22:00.865098,None,6E:E2:DF:B9:13:98,-80
2026-08-21 23:22:18.566212,None,54:85:81:30:46:A5,-91
2026-08-21 23:22:28.676086,None,77:AC:2C:8A:E5:3C,-80
2026-08-21 23:23:06.931936,MELK-OF21   5C,BE:28:03:00:20:5C,-92
2026-08-21 23:24:06.038509,None,62:F2:89:29:74:88,-95
2026-08-21 23:24:48.286335,None,4C:90:E2:62:66:06,-92
2026-08-21 23:24:48.482191,None,79:FE:21:FE:01:52,-93
2026-08-21 23:24:50.690828,None,76:AF:B6:E5:AF:76,-92
2026-08-21 23:24:59.935036,Platco PR1,B4:CB:B8:1B:D4:50,-90
2026-08-21 23:25:05.655172,None,DA:92:0A:4D:25:08,-91
2026-08-21 23:25:09.885751,None,F2:AA:9A:C4:EF:E4,-92
2026-08-21 23:25:12.716135,None,CF:F4:D1:4A:E0:EB,-83
2026-08-21 23:25:14.134753,None,D8:07:89:48:26:BC,-89
2026-08-21 23:25:20.273962,None,ED:E9:41:4F:D1:B5,-91
2026-08-21 23:25:21.037087,None,F4:CE:1E:19:9A:2F,-75
2026-08-21 23:25:21.296835,ELK-BLEDOM05,BE:67:00:12:01:75,-97
2026-08-21 23:25:47.837208,None,65:FD:54:B3:1E:F7,-76
2026-08-21 23:25:48.767963,None,5F:D4:DE:D4:B5:7A,-92
2026-08-21 23:26:14.173643,None,CD:C8:97:5E:4F:4F,-73
2026-08-21 23:26:34.561182,None,5F:B4:B4:EA:21:8F,-98
2026-08-21 23:27:09.991279,RIOT Plus501B6E,D8:BC:38:50:1B:6E,-96
2026-08-21 23:27:32.987011,None,79:B5:B1:53:29:B4,-97
2026-08-21 23:27:52.029754,None,54:55:9C:6D:E0:AF,-83
2026-08-21 23:27:52.269450,None,45:14:21:5F:E1:4D,-86
2026-08-21 23:27:52.796590,None,68:73:7B:62:73:BA,-77
2026-08-21 23:28:03.333553,Charge 4,F1:D1:F5:5E:21:37,-86
2026-08-21 23:29:09.497077,None,6C:8F:6E:5B:2D:A3,-92
2026-08-21 23:29:10.714761,None,4F:03:00:AB:3E:1C,-92
2026-08-21 23:29:11.451916,None,69:FA:F0:17:F6:7E,-91
2026-08-21 23:29:16.698814,None,67:E7:25:55:E0:5F,-74
2026-08-21 23:29:41.840149,113685_9C139E7A644C,9C:13:9E:7A:64:4E,-71
2026-08-21 23:29:47.424369,20HL39284591421094,48:87:2D:89:79:5D,-95
2026-08-21 23:29:48.824857,None,6E:1F:44:00:98:11,-83
2026-08-21 23:30:02.532460,None,FE:02:36:3B:C1:D4,-78
2026-08-21 23:30:03.652832,None,E8:F5:D9:E3:B3:4E,-78
2026-08-21 23:30:07.475373,None,6A:A8:FC:ED:3E:A0,-77
2026-08-21 23:30:08.525110,None,D3:27:1F:0E:4B:BA,-91
2026-08-21 23:30:10.500957,None,D1:76:10:C1:48:4D,-90
2026-08-21 23:30:14.751714,None,F6:94:42:06:F2:D9,-91
2026-08-21 23:30:16.325897,None,D0:33:03:C3:4E:33,-82
2026-08-21 23:30:24.987661,ResMed 223238,E8:E0:7E:34:BB:D4,-89
2026-08-21 23:30:25.086679,Peak Pro 01502,F0:AD:4E:40:19:D5,-92
2026-08-21 23:30:27.916862,None,D9:92:F8:2B:41:74,-86
2026-08-21 23:30:29.637410,None,F8:40:64:70:C7:8D,-84
2026-08-21 23:31:14.315665,None,40:B9:01:78:14:3C,-73
2026-08-21 23:31:54.511751,None,C6:1D:33:61:81:3A,-100
2026-08-21 23:31:54.736042,None,6C:5E:74:50:66:69,-98
2026-08-21 23:32:01.929969,None,62:7D:72:27:BF:43,-95
2026-08-21 23:32:20.960382,None,F3:16:CA:2C:CE:5D,-89
2026-08-21 23:32:50.432092,None,6E:E2:DF:B9:13:98,-93
2026-08-21 23:33:07.059190,MELK-OF21   5C,BE:28:03:00:20:5C,-91
2026-08-21 23:35:03.174797,None,55:E5:A3:E7:52:15,-83
2026-08-21 23:35:19.390347,None,A4:83:E7:83:E7:06,-94
2026-08-21 23:35:19.834855,Platco PR1,B4:CB:B8:1B:D4:50,-83
2026-08-21 23:35:48.243596,None,65:FD:54:B3:1E:F7,-64
2026-08-21 23:35:48.961688,None,5F:D4:DE:D4:B5:7A,-91
2026-08-21 23:36:10.103334,None,EF:D0:C1:A0:80:A7,-95
2026-08-21 23:36:20.979208,None,55:D4:8C:FF:05:A9,-78
2026-08-21 23:37:15.148739,ELK-BLEDOM05,BE:67:00:12:01:75,-102
2026-08-21 23:37:19.976572,None,7C:C9:99:18:32:93,-84
2026-08-21 23:37:35.700895,Platco PR1,E4:A6:34:CF:38:ED,-97
2026-08-21 23:37:50.521096,RIOT Plus501B6E,D8:BC:38:50:1B:6E,-97
2026-08-21 23:37:53.686128,None,68:73:7B:62:73:BA,-80
2026-08-21 23:37:53.762266,None,54:55:9C:6D:E0:AF,-81
2026-08-21 23:37:55.158951,None,45:14:21:5F:E1:4D,-80
2026-08-21 23:38:05.208385,None,46:E5:89:A9:9F:71,-96
2026-08-21 23:38:08.341557,Charge 4,F1:D1:F5:5E:21:37,-88
2026-08-21 23:39:11.717677,None,4F:03:00:AB:3E:1C,-93
2026-08-21 23:39:11.977981,None,6C:8F:6E:5B:2D:A3,-90
2026-08-21 23:39:13.919252,None,69:FA:F0:17:F6:7E,-92
2026-08-21 23:39:41.953177,113685_9C139E7A644C,9C:13:9E:7A:64:4E,-72
2026-08-21 23:40:02.848507,None,FE:02:36:3B:C1:D4,-91
2026-08-21 23:40:07.992675,None,6A:A8:FC:ED:3E:A0,-81
2026-08-21 23:40:09.802070,None,E8:F5:D9:E3:B3:4E,-80
2026-08-21 23:40:18.305505,None,D0:33:03:C3:4E:33,-78
2026-08-21 23:40:24.510680,None,F6:94:42:06:F2:D9,-91
2026-08-21 23:40:25.278444,ResMed 223238,E8:E0:7E:34:BB:D4,-87
2026-08-21 23:40:25.342049,Peak Pro 01502,F0:AD:4E:40:19:D5,-95
2026-08-21 23:40:31.357482,None,F8:40:64:70:C7:8D,-80
2026-08-21 23:40:31.706875,None,D1:76:10:C1:48:4D,-89
2026-08-21 23:40:32.221233,None,D9:92:F8:2B:41:74,-83
2026-08-21 23:40:44.380382,None,D3:27:1F:0E:4B:BA,-92
2026-08-21 23:40:48.746029,None,51:09:0E:72:03:42,-91
2026-08-21 23:41:13.344165,None,6C:16:2A:4B:7A:CE,-96
2026-08-21 23:41:14.792736,None,40:B9:01:78:14:3C,-83
2026-08-21 23:41:19.221807,None,7C:E5:84:63:BA:DA,-85
2026-08-21 23:42:02.479477,None,62:7D:72:27:BF:43,-91
2026-08-21 23:42:25.629490,None,F3:16:CA:2C:CE:5D,-85
2026-08-21 23:42:31.266668,None,6C:5E:74:50:66:69,-101
2026-08-21 23:42:38.850338,None,41:08:E1:23:4F:50,-79
2026-08-21 23:42:58.916025,None,5B:17:96:7E:0B:95,-75
2026-08-21 23:43:07.284651,MELK-OF21   5C,BE:28:03:00:20:5C,-93
2026-08-21 23:43:13.122510,None,7C:D2:B1:79:11:63,-98
2026-08-21 23:43:31.755103,None,76:48:06:5F:BA:AD,-75
2026-08-21 23:43:50.389557,None,56:87:01:05:A9:B0,-100
2026-08-21 23:44:42.312042,None,50:B1:40:E8:8D:44,-98
2026-08-21 23:45:00.302334,None,EE:B3:39:86:F5:7E,-85
2026-08-21 23:45:02.167229,None,D9:CA:4F:9F:AB:CC,-91
2026-08-21 23:45:02.698717,None,E3:6B:91:61:EA:48,-87
2026-08-21 23:45:06.540875,None,EE:F0:45:F5:7A:F3,-91
2026-08-21 23:45:07.828123,None,C6:24:45:6E:AE:61,-78
2026-08-21 23:45:08.844507,None,CA:29:36:BD:4E:80,-91
2026-08-21 23:45:10.091416,None,CF:78:89:C5:93:D0,-88
2026-08-21 23:45:28.694530,None,E3:05:C0:80:58:7D,-76
2026-08-21 23:45:30.205374,Platco PR1,B4:CB:B8:1B:D4:50,-94
2026-08-21 23:45:37.630119,None,55:E5:A3:E7:52:15,-74
2026-08-21 23:46:00.135272,None,C0:A5:57:0A:EC:F0,-88
2026-08-21 23:46:10.601666,None,5A:71:AE:AD:9D:44,-93
2026-08-21 23:46:34.209654,None,A4:83:E7:83:E7:06,-97
2026-08-21 23:46:34.218573,20HL39284591421094,48:87:2D:89:79:5D,-93
2026-08-21 23:46:39.999469,None,42:CE:75:5D:20:7A,-92
2026-08-21 23:46:40.718976,None,45:96:38:83:A5:AB,-93
2026-08-21 23:46:41.999257,None,76:43:57:02:89:2E,-93
2026-08-21 23:47:20.642753,None,7C:C9:99:18:32:93,-82
2026-08-21 23:47:25.676447,None,DA:45:97:33:7F:96,-101
2026-08-21 23:47:38.804709,20HL39284450541189,48:87:2D:86:05:3D,-100
2026-08-21 23:47:53.915338,None,54:55:9C:6D:E0:AF,-85
2026-08-21 23:47:57.040303,None,45:14:21:5F:E1:4D,-83
2026-08-21 23:47:57.712907,None,68:73:7B:62:73:BA,-88
2026-08-21 23:47:58.238913,RIOT Plus501B6E,D8:BC:38:50:1B:6E,-95
2026-08-21 23:48:12.083474,Charge 4,F1:D1:F5:5E:21:37,-87
2026-08-21 23:49:04.677108,None,F0:07:FC:54:A4:EB,-94
2026-08-21 23:49:11.583164,Platco PR1,E4:A6:34:CF:38:ED,-94
2026-08-21 23:49:43.449260,113685_9C139E7A644C,9C:13:9E:7A:64:4E,-68
2026-08-21 23:49:47.580464,None,52:ED:95:15:FE:4A,-87
2026-08-21 23:49:47.700528,None,40:B8:67:CC:BF:9F,-74
2026-08-21 23:50:26.036795,Peak Pro 01502,F0:AD:4E:40:19:D5,-83
2026-08-21 23:50:26.122085,ResMed 223238,E8:E0:7E:34:BB:D4,-87
2026-08-21 23:50:26.732742,ELK-BLEDOM05,BE:67:00:12:01:75,-96
2026-08-21 23:50:26.762040,None,6A:95:A5:23:01:45,-75
2026-08-21 23:50:26.807226,None,5D:38:69:8A:96:BC,-76
2026-08-21 23:50:50.454761,None,51:09:0E:72:03:42,-92
2026-08-21 23:51:15.649304,None,7F:6C:65:06:BD:D3,-92
2026-08-21 23:51:19.259727,None,7C:E5:84:63:BA:DA,-71
2026-08-21 23:51:24.156179,None,6C:16:2A:4B:7A:CE,-93
2026-08-21 23:52:04.988774,None,62:7D:72:27:BF:43,-91
2026-08-21 23:52:59.126975,None,5B:17:96:7E:0B:95,-75
2026-08-21 23:53:08.468506,MELK-OF21   5C,BE:28:03:00:20:5C,-93
2026-08-21 23:53:31.942119,4,76:48:06:5F:BA:AD,-64
2026-08-21 23:53:47.291272,None,69:3C:94:40:2E:DE,-98
2026-08-21 23:53:52.520454,None,56:87:01:05:A9:B0,-97
2026-08-21 23:54:21.403232,None,7D:75:F3:26:71:D9,-97
2026-08-21 23:54:22.632776,None,56:6C:91:DB:D5:A3,-96
2026-08-21 23:54:56.533868,None,56:98:01:09:35:F1,-95
2026-08-21 23:55:02.252326,None,EE:B3:39:86:F5:7E,-76
2026-08-21 23:55:04.325928,None,E3:6B:91:61:EA:48,-79
2026-08-21 23:55:04.427291,None,D9:CA:4F:9F:AB:CC,-92
2026-08-21 23:55:09.471930,None,C6:24:45:6E:AE:61,-76
2026-08-21 23:55:17.953210,None,CF:78:89:C5:93:D0,-82
2026-08-21 23:55:19.730309,None,CA:29:36:BD:4E:80,-89
2026-08-21 23:55:24.728461,None,EE:F0:45:F5:7A:F3,-91
2026-08-21 23:55:30.547962,None,E3:05:C0:80:58:7D,-80
2026-08-21 23:55:40.603144,None,72:70:B8:D7:06:E3,-99
2026-08-21 23:55:41.256152,None,C8:F9:8E:1F:6C:ED,-98
2026-08-21 23:55:48.763717,None,77:52:B4:9F:B0:39,-88
2026-08-21 23:56:05.910526,None,69:83:88:26:EC:2E,-90
2026-08-21 23:56:15.552419,Platco PR1,B4:CB:B8:1B:D4:50,-85
2026-08-21 23:56:19.785023,None,7F:10:C1:C8:4F:38,-80
2026-08-21 23:56:38.439554,None,C0:A5:57:0A:EC:F0,-95
2026-08-21 23:56:41.756927,None,42:CE:75:5D:20:7A,-92
2026-08-21 23:56:42.238963,None,45:96:38:83:A5:AB,-92
2026-08-21 23:56:42.791104,None,76:43:57:02:89:2E,-91
2026-08-21 23:57:02.301098,None,A4:83:E7:83:E7:06,-100
2026-08-21 23:57:08.961781,20HL39284591421094,48:87:2D:89:79:5D,-95
2026-08-21 23:57:12.324981,None,67:9D:D9:80:E4:71,-101
2026-08-21 23:57:17.312832,None,64:21:FB:5B:EF:AB,-87
2026-08-21 23:57:23.526102,None,7C:C9:99:18:32:93,-78
2026-08-21 23:57:59.346987,RIOT Plus501B6E,D8:BC:38:50:1B:6E,-97
2026-08-21 23:58:13.046264,Charge 4,F1:D1:F5:5E:21:37,-86
2026-08-21 23:58:51.579438,None,DA:45:97:33:7F:96,-98
2026-08-21 23:59:07.230146,None,64:02:A2:0B:88:4F,-69
2026-08-21 23:59:10.308137,None,44:25:E5:E8:65:94,-95
2026-08-21 23:59:38.826491,None,F0:07:FC:54:A4:EB,-90
2026-08-21 23:59:45.363381,113685_9C139E7A644C,9C:13:9E:7A:64:4E,-71
2026-08-21 23:59:48.105803,None,52:ED:95:15:FE:4A,-89
2026-08-22 00:00:00.616293,None,CD:CD:BE:E6:12:A6,-91
2026-08-22 00:00:01.322422,None,EB:D2:CF:98:50:C2,-77
2026-08-22 00:00:02.243639,None,CF:20:7F:4F:F3:C7,-79
2026-08-22 00:00:04.075920,None,CC:5E:BF:D9:FC:16,-93
2026-08-22 00:00:04.145338,None,CD:B9:1A:55:1A:B7,-86
2026-08-22 00:00:04.457629,None,D5:4A:E8:2C:B6:80,-91
2026-08-22 00:00:04.597662,None,CC:3D:0E:90:A9:40,-77
2026-08-22 00:00:28.004895,Peak Pro 01502,F0:AD:4E:40:19:D5,-91
2026-08-22 00:00:28.114201,ResMed 223238,E8:E0:7E:34:BB:D4,-88
2026-08-22 00:00:28.220666,None,5D:38:69:8A:96:BC,-81
2026-08-22 00:00:28.235062,None,6A:95:A5:23:01:45,-76
2026-08-22 00:01:11.328871,None,C0:FC:F7:70:59:F0,-93
2026-08-22 00:01:46.117483,None,50:49:F3:5B:36:68,-66
2026-08-22 00:01:46.637093,None,C0:0B:79:E1:D8:22,-98
2026-08-22 00:01:47.640001,ELK-BLEDOM05,BE:67:00:12:01:75,-97
2026-08-22 00:02:46.400917,20HL39284450541189,48:87:2D:86:05:3D,-97
2026-08-22 00:02:59.255152,None,5B:17:96:7E:0B:95,-76
2026-08-22 00:03:06.682902,None,5C:FB:D8:DE:6C:6E,-100
2026-08-22 00:03:07.375934,None,4C:BA:91:E4:85:00,-96
2026-08-22 00:03:10.568091,MELK-OF21   5C,BE:28:03:00:20:5C,-91
2026-08-22 00:03:47.400258,None,44:5B:54:C2:71:16,-77
2026-08-22 00:03:47.644363,None,69:3C:94:40:2E:DE,-89
2026-08-22 00:04:03.060053,None,DD:54:61:62:52:74,-89
2026-08-22 00:05:07.049545,None,56:98:01:09:35:F1,-95
2026-08-22 00:05:48.824144,None,77:52:B4:9F:B0:39,-89
2026-08-22 00:05:50.945578,None,72:70:B8:D7:06:E3,-95
2026-08-22 00:06:08.031999,None,67:A6:F8:7D:6B:AD,-93
2026-08-22 00:06:08.304697,None,7C:95:5B:5D:20:B7,-92
2026-08-22 00:06:08.469142,None,73:5A:55:B9:39:EC,-91
2026-08-22 00:06:25.397780,Platco PR1,B4:CB:B8:1B:D4:50,-94
2026-08-22 00:06:33.647302,None,60:1C:B4:4C:1D:DE,-89
2026-08-22 00:07:02.472784,None,A4:83:E7:83:E7:06,-95
2026-08-22 00:07:21.129484,None,64:21:FB:5B:EF:AB,-96
2026-08-22 00:07:23.610063,None,7C:C9:99:18:32:93,-83
2026-08-22 00:07:34.722604,20HL39284591421094,48:87:2D:89:79:5D,-97
2026-08-22 00:08:04.653001,RIOT Plus501B6E,D8:BC:38:50:1B:6E,-90
2026-08-22 00:08:10.768258,Platco PR1,E4:A6:34:CF:38:ED,-95
2026-08-22 00:08:18.057596,Charge 4,F1:D1:F5:5E:21:37,-83
2026-08-22 00:08:26.889378,None,67:9D:D9:80:E4:71,-97
2026-08-22 00:09:07.386689,None,64:02:A2:0B:88:4F,-71
2026-08-22 00:09:07.483548,None,4B:F7:8B:CC:49:5C,-99
2026-08-22 00:09:14.215078,None,44:25:E5:E8:65:94,-97
2026-08-22 00:09:15.187919,None,DA:45:97:33:7F:96,-98
2026-08-22 00:09:28.474772,None,69:D8:6C:A6:C8:2B,-80
2026-08-22 00:09:45.466143,113685_9C139E7A644C,9C:13:9E:7A:64:4E,-72
2026-08-22 00:09:48.267727,None,52:ED:95:15:FE:4A,-90
2026-08-22 00:10:01.733945,None,EB:D2:CF:98:50:C2,-72
2026-08-22 00:10:04.950604,None,CD:B9:1A:55:1A:B7,-92
2026-08-22 00:10:08.161289,None,CF:20:7F:4F:F3:C7,-81
2026-08-22 00:10:08.791138,None,CD:CD:BE:E6:12:A6,-93
2026-08-22 00:10:09.807599,None,CC:3D:0E:90:A9:40,-72
2026-08-22 00:10:14.646336,None,D5:4A:E8:2C:B6:80,-93
2026-08-22 00:10:25.543027,None,CC:5E:BF:D9:FC:16,-91
2026-08-22 00:10:28.277924,Peak Pro 01502,F0:AD:4E:40:19:D5,-83
2026-08-22 00:10:28.331688,ResMed 223238,E8:E0:7E:34:BB:D4,-89
2026-08-22 00:10:28.939675,None,6A:95:A5:23:01:45,-89
2026-08-22 00:10:35.800705,None,5D:38:69:8A:96:BC,-93
2026-08-22 00:10:51.516076,None,45:DB:EF:F2:EF:C9,-88
2026-08-22 00:11:10.989390,None,6A:16:0D:AB:CF:B1,-91
2026-08-22 00:11:18.113934,None,C0:FC:F7:70:59:F0,-99
2026-08-22 00:11:41.650524,None,50:FB:37:56:D4:F8,-63
2026-08-22 00:11:46.193512,None,50:49:F3:5B:36:68,-76
2026-08-22 00:11:56.457974,ELK-BLEDOM05,BE:67:00:12:01:75,-99
2026-08-22 00:12:29.588200,None,53:07:3B:6C:0D:08,-97
2026-08-22 00:12:43.052930,None,C0:0B:79:E1:D8:22,-98
2026-08-22 00:12:53.233283,None,4D:C0:5E:F6:A6:9C,-99
2026-08-22 00:13:03.628516,None,7F:10:C1:C8:4F:38,-71
2026-08-22 00:13:07.944030,None,48:5F:15:4D:24:3B,-98
2026-08-22 00:13:10.811671,MELK-OF21   5C,BE:28:03:00:20:5C,-91
2026-08-22 00:13:47.588163,None,44:5B:54:C2:71:16,-77
2026-08-22 00:14:01.051212,None,44:3D:A1:96:5E:15,-78
2026-08-22 00:14:01.330922,None,4E:20:07:52:0B:06,-93
2026-08-22 00:14:04.489820,None,DD:54:61:62:52:74,-81
2026-08-22 00:14:17.735924,None,61:9E:BE:AC:C2:57,-88
2026-08-22 00:14:29.956346,None,65:75:7E:58:54:C6,-89
2026-08-22 00:14:30.801784,None,FA:D9:06:8C:CF:C1,-95
2026-08-22 00:15:04.240684,None,E2:B0:7E:C8:7F:16,-88
2026-08-22 00:15:04.402818,None,D4:74:3B:6A:3F:E9,-68
2026-08-22 00:15:06.740896,None,E2:E0:A9:94:AB:DE,-89
2026-08-22 00:15:06.804475,None,C2:B1:3E:EF:BB:09,-92
2026-08-22 00:15:12.070352,None,E2:43:64:AF:87:7D,-91
2026-08-22 00:15:18.377921,None,DE:48:4A:E7:1B:A8,-81
2026-08-22 00:15:28.644299,None,CA:63:4F:E9:6E:00,-76
2026-08-22 00:15:54.959036,None,F4:C2:EF:A6:EF:7F,-98
2026-08-22 00:16:08.484802,None,67:A6:F8:7D:6B:AD,-91
2026-08-22 00:16:08.492328,None,7C:95:5B:5D:20:B7,-93
2026-08-22 00:16:10.879512,None,CC:C6:D2:32:B0:E4,-93
2026-08-22 00:16:12.438039,None,73:5A:55:B9:39:EC,-93
2026-08-22 00:16:45.266293,Platco PR1,B4:CB:B8:1B:D4:50,-85
2026-08-22 00:17:04.445176,None,DC:EC:AF:1E:1E:9F,-80
2026-08-22 00:17:09.202517,None,79:39:2B:ED:8F:A1,-97
2026-08-22 00:17:28.838862,None,E7:95:68:38:1B:C7,-90
2026-08-22 00:17:33.201580,None,77:82:36:DB:AD:E5,-77
2026-08-22 00:17:35.664187,None,58:C0:24:0F:50:69,-88
2026-08-22 00:17:40.217323,None,77:69:25:A4:2F:5A,-83
2026-08-22 00:17:49.046797,None,CD:78:A4:16:7C:6F,-92
2026-08-22 00:17:51.722218,None,E7:89:5F:0F:D3:3E,-94
2026-08-22 00:17:56.655258,None,DD:A2:F2:ED:C6:F2,-94
2026-08-22 00:18:08.614272,RIOT Plus501B6E,D8:BC:38:50:1B:6E,-94
2026-08-22 00:18:23.093750,Charge 4,F1:D1:F5:5E:21:37,-87
2026-08-22 00:18:59.608896,None,7D:85:7C:7F:FD:1E,-91
2026-08-22 00:19:16.778935,Platco PR1,E4:A6:34:CF:38:ED,-95
2026-08-22 00:19:20.979556,20HL39284591421094,48:87:2D:89:79:5D,-94
2026-08-22 00:19:29.434212,None,69:D8:6C:A6:C8:2B,-85
2026-08-22 00:19:45.492445,113685_9C139E7A644C,9C:13:9E:7A:64:4E,-73
2026-08-22 00:20:28.379051,Peak Pro 01502,F0:AD:4E:40:19:D5,-82
2026-08-22 00:20:30.447449,ResMed 223238,E8:E0:7E:34:BB:D4,-86
2026-08-22 00:20:52.566320,None,45:DB:EF:F2:EF:C9,-90
2026-08-22 00:21:41.903850,None,50:FB:37:56:D4:F8,-67
2026-08-22 00:21:48.097372,None,50:49:F3:5B:36:68,-78
2026-08-22 00:22:13.011662,None,75:4C:18:25:B6:0D,-77
2026-08-22 00:22:46.161522,None,57:E8:0C:CD:FF:94,-72
2026-08-22 00:22:53.738960,None,4D:C0:5E:F6:A6:9C,-91
2026-08-22 00:23:11.679602,MELK-OF21   5C,BE:28:03:00:20:5C,-90
2026-08-22 00:23:27.033004,None,48:5F:15:4D:24:3B,-92
2026-08-22 00:23:47.698218,None,44:5B:54:C2:71:16,-79
2026-08-22 00:23:51.936943,None,78:DD:31:6C:68:14,-95
2026-08-22 00:24:12.253216,None,76:F0:6A:F6:58:3F,-76
2026-08-22 00:24:17.824748,None,61:9E:BE:AC:C2:57,-89
2026-08-22 00:24:31.773965,None,65:75:7E:58:54:C6,-86
2026-08-22 00:25:07.614194,None,D4:74:3B:6A:3F:E9,-72
2026-08-22 00:25:07.836055,None,E2:B0:7E:C8:7F:16,-85
2026-08-22 00:25:08.040982,None,E2:E0:A9:94:AB:DE,-91
2026-08-22 00:25:08.486446,None,44:3D:A1:96:5E:15,-82
2026-08-22 00:25:15.768826,None,E2:43:64:AF:87:7D,-92
2026-08-22 00:25:16.455430,None,C2:B1:3E:EF:BB:09,-93
2026-08-22 00:25:20.150162,None,4E:20:07:52:0B:06,-94
2026-08-22 00:25:21.733597,None,DE:48:4A:E7:1B:A8,-79
2026-08-22 00:25:23.130283,None,53:07:3B:6C:0D:08,-95
2026-08-22 00:25:29.720382,None,CA:63:4F:E9:6E:00,-78
2026-08-22 00:25:48.758260,None,4E:DC:53:25:99:D9,-90
2026-08-22 00:25:50.969665,None,62:2B:2E:ED:63:2C,-79
2026-08-22 00:26:02.296501,None,6A:3F:C9:48:38:2A,-91
2026-08-22 00:26:02.854809,None,56:99:32:A9:2B:58,-92
2026-08-22 00:26:03.702112,None,58:EB:90:46:05:E9,-93
2026-08-22 00:26:06.566180,None,F4:C2:EF:A6:EF:7F,-100
2026-08-22 00:26:45.600580,Platco PR1,B4:CB:B8:1B:D4:50,-98
2026-08-22 00:27:00.826729,None,FA:D9:06:8C:CF:C1,-95
2026-08-22 00:27:12.116928,None,5A:50:3B:8C:70:33,-96
2026-08-22 00:27:14.773969,None,DC:EC:AF:1E:1E:9F,-78
2026-08-22 00:27:28.345316,None,F0:8B:9B:80:AC:4F,-96
2026-08-22 00:27:28.891978,None,E7:95:68:38:1B:C7,-95
2026-08-22 00:27:40.886163,None,77:69:25:A4:2F:5A,-84
2026-08-22 00:27:49.622704,None,CD:78:A4:16:7C:6F,-82
2026-08-22 00:27:58.437560,None,DD:A2:F2:ED:C6:F2,-92
2026-08-22 00:28:10.128272,RIOT Plus501B6E,D8:BC:38:50:1B:6E,-91
2026-08-22 00:28:24.079390,Charge 4,F1:D1:F5:5E:21:37,-85
2026-08-22 00:28:53.318061,ELK-BLEDOM05,BE:67:00:12:01:75,-96
2026-08-22 00:28:59.757772,None,7D:85:7C:7F:FD:1E,-86
2026-08-22 00:29:19.598829,None,6E:68:F1:A4:1F:B4,-95
2026-08-22 00:29:21.979916,None,4B:7D:69:82:56:BA,-93
2026-08-22 00:29:26.477515,None,4C:D3:1C:5F:84:A5,-92
2026-08-22 00:29:28.781071,None,74:7B:CF:1E:BC:0D,-92
2026-08-22 00:29:28.882862,20HL39284591421094,48:87:2D:89:79:5D,-93
2026-08-22 00:29:29.692258,None,69:D8:6C:A6:C8:2B,-84
2026-08-22 00:29:36.860268,None,79:39:2B:ED:8F:A1,-75
2026-08-22 00:29:47.376933,113685_9C139E7A644C,9C:13:9E:7A:64:4E,-70
2026-08-22 00:29:50.463876,None,76:2D:11:33:CB:03,-95
2026-08-22 00:30:02.684204,None,F9:03:32:4E:62:94,-91
2026-08-22 00:30:02.744277,None,C6:29:E7:E5:E0:86,-89
2026-08-22 00:30:03.548411,None,DE:27:7B:A4:41:FF,-78
2026-08-22 00:30:05.700762,None,F4:2D:84:EE:EA:35,-100
2026-08-22 00:30:05.920348,None,CC:02:7D:99:E8:0F,-92
2026-08-22 00:30:06.085395,None,D1:12:2F:C0:10:E1,-91
2026-08-22 00:30:06.925992,None,FA:51:B1:69:6C:BF,-93
2026-08-22 00:30:06.952479,None,E8:B3:18:F4:A1:75,-95
2026-08-22 00:30:10.361172,None,57:B2:D0:1F:08:EC,-84
2026-08-22 00:30:11.163792,None,52:80:15:BF:2F:FF,-93
2026-08-22 00:30:12.019052,None,DD:B3:6F:95:B4:C0,-87
2026-08-22 00:30:24.386429,None,F0:0B:19:16:EF:B6,-86
2026-08-22 00:30:28.627247,Peak Pro 01502,F0:AD:4E:40:19:D5,-94
2026-08-22 00:30:31.961583,ResMed 223238,E8:E0:7E:34:BB:D4,-86
2026-08-22 00:30:32.344869,None,CB:5A:7E:A9:0D:AA,-95
2026-08-22 00:32:46.311246,4,57:E8:0C:CD:FF:94,-69
2026-08-22 00:33:11.737448,MELK-OF21   5C,BE:28:03:00:20:5C,-91
2026-08-22 00:33:13.103717,Platco PR1,E4:A6:34:CF:38:ED,-95
2026-08-22 00:33:41.399045,None,4A:E4:A6:6B:DD:6A,-83
2026-08-22 00:34:14.425066,None,76:F0:6A:F6:58:3F,-77
2026-08-22 00:34:19.215202,None,EA:0F:88:24:3D:6E,-81
2026-08-22 00:34:30.920831,None,F2:61:DD:C5:1B:4A,-84
2026-08-22 00:34:30.953314,None,78:0A:95:20:1A:6B,-85
2026-08-22 00:35:32.916057,None,53:07:3B:6C:0D:08,-97
2026-08-22 00:35:48.808636,None,4E:DC:53:25:99:D9,-91
2026-08-22 00:35:51.070422,None,62:2B:2E:ED:63:2C,-75
2026-08-22 00:37:05.474082,Platco PR1,B4:CB:B8:1B:D4:50,-89
2026-08-22 00:37:06.321621,None,7F:77:AD:F9:A0:00,-67
2026-08-22 00:37:12.338193,None,5A:50:3B:8C:70:33,-94
2026-08-22 00:38:12.463118,RIOT Plus501B6E,D8:BC:38:50:1B:6E,-89
2026-08-22 00:38:13.361966,None,48:75:EF:3F:6D:A7,-101
2026-08-22 00:38:25.237477,Charge 4,F1:D1:F5:5E:21:37,-85
2026-08-22 00:39:00.062105,None,7D:85:7C:7F:FD:1E,-88
2026-08-22 00:39:30.408884,None,6C:95:45:71:E7:BB,-84
2026-08-22 00:39:31.446552,20HL39284591421094,48:87:2D:89:79:5D,-100
2026-08-22 00:39:49.663678,113685_9C139E7A644C,9C:13:9E:7A:64:4E,-72
2026-08-22 00:40:06.000349,None,C6:29:E7:E5:E0:86,-89
2026-08-22 00:40:06.131489,None,DE:27:7B:A4:41:FF,-67
2026-08-22 00:40:07.253014,None,F9:03:32:4E:62:94,-87
2026-08-22 00:40:08.258228,None,D1:12:2F:C0:10:E1,-88
2026-08-22 00:40:08.345356,None,CC:02:7D:99:E8:0F,-88
2026-08-22 00:40:11.614516,None,FA:51:B1:69:6C:BF,-94
2026-08-22 00:40:11.680573,None,E8:B3:18:F4:A1:75,-89
2026-08-22 00:40:11.761947,None,52:80:15:BF:2F:FF,-88
2026-08-22 00:40:11.940705,None,57:B2:D0:1F:08:EC,-90
2026-08-22 00:40:12.211293,None,DD:B3:6F:95:B4:C0,-86
2026-08-22 00:40:13.595575,ELK-BLEDOM05,BE:67:00:12:01:75,-98
2026-08-22 00:40:13.997137,None,F4:2D:84:EE:EA:35,-92
2026-08-22 00:40:26.108767,None,F0:0B:19:16:EF:B6,-74
2026-08-22 00:40:29.036352,Peak Pro 01502,F0:AD:4E:40:19:D5,-80
2026-08-22 00:40:32.171331,ResMed 223238,E8:E0:7E:34:BB:D4,-88
2026-08-22 00:40:48.566966,None,55:68:CB:0A:FF:38,-87
2026-08-22 00:41:50.301066,None,7C:AB:E4:7E:BA:9F,-89
2026-08-22 00:42:46.418673,4,57:E8:0C:CD:FF:94,-72
2026-08-22 00:43:00.539501,TUYA_,BC:35:1E:84:34:CD,-56
2026-08-22 00:43:11.882726,MELK-OF21   5C,BE:28:03:00:20:5C,-90
2026-08-22 00:43:43.136777,None,4A:E4:A6:6B:DD:6A,-83
2026-08-22 00:43:43.298709,None,5A:AA:E8:18:6F:A8,-82
2026-08-22 00:43:45.018630,None,18:63:8D:BC:98:2F,-97
2026-08-22 00:44:04.551923,None,63:82:34:AD:06:01,-85
2026-08-22 00:44:14.526656,None,76:F0:6A:F6:58:3F,-80
2026-08-22 00:44:20.588674,None,EA:0F:88:24:3D:6E,-80
2026-08-22 00:44:33.038257,None,F2:61:DD:C5:1B:4A,-77
2026-08-22 00:44:35.005075,None,78:0A:95:20:1A:6B,-71
2026-08-22 00:44:47.101578,None,63:A4:83:75:ED:88,-76
2026-08-22 00:45:00.149016,None,FD:04:B9:6E:35:48,-90
2026-08-22 00:45:00.486169,None,C6:F1:7C:F6:30:F8,-91
2026-08-22 00:45:00.806289,None,ED:66:80:8A:93:78,-85
2026-08-22 00:45:00.919605,None,FB:F9:2F:71:F7:35,-69
2026-08-22 00:45:02.505938,None,E9:3C:B9:95:9B:19,-88
2026-08-22 00:45:04.254622,None,D8:BC:CD:D5:52:09,-91
2026-08-22 00:45:08.540918,None,C2:58:10:FC:34:B5,-91
2026-08-22 00:45:34.195037,None,F4:E5:6F:FC:49:ED,-86
2026-08-22 00:45:45.326732,None,55:9B:13:4F:1D:51,-96
2026-08-22 00:45:46.262008,EF-D36C0514,A0:85:E3:DE:D2:96,-101
2026-08-22 00:45:58.765877,None,D3:4E:D1:EA:57:41,-96
2026-08-22 00:47:03.846835,None,D4:A6:83:C6:56:A8,-97
2026-08-22 00:47:06.338824,None,7F:77:AD:F9:A0:00,-70
2026-08-22 00:47:20.337992,Platco PR1,B4:CB:B8:1B:D4:50,-85
2026-08-22 00:47:26.118902,None,D3:A8:A8:E2:1E:45,-74
2026-08-22 00:47:34.581031,None,47:17:16:84:91:A4,-92
2026-08-22 00:47:34.846279,None,D5:61:AF:B7:B5:69,-93
2026-08-22 00:47:35.651522,None,42:5C:A6:CC:C8:C6,-92
2026-08-22 00:47:35.673767,None,76:66:CA:5B:7C:BD,-93
2026-08-22 00:47:46.464282,None,53:49:99:A3:14:DD,-70
2026-08-22 00:48:02.767757,None,F3:04:E4:79:53:2A,-83
2026-08-22 00:48:27.619078,Charge 4,F1:D1:F5:5E:21:37,-85
2026-08-22 00:48:30.575807,None,72:48:EA:50:A5:DA,-80
2026-08-22 00:48:33.529128,RIOT Plus501B6E,D8:BC:38:50:1B:6E,-96
2026-08-22 00:49:12.951128,[LG] webOS TV LR600BZUC,DC:EC:4F:D3:8E:A7,-100
2026-08-22 00:49:31.556875,20HL39284591421094,48:87:2D:89:79:5D,-94
2026-08-22 00:49:50.802863,113685_9C139E7A644C,9C:13:9E:7A:64:4E,-68
2026-08-22 00:50:08.351554,None,6B:33:BC:62:3E:4F,-85
2026-08-22 00:50:09.164578,None,7E:07:17:9A:CF:05,-91
2026-08-22 00:50:29.068736,Peak Pro 01502,F0:AD:4E:40:19:D5,-81
2026-08-22 00:50:33.361068,ResMed 223238,E8:E0:7E:34:BB:D4,-88
2026-08-22 00:50:49.003301,None,55:68:CB:0A:FF:38,-87
2026-08-22 00:50:55.173187,YT*,BE:03:AC:00:02:55,-93
2026-08-22 00:51:12.234950,Platco PR1,E4:A6:34:CF:38:ED,-98
2026-08-22 00:51:51.376718,None,7C:AB:E4:7E:BA:9F,-88
2026-08-22 00:53:06.770764,None,0C:9F:54:EF:DD:5E,-98
2026-08-22 00:53:11.969709,MELK-OF21   5C,BE:28:03:00:20:5C,-89
2026-08-22 00:53:44.450984,None,4A:E4:A6:6B:DD:6A,-90
2026-08-22 00:53:56.107939,None,76:CC:5E:3B:DD:65,-82
2026-08-22 00:54:05.551997,None,72:25:E2:42:4A:D9,-73
2026-08-22 00:54:06.794771,None,63:82:34:AD:06:01,-71
2026-08-22 00:54:20.341386,None,6C:95:45:71:E7:BB,-83
2026-08-22 00:54:47.937422,None,63:A4:83:75:ED:88,-81
2026-08-22 00:55:03.490216,None,ED:66:80:8A:93:78,-80
2026-08-22 00:55:03.763825,None,FB:F9:2F:71:F7:35,-72
2026-08-22 00:55:05.450421,None,C6:F1:7C:F6:30:F8,-91
2026-08-22 00:55:12.635125,None,C2:58:10:FC:34:B5,-96
2026-08-22 00:55:17.626735,None,FD:04:B9:6E:35:48,-97
2026-08-22 00:55:17.918984,None,57:EF:8D:15:A4:91,-71
2026-08-22 00:55:18.104081,None,E9:3C:B9:95:9B:19,-89
2026-08-22 00:55:19.057629,None,D8:BC:CD:D5:52:09,-86
2026-08-22 00:55:37.754580,None,F4:E5:6F:FC:49:ED,-84
2026-08-22 00:55:48.752010,None,48:34:F2:D3:64:70,-92
2026-08-22 00:55:49.578175,None,40:94:10:E3:6C:C4,-81
2026-08-22 00:56:34.972150,EF-D36C0514,A0:85:E3:DE:D2:96,-98
2026-08-22 00:57:04.432317,None,D4:A6:83:C6:56:A8,-83
2026-08-22 00:57:25.690041,Platco PR1,B4:CB:B8:1B:D4:50,-84
2026-08-22 00:57:27.775028,None,D3:A8:A8:E2:1E:45,-72
2026-08-22 00:57:34.745000,None,47:17:16:84:91:A4,-91
2026-08-22 00:57:35.981611,None,42:5C:A6:CC:C8:C6,-92
2026-08-22 00:57:39.592487,None,76:66:CA:5B:7C:BD,-93
2026-08-22 00:57:46.562487,None,53:49:99:A3:14:DD,-76
2026-08-22 00:57:50.778891,None,5E:2F:4B:75:47:27,-97
2026-08-22 00:57:50.863061,None,D5:61:AF:B7:B5:69,-92
2026-08-22 00:58:08.811412,None,F3:04:E4:79:53:2A,-80
2026-08-22 00:58:29.908616,Charge 4,F1:D1:F5:5E:21:37,-87
2026-08-22 00:58:30.892686,None,72:48:EA:50:A5:DA,-88
2026-08-22 00:58:49.596605,None,52:4B:E4:40:A5:09,-81
2026-08-22 00:59:07.936966,None,55:9B:13:4F:1D:51,-95
2026-08-22 00:59:27.408811,None,40:8B:D9:8E:DE:F4,-90
2026-08-22 00:59:52.971544,113685_9C139E7A644C,9C:13:9E:7A:64:4E,-69
2026-08-22 01:00:00.517585,None,C9:1D:BB:E4:2F:B1,-91
2026-08-22 01:00:00.882206,None,E3:FC:A2:6B:F1:69,-70
2026-08-22 01:00:01.048024,None,FE:C9:E3:88:EC:A0,-88
2026-08-22 01:00:04.208528,None,EB:0D:45:B6:F3:FB,-88
2026-08-22 01:00:08.505137,None,CE:77:26:3A:A7:76,-89
2026-08-22 01:00:09.335500,None,7E:07:17:9A:CF:05,-85
2026-08-22 01:00:10.243830,None,CD:E7:F8:32:2B:1A,-88
2026-08-22 01:00:18.537306,None,CE:18:B5:DD:7A:27,-95
2026-08-22 01:00:19.098417,None,6B:33:BC:62:3E:4F,-88
2026-08-22 01:00:22.326191,None,EB:6D:33:07:33:F9,-80
2026-08-22 01:00:29.215102,Peak Pro 01502,F0:AD:4E:40:19:D5,-86
2026-08-22 01:00:36.444737,None,EF:77:4B:75:0E:E3,-73
2026-08-22 01:00:36.601931,ResMed 223238,E8:E0:7E:34:BB:D4,-87
2026-08-22 01:01:00.081175,None,E6:E7:3C:DE:48:C2,-89
2026-08-22 01:01:14.267032,None,2E:91:3A:25:46:A3,-96
2026-08-22 01:01:53.317825,None,7C:AB:E4:7E:BA:9F,-89
2026-08-22 01:02:03.585409,RIOT Plus501B6E,D8:BC:38:50:1B:6E,-102
2026-08-22 01:02:17.585463,Platco PR1,E4:A6:34:CF:38:ED,-95
2026-08-22 01:02:24.268488,None,65:88:0F:15:58:AF,-99
2026-08-22 01:02:32.231930,None,4C:35:48:26:6A:07,-89
2026-08-22 01:02:37.660897,ELK-BLEDOM05,BE:67:00:12:01:75,-98
2026-08-22 01:02:43.147828,None,EE:14:45:00:80:95,-76
2026-08-22 01:03:02.103164,None,F4:10:92:3E:66:1D,-82
2026-08-22 01:03:11.985686,MELK-OF21   5C,BE:28:03:00:20:5C,-90
2026-08-22 01:03:44.178824,None,C4:DF:46:01:C3:BE,-95
2026-08-22 01:03:58.049175,None,76:CC:5E:3B:DD:65,-82
2026-08-22 01:04:44.869000,None,74:A5:6E:A2:73:C7,-98
2026-08-22 01:04:48.282191,None,63:A4:83:75:ED:88,-73
2026-08-22 01:05:20.556822,None,57:EF:8D:15:A4:91,-75
2026-08-22 01:05:42.380245,20HL39284591421094,48:87:2D:89:79:5D,-97
2026-08-22 01:05:48.867858,None,48:34:F2:D3:64:70,-92
2026-08-22 01:06:40.814313,EF-D36C0514,A0:85:E3:DE:D2:96,-97
2026-08-22 01:06:56.422755,None,77:83:9E:B9:9D:4D,-93
2026-08-22 01:06:56.536760,None,5B:4B:B5:9B:3F:E4,-92
2026-08-22 01:06:59.845134,None,70:66:C2:87:57:09,-82
2026-08-22 01:07:00.529820,None,76:D3:C2:47:24:49,-92
2026-08-22 01:07:20.732232,None,72:25:E2:42:4A:D9,-74
2026-08-22 01:07:45.559135,Platco PR1,B4:CB:B8:1B:D4:50,-84
2026-08-22 01:08:31.315158,None,72:48:EA:50:A5:DA,-89
2026-08-22 01:08:32.399227,Charge 4,F1:D1:F5:5E:21:37,-86
2026-08-22 01:08:39.522671,None,6B:5C:91:25:7B:29,-89
2026-08-22 01:08:40.192884,None,51:62:4F:55:61:B5,-86
2026-08-22 01:08:43.077475,None,7C:EF:3C:5F:AF:E1,-87
2026-08-22 01:08:50.135730,None,52:4B:E4:40:A5:09,-77
2026-08-22 01:09:28.577272,None,40:8B:D9:8E:DE:F4,-91
2026-08-22 01:09:53.228564,113685_9C139E7A644C,9C:13:9E:7A:64:4E,-68
2026-08-22 01:09:56.677102,None,40:94:10:E3:6C:C4,-67
2026-08-22 01:10:04.701244,None,E3:FC:A2:6B:F1:69,-80
2026-08-22 01:10:05.615464,None,EB:0D:45:B6:F3:FB,-88
2026-08-22 01:10:06.457783,None,FE:C9:E3:88:EC:A0,-89
2026-08-22 01:10:06.562960,None,C9:1D:BB:E4:2F:B1,-93
2026-08-22 01:10:12.045644,None,CE:77:26:3A:A7:76,-91
2026-08-22 01:10:19.952458,None,F8:D2:A2:14:E7:A9,-97
2026-08-22 01:10:20.994393,None,CE:18:B5:DD:7A:27,-93
2026-08-22 01:10:22.439983,None,EB:6D:33:07:33:F9,-91
2026-08-22 01:10:29.321768,Peak Pro 01502,F0:AD:4E:40:19:D5,-80
2026-08-22 01:10:39.175042,ResMed 223238,E8:E0:7E:34:BB:D4,-88
2026-08-22 01:10:40.156959,None,EF:77:4B:75:0E:E3,-74
2026-08-22 01:10:48.586086,None,4A:E3:17:7E:A3:24,-89
2026-08-22 01:11:04.089720,None,E6:E7:3C:DE:48:C2,-93
2026-08-22 01:11:10.828584,None,77:6A:4F:DF:81:05,-103
2026-08-22 01:11:17.862257,None,CD:E7:F8:32:2B:1A,-94
2026-08-22 01:12:04.819900,None,69:93:7A:E6:A8:71,-81
2026-08-22 01:12:24.965849,RIOT Plus501B6E,D8:BC:38:50:1B:6E,-102
2026-08-22 01:12:50.203327,None,EE:14:45:00:80:95,-73
2026-08-22 01:13:00.901528,None,4C:35:48:26:6A:07,-91
2026-08-22 01:13:07.918151,None,F4:10:92:3E:66:1D,-82
2026-08-22 01:13:12.005289,MELK-OF21   5C,BE:28:03:00:20:5C,-91
2026-08-22 01:13:45.848754,None,59:1F:29:E7:5D:11,-73
2026-08-22 01:13:58.676827,None,76:CC:5E:3B:DD:65,-70
2026-08-22 01:14:22.452087,None,43:7A:BF:D6:35:2B,-74
2026-08-22 01:14:22.478838,None,47:B3:64:8D:B5:FF,-83
2026-08-22 01:14:31.926703,None,C4:DF:46:01:C3:BE,-96
2026-08-22 01:14:31.962862,None,67:1F:E3:46:61:46,-94
2026-08-22 01:14:44.990335,None,74:A5:6E:A2:73:C7,-97
2026-08-22 01:14:48.652906,Platco PR1,E4:A6:34:CF:38:ED,-98
2026-08-22 01:15:02.201986,None,E9:6C:49:45:96:A8,-78
2026-08-22 01:15:04.410196,None,FC:3D:E0:C8:59:0B,-91
2026-08-22 01:15:04.441871,None,ED:D9:AE:FA:77:04,-89
2026-08-22 01:15:04.697037,None,F4:D8:37:5D:82:83,-89
2026-08-22 01:15:04.884598,None,F9:44:FC:FF:1D:FF,-81
2026-08-22 01:15:06.380518,ELK-BLEDOM05,BE:67:00:12:01:75,-97
2026-08-22 01:15:12.398446,None,ED:BF:A8:75:BF:03,-94
2026-08-22 01:15:13.050025,None,EC:45:68:6E:B2:35,-92
2026-08-22 01:15:31.481219,None,ED:91:71:1F:A5:FD,-104
2026-08-22 01:15:48.486490,None,C4:72:C0:91:09:5B,-95
2026-08-22 01:16:00.874992,None,D6:8D:BD:7D:F5:73,-71
2026-08-22 01:16:02.452577,None,C2:34:48:7B:8E:DE,-76
2026-08-22 01:16:07.457768,None,FE:59:FF:0A:BD:70,-80
2026-08-22 01:16:42.993898,EF-D36C0514,A0:85:E3:DE:D2:96,-97
2026-08-22 01:16:57.339375,None,77:83:9E:B9:9D:4D,-93
2026-08-22 01:16:59.403832,None,5B:4B:B5:9B:3F:E4,-93
2026-08-22 01:17:02.273537,None,70:66:C2:87:57:09,-73
2026-08-22 01:17:10.745737,None,76:D3:C2:47:24:49,-91
2026-08-22 01:17:55.665983,Platco PR1,B4:CB:B8:1B:D4:50,-83
2026-08-22 01:18:02.825528,None,DA:14:CE:CE:82:86,-84
2026-08-22 01:18:37.383173,Charge 4,F1:D1:F5:5E:21:37,-84
2026-08-22 01:18:42.038812,None,6B:5C:91:25:7B:29,-90
2026-08-22 01:18:43.277525,None,51:62:4F:55:61:B5,-85
2026-08-22 01:18:43.480812,None,7C:EF:3C:5F:AF:E1,-87
2026-08-22 01:19:12.922169,None,42:70:3E:08:01:A6,-93
2026-08-22 01:19:13.468194,None,71:CF:0E:8A:58:F9,-93
2026-08-22 01:19:26.430235,None,4C:B9:EC:12:5B:C7,-92
2026-08-22 01:19:31.048385,None,40:8B:D9:8E:DE:F4,-83
2026-08-22 01:19:53.235014,113685_9C139E7A644C,9C:13:9E:7A:64:4E,-68
2026-08-22 01:20:31.097143,Peak Pro 01502,F0:AD:4E:40:19:D5,-80
2026-08-22 01:20:39.602254,ResMed 223238,E8:E0:7E:34:BB:D4,-91
2026-08-22 01:20:48.811716,None,4A:E3:17:7E:A3:24,-87
2026-08-22 01:23:06.418403,None,4C:35:48:26:6A:07,-94
2026-08-22 01:23:13.152862,MELK-OF21   5C,BE:28:03:00:20:5C,-88
2026-08-22 01:23:14.384527,None,4E:F1:08:68:B9:D2,-90
2026-08-22 01:23:45.883745,None,59:1F:29:E7:5D:11,-77
2026-08-22 01:24:25.869086,None,47:B3:64:8D:B5:FF,-74
2026-08-22 01:24:28.821600,RIOT Plus501B6E,D8:BC:38:50:1B:6E,-95
2026-08-22 01:24:40.733463,None,43:7A:BF:D6:35:2B,-85
2026-08-22 01:25:03.681267,None,E9:6C:49:45:96:A8,-81
2026-08-22 01:25:06.576622,None,FC:3D:E0:C8:59:0B,-91
2026-08-22 01:25:06.712094,None,F9:44:FC:FF:1D:FF,-72
2026-08-22 01:25:07.454983,None,ED:D9:AE:FA:77:04,-89
2026-08-22 01:25:08.324384,None,F4:D8:37:5D:82:83,-89
2026-08-22 01:25:14.013646,None,EC:45:68:6E:B2:35,-93
2026-08-22 01:25:17.679969,None,ED:BF:A8:75:BF:03,-93
2026-08-22 01:25:48.953449,None,49:0B:D0:04:C7:CB,-88
2026-08-22 01:26:03.342204,None,D6:8D:BD:7D:F5:73,-87
2026-08-22 01:26:06.043621,None,C2:34:48:7B:8E:DE,-81
2026-08-22 01:26:11.046143,None,FE:59:FF:0A:BD:70,-81
2026-08-22 01:26:41.401362,None,73:C6:1C:48:29:B7,-85
2026-08-22 01:26:42.463746,None,53:B7:1F:7E:11:6E,-90
2026-08-22 01:26:54.671627,EF-D36C0514,A0:85:E3:DE:D2:96,-99
2026-08-22 01:27:02.586852,None,70:66:C2:87:57:09,-76
2026-08-22 01:27:35.581905,None,C4:72:C0:91:09:5B,-94
2026-08-22 01:27:36.787143,None,5C:EF:6D:47:3A:AA,-94
2026-08-22 01:27:44.978131,Platco PR1,E4:A6:34:CF:38:ED,-94
2026-08-22 01:28:04.398590,None,DA:14:CE:CE:82:86,-87
2026-08-22 01:28:04.771936,None,4A:1B:70:FB:86:B6,-75
2026-08-22 01:28:05.757427,Platco PR1,B4:CB:B8:1B:D4:50,-86
2026-08-22 01:28:42.383043,Charge 4,F1:D1:F5:5E:21:37,-87
2026-08-22 01:28:43.883504,None,7C:EF:3C:5F:AF:E1,-89
2026-08-22 01:28:49.005270,20HL39284591421094,48:87:2D:89:79:5D,-96
2026-08-22 01:29:13.720609,None,42:70:3E:08:01:A6,-91
2026-08-22 01:29:13.929412,None,71:CF:0E:8A:58:F9,-94
2026-08-22 01:29:21.117244,None,76:08:2A:9D:31:4D,-91
2026-08-22 01:29:26.738255,None,4C:B9:EC:12:5B:C7,-92
2026-08-22 01:29:32.103928,None,40:8B:D9:8E:DE:F4,-81
2026-08-22 01:29:53.839261,113685_9C139E7A644C,9C:13:9E:7A:64:4E,-68
2026-08-22 01:30:02.481155,None,E5:B0:AE:23:E0:9D,-87
2026-08-22 01:30:02.496523,None,DA:2F:60:D8:6C:42,-93
2026-08-22 01:30:02.511801,None,C9:E5:45:99:78:31,-82
2026-08-22 01:30:02.906897,None,E9:5C:2F:EC:B4:26,-79
2026-08-22 01:30:04.228030,None,DC:64:FA:23:AA:16,-89
2026-08-22 01:30:06.168990,None,D9:0E:59:92:25:D8,-85
2026-08-22 01:30:10.251827,None,DC:26:31:F8:17:94,-91
2026-08-22 01:30:12.704151,None,ED:B9:78:08:39:96,-91
2026-08-22 01:30:31.129314,Peak Pro 01502,F0:AD:4E:40:19:D5,-81
2026-08-22 01:30:37.405951,None,D4:4E:E3:75:8C:F2,-79
2026-08-22 01:30:40.288180,ResMed 223238,E8:E0:7E:34:BB:D4,-90
2026-08-22 01:31:12.552783,ELK-BLEDOM05,BE:67:00:12:01:75,-97
2026-08-22 01:31:16.047859,None,E6:88:FF:24:A4:9F,-97
2026-08-22 01:31:37.538976,None,7A:41:A9:77:E0:EF,-80
2026-08-22 01:32:02.848968,None,F5:F3:A6:31:18:03,-90
2026-08-22 01:32:12.801322,None,47:0E:5C:C9:BA:58,-78
2026-08-22 01:33:13.046901,None,DF:66:71:77:29:31,-75
2026-08-22 01:33:13.160320,MELK-OF21   5C,BE:28:03:00:20:5C,-90
2026-08-22 01:33:50.456860,None,4F:8B:CB:19:6E:41,-95
2026-08-22 01:34:07.891317,None,DD:A2:7D:B8:E7:05,-93
2026-08-22 01:34:26.030367,None,47:B3:64:8D:B5:FF,-80
2026-08-22 01:35:21.209596,None,49:92:DE:0E:F3:BF,-82
2026-08-22 01:35:31.680570,None,4E:F1:08:68:B9:D2,-90
2026-08-22 01:35:50.405431,None,49:0B:D0:04:C7:CB,-91
2026-08-22 01:35:54.988361,None,66:FF:E3:E6:61:41,-88
2026-08-22 01:35:55.018260,None,FD:55:80:58:16:58,-87
2026-08-22 01:35:59.879230,None,64:80:6B:AF:E4:59,-96
2026-08-22 01:36:12.381151,None,56:5C:4D:07:99:00,-86
2026-08-22 01:36:27.964057,None,7D:42:2E:6E:5B:9A,-93
2026-08-22 01:36:28.334488,None,42:7E:28:FF:7F:9D,-93
2026-08-22 01:36:29.043659,None,40:45:7F:C7:C1:07,-102
2026-08-22 01:36:46.680275,None,53:B7:1F:7E:11:6E,-92
2026-08-22 01:36:47.262564,None,73:C6:1C:48:29:B7,-91
2026-08-22 01:36:56.466696,EF-D36C0514,A0:85:E3:DE:D2:96,-97
2026-08-22 01:38:05.198956,None,4A:1B:70:FB:86:B6,-74
2026-08-22 01:38:15.883913,Platco PR1,B4:CB:B8:1B:D4:50,-85
2026-08-22 01:38:43.328647,Charge 4,F1:D1:F5:5E:21:37,-88
2026-08-22 01:38:47.450182,RIOT Plus501B6E,D8:BC:38:50:1B:6E,-98
2026-08-22 01:39:22.249681,None,76:08:2A:9D:31:4D,-88
2026-08-22 01:39:32.256988,None,40:8B:D9:8E:DE:F4,-82
2026-08-22 01:39:40.925012,Platco PR1,E4:A6:34:CF:38:ED,-94
2026-08-22 01:39:53.998937,113685_9C139E7A644C,9C:13:9E:7A:64:4E,-69
2026-08-22 01:40:05.784963,None,DC:64:FA:23:AA:16,-86
2026-08-22 01:40:06.287598,None,C9:E5:45:99:78:31,-78
2026-08-22 01:40:07.834745,None,E5:B0:AE:23:E0:9D,-90
2026-08-22 01:40:08.161859,None,E9:5C:2F:EC:B4:26,-78
2026-08-22 01:40:09.841525,None,D9:0E:59:92:25:D8,-92
2026-08-22 01:40:14.559795,None,ED:B9:78:08:39:96,-98
2026-08-22 01:40:15.673466,None,DC:26:31:F8:17:94,-95
2026-08-22 01:40:30.839209,None,DA:2F:60:D8:6C:42,-98
2026-08-22 01:40:31.213088,Peak Pro 01502,F0:AD:4E:40:19:D5,-97
2026-08-22 01:40:41.461309,ResMed 223238,E8:E0:7E:34:BB:D4,-92
2026-08-22 01:40:48.465975,None,D4:4E:E3:75:8C:F2,-74
2026-08-22 01:40:48.840870,None,60:C4:9D:DB:00:17,-90
2026-08-22 01:41:18.193826,20HL39284591421094,48:87:2D:89:79:5D,-104
2026-08-22 01:41:35.831209,ELK-BLEDOM05,BE:67:00:12:01:75,-97
2026-08-22 01:42:02.922296,None,F5:F3:A6:31:18:03,-83
2026-08-22 01:42:14.755969,4,47:0E:5C:C9:BA:58,-86
2026-08-22 01:43:13.255736,MELK-OF21   5C,BE:28:03:00:20:5C,-91
2026-08-22 01:43:14.725181,None,DF:66:71:77:29:31,-80
2026-08-22 01:44:05.411936,None,6F:5C:72:B4:D0:2F,-93
2026-08-22 01:45:00.244074,None,C5:A7:73:15:C7:7A,-93
2026-08-22 01:45:04.325275,None,E0:DB:09:72:C9:4A,-80
2026-08-22 01:45:04.594940,None,CF:4A:19:BD:64:C2,-89
2026-08-22 01:45:04.687132,None,C4:F4:A9:59:6B:B9,-87
2026-08-22 01:45:04.746279,None,E9:53:58:75:3E:C1,-89
2026-08-22 01:45:12.456183,None,FB:51:87:57:64:58,-76
2026-08-22 01:45:26.318565,None,49:92:DE:0E:F3:BF,-71
2026-08-22 01:45:30.003722,None,5E:D5:5A:6E:75:86,-89
2026-08-22 01:45:35.640017,None,65:C1:EE:97:35:A3,-90
2026-08-22 01:45:36.267953,None,F9:1E:C3:24:08:A8,-94
2026-08-22 01:46:01.649417,None,66:FF:E3:E6:61:41,-90
2026-08-22 01:46:12.022105,None,EC:A9:71:A9:8F:26,-80
2026-08-22 01:46:24.019876,None,57:EC:6B:A4:88:0A,-68
2026-08-22 01:46:29.414786,None,7D:42:2E:6E:5B:9A,-92
2026-08-22 01:46:29.777620,None,42:7E:28:FF:7F:9D,-91
2026-08-22 01:46:32.343573,None,40:45:7F:C7:C1:07,-93
2026-08-22 01:46:46.527227,None,FB:F0:F8:C5:FA:A2,-95
2026-08-22 01:46:50.414133,None,59:4E:17:FB:9E:B8,-85
2026-08-22 01:47:16.362120,None,56:5C:4D:07:99:00,-84
2026-08-22 01:47:27.543643,None,E5:64:90:73:1D:17,-90
2026-08-22 01:48:01.857577,None,D4:7E:47:38:A7:8F,-89
2026-08-22 01:48:05.194591,None,78:C7:E4:55:0F:AC,-92
2026-08-22 01:48:05.473312,None,4A:1B:70:FB:86:B6,-83
2026-08-22 01:48:05.929434,None,78:F9:66:07:DE:4D,-85
2026-08-22 01:48:10.776327,None,50:59:62:38:5D:88,-93
2026-08-22 01:48:19.100520,EF-D36C0514,A0:85:E3:DE:D2:96,-98
2026-08-22 01:48:23.820060,None,66:BA:34:0D:C6:3F,-77
2026-08-22 01:48:23.844962,None,F5:25:D0:16:40:B3,-76
2026-08-22 01:48:25.503739,Platco PR1,B4:CB:B8:1B:D4:50,-86
2026-08-22 01:48:38.637857,None,64:80:6B:AF:E4:59,-93
2026-08-22 01:48:45.753224,Charge 4,F1:D1:F5:5E:21:37,-85
2026-08-22 01:49:22.287107,None,76:08:2A:9D:31:4D,-93
2026-08-22 01:49:27.767589,RIOT Plus501B6E,D8:BC:38:50:1B:6E,-95
2026-08-22 01:49:27.789895,None,7E:ED:3A:59:83:D2,-97
2026-08-22 01:49:33.527387,None,40:8B:D9:8E:DE:F4,-84
2026-08-22 01:49:54.640159,113685_9C139E7A644C,9C:13:9E:7A:64:4E,-67
2026-08-22 01:49:56.303376,Platco PR1,E4:A6:34:CF:38:ED,-96
2026-08-22 01:50:01.808365,None,5E:A8:2D:97:59:4A,-83
2026-08-22 01:50:31.284182,Peak Pro 01502,F0:AD:4E:40:19:D5,-87
2026-08-22 01:50:44.311441,None,FF:74:19:84:96:41,-94
2026-08-22 01:50:45.184349,ResMed 223238,E8:E0:7E:34:BB:D4,-93
2026-08-22 01:50:49.009464,None,60:C4:9D:DB:00:17,-90
2026-08-22 01:52:16.630169,4,47:0E:5C:C9:BA:58,-85
2026-08-22 01:52:17.960648,None,5E:AF:77:40:80:A6,-82
2026-08-22 01:53:13.379439,MELK-OF21   5C,BE:28:03:00:20:5C,-93
2026-08-22 01:54:23.821685,None,7F:57:07:44:FF:C2,-88
2026-08-22 01:55:01.637961,None,C5:A7:73:15:C7:7A,-91
2026-08-22 01:55:07.190377,None,C4:F4:A9:59:6B:B9,-85
2026-08-22 01:55:07.962462,None,E9:53:58:75:3E:C1,-89
2026-08-22 01:55:08.346155,None,CF:4A:19:BD:64:C2,-91
2026-08-22 01:55:13.108845,None,E0:DB:09:72:C9:4A,-77
2026-08-22 01:55:14.417592,None,FB:51:87:57:64:58,-77
2026-08-22 01:55:29.080295,None,49:92:DE:0E:F3:BF,-88
2026-08-22 01:55:30.065785,None,5E:D5:5A:6E:75:86,-85
2026-08-22 01:55:37.267830,None,65:C1:EE:97:35:A3,-84
2026-08-22 01:55:38.548471,None,F9:1E:C3:24:08:A8,-93
2026-08-22 01:55:49.187507,None,55:09:3D:14:74:6A,-89
2026-08-22 01:56:03.349414,None,77:5A:B5:F1:0D:B9,-94
2026-08-22 01:56:05.208022,None,5F:C7:9B:74:55:00,-92
2026-08-22 01:56:14.991585,None,64:6B:F5:FE:42:7F,-67
2026-08-22 01:56:15.000541,None,EC:A9:71:A9:8F:26,-67
2026-08-22 01:56:53.927672,None,FB:F0:F8:C5:FA:A2,-91
2026-08-22 01:57:24.399950,None,D0:CD:23:80:ED:2D,-91
2026-08-22 01:57:34.908460,None,E5:64:90:73:1D:17,-78
2026-08-22 01:57:37.834823,None,79:09:5F:38:A2:28,-86
2026-08-22 01:57:50.414159,None,42:B4:0F:AF:DE:0C,-98
2026-08-22 01:57:51.053383,None,64:26:D8:78:B5:77,-72
2026-08-22 01:58:05.295613,None,78:C7:E4:55:0F:AC,-91
2026-08-22 01:58:06.124137,None,78:F9:66:07:DE:4D,-93
2026-08-22 01:58:07.408256,None,D4:7E:47:38:A7:8F,-88
2026-08-22 01:58:11.415534,None,72:22:31:74:92:28,-76
2026-08-22 01:58:13.429514,None,50:59:62:38:5D:88,-93
2026-08-22 01:58:25.150921,None,66:BA:34:0D:C6:3F,-84
2026-08-22 01:58:25.505185,None,F5:25:D0:16:40:B3,-76
2026-08-22 01:58:40.859409,Platco PR1,B4:CB:B8:1B:D4:50,-88
2026-08-22 01:58:48.031710,Charge 4,F1:D1:F5:5E:21:37,-92
2026-08-22 01:59:07.144557,20HL39284591421094,48:87:2D:89:79:5D,-101
2026-08-22 01:59:35.393706,None,40:8B:D9:8E:DE:F4,-81
2026-08-22 01:59:56.282985,113685_9C139E7A644C,9C:13:9E:7A:64:4E,-67
2026-08-22 02:00:00.088887,None,D3:3D:19:B1:0B:67,-79
2026-08-22 02:00:00.459003,None,CA:88:6B:6C:8E:F4,-89
2026-08-22 02:00:03.492477,None,5E:A8:2D:97:59:4A,-83
2026-08-22 02:00:04.659124,None,F9:EF:5D:A9:89:97,-92
2026-08-22 02:00:04.704583,None,D3:4A:72:F4:44:4B,-71
2026-08-22 02:00:05.845214,None,C4:47:28:F7:3C:A9,-88
2026-08-22 02:00:05.963928,None,CE:8C:56:17:4F:94,-90
2026-08-22 02:00:06.112408,None,CD:27:26:AF:C1:1A,-92
2026-08-22 02:00:06.431670,None,E4:AB:40:E6:C6:D3,-90
2026-08-22 02:00:23.681839,None,F3:8C:7B:4C:75:A2,-78
2026-08-22 02:00:33.230207,Peak Pro 01502,F0:AD:4E:40:19:D5,-94
2026-08-22 02:00:34.894183,None,EA:AA:03:AF:E1:95,-86
2026-08-22 02:00:37.306580,None,F2:4B:4F:1A:BF:2C,-97
2026-08-22 02:00:49.061525,ResMed 223238,E8:E0:7E:34:BB:D4,-94
2026-08-22 02:00:56.096473,None,51:7E:35:DE:C2:83,-91
2026-08-22 02:00:57.405665,None,42:F2:6B:8A:62:34,-89
2026-08-22 02:01:27.406235,None,CA:05:E8:F6:B7:4C,-81
2026-08-22 02:01:41.091451,None,50:B8:D0:33:41:8F,-92
2026-08-22 02:01:41.710487,None,74:EE:B1:77:32:64,-92
2026-08-22 02:01:45.084756,None,59:08:51:6E:FA:07,-91
2026-08-22 02:02:09.942828,None,C0:A9:A0:5A:B0:32,-94
2026-08-22 02:02:19.929061,None,5E:AF:77:40:80:A6,-89
2026-08-22 02:02:21.225467,EF-D36C0514,A0:85:E3:DE:D2:96,-98
2026-08-22 02:02:48.813129,None,E4:DB:39:C5:BD:C0,-93
2026-08-22 02:03:13.525976,MELK-OF21   5C,BE:28:03:00:20:5C,-92
2026-08-22 02:04:23.904587,None,7F:57:07:44:FF:C2,-88
2026-08-22 02:05:49.295337,None,55:09:3D:14:74:6A,-90
2026-08-22 02:05:52.840793,None,57:53:FC:94:FE:16,-86
2026-08-22 02:06:42.952558,None,72:54:C6:41:72:3F,-98
2026-08-22 02:07:10.826145,None,5C:C9:6C:2F:C2:F4,-88
2026-08-22 02:07:52.889553,None,64:26:D8:78:B5:77,-86
2026-08-22 02:07:54.822158,None,42:B4:0F:AF:DE:0C,-98
2026-08-22 02:08:06.306788,None,5F:7B:3F:31:D8:81,-98
2026-08-22 02:08:27.521747,None,66:BA:34:0D:C6:3F,-74
2026-08-22 02:08:45.913257,Platco PR1,B4:CB:B8:1B:D4:50,-82
2026-08-22 02:08:49.168420,Charge 4,F1:D1:F5:5E:21:37,-88
2026-08-22 02:09:05.608858,None,DF:3C:6F:50:0A:9A,-97
2026-08-22 02:09:25.550329,ELK-BLEDOM05,BE:67:00:12:01:75,-96
2026-08-22 02:09:35.588187,20HL39284591421094,48:87:2D:89:79:5D,-101
2026-08-22 02:09:52.113750,None,64:6B:F5:FE:42:7F,-70
2026-08-22 02:09:56.704638,113685_9C139E7A644C,9C:13:9E:7A:64:4E,-67
2026-08-22 02:10:00.499212,None,CA:88:6B:6C:8E:F4,-88
2026-08-22 02:10:03.634281,None,5E:A8:2D:97:59:4A,-88
2026-08-22 02:10:06.849721,None,CE:8C:56:17:4F:94,-89
2026-08-22 02:10:07.322508,None,D3:4A:72:F4:44:4B,-87
2026-08-22 02:10:08.341590,None,E4:AB:40:E6:C6:D3,-89
2026-08-22 02:10:09.572746,None,CD:27:26:AF:C1:1A,-86
2026-08-22 02:10:15.453581,None,C4:47:28:F7:3C:A9,-93
2026-08-22 02:10:16.972641,None,6F:E7:18:50:57:C4,-94
2026-08-22 02:10:21.606609,None,D3:3D:19:B1:0B:67,-96
2026-08-22 02:10:25.257241,None,F3:8C:7B:4C:75:A2,-73
2026-08-22 02:10:28.024373,None,F9:EF:5D:A9:89:97,-97
2026-08-22 02:10:35.307322,None,EA:AA:03:AF:E1:95,-74
2026-08-22 02:10:35.321724,Peak Pro 01502,F0:AD:4E:40:19:D5,-80
2026-08-22 02:10:41.955293,None,46:1B:23:74:F0:FB,-88
2026-08-22 02:10:49.527168,None,46:8A:A1:D0:4C:9E,-87
2026-08-22 02:10:49.739934,ResMed 223238,E8:E0:7E:34:BB:D4,-89
2026-08-22 02:10:56.129448,None,51:7E:35:DE:C2:83,-86
2026-08-22 02:10:59.031155,None,42:F2:6B:8A:62:34,-88
2026-08-22 02:10:59.074018,None,F2:4B:4F:1A:BF:2C,-91
2026-08-22 02:11:00.707943,None,79:09:5F:38:A2:28,-90
2026-08-22 02:11:29.120655,None,CA:05:E8:F6:B7:4C,-74
2026-08-22 02:11:41.549093,Platco PR1,E4:A6:34:CF:38:ED,-95
2026-08-22 02:11:42.443734,None,50:B8:D0:33:41:8F,-91
2026-08-22 02:11:43.226726,[LG] webOS TV LR600BZUC,DC:EC:4F:D3:8E:A7,-101
2026-08-22 02:11:46.427680,None,74:EE:B1:77:32:64,-91
2026-08-22 02:11:48.151989,None,59:08:51:6E:FA:07,-91
2026-08-22 02:12:14.483892,None,79:BA:16:E5:82:BA,-95
2026-08-22 02:12:17.459096,None,C0:A9:A0:5A:B0:32,-87
2026-08-22 02:12:21.426755,4,5E:AF:77:40:80:A6,-81
2026-08-22 02:12:51.425806,None,E4:DB:39:C5:BD:C0,-89
2026-08-22 02:12:58.344934,None,7A:57:08:76:A7:24,-92
2026-08-22 02:12:58.366158,None,7F:33:C9:19:69:82,-93
2026-08-22 02:12:58.425745,None,57:3B:84:4B:68:83,-91
2026-08-22 02:13:13.532832,MELK-OF21   5C,BE:28:03:00:20:5C,-94
2026-08-22 02:13:18.988322,EF-D36C0514,A0:85:E3:DE:D2:96,-98
2026-08-22 02:14:46.491638,None,70:F0:2A:B1:CA:24,-100
2026-08-22 02:14:50.728793,None,51:C1:13:EB:B6:AE,-97
2026-08-22 02:15:00.124241,None,FC:51:2F:A1:B8:71,-85
2026-08-22 02:15:01.573416,None,DE:CB:28:F8:1B:23,-92
2026-08-22 02:15:04.475531,None,EA:A4:76:5F:BC:71,-90
2026-08-22 02:15:06.107075,None,DE:0D:88:E0:AA:0A,-95
2026-08-22 02:15:06.193366,None,D3:99:DC:81:E7:85,-79
2026-08-22 02:15:06.390519,None,E9:AB:DB:3D:AD:3D,-85
2026-08-22 02:15:06.678715,None,E1:59:B4:FC:CD:5A,-89
2026-08-22 02:15:07.702216,None,C0:E6:CB:90:CF:10,-95
2026-08-22 02:15:27.054755,None,E1:56:B4:51:6B:C5,-92
2026-08-22 02:15:31.910110,None,EF:AD:6E:51:CF:71,-95
2026-08-22 02:15:37.631352,None,DA:67:12:4E:15:88,-79
2026-08-22 02:15:39.620458,None,E7:F8:8B:81:2B:CC,-70
2026-08-22 02:16:12.985498,None,57:53:FC:94:FE:16,-80
2026-08-22 02:16:26.357007,None,4F:6B:3F:02:3C:7F,-77
2026-08-22 02:16:37.508262,None,F5:4C:7E:8F:61:9D,-95
2026-08-22 02:17:10.916039,None,5C:C9:6C:2F:C2:F4,-86
2026-08-22 02:17:17.242028,None,CD:58:37:62:CD:97,-93
2026-08-22 02:17:44.917152,None,5B:44:20:B5:49:87,-78
2026-08-22 02:17:51.636538,None,55:2F:1D:FB:EE:42,-84
2026-08-22 02:18:05.923385,None,4F:88:5D:BD:22:85,-81
2026-08-22 02:18:06.313250,None,EC:68:D9:F2:1C:4C,-74
2026-08-22 02:18:27.036346,None,52:D5:9F:EE:EF:32,-78
2026-08-22 02:18:48.185944,None,72:BF:2E:AB:A3:69,-89
2026-08-22 02:18:49.382215,None,6B:67:CC:51:3B:65,-88
2026-08-22 02:18:52.885137,Charge 4,F1:D1:F5:5E:21:37,-88
2026-08-22 02:19:05.606193,Platco PR1,B4:CB:B8:1B:D4:50,-85
2026-08-22 02:19:58.695655,113685_9C139E7A644C,9C:13:9E:7A:64:4E,-66
2026-08-22 02:19:58.839109,20HL39284591421094,48:87:2D:89:79:5D,-101
2026-08-22 02:20:17.482157,RIOT Plus501B6E,D8:BC:38:50:1B:6E,-96
2026-08-22 02:20:35.584218,Peak Pro 01502,F0:AD:4E:40:19:D5,-81
2026-08-22 02:20:42.144214,None,46:1B:23:74:F0:FB,-89
2026-08-22 02:20:50.093032,None,46:8A:A1:D0:4C:9E,-87
2026-08-22 02:20:51.000454,ResMed 223238,E8:E0:7E:34:BB:D4,-90
2026-08-22 02:22:14.920389,None,79:BA:16:E5:82:BA,-89
2026-08-22 02:22:58.357455,None,7A:57:08:76:A7:24,-91
2026-08-22 02:22:59.225300,None,7F:33:C9:19:69:82,-92
2026-08-22 02:22:59.382931,None,57:3B:84:4B:68:83,-91
2026-08-22 02:23:13.651441,MELK-OF21   5C,BE:28:03:00:20:5C,-91
2026-08-22 02:23:47.762140,[LG] webOS TV LR600BZUC,DC:EC:4F:D3:8E:A7,-95
2026-08-22 02:24:57.154601,EF-D36C0514,A0:85:E3:DE:D2:96,-99
2026-08-22 02:25:05.129074,None,EA:A4:76:5F:BC:71,-87
2026-08-22 02:25:06.621703,None,E9:AB:DB:3D:AD:3D,-86
2026-08-22 02:25:06.855031,None,DE:CB:28:F8:1B:23,-89
2026-08-22 02:25:09.861456,None,D3:99:DC:81:E7:85,-79
2026-08-22 02:25:11.485584,None,51:C1:13:EB:B6:AE,-96
2026-08-22 02:25:11.604526,None,FC:51:2F:A1:B8:71,-86
2026-08-22 02:25:13.201905,None,E1:59:B4:FC:CD:5A,-94
2026-08-22 02:25:13.560089,None,DE:0D:88:E0:AA:0A,-91
2026-08-22 02:25:16.915773,None,A4:83:E7:83:E7:06,-93
2026-08-22 02:25:31.077462,None,E1:56:B4:51:6B:C5,-90
2026-08-22 02:25:35.514835,None,EF:AD:6E:51:CF:71,-88
2026-08-22 02:25:39.291469,None,DA:67:12:4E:15:88,-77
2026-08-22 02:25:40.851334,None,E7:F8:8B:81:2B:CC,-103
2026-08-22 02:25:48.800760,None,7D:C0:1B:7F:19:66,-87
2026-08-22 02:25:53.065520,None,6F:E7:18:50:57:C4,-97
2026-08-22 02:26:52.681445,None,C0:E6:CB:90:CF:10,-99
2026-08-22 02:26:54.448306,None,42:F1:B5:D1:C7:DB,-94
2026-08-22 02:27:10.929964,None,5C:C9:6C:2F:C2:F4,-85
2026-08-22 02:27:22.852029,None,CD:58:37:62:CD:97,-92
2026-08-22 02:27:53.301208,None,6F:59:B5:8C:AC:62,-93
2026-08-22 02:27:56.113022,None,62:0E:8D:C8:74:EC,-93
2026-08-22 02:27:56.493146,None,5F:F7:51:38:45:EC,-89
2026-08-22 02:27:57.122860,None,6C:3B:D9:C1:CA:BE,-92
2026-08-22 02:27:57.393974,None,55:2F:1D:FB:EE:42,-85
2026-08-22 02:28:06.024678,None,4F:88:5D:BD:22:85,-81
2026-08-22 02:28:11.995046,None,EC:68:D9:F2:1C:4C,-82
2026-08-22 02:28:27.147803,4,52:D5:9F:EE:EF:32,-75
2026-08-22 02:28:48.498753,None,72:BF:2E:AB:A3:69,-86
2026-08-22 02:29:01.326286,None,6B:67:CC:51:3B:65,-88
2026-08-22 02:29:02.913798,Charge 4,F1:D1:F5:5E:21:37,-87
2026-08-22 02:29:04.393097,None,5B:44:20:B5:49:87,-87
2026-08-22 02:29:15.940327,Platco PR1,B4:CB:B8:1B:D4:50,-85
2026-08-22 02:29:36.432708,None,71:B0:3C:B9:46:33,-86
2026-08-22 02:29:59.208768,113685_9C139E7A644C,9C:13:9E:7A:64:4E,-65
2026-08-22 02:30:00.466589,None,DE:24:B8:95:2D:CA,-87
2026-08-22 02:30:00.487501,None,F9:D2:B5:B1:B1:64,-92
2026-08-22 02:30:04.455182,None,EC:54:3D:63:9B:5E,-86
2026-08-22 02:30:05.019787,None,F9:0D:59:B9:3F:A8,-88
2026-08-22 02:30:05.871947,None,ED:D6:5F:72:54:BC,-87
2026-08-22 02:30:05.999229,None,ED:06:41:62:25:FF,-74
2026-08-22 02:30:08.664156,None,F9:AE:28:54:58:42,-91
2026-08-22 02:30:14.428679,None,D3:E5:73:7B:DF:B2,-74
2026-08-22 02:30:14.925887,None,FB:F2:DD:6A:65:7A,-80
2026-08-22 02:30:18.159111,None,F5:52:70:C6:F0:FA,-92
2026-08-22 02:30:29.726630,None,CC:1B:41:87:FE:4F,-88
2026-08-22 02:30:35.475185,RIOT Plus501B6E,D8:BC:38:50:1B:6E,-97
2026-08-22 02:30:35.652468,Peak Pro 01502,F0:AD:4E:40:19:D5,-87
2026-08-22 02:30:42.273069,None,46:1B:23:74:F0:FB,-81
2026-08-22 02:30:51.012222,ResMed 223238,E8:E0:7E:34:BB:D4,-92
2026-08-22 02:31:16.663866,None,EC:19:92:35:9E:2E,-94
2026-08-22 02:31:45.360898,None,5F:65:E8:17:D0:24,-93
2026-08-22 02:31:49.649033,None,70:F0:2A:B1:CA:24,-96
2026-08-22 02:31:51.541220,None,67:B0:8B:1E:F6:25,-86
2026-08-22 02:31:52.098167,None,45:8B:48:99:6F:AA,-89
2026-08-22 02:31:59.419386,None,E2:D1:28:E4:6C:42,-98
2026-08-22 02:32:34.489488,None,C7:7F:59:73:2C:D0,-88
2026-08-22 02:32:42.345221,Platco PR1,E4:A6:34:CF:38:ED,-97
2026-08-22 02:33:14.028514,MELK-OF21   5C,BE:28:03:00:20:5C,-90
2026-08-22 02:35:49.717164,None,7D:C0:1B:7F:19:66,-90
2026-08-22 02:36:05.823639,20HL39284591421094,48:87:2D:89:79:5D,-98
2026-08-22 02:37:11.799779,None,5C:C9:6C:2F:C2:F4,-83
2026-08-22 02:37:54.041986,None,6F:59:B5:8C:AC:62,-90
2026-08-22 02:37:57.265132,None,6C:3B:D9:C1:CA:BE,-91
2026-08-22 02:38:04.821277,None,62:0E:8D:C8:74:EC,-91
2026-08-22 02:38:06.275469,None,4F:88:5D:BD:22:85,-74
2026-08-22 02:38:10.774988,None,4E:9F:44:2C:B1:90,-77
2026-08-22 02:38:43.024552,None,42:F1:B5:D1:C7:DB,-96
2026-08-22 02:39:04.041374,Charge 4,F1:D1:F5:5E:21:37,-89
2026-08-22 02:39:35.845461,Platco PR1,B4:CB:B8:1B:D4:50,-84
2026-08-22 02:39:38.293312,None,71:B0:3C:B9:46:33,-89
2026-08-22 02:39:59.419597,113685_9C139E7A644C,9C:13:9E:7A:64:4E,-67
2026-08-22 02:40:04.760701,None,F9:D2:B5:B1:B1:64,-91
2026-08-22 02:40:04.933585,None,EC:54:3D:63:9B:5E,-89
2026-08-22 02:40:05.308750,None,DE:24:B8:95:2D:CA,-90
2026-08-22 02:40:07.673548,None,ED:06:41:62:25:FF,-75
2026-08-22 02:40:15.422199,None,ED:D6:5F:72:54:BC,-89
2026-08-22 02:40:18.308352,None,D3:E5:73:7B:DF:B2,-60
2026-08-22 02:40:28.383625,None,F9:AE:28:54:58:42,-92
2026-08-22 02:40:35.710525,Peak Pro 01502,F0:AD:4E:40:19:D5,-92
2026-08-22 02:40:48.617010,None,56:ED:34:92:6D:F3,-94
2026-08-22 02:40:53.310209,ResMed 223238,E8:E0:7E:34:BB:D4,-89
2026-08-22 02:40:56.863352,None,7C:54:E8:2B:50:62,-85
2026-08-22 02:41:05.295214,None,46:1F:AE:63:38:80,-68
2026-08-22 02:41:27.737924,None,6B:A5:C4:B1:8B:4E,-75
2026-08-22 02:41:45.616265,None,5F:65:E8:17:D0:24,-91
2026-08-22 02:41:52.403753,None,45:8B:48:99:6F:AA,-89
2026-08-22 02:41:53.101372,None,67:B0:8B:1E:F6:25,-86
2026-08-22 02:42:04.843603,EF-D36C0514,A0:85:E3:DE:D2:96,-96
2026-08-22 02:42:13.104298,RIOT Plus501B6E,D8:BC:38:50:1B:6E,-98
2026-08-22 02:42:18.314090,None,4E:C3:45:0F:8C:59,-94
2026-08-22 02:42:34.484312,None,EC:19:92:35:9E:2E,-97
2026-08-22 02:42:35.336008,None,C7:7F:59:73:2C:D0,-80
2026-08-22 02:43:06.653879,None,49:BB:5F:9F:50:07,-92
2026-08-22 02:43:06.800404,None,4F:52:E8:34:E2:F7,-90
2026-08-22 02:43:07.638065,None,4D:DA:0E:48:37:D3,-93
2026-08-22 02:43:14.066885,MELK-OF21   5C,BE:28:03:00:20:5C,-93
2026-08-22 02:44:48.143753,Platco PR1,E4:A6:34:CF:38:ED,-97
2026-08-22 02:45:00.486650,None,FD:BC:D6:73:E2:2D,-92
2026-08-22 02:45:00.680503,None,D6:2C:75:C0:9E:AA,-72
2026-08-22 02:45:02.437629,None,FD:CB:E4:D3:FD:9D,-86
2026-08-22 02:45:02.469194,None,F2:CB:9F:73:20:85,-88
2026-08-22 02:45:08.118696,None,DB:3F:14:B8:ED:F8,-97
2026-08-22 02:45:09.829594,None,79:5F:D5:33:B3:8F,-90
2026-08-22 02:45:15.585063,None,71:32:09:B3:06:E8,-90
2026-08-22 02:45:22.384967,None,F8:AD:FA:CA:86:16,-92
2026-08-22 02:45:44.113475,None,C9:37:5E:F1:90:C9,-99
2026-08-22 02:47:11.800770,None,5C:C9:6C:2F:C2:F4,-83
2026-08-22 02:47:17.576172,None,CA:BA:F5:93:C6:6A,-82
2026-08-22 02:48:33.886819,None,4E:9F:44:2C:B1:90,-68
2026-08-22 02:48:33.967597,None,F9:AB:7F:B8:A1:F7,-74
2026-08-22 02:49:05.234295,Charge 4,F1:D1:F5:5E:21:37,-86
2026-08-22 02:49:07.981932,None,77:D0:D7:33:4D:56,-98
2026-08-22 02:49:40.696817,Platco PR1,B4:CB:B8:1B:D4:50,-85
2026-08-22 02:49:59.600532,113685_9C139E7A644C,9C:13:9E:7A:64:4E,-67
2026-08-22 02:50:21.814418,None,7D:20:4F:D2:A4:24,-98
2026-08-22 02:50:36.848986,Peak Pro 01502,F0:AD:4E:40:19:D5,-88
2026-08-22 02:50:43.349181,None,59:1A:A3:51:11:45,-72
2026-08-22 02:50:49.113342,None,56:ED:34:92:6D:F3,-88
2026-08-22 02:50:50.358646,20HL39284591421094,48:87:2D:89:79:5D,-98
2026-08-22 02:50:53.511390,ResMed 223238,E8:E0:7E:34:BB:D4,-94
2026-08-22 02:50:54.976575,None,42:F0:01:78:61:EC,-92
2026-08-22 02:51:02.389574,None,EF:FD:C4:B8:6F:66,-90
2026-08-22 02:51:09.285285,None,50:C6:DD:4A:40:3E,-93
2026-08-22 02:51:10.811920,None,42:FB:7E:19:83:18,-90
2026-08-22 02:51:10.896535,None,D3:F5:7E:E5:10:4D,-87
2026-08-22 02:51:15.201919,None,E9:41:97:A3:D6:EC,-89
2026-08-22 02:51:29.564594,None,6B:A5:C4:B1:8B:4E,-76
2026-08-22 02:51:32.928945,None,D5:4C:D4:26:2D:10,-86
2026-08-22 02:51:42.895073,None,7F:80:CA:19:B6:47,-82
2026-08-22 02:51:46.352808,None,5F:65:E8:17:D0:24,-91
2026-08-22 02:52:01.101622,None,DF:9C:04:8D:7E:23,-93
2026-08-22 02:52:13.148225,EF-D36C0514,A0:85:E3:DE:D2:96,-95
2026-08-22 02:52:40.062912,RIOT Plus501B6E,D8:BC:38:50:1B:6E,-96
2026-08-22 02:53:03.116686,[LG] webOS TV LR600BZUC,DC:EC:4F:D3:8E:A7,-96
2026-08-22 02:53:15.327088,MELK-OF21   5C,BE:28:03:00:20:5C,-91
2026-08-22 02:54:33.422586,None,44:84:EE:6B:2E:4E,-76
2026-08-22 02:55:03.214649,None,D6:2C:75:C0:9E:AA,-76
2026-08-22 02:55:04.884537,None,F2:CB:9F:73:20:85,-89
2026-08-22 02:55:10.829527,None,79:5F:D5:33:B3:8F,-91
2026-08-22 02:55:12.278441,None,DB:3F:14:B8:ED:F8,-93
2026-08-22 02:55:12.585846,None,FD:BC:D6:73:E2:2D,-92
2026-08-22 02:55:17.348987,None,FD:CB:E4:D3:FD:9D,-90
2026-08-22 02:55:27.277465,None,71:32:09:B3:06:E8,-91
2026-08-22 02:55:28.908531,None,73:28:87:71:28:BA,-86
2026-08-22 02:55:32.656772,None,72:1B:C4:2E:F0:F0,-87
2026-08-22 02:55:33.975144,None,F8:AD:FA:CA:86:16,-92
2026-08-22 02:55:48.835080,None,4D:8E:06:42:D0:71,-89
2026-08-22 02:56:04.224457,None,74:01:22:74:E4:F1,-83
2026-08-22 02:56:06.615372,None,63:1F:DF:61:D3:BE,-83
2026-08-22 02:57:19.069986,None,CA:BA:F5:93:C6:6A,-79
2026-08-22 02:58:35.839444,None,F9:AB:7F:B8:A1:F7,-74
2026-08-22 02:59:08.381421,None,77:D0:D7:33:4D:56,-91
2026-08-22 02:59:12.618932,Charge 4,F1:D1:F5:5E:21:37,-86
2026-08-22 02:59:56.058251,Platco PR1,B4:CB:B8:1B:D4:50,-85
2026-08-22 03:00:00.816935,113685_9C139E7A644C,9C:13:9E:7A:64:4E,-67
2026-08-22 03:00:02.276883,None,DD:6D:29:A0:DA:19,-70
2026-08-22 03:00:02.331862,None,E3:36:2C:8A:FD:56,-88
2026-08-22 03:00:02.363394,None,FD:7E:5E:DD:54:7D,-89
2026-08-22 03:00:02.762552,None,EA:AD:3A:01:17:57,-78
2026-08-22 03:00:02.811203,None,DB:A1:BD:85:05:71,-89
2026-08-22 03:00:04.410982,None,DC:C8:35:1D:C7:C7,-93
2026-08-22 03:00:07.983224,None,DC:7E:D7:07:64:36,-91
2026-08-22 03:00:10.163467,None,DF:AD:E5:CF:82:8F,-90
2026-08-22 03:00:15.625318,None,52:3B:08:FF:B3:41,-84
2026-08-22 03:00:15.665635,None,CC:89:64:AB:A6:64,-83
2026-08-22 03:00:37.033008,Peak Pro 01502,F0:AD:4E:40:19:D5,-82
2026-08-22 03:00:43.470249,None,59:1A:A3:51:11:45,-70
2026-08-22 03:00:54.232152,ResMed 223238,E8:E0:7E:34:BB:D4,-93
2026-08-22 03:01:12.526221,None,42:FB:7E:19:83:18,-91
2026-08-22 03:01:14.829306,None,50:C6:DD:4A:40:3E,-93
2026-08-22 03:01:29.862250,None,6B:A5:C4:B1:8B:4E,-74
2026-08-22 03:01:34.471014,None,D5:4C:D4:26:2D:10,-69
2026-08-22 03:01:41.811068,None,CA:2B:CC:9E:30:BE,-70
2026-08-22 03:01:51.246265,Platco PR1,E4:A6:34:CF:38:ED,-96
2026-08-22 03:01:57.359295,20HL39284591421094,48:87:2D:89:79:5D,-99
2026-08-22 03:02:29.876949,None,A4:83:E7:83:E7:06,-96
2026-08-22 03:02:37.665687,None,6B:7B:E2:42:99:54,-90
2026-08-22 03:02:39.532668,None,74:39:25:0F:30:56,-99
2026-08-22 03:02:52.499987,EF-D36C0514,A0:85:E3:DE:D2:96,-99
2026-08-22 03:03:14.012907,RIOT Plus501B6E,D8:BC:38:50:1B:6E,-96
2026-08-22 03:03:15.555468,MELK-OF21   5C,BE:28:03:00:20:5C,-91
2026-08-22 03:03:21.615554,None,47:59:F8:E5:95:CF,-93
2026-08-22 03:03:22.138317,None,4D:9E:C7:DE:15:AD,-91
2026-08-22 03:03:26.847014,None,51:6C:C0:A1:CF:6B,-93
2026-08-22 03:03:49.015077,None,5C:34:75:D4:3E:C2,-83
2026-08-22 03:03:49.031091,None,CF:5D:A7:C3:38:40,-74
2026-08-22 03:04:03.737107,None,5A:23:FC:F8:0B:00,-101
2026-08-22 03:04:05.718759,None,D7:DD:6E:6A:FB:DB,-94
2026-08-22 03:04:18.929183,None,61:16:A9:7F:51:2C,-94
2026-08-22 03:04:23.008231,None,F6:6B:99:AA:7E:95,-99
2026-08-22 03:04:30.379116,None,E3:F8:FD:5E:B8:36,-95
2026-08-22 03:04:33.657063,None,44:84:EE:6B:2E:4E,-70
2026-08-22 03:04:40.129094,None,64:6E:A1:B7:6A:07,-93
2026-08-22 03:05:28.921222,None,73:28:87:71:28:BA,-90
2026-08-22 03:05:43.068900,None,72:1B:C4:2E:F0:F0,-91
2026-08-22 03:05:49.315605,None,4D:8E:06:42:D0:71,-89
2026-08-22 03:06:04.411585,None,74:01:22:74:E4:F1,-93
2026-08-22 03:06:08.589672,None,63:1F:DF:61:D3:BE,-82
2026-08-22 03:06:53.655329,None,62:DF:A6:5D:37:FB,-76
2026-08-22 03:08:06.662006,None,4A:DF:8B:E8:8A:56,-85
2026-08-22 03:08:11.880488,None,47:6C:AF:BF:9B:AB,-88
2026-08-22 03:08:34.033442,None,70:E8:FD:FB:43:6B,-92
2026-08-22 03:09:15.052379,Charge 4,F1:D1:F5:5E:21:37,-92
2026-08-22 03:09:56.485256,Platco PR1,B4:CB:B8:1B:D4:50,-86
2026-08-22 03:10:00.911939,113685_9C139E7A644C,9C:13:9E:7A:64:4E,-67
2026-08-22 03:10:03.202589,None,EA:AD:3A:01:17:57,-70
2026-08-22 03:10:03.619365,None,DB:A1:BD:85:05:71,-88
2026-08-22 03:10:03.664213,None,DD:6D:29:A0:DA:19,-75
2026-08-22 03:10:10.253480,None,FD:7E:5E:DD:54:7D,-90
2026-08-22 03:10:10.424587,None,DC:C8:35:1D:C7:C7,-90
2026-08-22 03:10:10.909442,None,E3:36:2C:8A:FD:56,-82
2026-08-22 03:10:16.902945,None,DF:AD:E5:CF:82:8F,-92
2026-08-22 03:10:17.703392,None,CC:89:64:AB:A6:64,-85
2026-08-22 03:10:28.622700,None,DC:7E:D7:07:64:36,-93
2026-08-22 03:10:37.079803,Peak Pro 01502,F0:AD:4E:40:19:D5,-89
2026-08-22 03:10:48.815233,None,4B:B8:44:C9:FA:72,-85
2026-08-22 03:10:55.784354,None,52:3B:08:FF:B3:41,-77
2026-08-22 03:10:56.057280,ResMed 223238,E8:E0:7E:34:BB:D4,-88
2026-08-22 03:11:42.952544,None,CA:2B:CC:9E:30:BE,-74
2026-08-22 03:12:37.933084,None,6B:7B:E2:42:99:54,-75
2026-08-22 03:13:15.728922,MELK-OF21   5C,BE:28:03:00:20:5C,-93
2026-08-22 03:13:22.375173,RIOT Plus501B6E,D8:BC:38:50:1B:6E,-95
2026-08-22 03:13:22.824135,None,4D:9E:C7:DE:15:AD,-92
2026-08-22 03:13:23.005307,None,47:59:F8:E5:95:CF,-92
2026-08-22 03:13:27.203087,None,51:6C:C0:A1:CF:6B,-92
2026-08-22 03:13:44.855455,20HL39284591421094,48:87:2D:89:79:5D,-99
2026-08-22 03:13:49.260719,None,5C:34:75:D4:3E:C2,-77
2026-08-22 03:13:50.734620,None,CF:5D:A7:C3:38:40,-81
2026-08-22 03:14:11.462369,None,D7:DD:6E:6A:FB:DB,-91
2026-08-22 03:14:24.504940,None,F6:6B:99:AA:7E:95,-84
2026-08-22 03:14:33.713978,None,44:84:EE:6B:2E:4E,-74
2026-08-22 03:14:47.026189,EF-D36C0514,A0:85:E3:DE:D2:96,-97
2026-08-22 03:15:00.084704,None,DC:E5:8C:81:91:5D,-84
2026-08-22 03:15:00.100307,None,D2:6D:96:6B:92:22,-93
2026-08-22 03:15:00.425002,None,FB:B9:0E:17:34:20,-91
2026-08-22 03:15:00.482020,None,C1:F9:1F:E9:C9:2C,-88
2026-08-22 03:15:05.546053,None,CB:80:FD:65:2E:8F,-75
2026-08-22 03:15:07.667296,None,EE:87:18:A8:6F:A4,-86
2026-08-22 03:15:14.585050,None,D5:72:A0:19:9F:AE,-94
2026-08-22 03:15:36.880921,None,E6:D0:2D:62:EF:A0,-93
2026-08-22 03:15:55.467476,None,D5:08:3F:CB:EC:06,-83
2026-08-22 03:15:55.798320,None,65:73:F6:B4:90:2A,-89
2026-08-22 03:16:04.670724,None,74:01:22:74:E4:F1,-84
2026-08-22 03:16:08.704891,None,63:1F:DF:61:D3:BE,-83
2026-08-22 03:16:11.799941,[LG] webOS TV LR600BZUC,DC:EC:4F:D3:8E:A7,-101
2026-08-22 03:16:12.319879,None,C6:FC:98:7D:25:01,-71
2026-08-22 03:16:31.411272,None,E8:5A:45:B8:4C:C2,-69
2026-08-22 03:18:06.713180,None,4A:DF:8B:E8:8A:56,-86
2026-08-22 03:18:18.156349,None,47:6C:AF:BF:9B:AB,-88
2026-08-22 03:18:35.811466,None,70:E8:FD:FB:43:6B,-94
2026-08-22 03:18:39.844217,None,42:29:BC:F2:92:21,-70
2026-08-22 03:18:54.824093,None,F2:E0:80:2E:B8:CC,-76
2026-08-22 03:19:02.527828,None,62:DF:A6:5D:37:FB,-73
2026-08-22 03:19:10.020943,Platco PR1,E4:A6:34:CF:38:ED,-94
2026-08-22 03:19:16.258081,Charge 4,F1:D1:F5:5E:21:37,-84
2026-08-22 03:19:22.176661,None,CC:E1:4E:6B:42:41,-92
2026-08-22 03:20:00.773570,Platco PR1,B4:CB:B8:1B:D4:50,-88
2026-08-22 03:20:03.921725,113685_9C139E7A644C,9C:13:9E:7A:64:4E,-66
2026-08-22 03:20:38.995437,Peak Pro 01502,F0:AD:4E:40:19:D5,-83
2026-08-22 03:20:48.922209,None,4B:B8:44:C9:FA:72,-91
2026-08-22 03:20:54.599215,ELK-BLEDOM05,BE:67:00:12:01:75,-98
2026-08-22 03:20:56.084250,ResMed 223238,E8:E0:7E:34:BB:D4,-93
2026-08-22 03:22:40.967699,None,6B:7B:E2:42:99:54,-83
2026-08-22 03:23:00.865034,None,63:05:5D:BD:10:A0,-89
2026-08-22 03:23:04.323553,None,58:5D:54:6D:1C:BD,-89
2026-08-22 03:23:09.920129,None,5F:02:EE:31:5D:68,-88
2026-08-22 03:23:14.849842,None,67:6F:0C:21:DB:1F,-93
2026-08-22 03:23:15.134623,None,7C:FE:FF:D6:A2:41,-92
2026-08-22 03:23:15.776606,MELK-OF21   5C,BE:28:03:00:20:5C,-93
2026-08-22 03:23:16.023175,None,7D:DA:44:B8:1A:A4,-91
2026-08-22 03:23:22.524828,RIOT Plus501B6E,D8:BC:38:50:1B:6E,-96
2026-08-22 03:23:30.880200,None,50:74:86:94:63:D9,-76
2026-08-22 03:23:39.534215,None,06:75:5B:7B:4F:4D,-99
2026-08-22 03:23:50.508093,None,5C:34:75:D4:3E:C2,-96
2026-08-22 03:23:52.228530,20HL39284591421094,48:87:2D:89:79:5D,-103
2026-08-22 03:24:47.310801,EF-D36C0514,A0:85:E3:DE:D2:96,-99
2026-08-22 03:25:00.794897,None,DC:E5:8C:81:91:5D,-87
2026-08-22 03:25:01.135989,None,C1:F9:1F:E9:C9:2C,-87
2026-08-22 03:25:08.748517,None,FB:B9:0E:17:34:20,-89
2026-08-22 03:25:09.407113,None,FC:DC:F7:9B:00:97,-95
2026-08-22 03:25:09.792245,None,55:A2:8D:01:69:22,-93
2026-08-22 03:25:10.490552,None,CB:80:FD:65:2E:8F,-77
2026-08-22 03:25:10.893297,None,EE:87:18:A8:6F:A4,-85
2026-08-22 03:25:24.162187,None,D5:72:A0:19:9F:AE,-92
2026-08-22 03:25:45.033097,None,E6:D0:2D:62:EF:A0,-93
2026-08-22 03:25:50.874071,None,57:DF:DC:82:4C:69,-89
2026-08-22 03:25:57.930474,None,65:73:F6:B4:90:2A,-80
2026-08-22 03:26:01.292607,None,D5:08:3F:CB:EC:06,-83
2026-08-22 03:26:09.224855,None,63:1F:DF:61:D3:BE,-84
2026-08-22 03:26:21.458828,None,C6:FC:98:7D:25:01,-90
2026-08-22 03:26:36.949723,None,E8:5A:45:B8:4C:C2,-71
2026-08-22 03:26:43.683083,None,D2:6D:96:6B:92:22,-93
2026-08-22 03:27:37.816808,None,65:2B:DE:77:6C:5C,-82
2026-08-22 03:27:45.006705,None,45:A9:87:8E:F1:AA,-87
2026-08-22 03:27:45.237442,None,67:5F:EB:A1:10:D3,-93
2026-08-22 03:27:59.316918,None,29:6E:AD:58:0C:05,-99
2026-08-22 03:28:56.556771,None,F2:E0:80:2E:B8:CC,-85
2026-08-22 03:29:12.283550,None,42:29:BC:F2:92:21,-81
2026-08-22 03:29:18.617685,Charge 4,F1:D1:F5:5E:21:37,-86
2026-08-22 03:29:25.857567,None,CC:E1:4E:6B:42:41,-86
2026-08-22 03:30:00.075193,None,FF:E6:A2:96:BB:DE,-80
2026-08-22 03:30:02.455169,None,EF:9E:4F:71:2F:0F,-92
2026-08-22 03:30:02.479270,None,DE:4B:44:34:CF:E4,-89
2026-08-22 03:30:02.723012,None,DB:76:D3:14:3F:62,-94
2026-08-22 03:30:03.493311,None,D7:6C:A0:E4:F6:10,-86
2026-08-22 03:30:05.968159,113685_9C139E7A644C,9C:13:9E:7A:64:4E,-65
2026-08-22 03:30:10.638871,Platco PR1,B4:CB:B8:1B:D4:50,-85
2026-08-22 03:30:14.720218,None,C3:6A:AF:BE:72:EA,-92
2026-08-22 03:30:41.328207,Peak Pro 01502,F0:AD:4E:40:19:D5,-85
2026-08-22 03:30:49.783275,None,E1:F0:DE:C0:2E:E5,-72
2026-08-22 03:30:50.274492,None,F4:44:BC:74:2A:E0,-81
2026-08-22 03:30:58.866017,ResMed 223238,E8:E0:7E:34:BB:D4,-90
2026-08-22 03:31:10.104778,None,68:0F:B7:FF:D1:D5,-76
2026-08-22 03:31:10.140051,None,DB:59:48:74:6B:89,-77
2026-08-22 03:31:32.039126,None,DC:07:1E:D2:27:A7,-78
2026-08-22 03:31:33.441147,None,EF:CF:43:9A:46:3C,-75
2026-08-22 03:31:46.253641,Platco PR1,E4:A6:34:CF:38:ED,-97
2026-08-22 03:31:46.332864,None,F5:CB:90:26:C7:07,-97
2026-08-22 03:32:25.427484,None,E7:24:9D:2B:B3:56,-77
2026-08-22 03:32:57.485541,None,48:4A:C6:6C:7B:43,-87
2026-08-22 03:33:01.443618,None,63:05:5D:BD:10:A0,-92
2026-08-22 03:33:11.810419,None,5F:02:EE:31:5D:68,-82
2026-08-22 03:33:12.010406,None,58:5D:54:6D:1C:BD,-91
2026-08-22 03:33:15.006110,None,67:6F:0C:21:DB:1F,-91
2026-08-22 03:33:15.314648,None,7C:FE:FF:D6:A2:41,-90
2026-08-22 03:33:15.854633,MELK-OF21   5C,BE:28:03:00:20:5C,-89
2026-08-22 03:33:18.672187,None,7D:DA:44:B8:1A:A4,-92
2026-08-22 03:33:33.699306,None,50:74:86:94:63:D9,-79
2026-08-22 03:33:44.586468,RIOT Plus501B6E,D8:BC:38:50:1B:6E,-97
2026-08-22 03:33:56.343233,20HL39284591421094,48:87:2D:89:79:5D,-93
2026-08-22 03:33:56.608766,ELK-BLEDOM05,BE:67:00:12:01:75,-99
2026-08-22 03:35:17.347031,EF-D36C0514,A0:85:E3:DE:D2:96,-97
2026-08-22 03:35:50.916192,None,57:DF:DC:82:4C:69,-88
2026-08-22 03:35:57.935683,None,65:73:F6:B4:90:2A,-80
2026-08-22 03:36:19.730855,None,68:06:E7:91:6D:25,-79
2026-08-22 03:37:45.230094,None,45:A9:87:8E:F1:AA,-82
2026-08-22 03:37:46.109154,None,67:5F:EB:A1:10:D3,-95
2026-08-22 03:37:57.839544,None,55:00:3E:E5:DD:24,-91
2026-08-22 03:37:58.899371,None,78:A5:AF:61:76:2E,-91
2026-08-22 03:38:35.276482,None,53:1E:62:70:C6:61,-95
2026-08-22 03:38:52.624811,None,7B:35:76:79:7D:1D,-91
2026-08-22 03:38:52.722968,None,63:D4:92:D9:ED:A7,-90
2026-08-22 03:38:53.065611,None,6E:B6:EA:CF:BE:6B,-92
2026-08-22 03:38:55.490946,None,5D:27:E9:7E:E4:1D,-79
2026-08-22 03:39:19.586609,Charge 4,F1:D1:F5:5E:21:37,-91
2026-08-22 03:40:02.928504,None,FF:E6:A2:96:BB:DE,-86
2026-08-22 03:40:04.981929,None,DE:4B:44:34:CF:E4,-91
2026-08-22 03:40:08.017003,113685_9C139E7A644C,9C:13:9E:7A:64:4E,-67
2026-08-22 03:40:08.343592,None,EF:9E:4F:71:2F:0F,-93
2026-08-22 03:40:08.368040,None,D7:6C:A0:E4:F6:10,-90
2026-08-22 03:40:17.327717,None,DB:76:D3:14:3F:62,-90
2026-08-22 03:40:25.996007,Platco PR1,B4:CB:B8:1B:D4:50,-85
2026-08-22 03:40:43.409897,Peak Pro 01502,F0:AD:4E:40:19:D5,-85
2026-08-22 03:40:48.272591,None,C3:6A:AF:BE:72:EA,-93
2026-08-22 03:40:50.550173,None,E1:F0:DE:C0:2E:E5,-89
2026-08-22 03:40:50.694258,None,53:84:81:6B:BD:27,-88
2026-08-22 03:40:52.577474,None,F4:44:BC:74:2A:E0,-90
2026-08-22 03:40:59.904334,ResMed 223238,E8:E0:7E:34:BB:D4,-90
2026-08-22 03:41:11.780889,None,68:0F:B7:FF:D1:D5,-76
2026-08-22 03:41:11.843267,None,DB:59:48:74:6B:89,-78
2026-08-22 03:41:34.458514,None,DC:07:1E:D2:27:A7,-81
2026-08-22 03:41:37.262774,None,EF:CF:43:9A:46:3C,-67
2026-08-22 03:41:47.618807,None,F5:CB:90:26:C7:07,-95
2026-08-22 03:42:26.058917,None,E7:24:9D:2B:B3:56,-77
2026-08-22 03:42:47.376439,Platco PR1,E4:A6:34:CF:38:ED,-95
2026-08-22 03:42:58.563296,None,48:4A:C6:6C:7B:43,-84
2026-08-22 03:43:12.629294,None,5F:02:EE:31:5D:68,-82
2026-08-22 03:43:16.030309,MELK-OF21   5C,BE:28:03:00:20:5C,-91
2026-08-22 03:43:47.807052,None,41:87:21:51:FE:86,-99
2026-08-22 03:43:50.399026,None,74:CE:9E:F2:AB:D0,-82
2026-08-22 03:43:55.744475,RIOT Plus501B6E,D8:BC:38:50:1B:6E,-96
2026-08-22 03:44:04.357306,None,43:7F:C2:F7:D7:69,-76
2026-08-22 03:45:00.860473,None,DD:F6:51:C5:68:86,-85
2026-08-22 03:45:02.267807,None,EB:41:B3:BD:A5:64,-83
2026-08-22 03:45:02.647861,None,E4:D9:04:CB:46:B7,-90
2026-08-22 03:45:05.430216,ELK-BLEDOM05,BE:67:00:12:01:75,-95
2026-08-22 03:45:08.494698,None,CC:73:0C:91:F8:3C,-87
2026-08-22 03:45:16.198691,None,DA:D9:7F:0D:98:39,-93
2026-08-22 03:45:18.126509,None,66:D2:D1:90:99:3F,-95
2026-08-22 03:45:18.169513,None,E6:E4:72:7A:27:FD,-97
2026-08-22 03:45:18.314113,None,C3:DD:21:D9:4F:88,-81
2026-08-22 03:45:18.440531,EF-D36C0514,A0:85:E3:DE:D2:96,-96
2026-08-22 03:45:19.630780,None,E4:6A:97:ED:FE:0D,-92
2026-08-22 03:45:32.423466,None,E5:F4:E7:39:11:C0,-76
2026-08-22 03:45:39.651274,None,63:D9:B4:7E:74:64,-76
2026-08-22 03:45:39.731719,None,FF:C8:24:EF:D4:9C,-71
2026-08-22 03:45:43.772426,None,00:00:00:00:00:00,-74
2026-08-22 03:45:44.322013,None,58:E3:D5:1C:B2:59,-76
2026-08-22 03:45:45.042816,None,51:CF:4A:01:81:2E,-90
2026-08-22 03:46:20.157058,None,68:06:E7:91:6D:25,-73
2026-08-22 03:47:45.436857,None,45:A9:87:8E:F1:AA,-83
2026-08-22 03:47:58.907422,None,78:A5:AF:61:76:2E,-88
2026-08-22 03:48:03.338168,None,55:00:3E:E5:DD:24,-86
2026-08-22 03:48:51.478392,None,42:DB:3F:48:3D:32,-89
2026-08-22 03:48:52.876515,None,7B:35:76:79:7D:1D,-92
2026-08-22 03:48:53.753470,None,63:D4:92:D9:ED:A7,-90
2026-08-22 03:48:53.964069,None,6E:B6:EA:CF:BE:6B,-91
2026-08-22 03:48:55.589708,None,50:B7:AB:45:7B:B3,-87
2026-08-22 03:49:20.874819,None,FA:24:3A:39:FF:12,-85
2026-08-22 03:49:23.510482,Charge 4,F1:D1:F5:5E:21:37,-90
2026-08-22 03:49:33.758622,None,5D:27:E9:7E:E4:1D,-74
2026-08-22 03:49:36.151407,None,FE:7C:29:FC:FC:F7,-78
2026-08-22 03:49:54.951364,None,7E:E4:47:09:95:91,-97
2026-08-22 03:50:05.117208,None,C8:4F:4B:81:5C:D1,-88
2026-08-22 03:50:08.814147,113685_9C139E7A644C,9C:13:9E:7A:64:4E,-69
2026-08-22 03:50:40.855640,Platco PR1,B4:CB:B8:1B:D4:50,-85
2026-08-22 03:50:44.130505,Peak Pro 01502,F0:AD:4E:40:19:D5,-91
2026-08-22 03:50:51.214299,None,53:84:81:6B:BD:27,-87
2026-08-22 03:50:59.963106,ResMed 223238,E8:E0:7E:34:BB:D4,-88
2026-08-22 03:53:16.069745,MELK-OF21   5C,BE:28:03:00:20:5C,-92
2026-08-22 03:53:23.446998,None,54:0B:FE:EC:A7:E7,-94
2026-08-22 03:53:50.522468,None,74:CE:9E:F2:AB:D0,-85
2026-08-22 03:53:55.644210,None,41:87:21:51:FE:86,-89
2026-08-22 03:53:59.351201,RIOT Plus501B6E,D8:BC:38:50:1B:6E,-101
2026-08-22 03:54:04.516645,None,43:7F:C2:F7:D7:69,-72
2026-08-22 03:54:48.706117,20HL39284591421094,48:87:2D:89:79:5D,-94
2026-08-22 03:55:02.642305,None,DD:F6:51:C5:68:86,-89
2026-08-22 03:55:02.701170,None,E4:D9:04:CB:46:B7,-93
2026-08-22 03:55:02.836723,None,EB:41:B3:BD:A5:64,-84
2026-08-22 03:55:09.442072,None,CC:73:0C:91:F8:3C,-91
2026-08-22 03:55:13.829747,None,57:B7:61:5C:06:FC,-90
2026-08-22 03:55:13.885875,None,47:9F:CF:68:77:E6,-92
2026-08-22 03:55:14.161429,None,7E:EF:A8:FF:75:F9,-90
2026-08-22 03:55:20.389984,None,C3:DD:21:D9:4F:88,-77
2026-08-22 03:55:20.497617,None,DA:D9:7F:0D:98:39,-91
2026-08-22 03:55:20.837368,None,66:D2:D1:90:99:3F,-92
2026-08-22 03:55:22.615348,Platco PR1,E4:A6:34:CF:38:ED,-98
2026-08-22 03:55:31.120871,None,E4:6A:97:ED:FE:0D,-92
2026-08-22 03:55:35.346164,None,E6:E4:72:7A:27:FD,-90
2026-08-22 03:55:36.081537,None,E5:F4:E7:39:11:C0,-82
2026-08-22 03:55:43.883321,None,FF:C8:24:EF:D4:9C,-67
2026-08-22 03:55:48.858123,None,47:5C:DB:16:40:1A,-87
2026-08-22 03:55:51.880344,ELK-BLEDOM05,BE:67:00:12:01:75,-98
2026-08-22 03:56:02.740151,None,5A:27:35:A5:0E:05,-70
2026-08-22 03:56:20.199271,None,68:06:E7:91:6D:25,-80
2026-08-22 03:56:56.631273,None,58:C7:13:6A:2E:68,-86
2026-08-22 03:57:07.374542,None,41:A0:C7:78:07:3E,-83
2026-08-22 03:58:52.561154,None,42:DB:3F:48:3D:32,-85
2026-08-22 03:59:09.369378,None,50:B7:AB:45:7B:B3,-90
2026-08-22 03:59:21.686157,None,69:B9:90:E8:6F:6B,-91
2026-08-22 03:59:28.402182,Charge 4,F1:D1:F5:5E:21:37,-89
2026-08-22 03:59:29.458558,None,64:B2:D8:CF:BA:02,-84
2026-08-22 03:59:31.281333,None,CB:1A:62:F4:3D:1E,-103
2026-08-22 03:59:32.381146,None,65:A2:F3:D4:F3:8E,-93
2026-08-22 03:59:36.302261,None,FE:7C:29:FC:FC:F7,-73
2026-08-22 03:59:56.218950,None,52:75:C7:D2:EB:9D,-75
2026-08-22 04:00:00.079223,None,F6:8D:09:93:0F:B3,-77
2026-08-22 04:00:00.460756,None,F9:A3:29:E2:CD:59,-91
2026-08-22 04:00:00.523679,None,C2:E3:4A:06:9F:64,-93
2026-08-22 04:00:00.793138,None,CA:E0:28:46:FC:EE,-84
2026-08-22 04:00:01.079310,None,D5:2D:B6:4A:5B:DA,-74
2026-08-22 04:00:04.098826,None,C4:6A:B4:CC:2F:1B,-83
2026-08-22 04:00:05.919123,None,C5:DF:AC:B0:14:58,-78
2026-08-22 04:00:06.087090,None,E6:83:27:1A:EA:1D,-96
2026-08-22 04:00:10.203280,113685_9C139E7A644C,9C:13:9E:7A:64:4E,-67
2026-08-22 04:00:10.976618,None,DF:A3:9B:99:C9:25,-91
2026-08-22 04:00:12.821947,None,C8:4F:4B:81:5C:D1,-79
2026-08-22 04:00:21.749558,None,D2:23:54:F9:00:67,-94
2026-08-22 04:00:33.667956,None,F1:54:B9:42:C0:F1,-79
2026-08-22 04:00:40.656466,None,63:D9:B4:7E:74:64,-78
2026-08-22 04:00:45.735343,Platco PR1,B4:CB:B8:1B:D4:50,-88
2026-08-22 04:00:46.235595,Peak Pro 01502,F0:AD:4E:40:19:D5,-84
2026-08-22 04:01:01.771993,ResMed 223238,E8:E0:7E:34:BB:D4,-87
2026-08-22 04:02:20.745413,None,65:4A:28:77:03:AD,-83
2026-08-22 04:02:51.147794,None,68:5A:E8:FF:F3:AA,-97
2026-08-22 04:03:17.318276,MELK-OF21   5C,BE:28:03:00:20:5C,-95
2026-08-22 04:03:27.191448,None,54:0B:FE:EC:A7:E7,-95
2026-08-22 04:03:53.083661,None,74:CE:9E:F2:AB:D0,-93
2026-08-22 04:03:56.799203,None,4E:4B:6D:AF:8F:7A,-69
2026-08-22 04:03:57.059448,None,78:81:C5:E2:C1:B7,-67
2026-08-22 04:04:02.983074,None,77:06:53:AB:C8:4E,-95
2026-08-22 04:04:14.886129,RIOT Plus501B6E,D8:BC:38:50:1B:6E,-92
2026-08-22 04:04:24.867359,EF-D36C0514,A0:85:E3:DE:D2:96,-95
2026-08-22 04:04:28.940730,None,74:FA:1F:5C:3F:E9,-89
2026-08-22 04:04:37.035905,None,FD:55:1E:74:CB:D5,-72
2026-08-22 04:05:06.705320,20HL39284591421094,48:87:2D:89:79:5D,-95
2026-08-22 04:05:14.123413,None,47:9F:CF:68:77:E6,-97
2026-08-22 04:05:14.474821,None,7E:EF:A8:FF:75:F9,-90
2026-08-22 04:05:15.163793,None,57:B7:61:5C:06:FC,-91
2026-08-22 04:05:40.004279,None,7A:40:2D:EB:73:B0,-94
2026-08-22 04:05:40.517911,None,55:CF:2C:BD:FD:FA,-91
2026-08-22 04:05:41.565882,None,45:8E:27:FA:BD:1C,-91
2026-08-22 04:05:49.013745,None,47:5C:DB:16:40:1A,-93
2026-08-22 04:05:51.282631,None,F9:72:48:00:6F:D8,-98
2026-08-22 04:05:58.038603,ELK-BLEDOM05,BE:67:00:12:01:75,-96
2026-08-22 04:06:02.884028,None,5A:27:35:A5:0E:05,-70
2026-08-22 04:06:27.980937,Platco PR1,E4:A6:34:CF:38:ED,-97
2026-08-22 04:07:07.737413,None,41:A0:C7:78:07:3E,-85
2026-08-22 04:07:27.354744,None,F9:D6:3D:70:6D:BC,-100
2026-08-22 04:07:33.141909,None,58:C7:13:6A:2E:68,-67
2026-08-22 04:09:23.205378,None,69:B9:90:E8:6F:6B,-87
2026-08-22 04:09:29.304127,Charge 4,F1:D1:F5:5E:21:37,-87
2026-08-22 04:09:34.314518,None,64:B2:D8:CF:BA:02,-87
2026-08-22 04:09:34.464684,None,65:A2:F3:D4:F3:8E,-95
2026-08-22 04:09:41.114906,None,76:C3:3E:DD:6F:F7,-67
2026-08-22 04:10:00.712319,None,F6:8D:09:93:0F:B3,-82
2026-08-22 04:10:04.361242,None,CA:E0:28:46:FC:EE,-88
2026-08-22 04:10:04.887412,None,D5:2D:B6:4A:5B:DA,-84
2026-08-22 04:10:05.081936,None,C4:6A:B4:CC:2F:1B,-69
2026-08-22 04:10:10.343491,113685_9C139E7A644C,9C:13:9E:7A:64:4E,-67
2026-08-22 04:10:12.216142,None,C5:DF:AC:B0:14:58,-89
2026-08-22 04:10:13.164225,None,F9:A3:29:E2:CD:59,-91
2026-08-22 04:10:14.440693,None,C2:E3:4A:06:9F:64,-92
2026-08-22 04:10:14.743945,None,DF:A3:9B:99:C9:25,-92
2026-08-22 04:10:24.930436,None,E6:83:27:1A:EA:1D,-96
2026-08-22 04:10:26.333450,None,D2:23:54:F9:00:67,-95
2026-08-22 04:10:34.234651,None,F1:54:B9:42:C0:F1,-71
2026-08-22 04:10:46.052552,Platco PR1,B4:CB:B8:1B:D4:50,-84
2026-08-22 04:10:46.467687,Peak Pro 01502,F0:AD:4E:40:19:D5,-89
2026-08-22 04:10:48.672269,None,62:88:8E:CF:AA:1D,-95
2026-08-22 04:11:01.842953,ResMed 223238,E8:E0:7E:34:BB:D4,-89
2026-08-22 04:13:06.962563,None,5E:FB:76:54:3C:4B,-95
2026-08-22 04:13:17.342460,MELK-OF21   5C,BE:28:03:00:20:5C,-95
2026-08-22 04:13:34.319741,None,58:09:7C:05:C6:45,-68
2026-08-22 04:13:57.314392,None,78:81:C5:E2:C1:B7,-73
2026-08-22 04:13:58.268763,None,4E:4B:6D:AF:8F:7A,-77
2026-08-22 04:14:03.309198,None,41:7C:54:C6:CF:E9,-91
2026-08-22 04:14:05.292387,None,77:06:53:AB:C8:4E,-96
2026-08-22 04:14:05.438852,None,41:F6:62:2C:1A:6D,-91
2026-08-22 04:14:10.335196,None,78:F8:7A:D2:C2:C8,-80
2026-08-22 04:14:19.747375,RIOT Plus501B6E,D8:BC:38:50:1B:6E,-95
2026-08-22 04:14:31.687371,None,74:FA:1F:5C:3F:E9,-90
2026-08-22 04:14:40.511560,None,FD:55:1E:74:CB:D5,-77
2026-08-22 04:15:02.077562,None,ED:9B:1D:B8:5A:00,-86
2026-08-22 04:15:02.214920,None,FC:C0:EA:2A:E8:16,-79
2026-08-22 04:15:02.623750,None,FB:EE:A5:A8:B9:1C,-86
2026-08-22 04:15:02.786356,None,EA:51:B8:3C:18:66,-91
2026-08-22 04:15:02.885054,None,CA:8C:2F:E5:90:5B,-66
2026-08-22 04:15:04.277850,None,F5:2D:B4:04:18:45,-71
2026-08-22 04:15:05.420672,EF-D36C0514,A0:85:E3:DE:D2:96,-97
2026-08-22 04:15:08.493836,None,FA:6D:B6:EF:2B:1B,-69
2026-08-22 04:15:08.526319,None,F4:2F:78:3F:40:58,-92
2026-08-22 04:15:12.443586,None,D0:97:C5:95:9B:63,-92
2026-08-22 04:15:15.187886,20HL39284591421094,48:87:2D:89:79:5D,-96
2026-08-22 04:15:40.260469,None,7A:40:2D:EB:73:B0,-101
2026-08-22 04:15:40.602562,None,55:CF:2C:BD:FD:FA,-90
2026-08-22 04:15:44.787308,None,45:8E:27:FA:BD:1C,-90
2026-08-22 04:15:47.870060,None,CA:E1:B4:E2:70:18,-92
2026-08-22 04:16:00.913608,None,F5:39:74:36:BF:09,-99
2026-08-22 04:16:30.127054,ELK-BLEDOM05,BE:67:00:12:01:75,-101
2026-08-22 04:16:52.439237,None,68:5A:E8:FF:F3:AA,-99
2026-08-22 04:16:56.998677,None,FD:1C:C6:E5:0D:46,-98
2026-08-22 04:17:11.449374,None,41:A0:C7:78:07:3E,-84
2026-08-22 04:17:53.911004,Platco PR1,E4:A6:34:CF:38:ED,-94
2026-08-22 04:17:56.763482,None,D9:E7:64:04:B9:B6,-80
2026-08-22 04:19:18.146002,None,46:66:D7:A9:8B:C3,-94
2026-08-22 04:19:34.332283,Charge 4,F1:D1:F5:5E:21:37,-91
2026-08-22 04:20:00.908833,None,F9:30:AD:F0:33:4D,-78
2026-08-22 04:20:10.491232,113685_9C139E7A644C,9C:13:9E:7A:64:4E,-68
2026-08-22 04:20:14.572831,None,6C:6C:95:5B:93:D0,-63
2026-08-22 04:20:14.584536,None,75:C4:23:BD:A1:7C,-60
2026-08-22 04:20:47.524535,Peak Pro 01502,F0:AD:4E:40:19:D5,-98
2026-08-22 04:20:50.925859,Platco PR1,B4:CB:B8:1B:D4:50,-85
2026-08-22 04:20:51.411750,None,62:88:8E:CF:AA:1D,-90
2026-08-22 04:21:01.935111,ResMed 223238,E8:E0:7E:34:BB:D4,-90
2026-08-22 04:21:59.556870,None,49:BE:9C:32:77:46,-79
2026-08-22 04:22:18.405305,None,75:E3:61:44:99:7E,-92
2026-08-22 04:22:19.047941,None,60:42:7C:48:DA:30,-91
2026-08-22 04:22:20.750568,None,55:14:12:99:D0:A8,-91
2026-08-22 04:23:17.544757,MELK-OF21   5C,BE:28:03:00:20:5C,-92
2026-08-22 04:23:35.870230,None,58:09:7C:05:C6:45,-73
2026-08-22 04:24:04.018301,None,41:7C:54:C6:CF:E9,-91
2026-08-22 04:24:06.378596,None,41:F6:62:2C:1A:6D,-91
2026-08-22 04:24:08.053966,None,77:06:53:AB:C8:4E,-93
2026-08-22 04:24:21.630484,RIOT Plus501B6E,D8:BC:38:50:1B:6E,-96
2026-08-22 04:24:32.256600,None,74:FA:1F:5C:3F:E9,-82
2026-08-22 04:24:53.989762,None,43:58:2A:F6:FB:ED,-79
2026-08-22 04:25:02.714041,None,ED:9B:1D:B8:5A:00,-81
2026-08-22 04:25:02.915342,None,CA:8C:2F:E5:90:5B,-77
2026-08-22 04:25:02.953668,None,FC:C0:EA:2A:E8:16,-78
2026-08-22 04:25:04.806921,None,F5:2D:B4:04:18:45,-80
2026-08-22 04:25:08.915366,None,EA:51:B8:3C:18:66,-91
2026-08-22 04:25:09.474300,None,79:35:30:08:FE:F3,-91
2026-08-22 04:25:09.708225,None,69:04:AB:C4:73:CE,-96
2026-08-22 04:25:12.345802,None,FA:6D:B6:EF:2B:1B,-72
2026-08-22 04:25:12.605521,EF-D36C0514,A0:85:E3:DE:D2:96,-97
2026-08-22 04:25:16.742759,None,D0:97:C5:95:9B:63,-91
2026-08-22 04:25:17.967043,None,F4:2F:78:3F:40:58,-93
2026-08-22 04:25:20.258408,None,FB:EE:A5:A8:B9:1C,-87
2026-08-22 04:25:51.277338,None,61:2B:12:A7:A2:E2,-99
2026-08-22 04:25:52.504385,None,CA:E1:B4:E2:70:18,-95
2026-08-22 04:26:05.888724,20HL39284591421094,48:87:2D:89:79:5D,-100
2026-08-22 04:26:14.609337,None,F5:39:74:36:BF:09,-95
2026-08-22 04:27:03.315629,None,78:F8:7A:D2:C2:C8,-84
2026-08-22 04:27:11.563680,None,41:A0:C7:78:07:3E,-94
2026-08-22 04:27:33.378439,None,71:CE:02:84:E7:02,-82
2026-08-22 04:27:50.721607,None,FD:1C:C6:E5:0D:46,-97
2026-08-22 04:27:58.280283,None,D9:E7:64:04:B9:B6,-77
2026-08-22 04:28:53.101814,None,4C:98:9E:2C:A3:78,-67
2026-08-22 04:29:16.316008,None,68:5A:E8:FF:F3:AA,-96
2026-08-22 04:29:18.174632,None,46:66:D7:A9:8B:C3,-89
2026-08-22 04:29:29.748215,Platco PR1,E4:A6:34:CF:38:ED,-95
2026-08-22 04:29:38.061027,Charge 4,F1:D1:F5:5E:21:37,-84
2026-08-22 04:30:00.090609,None,DE:B6:F1:23:44:B0,-86
2026-08-22 04:30:02.931677,None,E6:A5:82:C7:19:6D,-82
2026-08-22 04:30:03.983450,None,F5:44:9C:62:2F:38,-67
2026-08-22 04:30:04.295815,None,DE:FB:CA:A5:13:57,-78
2026-08-22 04:30:04.820835,None,EA:24:12:EA:6F:27,-94
2026-08-22 04:30:05.101418,None,E0:A9:4C:2D:6B:BA,-60
2026-08-22 04:30:05.889680,None,F9:30:AD:F0:33:4D,-83
2026-08-22 04:30:06.457952,None,F6:5D:A1:56:E7:81,-90
2026-08-22 04:30:06.494967,None,D2:11:11:FB:D7:E5,-94
2026-08-22 04:30:10.633705,113685_9C139E7A644C,9C:13:9E:7A:64:4E,-67
2026-08-22 04:30:12.780157,None,EF:E7:ED:F8:E2:6F,-92
2026-08-22 04:30:14.608981,None,6C:6C:95:5B:93:D0,-65
2026-08-22 04:30:17.014770,None,75:C4:23:BD:A1:7C,-62
2026-08-22 04:30:31.851501,None,C5:F6:2D:3D:FF:69,-94
2026-08-22 04:30:35.187084,None,56:0B:E2:F4:57:5E,-57
2026-08-22 04:30:35.210667,None,62:47:33:FC:28:DC,-59
2026-08-22 04:30:48.333667,Peak Pro 01502,F0:AD:4E:40:19:D5,-86
2026-08-22 04:30:56.178128,Platco PR1,B4:CB:B8:1B:D4:50,-85
2026-08-22 04:31:02.256556,ResMed 223238,E8:E0:7E:34:BB:D4,-90
2026-08-22 04:31:17.121584,None,CB:A1:3E:E3:A2:5F,-76
2026-08-22 04:31:29.510932,None,76:41:DC:F6:0D:3F,-90
2026-08-22 04:31:32.094825,None,68:29:B8:47:32:7E,-86
2026-08-22 04:32:19.183942,None,60:42:7C:48:DA:30,-90
2026-08-22 04:32:19.880953,None,75:E3:61:44:99:7E,-91
2026-08-22 04:32:21.004248,None,55:14:12:99:D0:A8,-91
2026-08-22 04:32:28.800772,None,49:BE:9C:32:77:46,-67
2026-08-22 04:33:17.628724,MELK-OF21   5C,BE:28:03:00:20:5C,-93
2026-08-22 04:33:18.324142,None,6F:D4:8C:C4:94:19,-83
2026-08-22 04:33:29.337570,None,D7:2D:62:AD:DD:F8,-86
2026-08-22 04:33:29.414816,None,C4:9D:69:EC:8E:15,-94
2026-08-22 04:33:45.386333,None,DD:14:5A:37:84:84,-99
2026-08-22 04:33:46.726215,None,7B:3C:E6:54:CD:85,-78
2026-08-22 04:33:47.052405,None,45:A4:50:3B:8F:80,-100
2026-08-22 04:34:54.986772,None,43:58:2A:F6:FB:ED,-84
2026-08-22 04:35:10.115749,None,69:04:AB:C4:73:CE,-93
2026-08-22 04:35:10.267339,None,79:35:30:08:FE:F3,-85
2026-08-22 04:35:12.103015,RIOT Plus501B6E,D8:BC:38:50:1B:6E,-95
2026-08-22 04:35:20.151145,None,5E:19:91:16:8A:D8,-69
2026-08-22 04:35:27.154832,EF-D36C0514,A0:85:E3:DE:D2:96,-100
2026-08-22 04:35:52.136888,None,61:2B:12:A7:A2:E2,-95
2026-08-22 04:36:20.753210,20HL39284591421094,48:87:2D:89:79:5D,-99
2026-08-22 04:36:34.531337,None,7C:34:10:39:4C:C8,-77
2026-08-22 04:37:33.565447,None,71:CE:02:84:E7:02,-82
2026-08-22 04:37:36.167921,None,02:CE:95:B7:E5:D8,-97
2026-08-22 04:37:53.461481,None,43:2F:63:2A:0B:88,-92
2026-08-22 04:38:53.488444,None,4C:98:9E:2C:A3:78,-81
2026-08-22 04:39:04.869383,None,66:85:A0:C7:64:D9,-91
2026-08-22 04:39:05.588376,None,6F:97:98:97:DB:84,-80
2026-08-22 04:39:06.644374,None,47:B0:D0:2B:FE:83,-80
2026-08-22 04:39:41.618489,Charge 4,F1:D1:F5:5E:21:37,-88
2026-08-22 04:40:04.086647,None,E6:A5:82:C7:19:6D,-82
2026-08-22 04:40:04.896689,None,DE:FB:CA:A5:13:57,-78
2026-08-22 04:40:04.912706,None,DE:B6:F1:23:44:B0,-82
2026-08-22 04:40:05.642176,None,F5:44:9C:62:2F:38,-67
2026-08-22 04:40:08.614792,None,EA:24:12:EA:6F:27,-89
2026-08-22 04:40:08.801686,None,E0:A9:4C:2D:6B:BA,-63
2026-08-22 04:40:09.428407,None,F6:5D:A1:56:E7:81,-86
2026-08-22 04:40:10.243899,None,D2:11:11:FB:D7:E5,-90
2026-08-22 04:40:10.714729,113685_9C139E7A644C,9C:13:9E:7A:64:4E,-66
2026-08-22 04:40:18.246622,None,EF:E7:ED:F8:E2:6F,-92
2026-08-22 04:40:33.634535,None,C5:F6:2D:3D:FF:69,-91
2026-08-22 04:40:35.215926,Platco PR1,E4:A6:34:CF:38:ED,-95
2026-08-22 04:40:35.237660,None,56:0B:E2:F4:57:5E,-67
2026-08-22 04:40:40.760484,None,62:47:33:FC:28:DC,-67
2026-08-22 04:40:49.313290,None,66:60:39:80:0F:A9,-96
2026-08-22 04:40:53.280277,Peak Pro 01502,F0:AD:4E:40:19:D5,-82
2026-08-22 04:41:03.226973,ResMed 223238,E8:E0:7E:34:BB:D4,-93
2026-08-22 04:41:10.652583,Platco PR1,B4:CB:B8:1B:D4:50,-86
2026-08-22 04:41:11.347019,LFSmart Scale,CF:E9:17:28:41:0D,-94
2026-08-22 04:41:22.869099,None,CB:A1:3E:E3:A2:5F,-79
2026-08-22 04:41:30.201905,None,76:41:DC:F6:0D:3F,-92
2026-08-22 04:41:37.633452,None,68:29:B8:47:32:7E,-90
2026-08-22 04:43:17.812655,MELK-OF21   5C,BE:28:03:00:20:5C,-96
2026-08-22 04:43:37.721698,None,D7:2D:62:AD:DD:F8,-82
2026-08-22 04:43:44.889756,None,C4:9D:69:EC:8E:15,-93
2026-08-22 04:43:53.599315,None,45:A4:50:3B:8F:80,-100
2026-08-22 04:43:57.071968,None,DD:14:5A:37:84:84,-97
2026-08-22 04:45:00.320429,None,FE:3F:55:9D:EF:7B,-76
2026-08-22 04:45:00.515874,None,F8:10:62:22:9A:49,-90
2026-08-22 04:45:00.746154,None,C4:EC:EF:CB:26:85,-75
2026-08-22 04:45:02.089052,None,FE:32:9C:8A:B4:C9,-87
2026-08-22 04:45:02.451424,None,CE:F9:EC:A9:5A:84,-86
2026-08-22 04:45:03.303655,None,D9:75:58:AE:44:60,-87
2026-08-22 04:45:06.444439,None,E2:F3:F7:7F:64:49,-71
2026-08-22 04:45:06.661894,None,C6:63:B1:4B:9B:6D,-90
2026-08-22 04:45:08.285282,None,D7:96:7D:A3:9E:33,-83
2026-08-22 04:45:08.790170,None,EB:32:D1:A1:09:63,-90
2026-08-22 04:45:10.302814,None,69:04:AB:C4:73:CE,-98
2026-08-22 04:45:10.452146,None,79:35:30:08:FE:F3,-90
2026-08-22 04:45:14.059854,RIOT Plus501B6E,D8:BC:38:50:1B:6E,-95
2026-08-22 04:45:18.241853,None,51:2E:FA:34:EF:F9,-78
2026-08-22 04:45:28.505180,EF-D36C0514,A0:85:E3:DE:D2:96,-97
2026-08-22 04:45:30.924862,None,7A:07:A6:1E:03:0B,-72
2026-08-22 04:45:30.941301,None,69:1A:3F:DD:18:A0,-66
2026-08-22 04:46:27.800159,20HL39284591421094,48:87:2D:89:79:5D,-94
2026-08-22 04:46:31.243897,None,55:1D:3F:7B:5F:D1,-88
2026-08-22 04:46:31.919795,None,57:C8:9B:A4:8B:8A,-92
2026-08-22 04:46:34.346238,None,EB:52:ED:FD:81:9B,-97
2026-08-22 04:47:09.836004,None,66:F3:95:3C:0F:55,-82
2026-08-22 04:47:33.649307,None,71:CE:02:84:E7:02,-83
2026-08-22 04:47:54.215684,None,43:2F:63:2A:0B:88,-93
2026-08-22 04:48:00.392999,None,7F:01:C1:48:3B:2E,-97
2026-08-22 04:48:00.474813,None,EB:E7:B3:8F:AE:C4,-96
2026-08-22 04:48:10.793498,None,F3:65:31:51:C8:93,-99
2026-08-22 04:48:31.216282,None,CA:00:1E:E5:DA:92,-80
2026-08-22 04:49:05.200018,None,66:85:A0:C7:64:D9,-91
2026-08-22 04:49:06.855707,None,6F:97:98:97:DB:84,-91
2026-08-22 04:49:07.399661,None,47:B0:D0:2B:FE:83,-91
2026-08-22 04:49:18.512782,None,C5:4A:2A:10:5D:92,-99
2026-08-22 04:49:39.215694,None,79:80:6E:A2:6F:74,-90
2026-08-22 04:49:46.605050,Charge 4,F1:D1:F5:5E:21:37,-86
2026-08-22 04:50:10.719056,113685_9C139E7A644C,9C:13:9E:7A:64:4E,-68
2026-08-22 04:50:50.350547,None,66:60:39:80:0F:A9,-90
2026-08-22 04:50:53.870477,Peak Pro 01502,F0:AD:4E:40:19:D5,-85
2026-08-22 04:51:05.958196,ResMed 223238,E8:E0:7E:34:BB:D4,-91
2026-08-22 04:51:21.103301,Platco PR1,B4:CB:B8:1B:D4:50,-84
2026-08-22 04:52:06.890185,None,4E:ED:11:1E:38:2C,-94
2026-08-22 04:52:10.545070,Platco PR1,E4:A6:34:CF:38:ED,-97
2026-08-22 04:53:19.723372,MELK-OF21   5C,BE:28:03:00:20:5C,-93
2026-08-22 04:54:55.467677,None,77:F1:7D:17:7D:0F,-80
2026-08-22 04:55:01.189567,None,FE:3F:55:9D:EF:7B,-85
2026-08-22 04:55:02.339364,None,45:A4:50:3B:8F:80,-98
2026-08-22 04:55:03.266439,None,F8:10:62:22:9A:49,-90
2026-08-22 04:55:03.358633,None,CE:F9:EC:A9:5A:84,-92
2026-08-22 04:55:05.864183,None,6F:78:BF:2A:46:32,-91
2026-08-22 04:55:05.989148,None,44:74:F7:E3:B3:70,-92
2026-08-22 04:55:06.490619,None,C4:EC:EF:CB:26:85,-75
2026-08-22 04:55:07.546602,None,D9:75:58:AE:44:60,-77
2026-08-22 04:55:07.840379,None,C6:63:B1:4B:9B:6D,-92
2026-08-22 04:55:08.412250,None,E2:F3:F7:7F:64:49,-68
2026-08-22 04:55:08.723842,None,D7:96:7D:A3:9E:33,-74
2026-08-22 04:55:09.502848,None,56:92:9F:1B:D6:AA,-92
2026-08-22 04:55:12.982747,None,FE:32:9C:8A:B4:C9,-86
2026-08-22 04:55:14.673545,RIOT Plus501B6E,D8:BC:38:50:1B:6E,-96
2026-08-22 04:55:24.372488,None,EB:32:D1:A1:09:63,-91
2026-08-22 04:55:35.571132,None,69:1A:3F:DD:18:A0,-68
2026-08-22 04:55:42.768500,EF-D36C0514,A0:85:E3:DE:D2:96,-95
2026-08-22 04:55:48.864323,None,4F:C7:86:88:85:9C,-89
2026-08-22 04:56:31.437112,None,55:1D:3F:7B:5F:D1,-86
2026-08-22 04:56:31.479451,20HL39284591421094,48:87:2D:89:79:5D,-93
2026-08-22 04:56:33.476895,None,57:C8:9B:A4:8B:8A,-87
2026-08-22 04:56:45.081625,None,EB:52:ED:FD:81:9B,-90
2026-08-22 04:57:34.291113,None,71:CE:02:84:E7:02,-86
2026-08-22 04:58:03.217234,None,7F:01:C1:48:3B:2E,-95
2026-08-22 04:58:05.787938,None,5D:97:CF:9F:27:AA,-65
2026-08-22 04:58:20.038808,None,EB:E7:B3:8F:AE:C4,-96
2026-08-22 04:58:33.141547,None,CA:00:1E:E5:DA:92,-83
2026-08-22 04:58:38.224475,None,54:68:80:0B:F6:F3,-72
2026-08-22 04:59:22.321437,None,40:15:FD:2F:16:E5,-77
2026-08-22 04:59:23.717950,None,5C:F8:B9:FE:6B:6A,-92
2026-08-22 04:59:39.338164,None,79:80:6E:A2:6F:74,-81
2026-08-22 04:59:49.050223,Charge 4,F1:D1:F5:5E:21:37,-87
2026-08-22 05:00:00.104320,None,DD:CC:AD:BD:52:92,-76
2026-08-22 05:00:00.448797,None,CC:1F:8F:4D:94:2C,-74
2026-08-22 05:00:03.425814,None,C8:1D:C5:A1:F7:EF,-82
2026-08-22 05:00:04.116198,None,D5:B4:E3:2B:41:EF,-96
2026-08-22 05:00:04.378571,None,E4:59:33:1D:1E:60,-75
2026-08-22 05:00:04.436014,None,D7:BF:E6:E6:96:AC,-92
2026-08-22 05:00:04.501910,None,C5:89:EC:DB:23:1C,-86
2026-08-22 05:00:04.874315,None,FA:14:B7:B7:4E:D1,-91
2026-08-22 05:00:10.530375,None,C6:C0:08:2C:AD:5F,-89
2026-08-22 05:00:11.023769,113685_9C139E7A644C,9C:13:9E:7A:64:4E,-69
2026-08-22 05:00:20.084514,None,FF:60:85:4F:48:A3,-89
2026-08-22 05:00:24.463556,None,FD:FC:01:60:AB:F7,-78
2026-08-22 05:00:54.406423,Peak Pro 01502,F0:AD:4E:40:19:D5,-88
2026-08-22 05:01:06.337032,ResMed 223238,E8:E0:7E:34:BB:D4,-94
2026-08-22 05:01:35.873928,Platco PR1,B4:CB:B8:1B:D4:50,-84
2026-08-22 05:01:49.838316,None,EF:EF:2D:D8:DC:FB,-68
2026-08-22 05:02:00.467194,None,F3:52:09:17:CD:5D,-93
2026-08-22 05:02:07.089054,None,4E:ED:11:1E:38:2C,-93
2026-08-22 05:03:20.170162,MELK-OF21   5C,BE:28:03:00:20:5C,-92
2026-08-22 05:04:09.782102,None,5D:B2:87:9E:9B:8D,-91
2026-08-22 05:04:09.861670,None,77:0D:7A:2A:4C:69,-91
2026-08-22 05:04:09.901286,None,60:29:AE:61:C9:D2,-90
2026-08-22 05:04:11.734228,Platco PR1,E4:A6:34:CF:38:ED,-96
2026-08-22 05:04:27.574954,None,6A:B8:E2:30:01:02,-97
2026-08-22 05:05:19.727336,RIOT Plus501B6E,D8:BC:38:50:1B:6E,-95
2026-08-22 05:05:36.240601,None,69:1A:3F:DD:18:A0,-66
2026-08-22 05:05:50.595575,None,4F:C7:86:88:85:9C,-91
2026-08-22 05:05:57.887452,None,43:0E:2C:BF:56:03,-74
2026-08-22 05:05:59.221976,None,F6:74:73:FC:B3:0A,-97
2026-08-22 05:06:44.446380,20HL39284591421094,48:87:2D:89:79:5D,-95
2026-08-22 05:07:03.241186,ELK-BLEDOM05,BE:67:00:12:01:75,-102
2026-08-22 05:07:04.962252,EF-D36C0514,A0:85:E3:DE:D2:96,-98
2026-08-22 05:07:36.319261,None,71:CE:02:84:E7:02,-84
2026-08-22 05:08:05.938503,None,5D:97:CF:9F:27:AA,-72
2026-08-22 05:08:06.210244,None,7F:01:C1:48:3B:2E,-95
2026-08-22 05:09:23.054275,None,40:15:FD:2F:16:E5,-87
2026-08-22 05:09:30.062120,None,5C:F8:B9:FE:6B:6A,-73
2026-08-22 05:09:37.601572,None,54:68:80:0B:F6:F3,-84
2026-08-22 05:09:39.552725,None,79:80:6E:A2:6F:74,-88
2026-08-22 05:09:51.322293,Charge 4,F1:D1:F5:5E:21:37,-86
2026-08-22 05:10:00.789107,None,DD:CC:AD:BD:52:92,-74
2026-08-22 05:10:02.873875,None,CC:1F:8F:4D:94:2C,-92
2026-08-22 05:10:05.571324,None,7A:62:9A:14:22:22,-97
2026-08-22 05:10:06.218965,None,FA:14:B7:B7:4E:D1,-91
2026-08-22 05:10:06.579593,None,E4:59:33:1D:1E:60,-70
2026-08-22 05:10:07.465868,None,C8:1D:C5:A1:F7:EF,-91
2026-08-22 05:10:08.180799,None,C5:89:EC:DB:23:1C,-86
2026-08-22 05:10:12.637736,None,D7:BF:E6:E6:96:AC,-90
2026-08-22 05:10:12.902024,None,D5:B4:E3:2B:41:EF,-95
2026-08-22 05:10:12.977438,113685_9C139E7A644C,9C:13:9E:7A:64:4E,-68
2026-08-22 05:10:13.985289,None,C6:C0:08:2C:AD:5F,-93
2026-08-22 05:10:19.622001,None,68:AD:5B:45:2A:8C,-92
2026-08-22 05:10:21.605850,None,FF:60:85:4F:48:A3,-93
2026-08-22 05:10:29.941692,None,FD:FC:01:60:AB:F7,-79
2026-08-22 05:10:33.460847,None,4B:E6:D6:44:A9:46,-86
2026-08-22 05:10:34.416062,None,71:BA:CB:3D:1C:6E,-92
2026-08-22 05:10:49.264278,None,6C:C1:B0:38:7A:80,-97
2026-08-22 05:10:54.745486,Peak Pro 01502,F0:AD:4E:40:19:D5,-88
2026-08-22 05:11:02.716273,None,F5:5F:68:C6:61:7C,-98
2026-08-22 05:11:09.412037,ResMed 223238,E8:E0:7E:34:BB:D4,-92
2026-08-22 05:11:30.877271,None,5A:EE:7E:25:63:2E,-92
2026-08-22 05:11:41.342277,Platco PR1,B4:CB:B8:1B:D4:50,-85
2026-08-22 05:11:42.204042,None,59:54:52:FF:E6:8C,-93
2026-08-22 05:11:52.785641,None,7A:0D:60:19:1B:33,-67
2026-08-22 05:11:52.954110,None,EF:EF:2D:D8:DC:FB,-74
2026-08-22 05:12:16.565255,None,F3:52:09:17:CD:5D,-96
2026-08-22 05:13:20.505074,MELK-OF21   5C,BE:28:03:00:20:5C,-89
2026-08-22 05:14:51.866266,Platco PR1,E4:A6:34:CF:38:ED,-94
2026-08-22 05:15:00.065643,None,C4:F0:B2:32:01:95,-89
2026-08-22 05:15:00.392066,None,CC:CF:8E:04:04:56,-87
2026-08-22 05:15:00.493953,None,E7:60:80:9E:33:61,-90
2026-08-22 05:15:00.862947,None,F5:EF:14:AA:12:A6,-70
2026-08-22 05:15:01.525605,None,E8:70:61:0F:44:C4,-78
2026-08-22 05:15:02.114499,None,C6:3D:CE:A4:4C:DE,-75
2026-08-22 05:15:06.508379,None,E3:ED:D3:9A:F2:3D,-95
2026-08-22 05:15:20.066696,RIOT Plus501B6E,D8:BC:38:50:1B:6E,-95
2026-08-22 05:15:40.809815,None,D5:F7:D8:41:4F:DA,-74
2026-08-22 05:15:41.362900,None,40:0B:2A:36:3B:7A,-71
2026-08-22 05:16:03.196369,None,43:0E:2C:BF:56:03,-66
2026-08-22 05:16:07.876837,None,FE:9A:68:94:18:C4,-92
2026-08-22 05:16:13.475516,None,FF:2D:76:6A:CC:44,-87
2026-08-22 05:16:31.900332,None,CE:E4:50:F5:AA:F8,-96
2026-08-22 05:16:56.382165,None,E3:37:D1:F0:3D:96,-103
2026-08-22 05:17:04.082556,20HL39284591421094,48:87:2D:89:79:5D,-94
2026-08-22 05:17:34.898737,None,F3:CF:9C:D0:82:C0,-93
2026-08-22 05:17:39.117097,None,71:CE:02:84:E7:02,-83
2026-08-22 05:19:56.349866,Charge 4,F1:D1:F5:5E:21:37,-87
2026-08-22 05:20:13.029884,113685_9C139E7A644C,9C:13:9E:7A:64:4E,-65
2026-08-22 05:20:19.912317,None,68:AD:5B:45:2A:8C,-88
2026-08-22 05:20:33.787650,None,4B:E6:D6:44:A9:46,-86
2026-08-22 05:20:39.897971,None,FA:14:B7:B7:4E:D1,-92
2026-08-22 05:20:41.255405,None,71:BA:CB:3D:1C:6E,-87
2026-08-22 05:20:50.805590,None,6C:C1:B0:38:7A:80,-94
2026-08-22 05:20:54.689441,EF-D36C0514,A0:85:E3:DE:D2:96,-98
2026-08-22 05:20:54.785748,Peak Pro 01502,F0:AD:4E:40:19:D5,-91
2026-08-22 05:21:09.566480,ResMed 223238,E8:E0:7E:34:BB:D4,-95
2026-08-22 05:21:21.973746,None,7A:62:9A:14:22:22,-98
2026-08-22 05:21:31.037942,None,5A:EE:7E:25:63:2E,-95
2026-08-22 05:21:51.079023,Platco PR1,B4:CB:B8:1B:D4:50,-86
2026-08-22 05:21:54.825633,None,7A:0D:60:19:1B:33,-81
2026-08-22 05:22:29.696461,None,59:3C:02:90:61:F3,-70
2026-08-22 05:22:43.910107,None,77:32:CC:B8:21:9A,-92
2026-08-22 05:22:45.359586,None,77:F4:7B:C8:82:20,-91
2026-08-22 05:22:45.406375,None,7A:16:60:E7:25:6F,-91
2026-08-22 05:23:02.664302,None,FB:F3:2C:54:02:75,-91
2026-08-22 05:23:20.536683,MELK-OF21   5C,BE:28:03:00:20:5C,-93
2026-08-22 05:24:34.349585,None,6A:91:89:9C:E4:9A,-98
2026-08-22 05:25:00.996352,None,F5:EF:14:AA:12:A6,-70
2026-08-22 05:25:01.984638,None,CC:CF:8E:04:04:56,-94
2026-08-22 05:25:05.637936,None,C6:3D:CE:A4:4C:DE,-83
2026-08-22 05:25:07.960541,None,E3:ED:D3:9A:F2:3D,-93
2026-08-22 05:25:08.111360,None,E8:70:61:0F:44:C4,-82
2026-08-22 05:25:09.887328,None,C4:F0:B2:32:01:95,-89
2026-08-22 05:25:16.523899,None,E7:60:80:9E:33:61,-91
2026-08-22 05:25:21.883080,RIOT Plus501B6E,D8:BC:38:50:1B:6E,-95
2026-08-22 05:25:42.306897,None,D5:F7:D8:41:4F:DA,-76
2026-08-22 05:25:48.870418,None,71:35:46:9B:FB:67,-89
2026-08-22 05:25:56.543476,None,59:54:52:FF:E6:8C,-94
2026-08-22 05:26:06.350958,None,43:0E:2C:BF:56:03,-68
2026-08-22 05:26:12.213383,Platco PR1,E4:A6:34:CF:38:ED,-97
2026-08-22 05:26:20.994485,None,FF:2D:76:6A:CC:44,-89
2026-08-22 05:26:32.622184,None,FE:9A:68:94:18:C4,-94
2026-08-22 05:26:33.806954,None,7A:89:A5:CA:4E:61,-75
2026-08-22 05:26:47.134567,None,CE:E4:50:F5:AA:F8,-100
2026-08-22 05:27:03.990227,None,E3:37:D1:F0:3D:96,-96
2026-08-22 05:27:09.262846,ELK-BLEDOM05,BE:67:00:12:01:75,-103
2026-08-22 05:27:17.231106,None,77:83:E9:08:36:20,-86
2026-08-22 05:27:37.843396,20HL39284591421094,48:87:2D:89:79:5D,-94
2026-08-22 05:27:38.994975,None,F3:CF:9C:D0:82:C0,-87
2026-08-22 05:27:48.837710,None,40:0B:2A:36:3B:7A,-85
2026-08-22 05:28:48.848284,None,69:B7:C7:95:36:6E,-86
2026-08-22 05:28:48.872042,None,53:79:B8:C0:22:17,-91
2026-08-22 05:29:58.778727,Charge 4,F1:D1:F5:5E:21:37,-88
2026-08-22 05:30:00.716559,None,C4:54:6A:0D:72:4E,-91
2026-08-22 05:30:01.067624,None,FA:51:36:3D:60:FE,-71
2026-08-22 05:30:04.061499,None,ED:8B:6B:43:9A:2B,-82
2026-08-22 05:30:04.333823,None,DC:CA:8B:AF:5C:48,-78
2026-08-22 05:30:05.820025,None,E4:84:D0:1F:3C:08,-60
2026-08-22 05:30:07.137939,None,FF:AA:65:C1:B2:9C,-95
2026-08-22 05:30:13.189150,113685_9C139E7A644C,9C:13:9E:7A:64:4E,-68
2026-08-22 05:30:14.449225,None,DD:CF:BD:1B:9A:BE,-89
2026-08-22 05:30:18.472979,None,D2:72:00:FA:01:3D,-93
2026-08-22 05:30:20.119464,None,CD:20:94:B5:7E:67,-90
2026-08-22 05:30:20.168689,None,68:AD:5B:45:2A:8C,-82
2026-08-22 05:30:35.316385,None,DA:42:B0:76:90:02,-100
2026-08-22 05:30:55.283186,Peak Pro 01502,F0:AD:4E:40:19:D5,-94
2026-08-22 05:31:07.334974,None,F0:10:16:6C:4A:AF,-100
2026-08-22 05:31:10.816664,ResMed 223238,E8:E0:7E:34:BB:D4,-93
2026-08-22 05:31:22.778840,None,C7:39:82:63:B3:A8,-69
2026-08-22 05:31:25.191601,None,E0:B1:82:BC:AF:92,-95
2026-08-22 05:31:31.530893,None,5A:EE:7E:25:63:2E,-94
2026-08-22 05:31:42.424984,None,55:75:1C:80:8E:9B,-91
2026-08-22 05:32:00.953992,Platco PR1,B4:CB:B8:1B:D4:50,-82
2026-08-22 05:32:29.862638,None,59:3C:02:90:61:F3,-67
2026-08-22 05:33:00.960851,None,53:B0:71:7D:7A:AF,-89
2026-08-22 05:33:16.535642,None,FB:F3:2C:54:02:75,-92
2026-08-22 05:33:21.681952,MELK-OF21   5C,BE:28:03:00:20:5C,-94
2026-08-22 05:33:58.164706,None,E6:D4:F5:8B:20:3E,-86
2026-08-22 05:34:47.173544,None,6A:91:89:9C:E4:9A,-105
2026-08-22 05:35:24.052132,RIOT Plus501B6E,D8:BC:38:50:1B:6E,-97
2026-08-22 05:35:50.290798,None,71:35:46:9B:FB:67,-94
2026-08-22 05:36:01.980293,None,59:54:52:FF:E6:8C,-97
2026-08-22 05:36:35.598144,None,7A:89:A5:CA:4E:61,-78
2026-08-22 05:37:04.828057,EF-D36C0514,A0:85:E3:DE:D2:96,-98
2026-08-22 05:37:17.993720,None,77:83:E9:08:36:20,-85
2026-08-22 05:38:49.825036,None,69:B7:C7:95:36:6E,-87
2026-08-22 05:38:51.838597,None,53:79:B8:C0:22:17,-92
2026-08-22 05:38:54.897156,20HL39284591421094,48:87:2D:89:79:5D,-96
2026-08-22 05:39:11.757644,None,7E:12:94:54:17:D9,-92
2026-08-22 05:39:12.452842,None,69:8E:0E:EA:AA:13,-91
2026-08-22 05:39:16.234162,None,7E:84:36:38:2E:7B,-92
2026-08-22 05:39:23.590037,None,EA:22:13:1D:CD:68,-91
2026-08-22 05:39:29.398310,None,4A:F4:EE:32:3F:A7,-71
2026-08-22 05:39:44.250833,Platco PR1,E4:A6:34:CF:38:ED,-96
2026-08-22 05:39:59.825720,Charge 4,F1:D1:F5:5E:21:37,-84
2026-08-22 05:40:04.588211,None,FA:51:36:3D:60:FE,-76
2026-08-22 05:40:05.451545,None,ED:8B:6B:43:9A:2B,-74
2026-08-22 05:40:05.746215,None,DC:CA:8B:AF:5C:48,-75
2026-08-22 05:40:06.567645,None,C4:54:6A:0D:72:4E,-91
2026-08-22 05:40:06.864497,None,E4:84:D0:1F:3C:08,-79
2026-08-22 05:40:12.535397,None,FF:AA:65:C1:B2:9C,-96
2026-08-22 05:40:13.379497,113685_9C139E7A644C,9C:13:9E:7A:64:4E,-67
2026-08-22 05:40:20.014903,None,DD:CF:BD:1B:9A:BE,-91
2026-08-22 05:40:21.543213,None,CD:20:94:B5:7E:67,-88
2026-08-22 05:40:28.551808,None,D2:72:00:FA:01:3D,-91
2026-08-22 05:40:48.721041,None,71:85:C9:81:D0:24,-91
2026-08-22 05:40:56.455199,Peak Pro 01502,F0:AD:4E:40:19:D5,-81
2026-08-22 05:41:08.709042,ELK-BLEDOM05,BE:67:00:12:01:75,-100
2026-08-22 05:41:12.154340,ResMed 223238,E8:E0:7E:34:BB:D4,-89
2026-08-22 05:41:26.324058,None,C7:39:82:63:B3:A8,-75
2026-08-22 05:41:39.897827,None,72:D6:93:51:F4:3E,-92
2026-08-22 05:41:46.814483,None,55:75:1C:80:8E:9B,-93
2026-08-22 05:42:00.988952,Platco PR1,B4:CB:B8:1B:D4:50,-84
2026-08-22 05:43:01.112860,None,53:B0:71:7D:7A:AF,-81
2026-08-22 05:43:22.416166,MELK-OF21   5C,BE:28:03:00:20:5C,-91
2026-08-22 05:43:59.803192,None,E6:D4:F5:8B:20:3E,-78
2026-08-22 05:44:13.685005,None,DA:42:B0:76:90:02,-98
2026-08-22 05:45:01.651936,None,EC:C0:5A:28:1D:5E,-76
2026-08-22 05:45:02.059589,None,D8:81:0E:4F:96:79,-71
2026-08-22 05:45:02.443957,None,CD:BA:50:5D:ED:0D,-88
2026-08-22 05:45:02.473867,None,CE:50:F8:F6:44:51,-94
2026-08-22 05:45:02.828302,None,D5:FB:E1:30:B9:40,-77
2026-08-22 05:45:04.813790,None,F8:85:A2:87:0A:94,-65
2026-08-22 05:45:05.268528,None,DF:C1:75:E0:DD:EB,-87
2026-08-22 05:45:06.071838,None,D0:D5:DA:68:BF:8D,-81
2026-08-22 05:45:16.208119,None,47:DD:FF:DD:FF:0B,-90
2026-08-22 05:45:16.598250,None,4C:0E:B9:BD:F8:84,-87
2026-08-22 05:45:31.088521,RIOT Plus501B6E,D8:BC:38:50:1B:6E,-98
2026-08-22 05:45:38.632092,None,EC:8D:1A:93:7B:BE,-95
2026-08-22 05:46:14.823996,None,E2:E3:60:62:CD:64,-81
2026-08-22 05:46:19.864166,None,D4:8C:59:17:84:3A,-98
2026-08-22 05:46:37.059763,None,7A:89:A5:CA:4E:61,-70
2026-08-22 05:47:08.624747,EF-D36C0514,A0:85:E3:DE:D2:96,-99
2026-08-22 05:47:18.082696,None,77:83:E9:08:36:20,-85
2026-08-22 05:47:45.520533,None,CE:35:23:7A:3A:30,-85
2026-08-22 05:49:03.679261,20HL39284591421094,48:87:2D:89:79:5D,-98
2026-08-22 05:49:09.764564,None,40:76:50:47:37:DF,-66
2026-08-22 05:49:12.893865,None,EA:0A:1E:9E:65:3E,-95
2026-08-22 05:49:30.734805,None,EA:22:13:1D:CD:68,-93
2026-08-22 05:50:00.995973,Charge 4,F1:D1:F5:5E:21:37,-85
2026-08-22 05:50:13.407163,113685_9C139E7A644C,9C:13:9E:7A:64:4E,-65
2026-08-22 05:50:29.560823,Platco PR1,E4:A6:34:CF:38:ED,-95
2026-08-22 05:50:48.761988,None,71:85:C9:81:D0:24,-90
2026-08-22 05:50:56.669707,Peak Pro 01502,F0:AD:4E:40:19:D5,-94
2026-08-22 05:51:15.547947,ResMed 223238,E8:E0:7E:34:BB:D4,-89
2026-08-22 05:51:40.145373,None,72:D6:93:51:F4:3E,-68
2026-08-22 05:51:47.128915,None,55:75:1C:80:8E:9B,-92
2026-08-22 05:51:52.643058,ELK-BLEDOM05,BE:67:00:12:01:75,-98
2026-08-22 05:51:53.413068,None,68:83:8D:12:87:DC,-92
2026-08-22 05:52:15.682810,Platco PR1,B4:CB:B8:1B:D4:50,-84
2026-08-22 05:53:01.197086,None,53:B0:71:7D:7A:AF,-81
2026-08-22 05:53:22.575803,MELK-OF21   5C,BE:28:03:00:20:5C,-92
2026-08-22 05:53:39.668492,None,66:1C:FC:82:72:B7,-97
2026-08-22 05:53:39.968558,None,48:BE:EC:57:0B:7F,-90
2026-08-22 05:54:19.328269,None,E0:B1:82:BC:AF:92,-95
2026-08-22 05:55:02.963504,None,EC:C0:5A:28:1D:5E,-84
2026-08-22 05:55:04.143789,None,CD:BA:50:5D:ED:0D,-93
2026-08-22 05:55:04.791349,None,D5:FB:E1:30:B9:40,-74
2026-08-22 05:55:05.549711,None,D8:81:0E:4F:96:79,-72
2026-08-22 05:55:05.702249,None,CE:50:F8:F6:44:51,-93
2026-08-22 05:55:06.157762,None,DF:C1:75:E0:DD:EB,-75
2026-08-22 05:55:10.680701,None,F8:85:A2:87:0A:94,-64
2026-08-22 05:55:11.529109,None,D0:D5:DA:68:BF:8D,-77
2026-08-22 05:55:16.807961,None,47:DD:FF:DD:FF:0B,-91
2026-08-22 05:55:18.246856,None,4C:0E:B9:BD:F8:84,-88
2026-08-22 05:55:33.493962,RIOT Plus501B6E,D8:BC:38:50:1B:6E,-95
2026-08-22 05:55:45.481787,None,EC:8D:1A:93:7B:BE,-95
2026-08-22 05:55:50.752638,None,49:90:27:CE:5D:2D,-91
2026-08-22 05:56:16.382781,None,E2:E3:60:62:CD:64,-76
2026-08-22 05:56:26.167527,None,67:16:BB:3B:4B:EC,-90
2026-08-22 05:56:32.854628,None,40:71:DB:99:8D:91,-95
2026-08-22 05:56:33.191428,None,78:1F:94:18:4F:96,-93
2026-08-22 05:56:33.808271,None,47:F9:BB:63:FB:99,-91
2026-08-22 05:56:35.560831,None,FF:35:89:46:BD:31,-102
2026-08-22 05:57:19.035834,None,77:83:E9:08:36:20,-85
2026-08-22 05:57:19.145139,EF-D36C0514,A0:85:E3:DE:D2:96,-95
2026-08-22 05:57:29.604016,None,76:BB:E1:EC:2F:E8,-90
2026-08-22 05:57:38.313821,None,6C:88:E7:72:C5:6B,-87
2026-08-22 05:57:46.730278,None,CE:35:23:7A:3A:30,-80
2026-08-22 05:58:23.324956,None,65:AA:F4:65:CA:17,-73
2026-08-22 05:58:35.987631,None,F3:3C:BC:87:E3:84,-97
2026-08-22 05:58:59.301503,None,FB:BA:A4:0A:1B:10,-98
2026-08-22 05:58:59.663542,None,50:8D:CE:C9:5B:73,-95
2026-08-22 05:59:11.312427,None,40:76:50:47:37:DF,-70
2026-08-22 05:59:20.753863,20HL39284591421094,48:87:2D:89:79:5D,-94
2026-08-22 05:59:28.190694,None,73:F4:A4:DE:EB:0E,-102
2026-08-22 06:00:00.193696,None,DB:AB:AB:7D:81:D4,-80
2026-08-22 06:00:00.213036,None,E8:21:7D:2F:9C:B1,-72
2026-08-22 06:00:00.816967,None,E8:94:DE:11:5F:EC,-71
2026-08-22 06:00:02.046798,Charge 4,F1:D1:F5:5E:21:37,-91
2026-08-22 06:00:02.380476,None,C3:FA:0D:A0:CC:CF,-90
2026-08-22 06:00:02.922196,None,D0:C6:7E:52:D9:B9,-93
2026-08-22 06:00:03.201328,None,FF:26:80:08:56:4E,-75
2026-08-22 06:00:06.442079,None,CC:9A:CA:C5:79:2F,-93
2026-08-22 06:00:07.953061,None,D5:90:54:B4:2B:F5,-75
2026-08-22 06:00:13.418170,113685_9C139E7A644C,9C:13:9E:7A:64:4E,-67
2026-08-22 06:00:16.525277,None,CA:51:67:D7:FA:53,-99
2026-08-22 06:00:56.903415,Peak Pro 01502,F0:AD:4E:40:19:D5,-83
2026-08-22 06:00:59.472267,Platco PR1,E4:A6:34:CF:38:ED,-94
2026-08-22 06:01:03.865769,None,CE:EF:FF:1B:17:43,-97
2026-08-22 06:01:16.573599,ResMed 223238,E8:E0:7E:34:BB:D4,-93
2026-08-22 06:01:16.712585,None,EB:31:74:66:00:DF,-79
2026-08-22 06:01:36.550512,None,C2:BE:4E:A4:31:8C,-97
2026-08-22 06:01:54.283742,None,68:83:8D:12:87:DC,-89
2026-08-22 06:02:16.018338,Platco PR1,B4:CB:B8:1B:D4:50,-86
2026-08-22 06:02:43.980743,None,6D:21:36:FA:DA:9F,-72
2026-08-22 06:02:57.684211,None,44:63:5B:AC:89:E7,-87
2026-08-22 06:03:05.509597,None,50:F3:7A:1D:6E:1F,-95
2026-08-22 06:03:05.591424,None,F0:D6:BD:C3:50:F8,-88
2026-08-22 06:03:22.590266,MELK-OF21   5C,BE:28:03:00:20:5C,-90
2026-08-22 06:03:40.876238,None,48:BE:EC:57:0B:7F,-91
2026-08-22 06:04:31.970212,None,76:8D:72:89:89:AB,-65
2026-08-22 06:04:41.328829,None,DF:44:2F:ED:73:D3,-97
2026-08-22 06:05:06.544163,None,44:6F:B9:4B:9B:D4,-102
2026-08-22 06:05:34.415781,RIOT Plus501B6E,D8:BC:38:50:1B:6E,-97
2026-08-22 06:05:52.091362,None,49:90:27:CE:5D:2D,-92
2026-08-22 06:06:53.702350,None,F7:FE:CB:34:34:06,-95
2026-08-22 06:07:19.395492,None,77:83:E9:08:36:20,-97
2026-08-22 06:07:29.663678,None,76:BB:E1:EC:2F:E8,-86
2026-08-22 06:07:42.183676,None,6C:88:E7:72:C5:6B,-86
2026-08-22 06:07:49.122108,EF-D36C0514,A0:85:E3:DE:D2:96,-96
2026-08-22 06:08:23.365187,None,65:AA:F4:65:CA:17,-83
2026-08-22 06:09:09.467386,None,50:8D:CE:C9:5B:73,-98
2026-08-22 06:09:21.266989,None,4D:A4:69:B5:E3:92,-98
2026-08-22 06:09:28.518047,20HL39284591421094,48:87:2D:89:79:5D,-95
2026-08-22 06:10:01.541993,None,E8:21:7D:2F:9C:B1,-73
2026-08-22 06:10:02.502127,None,E8:94:DE:11:5F:EC,-71
2026-08-22 06:10:03.015481,Charge 4,F1:D1:F5:5E:21:37,-90
2026-08-22 06:10:03.496995,None,FF:26:80:08:56:4E,-63
2026-08-22 06:10:03.550721,None,DB:AB:AB:7D:81:D4,-77
2026-08-22 06:10:04.534356,None,D0:C6:7E:52:D9:B9,-87
2026-08-22 06:10:09.090733,None,C3:FA:0D:A0:CC:CF,-92
2026-08-22 06:10:10.859745,None,D5:90:54:B4:2B:F5,-64
2026-08-22 06:10:15.636393,113685_9C139E7A644C,9C:13:9E:7A:64:4E,-70
2026-08-22 06:10:24.070116,None,CC:9A:CA:C5:79:2F,-94
2026-08-22 06:10:43.925752,None,CA:51:67:D7:FA:53,-91
2026-08-22 06:10:48.705353,None,67:89:A2:34:5F:81,-91
2026-08-22 06:10:58.163616,Peak Pro 01502,F0:AD:4E:40:19:D5,-87
2026-08-22 06:11:09.802267,Platco PR1,E4:A6:34:CF:38:ED,-96
2026-08-22 06:11:14.625025,None,CE:EF:FF:1B:17:43,-94
2026-08-22 06:11:16.859658,ResMed 223238,E8:E0:7E:34:BB:D4,-95
2026-08-22 06:11:19.511661,None,EB:31:74:66:00:DF,-79
2026-08-22 06:11:58.024898,None,68:83:8D:12:87:DC,-94
2026-08-22 06:12:09.360749,None,4E:02:87:99:1F:4A,-75
2026-08-22 06:12:33.763255,None,EE:22:DC:4C:C3:B6,-100
2026-08-22 06:12:35.904921,Platco PR1,B4:CB:B8:1B:D4:50,-88
2026-08-22 06:13:11.370083,None,F0:D6:BD:C3:50:F8,-80
2026-08-22 06:13:22.653953,MELK-OF21   5C,BE:28:03:00:20:5C,-91
2026-08-22 06:13:42.662458,None,48:BE:EC:57:0B:7F,-81
2026-08-22 06:13:53.111493,None,46:93:B0:DB:D0:42,-96
2026-08-22 06:14:33.452123,None,76:8D:72:89:89:AB,-75
2026-08-22 06:14:40.345458,None,62:AA:04:C8:43:63,-89
2026-08-22 06:14:40.590865,None,68:9D:23:04:DD:5A,-86
2026-08-22 06:15:00.049050,None,F9:4A:63:41:73:7B,-77
2026-08-22 06:15:00.060841,None,FF:F7:B1:9F:37:BD,-71
2026-08-22 06:15:00.368663,None,FF:E2:A3:DC:62:D1,-66
2026-08-22 06:15:00.456228,None,D0:78:B4:D1:AF:F9,-90
2026-08-22 06:15:00.497176,None,C4:CA:AB:12:21:AB,-91
2026-08-22 06:15:02.826329,None,D8:C1:81:D0:70:FB,-74
2026-08-22 06:15:03.236431,None,D2:F7:5E:1C:8E:9A,-89
2026-08-22 06:15:04.034300,None,FF:A2:FB:88:A9:13,-65
2026-08-22 06:15:22.393750,None,43:1E:DD:25:52:C5,-79
2026-08-22 06:15:22.429105,None,6C:1B:5C:92:AF:5F,-92
2026-08-22 06:15:22.761357,None,6A:0B:F7:4F:9C:19,-96
2026-08-22 06:15:24.404247,None,FC:4A:32:E9:40:0A,-92
2026-08-22 06:15:30.878019,None,F3:10:CB:AF:3E:BA,-96
2026-08-22 06:15:36.680927,RIOT Plus501B6E,D8:BC:38:50:1B:6E,-97
2026-08-22 06:15:38.668666,None,EA:1A:2D:D7:02:29,-96
2026-08-22 06:15:43.197446,None,DF:44:2F:ED:73:D3,-100
2026-08-22 06:16:15.970814,None,FC:94:90:A2:1F:97,-85
2026-08-22 06:16:55.135145,None,4B:85:F5:39:23:80,-92
2026-08-22 06:17:19.563723,None,77:83:E9:08:36:20,-94
2026-08-22 06:17:24.508155,None,F3:06:13:7F:DE:A4,-86
2026-08-22 06:17:52.739212,EF-D36C0514,A0:85:E3:DE:D2:96,-96
2026-08-22 06:19:11.918706,None,44:6F:B9:4B:9B:D4,-97
2026-08-22 06:19:46.629904,None,4D:A4:69:B5:E3:92,-101
2026-08-22 06:20:00.863975,20HL39284591421094,48:87:2D:89:79:5D,-100
2026-08-22 06:20:05.448152,Charge 4,F1:D1:F5:5E:21:37,-86
2026-08-22 06:20:15.772874,113685_9C139E7A644C,9C:13:9E:7A:64:4E,-70
2026-08-22 06:20:48.769341,None,67:89:A2:34:5F:81,-94
2026-08-22 06:20:58.793197,Peak Pro 01502,F0:AD:4E:40:19:D5,-85
2026-08-22 06:21:18.151420,ResMed 223238,E8:E0:7E:34:BB:D4,-91
2026-08-22 06:21:39.754271,Platco PR1,E4:A6:34:CF:38:ED,-94
2026-08-22 06:22:09.586412,None,4E:02:87:99:1F:4A,-71
2026-08-22 06:22:11.552949,None,F5:AF:C4:30:77:1D,-99
2026-08-22 06:22:45.768989,Platco PR1,B4:CB:B8:1B:D4:50,-86
2026-08-22 06:22:51.480864,None,7E:86:B7:14:A9:DD,-72
2026-08-22 06:23:08.393757,None,58:62:BA:10:28:6A,-96
2026-08-22 06:23:24.645500,MELK-OF21   5C,BE:28:03:00:20:5C,-91
2026-08-22 06:23:57.269936,None,46:93:B0:DB:D0:42,-94
2026-08-22 06:24:42.855140,None,68:9D:23:04:DD:5A,-87
2026-08-22 06:24:44.763890,None,62:AA:04:C8:43:63,-90
2026-08-22 06:25:01.407749,None,FF:F7:B1:9F:37:BD,-70
2026-08-22 06:25:03.529268,None,F9:4A:63:41:73:7B,-78
2026-08-22 06:25:03.960898,None,D8:C1:81:D0:70:FB,-66
2026-08-22 06:25:04.025437,None,FF:E2:A3:DC:62:D1,-63
2026-08-22 06:25:04.822951,None,D2:F7:5E:1C:8E:9A,-87
2026-08-22 06:25:05.856818,None,FF:A2:FB:88:A9:13,-75
2026-08-22 06:25:07.086364,None,C4:CA:AB:12:21:AB,-93
2026-08-22 06:25:11.963493,None,D0:78:B4:D1:AF:F9,-96
2026-08-22 06:25:25.033273,None,43:1E:DD:25:52:C5,-95
2026-08-22 06:25:25.425847,None,6A:0B:F7:4F:9C:19,-89
2026-08-22 06:25:25.754493,None,FC:4A:32:E9:40:0A,-98
2026-08-22 06:25:25.914640,None,69:EA:9F:F5:55:BA,-91
2026-08-22 06:25:25.977531,None,6C:1B:5C:92:AF:5F,-90
2026-08-22 06:25:26.144926,None,D4:AD:CC:2D:32:9E,-93
2026-08-22 06:25:40.284890,None,6A:E0:59:DA:3C:56,-95
2026-08-22 06:25:41.116765,RIOT Plus501B6E,D8:BC:38:50:1B:6E,-96
2026-08-22 06:25:49.843982,None,6F:22:7D:E1:A8:4D,-97
2026-08-22 06:26:17.520440,None,FC:94:90:A2:1F:97,-87
2026-08-22 06:26:32.272668,None,F3:10:CB:AF:3E:BA,-89
2026-08-22 06:27:01.247015,None,77:57:69:E5:EE:31,-94
2026-08-22 06:27:36.128391,None,F3:06:13:7F:DE:A4,-90
2026-08-22 06:27:52.828667,EF-D36C0514,A0:85:E3:DE:D2:96,-99
2026-08-22 06:29:28.275900,None,7A:B2:C3:7E:58:3E,-90
2026-08-22 06:29:31.753482,None,42:B0:7A:FC:4D:44,-88
2026-08-22 06:29:34.461209,None,DB:F5:68:F3:88:89,-98
2026-08-22 06:29:43.063423,None,51:57:AB:7A:FF:E3,-95
2026-08-22 06:30:00.094116,None,E6:30:25:13:D4:EC,-77
2026-08-22 06:30:02.277443,None,D6:7E:06:64:9C:40,-88
2026-08-22 06:30:02.794075,None,CC:63:D5:DB:41:B8,-73
2026-08-22 06:30:02.871153,None,DE:31:A4:3B:D1:05,-80
2026-08-22 06:30:04.107055,None,EE:59:17:AC:75:74,-74
2026-08-22 06:30:04.506223,None,C9:DD:B0:69:CF:64,-94
2026-08-22 06:30:04.729794,None,D7:83:54:1C:77:21,-66
2026-08-22 06:30:05.278060,None,F1:E6:BD:7C:50:D9,-71
2026-08-22 06:30:09.517241,None,44:6F:B9:4B:9B:D4,-97
2026-08-22 06:30:10.453037,None,EB:6A:23:CB:6D:7F,-89
2026-08-22 06:30:10.462529,Charge 4,F1:D1:F5:5E:21:37,-92
2026-08-22 06:30:12.532665,None,C3:86:37:06:21:C3,-94
2026-08-22 06:30:14.180797,None,DA:7A:A0:71:B4:C8,-92
2026-08-22 06:30:16.375659,113685_9C139E7A644C,9C:13:9E:7A:64:4E,-72
2026-08-22 06:30:30.318593,20HL39284591421094,48:87:2D:89:79:5D,-96
2026-08-22 06:30:59.828303,Peak Pro 01502,F0:AD:4E:40:19:D5,-83
2026-08-22 06:31:19.799154,ResMed 223238,E8:E0:7E:34:BB:D4,-92
2026-08-22 06:32:15.024710,Platco PR1,E4:A6:34:CF:38:ED,-96
2026-08-22 06:32:43.204058,None,F5:AF:C4:30:77:1D,-95
2026-08-22 06:32:55.708005,None,7E:86:B7:14:A9:DD,-65
2026-08-22 06:32:56.169299,Platco PR1,B4:CB:B8:1B:D4:50,-88
2026-08-22 06:33:08.684269,None,58:62:BA:10:28:6A,-91
2026-08-22 06:33:09.463356,None,71:2F:60:7C:E0:33,-64
2026-08-22 06:33:15.380256,None,E1:74:CD:91:62:A5,-94
2026-08-22 06:33:18.060309,None,6C:8F:0B:D7:2D:E9,-90
2026-08-22 06:33:18.468269,None,45:F4:98:EF:A5:3B,-91
2026-08-22 06:33:19.399309,None,76:77:F6:4B:68:67,-92
2026-08-22 06:33:24.690105,MELK-OF21   5C,BE:28:03:00:20:5C,-91
2026-08-22 06:35:33.646949,None,7F:28:ED:43:3D:6C,-80
2026-08-22 06:35:46.565904,RIOT Plus501B6E,D8:BC:38:50:1B:6E,-97
2026-08-22 06:35:50.959927,None,6D:C9:38:7C:77:28,-73
2026-08-22 06:35:51.240177,None,6F:22:7D:E1:A8:4D,-88
2026-08-22 06:35:54.314660,None,6A:E0:59:DA:3C:56,-99
2026-08-22 06:35:57.848220,None,56:CA:64:FE:7C:86,-71
2026-08-22 06:36:13.237700,None,7E:7D:AB:3C:CA:C5,-99
2026-08-22 06:36:16.033426,None,45:24:1B:B8:87:DD,-100
2026-08-22 06:36:30.481084,None,5C:2B:04:CD:90:8A,-89
2026-08-22 06:36:47.976913,None,D7:DC:33:64:46:1F,-98
2026-08-22 06:37:01.533781,None,77:57:69:E5:EE:31,-88
2026-08-22 06:38:30.635337,EF-D36C0514,A0:85:E3:DE:D2:96,-97
2026-08-22 06:39:31.083730,None,7A:B2:C3:7E:58:3E,-91
2026-08-22 06:39:31.822635,None,42:B0:7A:FC:4D:44,-90
2026-08-22 06:40:01.505302,None,E6:30:25:13:D4:EC,-78
2026-08-22 06:40:04.934751,None,C9:DD:B0:69:CF:64,-92
2026-08-22 06:40:07.465313,None,EE:59:17:AC:75:74,-74
2026-08-22 06:40:07.731323,None,D6:7E:06:64:9C:40,-86
2026-08-22 06:40:08.368732,None,F1:E6:BD:7C:50:D9,-74
2026-08-22 06:40:08.721599,None,CC:63:D5:DB:41:B8,-72
2026-08-22 06:40:10.372562,None,DE:31:A4:3B:D1:05,-85
2026-08-22 06:40:10.912187,None,D7:83:54:1C:77:21,-66
2026-08-22 06:40:11.427516,Charge 4,F1:D1:F5:5E:21:37,-94
2026-08-22 06:40:16.706907,113685_9C139E7A644C,9C:13:9E:7A:64:4E,-70
2026-08-22 06:40:17.605440,None,DA:7A:A0:71:B4:C8,-91
2026-08-22 06:40:18.004575,None,EB:6A:23:CB:6D:7F,-92
2026-08-22 06:40:37.850320,20HL39284591421094,48:87:2D:89:79:5D,-95
2026-08-22 06:40:49.739245,None,4A:B0:A1:0B:D8:74,-90
2026-08-22 06:40:59.904196,Peak Pro 01502,F0:AD:4E:40:19:D5,-83
2026-08-22 06:41:12.562768,None,C3:86:37:06:21:C3,-96
2026-08-22 06:41:19.932424,ResMed 223238,E8:E0:7E:34:BB:D4,-91
2026-08-22 06:42:43.812895,None,4F:03:45:E4:4A:B5,-96
2026-08-22 06:42:45.380952,Platco PR1,E4:A6:34:CF:38:ED,-98
2026-08-22 06:43:01.013086,Platco PR1,B4:CB:B8:1B:D4:50,-87
2026-08-22 06:43:10.687753,None,58:62:BA:10:28:6A,-81
2026-08-22 06:43:19.381278,None,45:F4:98:EF:A5:3B,-91
2026-08-22 06:43:20.227579,None,76:77:F6:4B:68:67,-91
2026-08-22 06:43:20.935643,None,E1:74:CD:91:62:A5,-88
2026-08-22 06:43:21.046488,None,6C:8F:0B:D7:2D:E9,-90
2026-08-22 06:43:24.707774,MELK-OF21   5C,BE:28:03:00:20:5C,-94
2026-08-22 06:44:10.738674,None,74:24:80:4F:0F:72,-90
2026-08-22 06:44:44.277618,None,51:57:AB:7A:FF:E3,-96
2026-08-22 06:45:00.074632,None,DA:A1:84:C6:81:0B,-79
2026-08-22 06:45:00.085287,None,FF:42:6F:92:4F:40,-87
2026-08-22 06:45:00.251748,None,C3:FA:78:C5:62:FB,-92
2026-08-22 06:45:03.581094,None,D5:9E:30:09:75:52,-71
2026-08-22 06:45:04.520187,None,EE:94:83:36:86:72,-93
2026-08-22 06:45:04.794355,None,EE:2F:EB:ED:0B:A9,-71
2026-08-22 06:45:05.142117,None,FF:C7:24:60:DA:1A,-61
2026-08-22 06:45:12.068146,None,4F:92:AB:64:0E:BC,-95
2026-08-22 06:45:40.443135,None,D8:06:44:B7:4D:25,-89
2026-08-22 06:45:46.556544,None,E0:F8:7C:DD:61:41,-77
2026-08-22 06:45:49.665018,RIOT Plus501B6E,D8:BC:38:50:1B:6E,-93
2026-08-22 06:46:01.723026,None,56:CA:64:FE:7C:86,-70
2026-08-22 06:46:16.734713,None,CA:06:FC:07:85:AD,-88
2026-08-22 06:46:16.809852,None,45:24:1B:B8:87:DD,-98
2026-08-22 06:46:24.045624,None,C8:23:0F:84:4C:B0,-97
2026-08-22 06:46:39.091779,None,CE:CF:56:03:3B:55,-97
2026-08-22 06:46:59.467406,None,D7:DC:33:64:46:1F,-99
2026-08-22 06:47:01.925959,None,77:57:69:E5:EE:31,-84
2026-08-22 06:47:26.612977,None,66:B0:1A:CD:03:17,-91
2026-08-22 06:47:26.958398,None,6B:D8:F7:38:67:22,-89
2026-08-22 06:47:29.243827,None,63:FE:78:F5:72:16,-90
2026-08-22 06:48:38.525197,None,79:EA:3B:3B:AA:52,-90
2026-08-22 06:48:46.572407,None,7C:4D:30:BA:44:73,-90
2026-08-22 06:49:15.515663,EF-D36C0514,A0:85:E3:DE:D2:96,-97
2026-08-22 06:49:20.950592,None,C2:A7:29:D2:1A:58,-97
2026-08-22 06:49:26.154433,None,C4:FF:D6:E3:30:8B,-86
2026-08-22 06:49:44.151736,None,6E:C5:2F:7C:FE:C9,-75
2026-08-22 06:50:15.148524,Charge 4,F1:D1:F5:5E:21:37,-85
2026-08-22 06:50:16.782831,113685_9C139E7A644C,9C:13:9E:7A:64:4E,-66
2026-08-22 06:50:26.690499,LFSmart Scale,CF:E9:17:28:41:0D,-95
2026-08-22 06:50:50.522493,None,4A:B0:A1:0B:D8:74,-93
2026-08-22 06:51:00.607080,Peak Pro 01502,F0:AD:4E:40:19:D5,-94
2026-08-22 06:51:20.104859,ResMed 223238,E8:E0:7E:34:BB:D4,-93
2026-08-22 06:51:21.713006,20HL39284591421094,48:87:2D:89:79:5D,-97
2026-08-22 06:52:51.214754,None,4F:03:45:E4:4A:B5,-100
2026-08-22 06:53:25.455084,MELK-OF21   5C,BE:28:03:00:20:5C,-92
2026-08-22 06:53:35.258319,Platco PR1,E4:A6:34:CF:38:ED,-96
2026-08-22 06:53:36.351008,Platco PR1,B4:CB:B8:1B:D4:50,-83
2026-08-22 06:54:10.820352,None,74:24:80:4F:0F:72,-93
2026-08-22 06:54:51.903125,None,67:79:95:84:4D:E0,-93
2026-08-22 06:55:01.509615,None,DA:A1:84:C6:81:0B,-77
2026-08-22 06:55:01.521310,None,FF:42:6F:92:4F:40,-89
2026-08-22 06:55:05.143373,None,D5:9E:30:09:75:52,-69
2026-08-22 06:55:05.585365,None,C3:FA:78:C5:62:FB,-86
2026-08-22 06:55:06.277959,None,FF:C7:24:60:DA:1A,-71
2026-08-22 06:55:08.122709,None,EE:2F:EB:ED:0B:A9,-66
2026-08-22 06:55:13.359381,None,4F:92:AB:64:0E:BC,-97
2026-08-22 06:55:22.949942,None,EE:94:83:36:86:72,-91
2026-08-22 06:55:47.970778,None,E0:F8:7C:DD:61:41,-92
2026-08-22 06:55:48.910218,None,73:82:A3:CD:2C:49,-91
2026-08-22 06:55:49.689110,RIOT Plus501B6E,D8:BC:38:50:1B:6E,-94
2026-08-22 06:55:54.749959,None,D8:06:44:B7:4D:25,-91
2026-08-22 06:56:03.156187,None,56:CA:64:FE:7C:86,-69
2026-08-22 06:56:15.813368,None,7A:F4:B2:80:12:7B,-62
2026-08-22 06:56:17.859990,None,CA:06:FC:07:85:AD,-78
2026-08-22 06:56:24.260656,None,C8:23:0F:84:4C:B0,-96
2026-08-22 06:56:32.151713,None,45:24:1B:B8:87:DD,-98
2026-08-22 06:57:02.137604,None,77:57:69:E5:EE:31,-83
2026-08-22 06:57:27.025254,None,6B:D8:F7:38:67:22,-92
2026-08-22 06:57:27.907181,None,66:B0:1A:CD:03:17,-92
2026-08-22 06:57:29.666603,None,63:FE:78:F5:72:16,-90
2026-08-22 06:58:01.785467,None,5A:4C:1D:45:99:9A,-97
2026-08-22 06:58:36.868081,None,CE:CF:56:03:3B:55,-99
2026-08-22 06:58:39.997145,None,79:EA:3B:3B:AA:52,-91
2026-08-22 06:58:52.259197,None,7C:4D:30:BA:44:73,-87
2026-08-22 06:59:29.686067,None,C4:FF:D6:E3:30:8B,-89
2026-08-22 06:59:35.794891,None,41:AD:EB:A0:98:BD,-92
2026-08-22 06:59:36.790630,None,49:87:08:39:28:18,-91
2026-08-22 06:59:39.647879,None,7F:DB:C3:AB:30:58,-90
2026-08-22 06:59:53.661675,None,7F:BD:F7:F5:6C:3B,-80
2026-08-22 06:59:54.527218,None,1E:4B:53:F0:4B:5E,-98
2026-08-22 07:00:00.743996,None,FE:12:40:8B:34:40,-62
2026-08-22 07:00:02.077743,None,C3:BA:86:D3:D1:3C,-72
2026-08-22 07:00:02.090836,None,D2:37:06:FC:70:64,-72
2026-08-22 07:00:03.762066,None,F3:CB:E0:91:FD:E3,-69
2026-08-22 07:00:04.088705,None,CC:F9:25:6C:75:F7,-76
2026-08-22 07:00:08.285923,None,F9:30:3A:22:1E:BD,-77
2026-08-22 07:00:08.462700,None,FB:D4:8B:92:32:22,-93
2026-08-22 07:00:10.317081,None,D6:77:65:3A:E8:08,-87
2026-08-22 07:00:11.540857,EF-D36C0514,A0:85:E3:DE:D2:96,-97
2026-08-22 07:00:16.303580,Charge 4,F1:D1:F5:5E:21:37,-88
2026-08-22 07:00:16.398370,None,D5:E6:38:18:6B:19,-92
2026-08-22 07:00:17.034741,113685_9C139E7A644C,9C:13:9E:7A:64:4E,-65
2026-08-22 07:00:30.531543,None,E4:6B:C6:F8:D7:25,-90
2026-08-22 07:00:46.835350,None,D9:0A:44:E8:21:53,-90
2026-08-22 07:01:00.888845,Peak Pro 01502,F0:AD:4E:40:19:D5,-84
2026-08-22 07:01:01.440092,None,6E:C5:2F:7C:FE:C9,-70
2026-08-22 07:01:20.380542,ResMed 223238,E8:E0:7E:34:BB:D4,-88
2026-08-22 07:01:22.368061,None,E2:88:F9:44:59:16,-88
2026-08-22 07:01:50.495690,20HL39284591421094,48:87:2D:89:79:5D,-98
2026-08-22 07:02:56.014849,None,4F:03:45:E4:4A:B5,-96
2026-08-22 07:03:27.201435,MELK-OF21   5C,BE:28:03:00:20:5C,-92
2026-08-22 07:03:46.210395,Platco PR1,B4:CB:B8:1B:D4:50,-84
2026-08-22 07:03:53.240996,None,C1:01:3D:3F:25:99,-94
2026-08-22 07:03:58.138941,None,D5:B7:DC:B3:94:14,-96
2026-08-22 07:04:10.859228,None,74:24:80:4F:0F:72,-87
2026-08-22 07:04:25.027816,None,77:28:6F:7B:F5:69,-93
2026-08-22 07:04:30.720435,None,4F:57:3A:FC:09:07,-87
2026-08-22 07:05:01.177665,Platco PR1,E4:A6:34:CF:38:ED,-97
2026-08-22 07:05:37.417725,None,4F:92:AB:64:0E:BC,-98
2026-08-22 07:05:49.032148,None,73:82:A3:CD:2C:49,-92
2026-08-22 07:05:52.744326,RIOT Plus501B6E,D8:BC:38:50:1B:6E,-96
2026-08-22 07:05:57.983954,ELK-BLEDOM05,BE:67:00:12:01:75,-98
2026-08-22 07:06:17.640598,None,7A:F4:B2:80:12:7B,-74
2026-08-22 07:08:04.702289,None,54:75:0E:3A:8F:6F,-96
2026-08-22 07:08:17.521679,None,5A:4C:1D:45:99:9A,-98
2026-08-22 07:09:36.229135,None,41:AD:EB:A0:98:BD,-91
2026-08-22 07:09:38.645679,None,49:87:08:39:28:18,-92
2026-08-22 07:09:38.805416,None,F4:5D:CF:61:C8:B0,-96
2026-08-22 07:09:42.548465,None,7F:DB:C3:AB:30:58,-93
2026-08-22 07:09:56.429343,None,7F:BD:F7:F5:6C:3B,-81
2026-08-22 07:10:03.521384,None,D2:37:06:FC:70:64,-73
2026-08-22 07:10:03.532406,None,C3:BA:86:D3:D1:3C,-74
2026-08-22 07:10:04.227475,None,FE:12:40:8B:34:40,-67
2026-08-22 07:10:04.423015,None,F3:CB:E0:91:FD:E3,-78
2026-08-22 07:10:05.561809,None,CC:F9:25:6C:75:F7,-86
2026-08-22 07:10:11.723990,None,F9:30:3A:22:1E:BD,-78
2026-08-22 07:10:11.990502,None,50:7A:B8:D0:34:58,-87
2026-08-22 07:10:12.027805,None,FB:D4:8B:92:32:22,-93
2026-08-22 07:10:17.277955,Charge 4,F1:D1:F5:5E:21:37,-98
2026-08-22 07:10:17.341608,113685_9C139E7A644C,9C:13:9E:7A:64:4E,-65
2026-08-22 07:10:19.688025,None,D6:77:65:3A:E8:08,-88
2026-08-22 07:10:40.778262,None,D5:E6:38:18:6B:19,-91
2026-08-22 07:10:47.498530,None,46:C1:1C:76:24:49,-97
2026-08-22 07:10:48.596203,None,E4:6B:C6:F8:D7:25,-92
2026-08-22 07:10:48.726332,None,56:23:2A:A1:3B:3E,-92
2026-08-22 07:10:52.398323,None,D9:0A:44:E8:21:53,-97
2026-08-22 07:11:01.103810,Peak Pro 01502,F0:AD:4E:40:19:D5,-84
2026-08-22 07:11:20.479885,ResMed 223238,E8:E0:7E:34:BB:D4,-90
2026-08-22 07:11:24.499833,None,E2:88:F9:44:59:16,-87
2026-08-22 07:11:48.404297,None,57:6B:85:72:63:BB,-91
2026-08-22 07:11:48.700269,None,46:C6:05:09:B4:E2,-91
2026-08-22 07:11:49.028977,None,58:B5:12:45:C6:6D,-91
2026-08-22 07:11:51.486731,EF-D36C0514,A0:85:E3:DE:D2:96,-101
2026-08-22 07:11:52.063864,20HL39284591421094,48:87:2D:89:79:5D,-98
2026-08-22 07:12:33.495387,None,4A:F2:D5:A6:F5:59,-98
2026-08-22 07:12:34.472945,None,65:5F:D2:9F:BF:02,-94
2026-08-22 07:13:01.295356,None,60:E7:13:14:04:FC,-68
2026-08-22 07:13:27.312967,MELK-OF21   5C,BE:28:03:00:20:5C,-93
2026-08-22 07:13:41.473903,None,5B:AB:D1:D4:B4:1D,-95
2026-08-22 07:13:56.061360,Platco PR1,B4:CB:B8:1B:D4:50,-85
2026-08-22 07:14:25.108355,None,77:28:6F:7B:F5:69,-86
2026-08-22 07:14:28.281502,None,C1:01:3D:3F:25:99,-100
2026-08-22 07:14:34.382558,None,4F:57:3A:FC:09:07,-87
2026-08-22 07:14:35.727766,None,76:38:0C:6D:A6:F0,-86
2026-08-22 07:15:00.089901,None,DB:CF:C9:44:4C:CD,-74
2026-08-22 07:15:00.107839,None,D5:88:39:41:FF:9D,-86
2026-08-22 07:15:00.123269,None,F6:56:5C:4A:9C:13,-66
2026-08-22 07:15:00.355739,None,C5:9C:99:A8:A9:2D,-81
2026-08-22 07:15:01.269896,None,C5:7F:4A:9E:24:12,-91
2026-08-22 07:15:02.474329,None,C1:24:08:AE:D7:14,-94
2026-08-22 07:15:06.837565,None,C3:72:78:99:94:84,-68
2026-08-22 07:15:07.419297,None,EF:EE:6F:6B:66:01,-87
2026-08-22 07:15:08.475421,None,EF:52:62:28:73:D8,-88
2026-08-22 07:15:14.740991,None,E0:18:17:CE:B4:9D,-91
2026-08-22 07:15:17.112482,None,C1:B0:E9:C2:41:AB,-98
2026-08-22 07:15:42.046835,None,CF:67:F7:47:42:5C,-98
2026-08-22 07:15:56.835477,RIOT Plus501B6E,D8:BC:38:50:1B:6E,-93
2026-08-22 07:16:20.580569,None,41:77:CD:C3:FD:AE,-85
2026-08-22 07:16:32.071406,Platco PR1,E4:A6:34:CF:38:ED,-96
2026-08-22 07:17:20.402069,None,69:0F:62:C9:C6:EC,-92
2026-08-22 07:17:21.428004,None,7E:79:9D:5D:A9:25,-93
2026-08-22 07:17:21.766992,None,62:19:94:12:0D:A7,-90
2026-08-22 07:17:41.625337,None,DF:8F:71:AE:32:45,-84
2026-08-22 07:18:04.736219,None,54:75:0E:3A:8F:6F,-98
2026-08-22 07:18:05.997420,None,73:AF:3C:6B:69:69,-91
2026-08-22 07:18:20.762644,None,77:9C:4C:7E:AF:AD,-95
2026-08-22 07:18:21.926192,None,5A:4C:1D:45:99:9A,-101
2026-08-22 07:19:38.828752,None,62:20:E1:19:76:7D,-102
2026-08-22 07:19:58.783314,None,7F:BD:F7:F5:6C:3B,-90
2026-08-22 07:20:12.335211,None,50:7A:B8:D0:34:58,-87
2026-08-22 07:20:19.035387,113685_9C139E7A644C,9C:13:9E:7A:64:4E,-72
2026-08-22 07:20:19.706362,Charge 4,F1:D1:F5:5E:21:37,-83
2026-08-22 07:20:49.573349,None,56:23:2A:A1:3B:3E,-91
2026-08-22 07:20:49.769196,None,5E:2F:4D:2A:37:B9,-90
2026-08-22 07:20:49.859140,None,76:15:6D:90:E9:97,-91
2026-08-22 07:21:00.266548,None,C2:C9:64:71:35:87,-95
2026-08-22 07:21:01.288911,Peak Pro 01502,F0:AD:4E:40:19:D5,-83
2026-08-22 07:21:05.062812,None,46:C1:1C:76:24:49,-95
2026-08-22 07:21:20.488611,ResMed 223238,E8:E0:7E:34:BB:D4,-91
2026-08-22 07:21:56.235192,20HL39284591421094,48:87:2D:89:79:5D,-99
2026-08-22 07:22:00.684874,EF-D36C0514,A0:85:E3:DE:D2:96,-99
2026-08-22 07:23:08.295681,None,58:3A:4B:54:F8:86,-95
2026-08-22 07:23:27.402992,MELK-OF21   5C,BE:28:03:00:20:5C,-91
2026-08-22 07:24:06.427660,Platco PR1,B4:CB:B8:1B:D4:50,-87
2026-08-22 07:24:22.436364,None,56:E2:3C:E3:5C:9E,-98
2026-08-22 07:24:36.954657,None,76:38:0C:6D:A6:F0,-68
2026-08-22 07:25:01.486820,None,D5:88:39:41:FF:9D,-85
2026-08-22 07:25:01.611602,None,DB:CF:C9:44:4C:CD,-82
2026-08-22 07:25:01.854490,None,C5:9C:99:A8:A9:2D,-79
2026-08-22 07:25:03.122025,None,F6:56:5C:4A:9C:13,-67
2026-08-22 07:25:05.480373,None,C1:24:08:AE:D7:14,-90
2026-08-22 07:25:06.651239,None,C5:7F:4A:9E:24:12,-87
2026-08-22 07:25:07.448375,None,C3:72:78:99:94:84,-66
2026-08-22 07:25:10.040031,None,EF:52:62:28:73:D8,-88
2026-08-22 07:25:13.010324,None,EF:EE:6F:6B:66:01,-68
2026-08-22 07:25:42.655319,None,E0:18:17:CE:B4:9D,-91
2026-08-22 07:25:45.474901,None,C1:B0:E9:C2:41:AB,-95
2026-08-22 07:25:48.944964,None,5A:8E:1F:07:EF:AA,-91
2026-08-22 07:25:57.903225,RIOT Plus501B6E,D8:BC:38:50:1B:6E,-97
2026-08-22 07:26:13.585581,None,CF:67:F7:47:42:5C,-100
2026-08-22 07:27:06.416685,None,69:E4:06:D6:BC:33,-76
2026-08-22 07:27:21.517471,None,7E:79:9D:5D:A9:25,-91
2026-08-22 07:27:21.560167,None,69:0F:62:C9:C6:EC,-91
2026-08-22 07:27:21.883803,None,62:19:94:12:0D:A7,-92
2026-08-22 07:27:45.200846,None,DF:8F:71:AE:32:45,-83
2026-08-22 07:27:50.272177,None,76:08:CD:76:1B:0C,-93
2026-08-22 07:28:17.448324,Platco PR1,E4:A6:34:CF:38:ED,-96
2026-08-22 07:29:14.811665,None,23:64:13:C8:F9:B6,-97
2026-08-22 07:29:39.769188,None,62:20:E1:19:76:7D,-94
2026-08-22 07:29:59.027126,None,7F:BD:F7:F5:6C:3B,-82
2026-08-22 07:30:00.732522,None,E5:B9:CA:1C:8A:92,-77
2026-08-22 07:30:00.770722,None,C6:70:A4:7B:57:9B,-84
2026-08-22 07:30:00.924657,None,F9:09:DD:63:DE:C9,-72
2026-08-22 07:30:01.007890,None,DB:FB:E4:AE:F8:EB,-91
2026-08-22 07:30:01.266808,None,D9:9B:09:A2:5E:A2,-71
2026-08-22 07:30:01.301237,None,C3:5D:81:3E:03:60,-71
2026-08-22 07:30:04.457038,None,CD:06:F5:FC:B2:7F,-88
2026-08-22 07:30:07.270558,None,DF:85:20:96:FB:75,-92
2026-08-22 07:30:13.202209,None,EA:DD:AA:B3:F5:99,-94
2026-08-22 07:30:19.202657,113685_9C139E7A644C,9C:13:9E:7A:64:4E,-66
2026-08-22 07:30:26.023577,Charge 4,F1:D1:F5:5E:21:37,-88
2026-08-22 07:30:50.157918,None,5E:2F:4D:2A:37:B9,-87
2026-08-22 07:30:57.315590,None,76:15:6D:90:E9:97,-87
2026-08-22 07:31:01.395283,Peak Pro 01502,F0:AD:4E:40:19:D5,-79
2026-08-22 07:31:03.811845,None,C2:C9:64:71:35:87,-93
2026-08-22 07:31:07.610815,None,46:C1:1C:76:24:49,-99
2026-08-22 07:31:17.820789,None,F6:19:A7:1C:BE:E4,-81
2026-08-22 07:31:21.669833,ResMed 223238,E8:E0:7E:34:BB:D4,-83
2026-08-22 07:32:14.837595,None,CA:17:BB:22:39:59,-99
2026-08-22 07:32:38.583066,None,F1:E2:F3:92:1A:E4,-81
2026-08-22 07:33:18.824724,None,7C:4D:FC:E3:15:56,-67
2026-08-22 07:33:25.985473,None,4F:99:96:B3:FD:38,-92
2026-08-22 07:33:26.477783,None,64:11:D8:63:2F:3F,-91
2026-08-22 07:33:27.466985,MELK-OF21   5C,BE:28:03:00:20:5C,-91
2026-08-22 07:33:27.581026,None,4D:BA:F3:AE:61:0C,-91
2026-08-22 07:34:01.239858,20HL39284591421094,48:87:2D:89:79:5D,-95
2026-08-22 07:34:11.299169,Platco PR1,B4:CB:B8:1B:D4:50,-85
2026-08-22 07:34:25.128648,None,56:E2:3C:E3:5C:9E,-98
2026-08-22 07:34:33.107921,None,C6:C8:ED:53:FA:66,-97
2026-08-22 07:34:41.025297,ELK-BLEDOM05,BE:67:00:12:01:75,-101
2026-08-22 07:35:12.806234,None,5C:D2:42:0B:E7:C0,-79
2026-08-22 07:35:49.363864,None,5A:8E:1F:07:EF:AA,-91
2026-08-22 07:36:02.419155,RIOT Plus501B6E,D8:BC:38:50:1B:6E,-95
2026-08-22 07:37:00.053867,None,6B:66:16:7C:42:D3,-78
2026-08-22 07:37:03.128639,None,65:64:F5:AA:C6:EF,-72
2026-08-22 07:37:07.178297,None,69:E4:06:D6:BC:33,-72
2026-08-22 07:37:15.588923,None,68:B1:5F:2B:D5:61,-88
2026-08-22 07:37:16.795452,None,74:F8:13:71:D2:1A,-97
2026-08-22 07:37:43.201090,None,65:1A:61:54:58:42,-93
2026-08-22 07:37:50.741839,None,76:08:CD:76:1B:0C,-84
2026-08-22 07:38:48.460943,None,38:97:ED:08:83:52,-92
2026-08-22 07:38:49.736772,None,6B:B1:3B:BA:43:F1,-94
2026-08-22 07:39:03.248985,EF-D36C0514,A0:85:E3:DE:D2:96,-101
2026-08-22 07:39:34.856155,None,44:A9:3F:7C:61:C4,-99
2026-08-22 07:39:40.407350,None,62:20:E1:19:76:7D,-98
2026-08-22 07:40:00.444350,None,C9:78:59:99:1F:7F,-96
2026-08-22 07:40:01.488655,None,E5:B9:CA:1C:8A:92,-73
2026-08-22 07:40:01.618634,None,D9:9B:09:A2:5E:A2,-67
2026-08-22 07:40:01.927246,None,C3:5D:81:3E:03:60,-72
2026-08-22 07:40:02.636666,None,F9:09:DD:63:DE:C9,-67
2026-08-22 07:40:02.779830,None,DB:FB:E4:AE:F8:EB,-93
2026-08-22 07:40:03.468989,None,C6:70:A4:7B:57:9B,-85
2026-08-22 07:40:15.213066,None,EA:DD:AA:B3:F5:99,-92
2026-08-22 07:40:20.042658,113685_9C139E7A644C,9C:13:9E:7A:64:4E,-66
2026-08-22 07:40:20.129259,None,CD:06:F5:FC:B2:7F,-92
2026-08-22 07:40:28.284223,Charge 4,F1:D1:F5:5E:21:37,-95
2026-08-22 07:40:29.144611,None,DF:85:20:96:FB:75,-92
2026-08-22 07:40:49.112937,None,58:E0:E5:B6:90:B8,-94
2026-08-22 07:41:01.424684,Peak Pro 01502,F0:AD:4E:40:19:D5,-79
2026-08-22 07:41:12.550547,None,46:D2:6F:7C:FF:0A,-81
2026-08-22 07:41:19.288266,None,F6:19:A7:1C:BE:E4,-77
2026-08-22 07:41:20.189917,None,40:33:75:3D:91:4C,-96
2026-08-22 07:41:21.775184,ResMed 223238,E8:E0:7E:34:BB:D4,-89
2026-08-22 07:42:04.411686,Platco PR1,E4:A6:34:CF:38:ED,-102
2026-08-22 07:42:15.424471,None,6D:F1:8E:02:23:B3,-70
2026-08-22 07:42:40.105610,None,F1:E2:F3:92:1A:E4,-81
2026-08-22 07:43:01.461563,None,CA:17:BB:22:39:59,-99
2026-08-22 07:43:26.685863,None,64:11:D8:63:2F:3F,-92
2026-08-22 07:43:27.589438,MELK-OF21   5C,BE:28:03:00:20:5C,-90
2026-08-22 07:43:29.540935,None,4F:99:96:B3:FD:38,-92
2026-08-22 07:43:30.082940,None,4D:BA:F3:AE:61:0C,-93
2026-08-22 07:44:16.140973,Platco PR1,B4:CB:B8:1B:D4:50,-86
2026-08-22 07:44:30.085521,None,56:E2:3C:E3:5C:9E,-94
2026-08-22 07:44:45.472541,None,C6:C8:ED:53:FA:66,-93
2026-08-22 07:44:49.115062,20HL39284591421094,48:87:2D:89:79:5D,-99
2026-08-22 07:44:55.456567,None,61:71:1F:4D:91:5D,-92
2026-08-22 07:44:55.676685,None,54:EF:40:98:57:7A,-92
2026-08-22 07:44:55.804295,None,4D:72:82:0D:AC:D1,-92
2026-08-22 07:45:00.046704,None,D5:18:C9:6F:B4:C4,-76
2026-08-22 07:45:00.814710,None,CD:40:4E:6B:13:9F,-71
2026-08-22 07:45:01.770634,None,E6:DF:7B:79:96:6C,-79
2026-08-22 07:45:02.078558,None,F5:26:E5:B3:49:DD,-84
2026-08-22 07:45:02.492575,None,C2:56:2F:06:B9:38,-93
2026-08-22 07:45:08.318479,None,E6:D3:1F:FF:E7:7D,-87
2026-08-22 07:45:14.490296,None,C9:8D:F0:44:F6:24,-92
2026-08-22 07:45:24.113128,None,E6:B8:11:D2:B8:7B,-72
2026-08-22 07:45:29.132876,None,D6:8C:16:FB:10:09,-98
2026-08-22 07:46:03.398453,RIOT Plus501B6E,D8:BC:38:50:1B:6E,-95
2026-08-22 07:46:03.770174,None,C1:6C:26:6F:59:7C,-93
2026-08-22 07:46:04.631882,None,6E:EE:AB:24:5F:AA,-94
2026-08-22 07:46:19.527920,None,F3:45:B9:22:F2:2F,-78
2026-08-22 07:46:21.667218,None,DF:6E:BF:18:A6:98,-91
2026-08-22 07:46:27.502256,None,44:5A:04:E3:6C:9A,-104
2026-08-22 07:46:42.465142,ELK-BLEDOM05,BE:67:00:12:01:75,-99
2026-08-22 07:47:00.133046,None,6B:66:16:7C:42:D3,-78
2026-08-22 07:47:11.543952,01469995,00:25:CA:5D:D9:D0,-100
2026-08-22 07:47:15.971700,None,68:B1:5F:2B:D5:61,-94
2026-08-22 07:47:22.661058,None,74:F8:13:71:D2:1A,-87
2026-08-22 07:47:25.183487,None,65:77:6C:FD:2F:52,-90
2026-08-22 07:47:40.133140,None,6C:74:DB:17:09:5D,-92
2026-08-22 07:47:50.270672,None,FB:5E:F5:2A:03:43,-88
2026-08-22 07:49:12.415649,None,65:64:F5:AA:C6:EF,-70
2026-08-22 07:49:36.224785,None,44:A9:3F:7C:61:C4,-96
2026-08-22 07:50:05.438458,EF-D36C0514,A0:85:E3:DE:D2:96,-97
2026-08-22 07:50:05.986436,None,C9:78:59:99:1F:7F,-97
2026-08-22 07:50:20.124140,113685_9C139E7A644C,9C:13:9E:7A:64:4E,-71
2026-08-22 07:50:29.435201,Charge 4,F1:D1:F5:5E:21:37,-80
2026-08-22 07:50:50.111843,None,58:E0:E5:B6:90:B8,-95
2026-08-22 07:50:57.966165,None,35:A4:31:13:94:76,-97
2026-08-22 07:51:01.568604,Peak Pro 01502,F0:AD:4E:40:19:D5,-89
2026-08-22 07:51:16.675524,None,46:D2:6F:7C:FF:0A,-79
2026-08-22 07:51:23.089056,ResMed 223238,E8:E0:7E:34:BB:D4,-91
2026-08-22 07:51:40.175672,None,40:33:75:3D:91:4C,-96
2026-08-22 07:52:02.684070,None,5C:D2:42:0B:E7:C0,-66
2026-08-22 07:52:49.107766,None,6D:80:5E:7A:5A:9E,-93
2026-08-22 07:52:50.327103,None,E7:9C:1C:C0:50:EA,-99
2026-08-22 07:52:55.342854,None,64:42:76:D9:89:90,-88
2026-08-22 07:53:27.639380,MELK-OF21   5C,BE:28:03:00:20:5C,-90
2026-08-22 07:53:34.826972,Platco PR1,E4:A6:34:CF:38:ED,-94
2026-08-22 07:54:14.287387,None,D9:0E:FC:1E:BA:89,-94
2026-08-22 07:54:21.021717,Platco PR1,B4:CB:B8:1B:D4:50,-86
2026-08-22 07:54:31.816374,None,6D:F1:8E:02:23:B3,-76
2026-08-22 07:54:55.804799,None,4D:72:82:0D:AC:D1,-96
2026-08-22 07:54:56.096831,None,61:71:1F:4D:91:5D,-93
2026-08-22 07:54:57.221983,None,54:EF:40:98:57:7A,-93
2026-08-22 07:55:03.469863,None,E6:DF:7B:79:96:6C,-63
2026-08-22 07:55:03.503029,None,D5:18:C9:6F:B4:C4,-76
2026-08-22 07:55:03.760470,None,C2:56:2F:06:B9:38,-95
2026-08-22 07:55:05.399702,None,CD:40:4E:6B:13:9F,-75
2026-08-22 07:55:13.416961,None,F5:26:E5:B3:49:DD,-86
2026-08-22 07:55:13.535199,None,E6:D3:1F:FF:E7:7D,-88
2026-08-22 07:55:18.026850,None,C9:8D:F0:44:F6:24,-93
2026-08-22 07:55:25.051697,None,E6:B8:11:D2:B8:7B,-73
2026-08-22 07:55:49.342347,None,6A:36:18:F3:7E:3C,-91
2026-08-22 07:56:07.136644,None,6E:EE:AB:24:5F:AA,-94
2026-08-22 07:56:07.355105,None,C1:6C:26:6F:59:7C,-94
2026-08-22 07:56:13.488845,RIOT Plus501B6E,D8:BC:38:50:1B:6E,-94
2026-08-22 07:56:21.817027,None,F3:45:B9:22:F2:2F,-84
2026-08-22 07:56:28.368051,None,DF:6E:BF:18:A6:98,-93
2026-08-22 07:56:38.517511,None,5D:EF:08:73:25:A4,-73
2026-08-22 07:56:52.733764,None,6A:3A:9E:E0:DB:90,-104
2026-08-22 07:57:00.454840,None,6B:66:16:7C:42:D3,-79
2026-08-22 07:57:05.791555,20HL39284591421094,48:87:2D:89:79:5D,-98
2026-08-22 07:57:25.646256,None,65:77:6C:FD:2F:52,-89
2026-08-22 07:57:54.039071,None,FB:5E:F5:2A:03:43,-87
2026-08-22 07:58:51.273530,None,D6:8C:16:FB:10:09,-98
2026-08-22 07:58:51.619301,None,50:BB:FB:2D:20:2C,-87
2026-08-22 07:59:40.516167,None,44:A9:3F:7C:61:C4,-96
2026-08-22 08:00:00.041629,None,DA:01:74:CF:38:F8,-81
2026-08-22 08:00:00.078391,None,C8:02:F8:13:6F:FE,-83
2026-08-22 08:00:00.483461,None,F6:2B:E3:81:0F:CD,-96
2026-08-22 08:00:00.799018,None,FD:67:45:49:FF:B4,-70
2026-08-22 08:00:02.054043,None,E7:BC:AE:B3:01:19,-93
2026-08-22 08:00:02.562402,None,CC:64:82:C6:FD:7E,-94
2026-08-22 08:00:04.408882,None,5A:EF:5E:4D:D2:9E,-93
2026-08-22 08:00:07.270971,None,D0:2F:3D:A8:7E:5D,-88
2026-08-22 08:00:09.727158,None,DF:AC:FC:64:1B:04,-94
2026-08-22 08:00:14.731569,None,75:C4:35:98:66:66,-84
2026-08-22 08:00:21.248079,113685_9C139E7A644C,9C:13:9E:7A:64:4E,-70
2026-08-22 08:00:29.636150,None,FA:A3:51:BF:29:5A,-71
2026-08-22 08:00:37.021741,Charge 4,F1:D1:F5:5E:21:37,-96
2026-08-22 08:00:54.686915,None,C4:93:3E:4D:CA:0E,-85
2026-08-22 08:01:02.180138,Peak Pro 01502,F0:AD:4E:40:19:D5,-87
2026-08-22 08:01:20.373360,None,46:D2:6F:7C:FF:0A,-63
2026-08-22 08:01:23.176331,ResMed 223238,E8:E0:7E:34:BB:D4,-85
2026-08-22 08:02:04.601473,None,40:33:75:3D:91:4C,-96
2026-08-22 08:02:50.483044,None,49:18:95:BA:91:92,-93
2026-08-22 08:02:51.651110,None,6D:80:5E:7A:5A:9E,-90
2026-08-22 08:02:52.500919,None,CD:37:72:D8:F0:BB,-85
2026-08-22 08:03:01.739387,None,64:42:76:D9:89:90,-85
2026-08-22 08:03:27.643536,MELK-OF21   5C,BE:28:03:00:20:5C,-89
2026-08-22 08:03:47.200781,None,60:90:30:F6:E2:AA,-94
2026-08-22 08:03:47.276747,None,5F:F6:9A:E6:72:14,-91
2026-08-22 08:03:47.962836,None,5C:5D:EC:F6:1B:B8,-92
2026-08-22 08:04:17.273766,None,28:36:EB:76:31:B2,-94
2026-08-22 08:04:25.812796,None,D9:0E:FC:1E:BA:89,-95
2026-08-22 08:04:26.357011,Platco PR1,B4:CB:B8:1B:D4:50,-84
2026-08-22 08:04:40.339864,None,47:8E:8F:B8:D7:E4,-62
2026-08-22 08:04:40.386766,None,FF:8C:0A:96:DD:3C,-62
2026-08-22 08:04:52.731387,None,5B:F5:EA:7F:A2:DD,-91
2026-08-22 08:04:52.862815,None,CE:CA:07:24:F0:5F,-96
2026-08-22 08:05:05.740856,Platco PR1,E4:A6:34:CF:38:ED,-95
2026-08-22 08:05:49.840406,None,6A:36:18:F3:7E:3C,-91
2026-08-22 08:06:16.635129,RIOT Plus501B6E,D8:BC:38:50:1B:6E,-97
2026-08-22 08:06:25.779514,ELK-BLEDOM05,BE:67:00:12:01:75,-97
2026-08-22 08:07:44.114062,None,57:43:0C:04:5C:05,-95
2026-08-22 08:07:47.969660,None,E6:68:2F:9D:EB:0A,-94
2026-08-22 08:08:51.990455,None,50:BB:FB:2D:20:2C,-90
2026-08-22 08:10:03.019667,None,FD:67:45:49:FF:B4,-71
2026-08-22 08:10:03.945310,None,CC:64:82:C6:FD:7E,-94
2026-08-22 08:10:05.745078,None,5A:EF:5E:4D:D2:9E,-95
2026-08-22 08:10:05.845108,None,DA:01:74:CF:38:F8,-81
2026-08-22 08:10:05.877561,None,C8:02:F8:13:6F:FE,-81
2026-08-22 08:10:06.752704,None,F6:2B:E3:81:0F:CD,-91
2026-08-22 08:10:06.819742,20HL39284591421094,48:87:2D:89:79:5D,-97
2026-08-22 08:10:11.997616,None,D0:2F:3D:A8:7E:5D,-88
2026-08-22 08:10:13.377786,None,DF:AC:FC:64:1B:04,-96
2026-08-22 08:10:16.730611,None,75:C4:35:98:66:66,-82
2026-08-22 08:10:17.159937,None,E7:BC:AE:B3:01:19,-93
2026-08-22 08:10:21.540567,113685_9C139E7A644C,9C:13:9E:7A:64:4E,-66
2026-08-22 08:10:31.184192,None,FA:A3:51:BF:29:5A,-79
2026-08-22 08:10:39.279512,Charge 4,F1:D1:F5:5E:21:37,-91
2026-08-22 08:10:49.164617,None,40:FA:1A:37:F2:56,-89
2026-08-22 08:10:52.670749,None,60:01:9F:CB:AF:25,-92
2026-08-22 08:10:55.289668,None,C4:93:3E:4D:CA:0E,-81
2026-08-22 08:11:02.187491,Peak Pro 01502,F0:AD:4E:40:19:D5,-87
2026-08-22 08:11:23.253441,ResMed 223238,E8:E0:7E:34:BB:D4,-90
2026-08-22 08:12:17.975176,None,66:2D:FD:96:32:6B,-97
2026-08-22 08:12:19.741807,None,E7:8D:8B:26:A8:72,-98
2026-08-22 08:12:25.432259,None,C9:71:E4:7A:19:A8,-98
2026-08-22 08:12:26.451565,None,51:1C:D4:5C:E8:47,-94
2026-08-22 08:12:53.076173,None,6D:80:5E:7A:5A:9E,-84
2026-08-22 08:12:54.857853,None,CD:37:72:D8:F0:BB,-82
2026-08-22 08:12:55.197720,None,4C:1A:99:12:48:F3,-92
2026-08-22 08:12:55.220476,None,5A:29:8B:D6:A2:8C,-88
2026-08-22 08:13:28.680012,MELK-OF21   5C,BE:28:03:00:20:5C,-90
2026-08-22 08:13:50.388684,None,60:90:30:F6:E2:AA,-94
2026-08-22 08:13:51.464202,None,5C:5D:EC:F6:1B:B8,-94
2026-08-22 08:13:51.837595,None,5F:F6:9A:E6:72:14,-93
2026-08-22 08:14:00.377906,None,5D:EF:08:73:25:A4,-78
2026-08-22 08:14:26.190745,None,47:21:12:32:86:0B,-97
2026-08-22 08:14:36.233140,Platco PR1,B4:CB:B8:1B:D4:50,-87
2026-08-22 08:14:41.965769,None,47:8E:8F:B8:D7:E4,-63
2026-08-22 08:14:42.035383,None,FF:8C:0A:96:DD:3C,-62
2026-08-22 08:14:51.460121,None,77:40:C2:B6:A2:17,-99
2026-08-22 08:15:02.034961,None,FD:7C:68:2F:FB:75,-76
2026-08-22 08:15:02.442654,None,D3:F1:AD:E5:0D:12,-90
2026-08-22 08:15:02.820213,None,FD:A4:05:4B:97:53,-72
2026-08-22 08:15:04.352676,None,C4:72:D7:F4:23:BD,-89
2026-08-22 08:15:04.872477,None,D0:1A:D3:1A:D7:D1,-91
2026-08-22 08:15:10.746524,None,CE:8C:D3:2B:E1:6C,-71
2026-08-22 08:15:10.792729,None,DE:9B:A4:50:B8:66,-92
2026-08-22 08:15:18.237554,None,1E:E4:6B:A4:08:22,-98
2026-08-22 08:15:44.244718,None,D3:06:52:6D:57:E0,-87
2026-08-22 08:15:46.412860,None,46:59:1E:14:22:27,-87
2026-08-22 08:15:48.190124,None,5F:AF:23:21:B4:02,-89
2026-08-22 08:15:58.489367,None,CD:2A:0D:1A:EC:E7,-95
2026-08-22 08:16:13.950166,None,F7:DD:53:1D:33:02,-88
2026-08-22 08:16:20.577918,None,E5:1A:72:B9:59:CC,-79
2026-08-22 08:16:20.836438,CoolLEDUX,01:00:00:92:42:B7,-93
2026-08-22 08:16:21.775436,RIOT Plus501B6E,D8:BC:38:50:1B:6E,-94
2026-08-22 08:16:23.186540,None,3F:B7:17:3E:82:B1,-94
2026-08-22 08:16:36.148007,Platco PR1,E4:A6:34:CF:38:ED,-97
2026-08-22 08:17:05.742978,None,5D:37:67:22:01:2F,-93
2026-08-22 08:17:06.325192,None,42:FB:F0:8B:62:15,-92
2026-08-22 08:17:09.920289,None,48:F8:78:60:B8:F1,-93
2026-08-22 08:17:41.453233,None,CF:18:58:4F:86:91,-76
2026-08-22 08:17:47.160677,None,57:43:0C:04:5C:05,-94
2026-08-22 08:18:01.235385,None,C3:DF:65:3C:CC:37,-93
2026-08-22 08:19:11.730896,None,F0:32:6E:F5:B2:FF,-95
2026-08-22 08:20:07.434296,None,5A:EF:5E:4D:D2:9E,-90
2026-08-22 08:20:14.288736,None,7B:77:A6:8D:80:ED,-91
2026-08-22 08:20:16.923713,None,75:C4:35:98:66:66,-87
2026-08-22 08:20:21.690931,113685_9C139E7A644C,9C:13:9E:7A:64:4E,-69
2026-08-22 08:20:29.396198,20HL39284591421094,48:87:2D:89:79:5D,-94
2026-08-22 08:20:43.022629,Charge 4,F1:D1:F5:5E:21:37,-89
2026-08-22 08:20:49.231938,None,40:FA:1A:37:F2:56,-93
2026-08-22 08:20:52.935442,None,60:01:9F:CB:AF:25,-83
2026-08-22 08:21:02.914518,Peak Pro 01502,F0:AD:4E:40:19:D5,-86
2026-08-22 08:21:24.113629,ResMed 223238,E8:E0:7E:34:BB:D4,-88
2026-08-22 08:23:28.799186,MELK-OF21   5C,BE:28:03:00:20:5C,-91
2026-08-22 08:24:42.493201,None,47:8E:8F:B8:D7:E4,-63
2026-08-22 08:25:01.130662,Platco PR1,B4:CB:B8:1B:D4:50,-88
2026-08-22 08:25:03.482169,None,FD:7C:68:2F:FB:75,-74
2026-08-22 08:25:05.003822,None,FD:A4:05:4B:97:53,-66
2026-08-22 08:25:05.493014,None,C4:72:D7:F4:23:BD,-89
2026-08-22 08:25:07.849007,None,D3:F1:AD:E5:0D:12,-95
2026-08-22 08:25:12.186615,None,CE:8C:D3:2B:E1:6C,-80
2026-08-22 08:25:19.707024,None,D0:1A:D3:1A:D7:D1,-93
2026-08-22 08:25:22.537002,None,DE:9B:A4:50:B8:66,-95
2026-08-22 08:25:46.785298,None,46:59:1E:14:22:27,-85
2026-08-22 08:25:47.684524,None,D3:06:52:6D:57:E0,-84
2026-08-22 08:25:49.321028,None,69:EA:8E:D3:43:2B,-88
2026-08-22 08:25:53.802793,None,5F:AF:23:21:B4:02,-86
2026-08-22 08:26:04.891453,None,CD:2A:0D:1A:EC:E7,-92
2026-08-22 08:26:15.474099,None,F7:DD:53:1D:33:02,-80
2026-08-22 08:26:21.724577,None,E5:1A:72:B9:59:CC,-76
2026-08-22 08:26:22.536289,RIOT Plus501B6E,D8:BC:38:50:1B:6E,-92
2026-08-22 08:27:36.982814,Platco PR1,E4:A6:34:CF:38:ED,-94
2026-08-22 08:27:42.921783,None,CF:18:58:4F:86:91,-63
2026-08-22 08:27:47.267600,None,57:43:0C:04:5C:05,-97
2026-08-22 08:28:03.492359,None,4A:9C:84:CD:37:19,-94
2026-08-22 08:28:04.297013,None,7C:60:6F:9F:F5:39,-95
2026-08-22 08:28:04.452960,None,41:9D:A8:2A:C9:B6,-92
2026-08-22 08:28:29.849771,None,6B:51:CD:B1:15:78,-74
2026-08-22 08:28:52.843836,None,C3:DF:65:3C:CC:37,-99
2026-08-22 08:30:00.844759,None,5F:69:D7:90:B8:E5,-85
2026-08-22 08:30:02.020784,None,03:89:DE:B1:97:71,-96
2026-08-22 08:30:02.032490,None,DE:69:74:B0:89:7D,-80
2026-08-22 08:30:02.349115,None,C9:49:23:78:5E:6F,-64
2026-08-22 08:30:02.436724,None,F9:1A:E0:4E:01:2E,-96
2026-08-22 08:30:02.643888,None,E0:EF:9F:A3:A7:0A,-74
2026-08-22 08:30:02.792049,None,E4:8D:D4:8E:0E:45,-74
2026-08-22 08:30:04.072745,None,FF:78:E2:3B:90:FC,-88
2026-08-22 08:30:04.270145,None,FE:B0:2D:78:EF:6D,-92
2026-08-22 08:30:08.501066,None,FB:78:ED:3F:92:26,-91
2026-08-22 08:30:15.273606,None,7B:77:A6:8D:80:ED,-92
2026-08-22 08:30:17.240988,None,75:C4:35:98:66:66,-84
2026-08-22 08:30:19.363311,None,C4:DF:7D:BF:A1:A5,-100
2026-08-22 08:30:22.012176,113685_9C139E7A644C,9C:13:9E:7A:64:4E,-70
2026-08-22 08:30:23.732422,None,EE:81:B0:F9:C3:D8,-92
2026-08-22 08:30:45.436201,Charge 4,F1:D1:F5:5E:21:37,-80
2026-08-22 08:30:46.021575,20HL39284591421094,48:87:2D:89:79:5D,-92
2026-08-22 08:31:02.949703,Peak Pro 01502,F0:AD:4E:40:19:D5,-91
2026-08-22 08:31:16.799170,None,CD:39:6A:0A:15:6D,-83
2026-08-22 08:31:24.351324,ResMed 223238,E8:E0:7E:34:BB:D4,-85
2026-08-22 08:31:27.051269,None,55:E8:5C:13:7C:8F,-91
2026-08-22 08:31:31.106466,None,DF:E1:8A:71:69:A5,-77
2026-08-22 08:33:29.589015,MELK-OF21   5C,BE:28:03:00:20:5C,-92
2026-08-22 08:33:45.912828,None,50:A0:10:5D:1D:C2,-98
2026-08-22 08:35:06.465653,Platco PR1,B4:CB:B8:1B:D4:50,-86
2026-08-22 08:35:37.441910,None,41:7A:3C:17:03:2B,-96
2026-08-22 08:35:46.959691,None,46:59:1E:14:22:27,-85
2026-08-22 08:35:52.709482,None,69:EA:8E:D3:43:2B,-88
2026-08-22 08:35:54.184626,None,5F:AF:23:21:B4:02,-89
2026-08-22 08:36:28.156540,RIOT Plus501B6E,D8:BC:38:50:1B:6E,-94
2026-08-22 08:37:49.567515,None,EA:83:90:2D:9C:21,-92
2026-08-22 08:38:04.032414,None,4A:9C:84:CD:37:19,-93
2026-08-22 08:38:05.748124,None,41:9D:A8:2A:C9:B6,-91
2026-08-22 08:38:05.904161,None,7C:60:6F:9F:F5:39,-94
2026-08-22 08:38:30.312568,None,6B:51:CD:B1:15:78,-64
2026-08-22 08:38:48.024970,None,3F:DF:28:92:AE:24,-94
2026-08-22 08:39:34.262927,None,51:E0:C1:9E:24:2A,-91
2026-08-22 08:39:39.353856,None,55:EA:84:51:B1:00,-91
2026-08-22 08:39:39.612393,None,51:BD:85:A4:DF:94,-90
2026-08-22 08:39:42.903893,Platco PR1,E4:A6:34:CF:38:ED,-100
2026-08-22 08:40:00.913301,None,5F:69:D7:90:B8:E5,-91
2026-08-22 08:40:03.517439,None,DE:69:74:B0:89:7D,-76
2026-08-22 08:40:03.886150,None,C9:49:23:78:5E:6F,-64
2026-08-22 08:40:07.698460,None,E4:8D:D4:8E:0E:45,-75
2026-08-22 08:40:07.915283,None,F9:1A:E0:4E:01:2E,-89
2026-08-22 08:40:08.149481,None,E0:EF:9F:A3:A7:0A,-70
2026-08-22 08:40:11.506285,None,FF:78:E2:3B:90:FC,-80
2026-08-22 08:40:11.656525,None,FB:78:ED:3F:92:26,-89
2026-08-22 08:40:15.298770,None,7B:77:A6:8D:80:ED,-93
2026-08-22 08:40:15.966160,None,FE:B0:2D:78:EF:6D,-94
2026-08-22 08:40:22.328817,113685_9C139E7A644C,9C:13:9E:7A:64:4E,-70
2026-08-22 08:40:23.500827,None,C4:DF:7D:BF:A1:A5,-88
2026-08-22 08:40:24.081770,None,EE:81:B0:F9:C3:D8,-94
2026-08-22 08:40:46.419385,Charge 4,F1:D1:F5:5E:21:37,-81
2026-08-22 08:40:51.940807,None,4A:4E:A4:94:AD:8E,-89
2026-08-22 08:41:05.104276,Peak Pro 01502,F0:AD:4E:40:19:D5,-87
2026-08-22 08:41:14.654346,None,62:67:C1:20:A4:AE,-88
2026-08-22 08:41:14.689513,None,66:FC:77:F4:0A:8C,-86
2026-08-22 08:41:20.469042,None,CD:39:6A:0A:15:6D,-83
2026-08-22 08:41:26.341291,ResMed 223238,E8:E0:7E:34:BB:D4,-82
2026-08-22 08:41:27.169513,None,55:E8:5C:13:7C:8F,-83
2026-08-22 08:41:33.667054,None,DF:E1:8A:71:69:A5,-82
2026-08-22 08:41:59.502899,None,64:7C:DF:39:DE:E5,-63
2026-08-22 08:42:33.493663,None,E5:89:03:FD:EE:68,-95
2026-08-22 08:43:09.120935,20HL39284591421094,48:87:2D:89:79:5D,-94
2026-08-22 08:43:29.679653,MELK-OF21   5C,BE:28:03:00:20:5C,-91
2026-08-22 08:43:47.167603,None,50:A0:10:5D:1D:C2,-96
2026-08-22 08:43:52.489950,None,51:CE:69:64:37:CA,-83
2026-08-22 08:44:04.771473,None,62:CE:F9:60:F0:53,-94
2026-08-22 08:45:00.092354,None,C1:2A:2A:4E:DA:77,-81
2026-08-22 08:45:00.442549,None,CF:15:B9:E0:0D:86,-91
2026-08-22 08:45:00.497478,None,EA:A8:27:F7:94:65,-90
2026-08-22 08:45:00.621306,None,D2:15:8D:EC:4E:80,-74
2026-08-22 08:45:01.985114,None,C3:68:7E:AB:83:0E,-74
2026-08-22 08:45:02.109350,None,E4:55:56:D9:1A:D8,-89
2026-08-22 08:45:16.311521,Platco PR1,B4:CB:B8:1B:D4:50,-89
2026-08-22 08:45:18.235244,None,CE:7A:33:CF:67:24,-92
2026-08-22 08:45:21.322030,EF-D36C0514,A0:85:E3:DE:D2:96,-97
2026-08-22 08:45:31.768686,ELK-BLEDOM05,BE:67:00:12:01:75,-101
2026-08-22 08:45:35.096918,None,6C:37:BD:A3:3C:4C,-80
2026-08-22 08:45:52.198419,None,E0:5E:D5:C9:3D:96,-95
2026-08-22 08:46:17.747294,None,40:D8:A1:D9:F4:32,-92
2026-08-22 08:46:20.311840,None,67:AB:1E:CC:B3:86,-93
2026-08-22 08:46:20.392813,None,41:79:96:48:6B:1A,-92
2026-08-22 08:46:21.063075,None,F8:15:96:14:60:C5,-76
2026-08-22 08:46:30.389790,RIOT Plus501B6E,D8:BC:38:50:1B:6E,-95
2026-08-22 08:47:55.514457,None,EA:83:90:2D:9C:21,-90
2026-08-22 08:48:30.574019,None,6B:51:CD:B1:15:78,-75
2026-08-22 08:48:34.607876,None,6C:AB:0D:1A:E6:43,-64
2026-08-22 08:48:36.324779,None,FF:E2:5E:63:99:01,-65
2026-08-22 08:49:10.553275,None,E9:A4:BA:75:1B:2B,-95
2026-08-22 08:49:34.766772,None,C5:51:B1:5F:F3:6C,-95
2026-08-22 08:50:01.198840,None,5F:69:D7:90:B8:E5,-87
2026-08-22 08:50:21.878643,None,42:FE:D8:D4:F8:B9,-64
2026-08-22 08:50:22.348420,113685_9C139E7A644C,9C:13:9E:7A:64:4E,-70
2026-08-22 08:50:51.448558,Charge 4,F1:D1:F5:5E:21:37,-89
2026-08-22 08:50:52.356835,None,4A:4E:A4:94:AD:8E,-92
2026-08-22 08:51:05.191178,Peak Pro 01502,F0:AD:4E:40:19:D5,-87
2026-08-22 08:51:14.713736,None,62:67:C1:20:A4:AE,-91
2026-08-22 08:51:15.896266,None,66:FC:77:F4:0A:8C,-84
2026-08-22 08:51:26.387324,ResMed 223238,E8:E0:7E:34:BB:D4,-87
2026-08-22 08:52:18.835284,Platco PR1,E4:A6:34:CF:38:ED,-99
2026-08-22 08:52:21.235591,None,E4:DC:FF:C3:F6:4D,-95
2026-08-22 08:53:08.009385,None,F9:1D:DA:9F:7B:B4,-90
2026-08-22 08:53:29.715471,MELK-OF21   5C,BE:28:03:00:20:5C,-91
2026-08-22 08:53:34.513592,None,4B:26:E8:1A:03:E6,-84
2026-08-22 08:53:50.877978,None,50:A0:10:5D:1D:C2,-97
2026-08-22 08:54:05.210416,None,62:CE:F9:60:F0:53,-94
2026-08-22 08:54:46.288626,None,54:45:7F:A2:50:2D,-95
2026-08-22 08:55:00.883556,None,D2:15:8D:EC:4E:80,-65
2026-08-22 08:55:01.533457,None,C1:2A:2A:4E:DA:77,-76
2026-08-22 08:55:01.851543,None,CF:15:B9:E0:0D:86,-88
2026-08-22 08:55:02.560073,None,C3:68:7E:AB:83:0E,-71
2026-08-22 08:55:03.545203,None,E4:55:56:D9:1A:D8,-81
2026-08-22 08:55:17.514471,None,EA:A8:27:F7:94:65,-90
2026-08-22 08:55:18.648171,None,CE:7A:33:CF:67:24,-93
2026-08-22 08:55:21.170736,Platco PR1,B4:CB:B8:1B:D4:50,-87
2026-08-22 08:55:35.589238,None,6C:37:BD:A3:3C:4C,-84
2026-08-22 08:55:50.120254,None,52:EA:6F:7F:D8:10,-90
2026-08-22 08:56:11.487803,None,E0:5E:D5:C9:3D:96,-94
2026-08-22 08:56:19.214877,None,40:D8:A1:D9:F4:32,-92
2026-08-22 08:56:21.548596,None,67:AB:1E:CC:B3:86,-93
2026-08-22 08:56:21.837396,None,41:79:96:48:6B:1A,-95
2026-08-22 08:56:21.968234,None,F8:15:96:14:60:C5,-82
2026-08-22 08:56:33.511994,RIOT Plus501B6E,D8:BC:38:50:1B:6E,-94
2026-08-22 08:57:18.636647,None,65:CD:4B:68:02:4A,-88
2026-08-22 08:58:14.047849,20HL39284591421094,48:87:2D:89:79:5D,-94
2026-08-22 08:58:14.312074,ELK-BLEDOM05,BE:67:00:12:01:75,-98
2026-08-22 08:58:32.854950,None,4F:DE:B2:66:2B:D6,-93
2026-08-22 08:58:32.883100,None,77:71:F1:C7:FB:E0,-95
2026-08-22 08:58:33.156974,None,6E:32:A4:1A:4E:C9,-92
2026-08-22 08:58:35.054708,None,6C:AB:0D:1A:E6:43,-64
2026-08-22 08:58:39.196249,None,FF:E2:5E:63:99:01,-74
2026-08-22 08:59:16.369336,None,E9:A4:BA:75:1B:2B,-77
2026-08-22 08:59:37.235286,None,C5:51:B1:5F:F3:6C,-83
2026-08-22 09:00:00.096026,None,F3:88:A6:05:FD:CF,-86
2026-08-22 09:00:00.107368,None,CD:11:16:C1:E6:C7,-73
2026-08-22 09:00:00.586662,None,F7:32:51:CD:41:0B,-90
2026-08-22 09:00:00.755666,None,F8:40:8B:E7:E2:98,-72
2026-08-22 09:00:01.385145,None,C2:5E:79:66:19:2E,-75
2026-08-22 09:00:01.850490,None,CC:70:6C:D6:99:15,-70
2026-08-22 09:00:04.464288,None,C8:09:86:15:A4:98,-92
2026-08-22 09:00:04.495605,None,D5:4B:22:01:06:74,-90
2026-08-22 09:00:04.741724,None,C9:E7:5D:AC:84:CD,-79
2026-08-22 09:00:06.710047,None,C9:C6:D4:69:58:B9,-92
2026-08-22 09:00:20.311345,None,E5:CC:3A:61:8A:BE,-89
2026-08-22 09:00:22.563497,None,42:FE:D8:D4:F8:B9,-63
2026-08-22 09:00:22.663471,113685_9C139E7A644C,9C:13:9E:7A:64:4E,-67
2026-08-22 09:00:51.490840,None,E0:59:52:44:35:D5,-95
2026-08-22 09:00:53.889197,Charge 4,F1:D1:F5:5E:21:37,-81
2026-08-22 09:00:58.407756,None,F6:7C:01:14:F5:B8,-92
2026-08-22 09:01:05.266768,Peak Pro 01502,F0:AD:4E:40:19:D5,-88
2026-08-22 09:01:15.095797,None,62:67:C1:20:A4:AE,-85
2026-08-22 09:01:16.478212,None,66:FC:77:F4:0A:8C,-85
2026-08-22 09:01:26.787849,ResMed 223238,E8:E0:7E:34:BB:D4,-87
2026-08-22 09:02:19.196042,None,79:4F:55:E7:F8:5D,-75
2026-08-22 09:02:23.331585,None,7B:33:06:A5:2E:E1,-87
2026-08-22 09:02:23.708731,Platco PR1,E4:A6:34:CF:38:ED,-95
2026-08-22 09:02:42.617662,None,E4:DC:FF:C3:F6:4D,-94
2026-08-22 09:03:29.725707,MELK-OF21   5C,BE:28:03:00:20:5C,-92
2026-08-22 09:03:33.814898,None,52:62:42:55:8F:21,-94
2026-08-22 09:03:37.139503,None,4B:26:E8:1A:03:E6,-83
2026-08-22 09:04:54.668087,None,54:45:7F:A2:50:2D,-102
2026-08-22 09:05:17.741472,LE_L-Phonak hea,7A:38:11:95:4B:7E,-97
2026-08-22 09:05:46.528409,Platco PR1,B4:CB:B8:1B:D4:50,-86
2026-08-22 09:05:52.058348,None,52:EA:6F:7F:D8:10,-89
2026-08-22 09:06:43.176648,RIOT Plus501B6E,D8:BC:38:50:1B:6E,-98
2026-08-22 09:06:45.042823,None,FE:24:DE:AC:BA:3A,-95
2026-08-22 09:07:19.830987,None,65:CD:4B:68:02:4A,-84
2026-08-22 09:07:50.743959,LFSmart Scale,CF:E9:17:28:41:0D,-97
2026-08-22 09:08:14.218221,20HL39284591421094,48:87:2D:89:79:5D,-93
2026-08-22 09:08:33.653120,None,4F:DE:B2:66:2B:D6,-91
2026-08-22 09:08:34.137852,None,77:71:F1:C7:FB:E0,-93
2026-08-22 09:08:34.420496,None,6E:32:A4:1A:4E:C9,-90
2026-08-22 09:08:35.542346,None,6C:AB:0D:1A:E6:43,-77
2026-08-22 09:09:23.877691,None,56:95:26:24:15:74,-66
2026-08-22 09:09:27.610038,None,4D:D5:74:76:63:4F,-92
2026-08-22 09:09:28.123866,None,53:79:0A:C5:52:C0,-89
2026-08-22 09:09:28.379656,None,48:EB:A8:5E:7C:BD,-91
2026-08-22 09:10:02.766627,None,F8:40:8B:E7:E2:98,-73
2026-08-22 09:10:04.328369,None,CC:70:6C:D6:99:15,-65
2026-08-22 09:10:04.345631,None,C2:5E:79:66:19:2E,-67
2026-08-22 09:10:04.362434,None,F7:32:51:CD:41:0B,-89
2026-08-22 09:10:05.532571,None,CD:11:16:C1:E6:C7,-80
2026-08-22 09:10:05.541631,None,F3:88:A6:05:FD:CF,-85
2026-08-22 09:10:06.307425,None,C9:E7:5D:AC:84:CD,-80
2026-08-22 09:10:06.739208,None,D5:4B:22:01:06:74,-92
2026-08-22 09:10:09.952207,None,C8:09:86:15:A4:98,-94
2026-08-22 09:10:20.076666,None,C9:C6:D4:69:58:B9,-90
2026-08-22 09:10:20.577957,None,E5:CC:3A:61:8A:BE,-74
2026-08-22 09:10:23.852648,113685_9C139E7A644C,9C:13:9E:7A:64:4E,-68
2026-08-22 09:10:48.814455,None,5F:3B:C3:62:22:1F,-90
2026-08-22 09:10:54.106474,Charge 4,F1:D1:F5:5E:21:37,-84
2026-08-22 09:10:59.859430,None,F6:7C:01:14:F5:B8,-87
2026-08-22 09:11:06.513097,Peak Pro 01502,F0:AD:4E:40:19:D5,-86
2026-08-22 09:11:14.454149,None,E0:59:52:44:35:D5,-94
2026-08-22 09:11:18.393297,None,5E:20:F5:BC:5A:4B,-96
2026-08-22 09:11:27.954582,ResMed 223238,E8:E0:7E:34:BB:D4,-88
2026-08-22 09:11:30.832006,None,CF:70:8A:F2:20:96,-99
2026-08-22 09:11:56.743938,None,49:86:9F:9D:AC:C2,-98
2026-08-22 09:12:19.530275,None,79:4F:55:E7:F8:5D,-84
2026-08-22 09:12:26.940540,None,7B:33:06:A5:2E:E1,-74
2026-08-22 09:12:49.051182,Platco PR1,E4:A6:34:CF:38:ED,-97
2026-08-22 09:13:29.764546,MELK-OF21   5C,BE:28:03:00:20:5C,-90
2026-08-22 09:13:35.917085,None,52:62:42:55:8F:21,-91
2026-08-22 09:13:37.235849,None,4B:26:E8:1A:03:E6,-92
2026-08-22 09:15:00.120416,None,C8:2C:85:40:5E:97,-91
2026-08-22 09:15:00.134785,None,E1:7E:84:D6:17:FA,-72
2026-08-22 09:15:00.733024,None,DE:66:FE:30:D0:A9,-70
2026-08-22 09:15:04.490424,None,ED:7C:8D:9F:CD:07,-90
2026-08-22 09:15:14.500476,None,C4:7D:B7:BE:6E:BB,-92
2026-08-22 09:15:16.101222,None,D0:C3:6A:C8:7C:2A,-92
2026-08-22 09:15:16.771183,None,D5:38:C0:DE:36:46,-59
2026-08-22 09:15:36.543514,None,E0:10:5D:F5:69:BD,-96
2026-08-22 09:15:38.795788,None,54:45:7F:A2:50:2D,-97
2026-08-22 09:15:51.420793,Platco PR1,B4:CB:B8:1B:D4:50,-91
2026-08-22 09:15:59.031293,None,C5:E0:F9:D4:09:FD,-86
2026-08-22 09:15:59.375846,None,68:76:B8:F6:34:F1,-77
2026-08-22 09:15:59.445289,None,C6:2F:0E:4B:9E:D9,-74
2026-08-22 09:16:22.188080,None,FA:81:8F:B6:1D:8E,-80
2026-08-22 09:16:47.683678,None,7F:50:D1:C9:78:FB,-96
2026-08-22 09:16:56.709133,RIOT Plus501B6E,D8:BC:38:50:1B:6E,-94
2026-08-22 09:17:02.624534,None,FE:24:DE:AC:BA:3A,-104
2026-08-22 09:17:21.843282,None,65:CD:4B:68:02:4A,-87
2026-08-22 09:17:25.007020,None,65:9C:FF:3D:2C:5E,-98
2026-08-22 09:18:19.473560,20HL39284591421094,48:87:2D:89:79:5D,-97
2026-08-22 09:18:20.224726,None,C2:78:95:F8:2A:97,-67
2026-08-22 09:19:00.777863,None,D9:13:A4:D3:31:5B,-89
2026-08-22 09:19:29.117497,None,4D:D5:74:76:63:4F,-91
2026-08-22 09:19:29.497563,None,48:EB:A8:5E:7C:BD,-91
2026-08-22 09:19:29.912675,None,53:79:0A:C5:52:C0,-93
2026-08-22 09:19:31.352379,None,56:95:26:24:15:74,-67
2026-08-22 09:20:12.541451,None,56:06:71:41:1E:12,-97
2026-08-22 09:20:25.603330,113685_9C139E7A644C,9C:13:9E:7A:64:4E,-69
2026-08-22 09:20:37.337832,None,36:93:B3:58:E0:E3,-94
2026-08-22 09:20:44.167190,None,FD:59:5A:90:47:D2,-95
2026-08-22 09:20:49.400845,None,5F:3B:C3:62:22:1F,-90
2026-08-22 09:20:54.698766,Charge 4,F1:D1:F5:5E:21:37,-91
2026-08-22 09:21:08.060951,Peak Pro 01502,F0:AD:4E:40:19:D5,-87
2026-08-22 09:21:29.151136,ResMed 223238,E8:E0:7E:34:BB:D4,-90
2026-08-22 09:22:19.800273,None,79:4F:55:E7:F8:5D,-80
2026-08-22 09:22:27.864904,None,7B:33:06:A5:2E:E1,-79
2026-08-22 09:23:29.941848,MELK-OF21   5C,BE:28:03:00:20:5C,-92
2026-08-22 09:23:54.629902,None,77:AF:88:3B:72:80,-76
2026-08-22 09:23:54.877956,None,54:42:E6:46:55:AE,-80
2026-08-22 09:24:35.109584,Platco PR1,E4:A6:34:CF:38:ED,-95
2026-08-22 09:25:01.611001,None,E1:7E:84:D6:17:FA,-79
2026-08-22 09:25:01.678476,None,C8:2C:85:40:5E:97,-84
2026-08-22 09:25:02.983522,None,DE:66:FE:30:D0:A9,-73
2026-08-22 09:25:16.866590,None,ED:7C:8D:9F:CD:07,-96
2026-08-22 09:25:18.191334,None,D5:38:C0:DE:36:46,-63
2026-08-22 09:25:23.978497,None,C4:7D:B7:BE:6E:BB,-94
2026-08-22 09:25:24.052971,None,D0:C3:6A:C8:7C:2A,-91
2026-08-22 09:25:46.523858,None,E0:10:5D:F5:69:BD,-96
2026-08-22 09:25:50.733277,None,75:9D:CC:4B:C5:63,-90
2026-08-22 09:25:51.385066,None,41:57:8D:C1:CD:A8,-87
2026-08-22 09:25:59.645205,None,C6:2F:0E:4B:9E:D9,-75
2026-08-22 09:26:00.982389,None,C5:E0:F9:D4:09:FD,-78
2026-08-22 09:26:01.269471,Platco PR1,B4:CB:B8:1B:D4:50,-88
2026-08-22 09:26:11.933144,None,F4:F4:95:4F:CF:05,-95
2026-08-22 09:26:12.693600,None,64:58:7C:84:A3:E8,-97
2026-08-22 09:26:23.591409,None,FA:81:8F:B6:1D:8E,-80
2026-08-22 09:26:47.693881,None,7F:50:D1:C9:78:FB,-94
2026-08-22 09:26:57.590099,RIOT Plus501B6E,D8:BC:38:50:1B:6E,-96
2026-08-22 09:28:04.735747,None,76:08:98:59:61:C7,-91
2026-08-22 09:28:05.274218,None,4F:46:BB:D5:79:94,-91
2026-08-22 09:28:05.792955,None,54:3A:1C:05:48:07,-92
2026-08-22 09:28:05.977311,None,53:B0:1A:E0:E1:AD,-68
2026-08-22 09:28:20.834204,None,C2:78:95:F8:2A:97,-72
2026-08-22 09:28:57.843971,20HL39284591421094,48:87:2D:89:79:5D,-99
2026-08-22 09:29:01.434091,None,43:63:72:20:3E:DC,-91
2026-08-22 09:29:01.714570,None,66:1E:00:FB:7E:8C,-92
2026-08-22 09:29:02.032746,None,7E:C1:B8:6D:7C:EE,-94
2026-08-22 09:29:02.265066,None,D9:13:A4:D3:31:5B,-89
2026-08-22 09:29:10.509861,None,02:84:E9:26:70:11,-96
2026-08-22 09:29:22.743352,None,65:9C:FF:3D:2C:5E,-100
2026-08-22 09:29:32.822211,None,56:95:26:24:15:74,-63
2026-08-22 09:29:51.616349,01469995,00:25:CA:5D:D9:D0,-87
2026-08-22 09:29:55.210195,None,60:2E:F6:14:B7:E4,-98
2026-08-22 09:30:00.101879,None,CA:F4:66:E2:11:61,-78
2026-08-22 09:30:00.725194,None,C8:41:1D:DC:0D:B0,-64
2026-08-22 09:30:00.752269,None,40:8B:AF:D7:62:64,-63
2026-08-22 09:30:00.792603,None,EE:93:DA:51:B2:B9,-76
2026-08-22 09:30:02.106563,None,C3:5D:01:C1:F6:66,-91
2026-08-22 09:30:02.499987,None,FB:1F:12:75:FE:2D,-89
2026-08-22 09:30:06.469751,None,E5:03:59:A6:9D:2C,-89
2026-08-22 09:30:13.171418,None,56:06:71:41:1E:12,-94
2026-08-22 09:30:19.275329,None,C7:18:A4:BD:C0:D8,-67
2026-08-22 09:30:20.267978,None,F1:D6:1F:0D:19:18,-91
2026-08-22 09:30:26.463174,113685_9C139E7A644C,9C:13:9E:7A:64:4E,-66
2026-08-22 09:30:55.871390,Charge 4,F1:D1:F5:5E:21:37,-94
2026-08-22 09:30:57.747049,None,FD:59:5A:90:47:D2,-99
2026-08-22 09:31:02.117639,None,C1:CE:04:B6:65:6F,-80
2026-08-22 09:31:08.593476,Peak Pro 01502,F0:AD:4E:40:19:D5,-87
2026-08-22 09:31:16.705194,None,DA:B5:43:06:AC:51,-77
2026-08-22 09:31:30.474122,ResMed 223238,E8:E0:7E:34:BB:D4,-87
2026-08-22 09:31:34.720754,None,C0:81:D4:52:61:FA,-80
2026-08-22 09:31:48.106504,None,DB:D3:84:13:29:B7,-91
2026-08-22 09:32:22.680832,None,C8:27:B4:15:65:52,-94
2026-08-22 09:33:30.781583,MELK-OF21   5C,BE:28:03:00:20:5C,-92
2026-08-22 09:33:55.057978,None,77:AF:88:3B:72:80,-85
2026-08-22 09:33:55.401437,None,54:42:E6:46:55:AE,-79
2026-08-22 09:34:59.154630,None,E2:66:CA:7B:F6:0C,-98
2026-08-22 09:34:59.222360,None,74:B5:FE:73:BB:57,-92
2026-08-22 09:35:51.823800,None,41:57:8D:C1:CD:A8,-89
2026-08-22 09:35:56.095813,None,75:9D:CC:4B:C5:63,-89
2026-08-22 09:36:11.142946,Platco PR1,B4:CB:B8:1B:D4:50,-83
2026-08-22 09:36:30.857555,Platco PR1,E4:A6:34:CF:38:ED,-95
2026-08-22 09:36:31.010440,None,47:BF:A9:38:0D:FF,-82
2026-08-22 09:36:58.959409,RIOT Plus501B6E,D8:BC:38:50:1B:6E,-94
2026-08-22 09:38:39.064506,None,77:3D:93:BB:FE:95,-75
2026-08-22 09:39:01.436368,None,43:63:72:20:3E:DC,-92
2026-08-22 09:39:06.429502,None,66:1E:00:FB:7E:8C,-93
2026-08-22 09:39:06.541891,None,7E:C1:B8:6D:7C:EE,-92
2026-08-22 09:39:07.614080,None,05:35:A9:CD:31:32,-96
2026-08-22 09:39:17.345928,20HL39284591421094,48:87:2D:89:79:5D,-93
2026-08-22 09:40:01.263947,None,EE:93:DA:51:B2:B9,-73
2026-08-22 09:40:03.549786,None,CA:F4:66:E2:11:61,-73
2026-08-22 09:40:04.275959,None,40:8B:AF:D7:62:64,-67
2026-08-22 09:40:04.336405,None,C8:41:1D:DC:0D:B0,-63
2026-08-22 09:40:08.049563,None,E5:03:59:A6:9D:2C,-92
2026-08-22 09:40:11.635038,None,C3:5D:01:C1:F6:66,-85
2026-08-22 09:40:12.777727,None,FB:1F:12:75:FE:2D,-88
2026-08-22 09:40:20.627274,None,56:06:71:41:1E:12,-94
2026-08-22 09:40:20.758891,None,C7:18:A4:BD:C0:D8,-72
2026-08-22 09:40:21.946449,None,F1:D6:1F:0D:19:18,-93
2026-08-22 09:40:26.675012,113685_9C139E7A644C,9C:13:9E:7A:64:4E,-69
2026-08-22 09:40:48.859396,None,4C:71:07:67:B9:BC,-88
2026-08-22 09:40:57.023733,Charge 4,F1:D1:F5:5E:21:37,-82
2026-08-22 09:41:04.299833,None,C1:CE:04:B6:65:6F,-81
2026-08-22 09:41:08.629295,Peak Pro 01502,F0:AD:4E:40:19:D5,-86
2026-08-22 09:41:18.066245,None,DA:B5:43:06:AC:51,-78
2026-08-22 09:41:30.561523,ResMed 223238,E8:E0:7E:34:BB:D4,-86
2026-08-22 09:41:36.352006,None,C0:81:D4:52:61:FA,-85
2026-08-22 09:41:51.617599,None,DB:D3:84:13:29:B7,-87
2026-08-22 09:42:04.436678,None,CE:13:8A:B8:E9:57,-94
2026-08-22 09:42:12.128716,None,46:D1:E5:3F:CF:78,-94
2026-08-22 09:42:26.101433,None,C8:27:B4:15:65:52,-97
2026-08-22 09:42:50.417302,None,54:45:FD:5C:CB:55,-79
2026-08-22 09:43:10.027791,ELK-BLEDOM05,BE:67:00:12:01:75,-100
2026-08-22 09:43:30.886971,MELK-OF21   5C,BE:28:03:00:20:5C,-93
2026-08-22 09:43:45.551136,None,48:62:94:7C:5F:04,-101
2026-08-22 09:43:57.663875,None,54:42:E6:46:55:AE,-80
2026-08-22 09:43:58.516559,None,77:AF:88:3B:72:80,-85
2026-08-22 09:45:02.117421,None,FE:3B:52:62:D3:CD,-86
2026-08-22 09:45:02.129448,None,D8:B8:18:38:67:2D,-73
2026-08-22 09:45:02.182498,None,D2:E7:0E:00:A4:2D,-81
2026-08-22 09:45:02.513358,None,F1:CB:76:AC:39:2B,-90
2026-08-22 09:45:04.208425,None,F4:41:C5:07:29:A4,-92
2026-08-22 09:45:04.706099,None,CC:BB:8A:41:58:29,-73
2026-08-22 09:45:09.700803,None,C9:E1:C7:F6:54:50,-95
2026-08-22 09:45:10.431936,None,74:B5:FE:73:BB:57,-95
2026-08-22 09:45:10.560556,None,CB:E6:65:7C:A2:C5,-90
2026-08-22 09:45:37.387183,None,FA:5A:CF:3E:FE:83,-72
2026-08-22 09:45:43.466920,None,6D:E5:87:B4:D3:74,-94
2026-08-22 09:45:44.223370,None,C3:C0:E6:52:35:A2,-91
2026-08-22 09:45:50.906125,None,56:AA:05:3C:3C:96,-87
2026-08-22 09:45:51.753109,None,F1:6D:60:64:D1:F5,-76
2026-08-22 09:45:51.947627,None,41:57:8D:C1:CD:A8,-88
2026-08-22 09:46:00.514670,None,D5:92:6A:13:B3:40,-78
2026-08-22 09:46:21.492369,Platco PR1,B4:CB:B8:1B:D4:50,-93
2026-08-22 09:47:02.589977,RIOT Plus501B6E,D8:BC:38:50:1B:6E,-95
2026-08-22 09:47:11.620944,None,5F:68:8F:ED:66:6A,-95
2026-08-22 09:47:41.249708,Platco PR1,E4:A6:34:CF:38:ED,-93
2026-08-22 09:47:47.387955,None,E2:66:CA:7B:F6:0C,-97
2026-08-22 09:47:51.328409,None,64:DE:CB:4C:94:F6,-93
2026-08-22 09:47:51.362605,None,44:52:7D:84:46:8C,-91
2026-08-22 09:47:53.379899,None,51:42:95:84:34:45,-92
2026-08-22 09:48:07.487422,None,7F:25:B2:37:BB:BD,-83
2026-08-22 09:49:16.964019,None,C2:D8:6B:80:62:E4,-96
2026-08-22 09:49:20.389838,20HL39284591421094,48:87:2D:89:79:5D,-94
2026-08-22 09:49:21.152059,None,7A:36:96:D5:53:89,-99
2026-08-22 09:49:36.146730,None,25:73:6D:56:96:05,-94
2026-08-22 09:50:05.822278,None,40:8B:AF:D7:62:64,-60
2026-08-22 09:50:06.011630,None,C8:41:1D:DC:0D:B0,-66
2026-08-22 09:50:26.702148,113685_9C139E7A644C,9C:13:9E:7A:64:4E,-66
2026-08-22 09:50:51.738981,None,DD:78:19:00:70:09,-67
2026-08-22 09:50:51.824374,None,63:BB:E4:97:70:88,-91
2026-08-22 09:50:53.259005,None,4C:71:07:67:B9:BC,-90
2026-08-22 09:51:00.556113,Charge 4,F1:D1:F5:5E:21:37,-93
2026-08-22 09:51:08.711428,Peak Pro 01502,F0:AD:4E:40:19:D5,-87
2026-08-22 09:51:30.646612,ResMed 223238,E8:E0:7E:34:BB:D4,-91
2026-08-22 09:51:36.873501,None,CA:1A:94:F2:00:6A,-94
2026-08-22 09:51:55.267680,None,DB:D3:84:13:29:B7,-91
2026-08-22 09:52:01.755168,None,F4:35:E6:20:7B:D2,-94
2026-08-22 09:53:31.012479,MELK-OF21   5C,BE:28:03:00:20:5C,-90
2026-08-22 09:53:45.083096,None,53:DA:C5:45:B9:F1,-84
2026-08-22 09:53:45.110531,None,5F:1C:FC:B1:4C:69,-87
2026-08-22 09:54:16.880848,None,48:62:94:7C:5F:04,-97
2026-08-22 09:54:56.907047,None,21:CB:96:A3:A2:53,-95
2026-08-22 09:55:03.481188,None,D8:B8:18:38:67:2D,-73
2026-08-22 09:55:03.535446,None,FE:3B:52:62:D3:CD,-84
2026-08-22 09:55:05.252216,None,F1:CB:76:AC:39:2B,-90
2026-08-22 09:55:06.076291,None,CC:BB:8A:41:58:29,-65
2026-08-22 09:55:06.506888,None,D2:E7:0E:00:A4:2D,-83
2026-08-22 09:55:06.639348,None,F4:41:C5:07:29:A4,-91
2026-08-22 09:55:11.672115,None,74:B5:FE:73:BB:57,-93
2026-08-22 09:55:11.882609,None,CB:E6:65:7C:A2:C5,-90
2026-08-22 09:55:14.062634,None,C9:E1:C7:F6:54:50,-94
2026-08-22 09:55:17.371997,None,1F:C7:F0:BB:23:82,-96
2026-08-22 09:55:41.022294,None,FA:5A:CF:3E:FE:83,-74
2026-08-22 09:55:48.803350,None,66:84:41:20:3C:1A,-90
2026-08-22 09:55:52.199958,None,56:AA:05:3C:3C:96,-87
2026-08-22 09:55:53.274441,None,F1:6D:60:64:D1:F5,-81
2026-08-22 09:56:02.728460,None,D5:92:6A:13:B3:40,-75
2026-08-22 09:56:36.363958,Platco PR1,B4:CB:B8:1B:D4:50,-83
2026-08-22 09:57:10.434243,RIOT Plus501B6E,D8:BC:38:50:1B:6E,-97
2026-08-22 09:57:12.255293,None,6B:A2:93:FF:91:1D,-93
2026-08-22 09:57:49.213058,None,7A:B6:F2:C3:3E:B0,-87
2026-08-22 09:57:52.026360,None,44:52:7D:84:46:8C,-91
2026-08-22 09:57:53.734533,None,64:DE:CB:4C:94:F6,-92
2026-08-22 09:57:56.534395,None,51:42:95:84:34:45,-91
2026-08-22 09:58:06.870114,None,6B:A2:27:8C:56:5F,-94
2026-08-22 09:58:07.589114,None,7F:25:B2:37:BB:BD,-88
2026-08-22 09:58:11.162021,Platco PR1,E4:A6:34:CF:38:ED,-94
2026-08-22 09:58:19.690307,ELK-BLEDOM05,BE:67:00:12:01:75,-99
2026-08-22 09:59:36.421916,20HL39284591421094,48:87:2D:89:79:5D,-96
2026-08-22 10:00:01.979715,None,DA:FA:6D:4C:F2:B6,-92
2026-08-22 10:00:02.149658,None,C1:26:7A:8A:C5:E0,-79
2026-08-22 10:00:02.452305,None,E7:49:25:B0:0B:80,-90
2026-08-22 10:00:02.502279,None,CB:EB:51:5E:1B:E4,-77
2026-08-22 10:00:02.592065,None,4C:B6:8F:97:0B:D6,-77
2026-08-22 10:00:02.957752,None,F7:8D:2F:09:D1:BC,-82
2026-08-22 10:00:02.992347,None,E8:FA:83:9D:5E:2A,-73
2026-08-22 10:00:06.133819,None,E1:84:92:C7:C4:73,-90
2026-08-22 10:00:06.519437,None,43:03:26:CF:53:66,-81
2026-08-22 10:00:09.137027,None,CB:71:1A:CD:BA:6C,-97
2026-08-22 10:00:12.678417,None,CA:46:48:09:97:26,-90
2026-08-22 10:00:25.588805,None,CD:A0:28:B0:9B:CF,-68
2026-08-22 10:00:27.857431,113685_9C139E7A644C,9C:13:9E:7A:64:4E,-71
2026-08-22 10:00:40.574988,None,54:45:FD:5C:CB:55,-84
2026-08-22 10:00:40.658711,None,E8:52:F0:FD:DB:44,-92
2026-08-22 10:00:53.611583,None,63:BB:E4:97:70:88,-71
2026-08-22 10:01:01.288893,None,D4:B8:FB:B9:1C:55,-80
2026-08-22 10:01:01.690961,Charge 4,F1:D1:F5:5E:21:37,-92
2026-08-22 10:01:08.904625,Peak Pro 01502,F0:AD:4E:40:19:D5,-87
2026-08-22 10:01:09.629237,None,6C:FB:A0:B0:12:79,-89
2026-08-22 10:01:10.501344,None,D4:92:DC:41:6B:EF,-93
2026-08-22 10:01:11.033241,None,C1:B1:E4:86:E5:9D,-95
2026-08-22 10:01:30.729771,ResMed 223238,E8:E0:7E:34:BB:D4,-91
2026-08-22 10:03:31.093921,MELK-OF21   5C,BE:28:03:00:20:5C,-91
2026-08-22 10:03:45.265665,None,53:DA:C5:45:B9:F1,-81
2026-08-22 10:03:47.148277,None,5F:1C:FC:B1:4C:69,-84
2026-08-22 10:04:11.183397,None,49:F6:4C:E0:25:4E,-91
2026-08-22 10:04:11.965663,None,72:E0:71:97:E0:99,-92
2026-08-22 10:04:12.235580,None,53:2F:7C:E2:CE:12,-94
2026-08-22 10:04:21.942301,None,D8:31:B3:19:36:C4,-103
2026-08-22 10:04:48.913624,None,61:96:85:DF:17:83,-100
2026-08-22 10:05:17.793929,None,E4:BA:B4:E4:D9:9D,-98
2026-08-22 10:05:19.534846,None,31:F1:47:29:B1:53,-98
2026-08-22 10:05:44.159086,None,66:F0:E0:1F:45:0E,-85
2026-08-22 10:05:44.879357,None,6E:A5:9E:CC:71:CF,-86
2026-08-22 10:05:51.782207,None,66:84:41:20:3C:1A,-91
2026-08-22 10:06:44.424398,None,0E:A0:4C:6C:C5:58,-95
2026-08-22 10:06:56.756256,Platco PR1,B4:CB:B8:1B:D4:50,-84
2026-08-22 10:07:15.967283,None,6B:A2:93:FF:91:1D,-94
2026-08-22 10:07:16.405845,RIOT Plus501B6E,D8:BC:38:50:1B:6E,-99
2026-08-22 10:07:51.496223,None,7A:B6:F2:C3:3E:B0,-88
2026-08-22 10:08:07.663096,None,7F:25:B2:37:BB:BD,-82
2026-08-22 10:08:24.138058,None,FF:A0:45:DF:70:47,-99
2026-08-22 10:08:58.065312,None,7D:47:A2:56:68:20,-97
2026-08-22 10:09:06.500446,Platco PR1,E4:A6:34:CF:38:ED,-92
2026-08-22 10:09:23.063459,None,C5:EF:32:8E:ED:E8,-97
2026-08-22 10:09:37.242387,20HL39284591421094,48:87:2D:89:79:5D,-93
2026-08-22 10:10:02.725514,None,CB:EB:51:5E:1B:E4,-76
2026-08-22 10:10:05.372350,None,F7:8D:2F:09:D1:BC,-83
2026-08-22 10:10:05.385726,None,DA:FA:6D:4C:F2:B6,-91
2026-08-22 10:10:05.655736,None,C1:26:7A:8A:C5:E0,-79
2026-08-22 10:10:06.977037,None,E8:FA:83:9D:5E:2A,-86
2026-08-22 10:10:07.457838,None,E1:84:92:C7:C4:73,-91
2026-08-22 10:10:09.971962,None,E7:49:25:B0:0B:80,-92
2026-08-22 10:10:12.793745,ELK-BLEDOM05,BE:67:00:12:01:75,-98
2026-08-22 10:10:21.384999,None,CA:46:48:09:97:26,-89
2026-08-22 10:10:23.485212,None,CB:71:1A:CD:BA:6C,-95
2026-08-22 10:10:27.199043,None,CD:A0:28:B0:9B:CF,-60
2026-08-22 10:10:27.932714,113685_9C139E7A644C,9C:13:9E:7A:64:4E,-69
2026-08-22 10:10:42.546719,None,E8:52:F0:FD:DB:44,-91
2026-08-22 10:10:49.013705,None,52:DF:BD:E5:36:61,-89
2026-08-22 10:10:55.241220,None,63:BB:E4:97:70:88,-71
2026-08-22 10:10:57.880218,None,1C:48:A2:A5:3D:1E,-101
2026-08-22 10:11:02.828920,Charge 4,F1:D1:F5:5E:21:37,-83
2026-08-22 10:11:02.907958,None,D4:B8:FB:B9:1C:55,-73
2026-08-22 10:11:08.933043,Peak Pro 01502,F0:AD:4E:40:19:D5,-87
2026-08-22 10:11:30.972764,ResMed 223238,E8:E0:7E:34:BB:D4,-88
2026-08-22 10:11:33.868535,P-PR3 EntOS RCU,EC:47:0C:95:F4:26,-98
2026-08-22 10:12:13.731837,None,44:47:CE:FC:67:69,-67
2026-08-22 10:12:22.201582,None,73:6B:AE:79:FD:09,-95
2026-08-22 10:13:09.803342,None,47:15:15:F7:4C:B0,-84
2026-08-22 10:13:31.171342,MELK-OF21   5C,BE:28:03:00:20:5C,-93
2026-08-22 10:13:44.378793,None,4F:8E:FE:9F:B4:DD,-96
2026-08-22 10:14:12.784257,None,53:2F:7C:E2:CE:12,-92
2026-08-22 10:14:13.019284,None,72:E0:71:97:E0:99,-93
2026-08-22 10:14:13.370100,None,49:F6:4C:E0:25:4E,-91
2026-08-22 10:15:00.428669,None,D0:F9:D2:57:8B:74,-79
2026-08-22 10:15:04.072556,None,C5:75:01:93:6F:04,-94
2026-08-22 10:15:04.488051,None,C4:80:F6:49:F6:3E,-94
2026-08-22 10:15:04.667794,None,FA:3E:6D:94:8A:2F,-72
2026-08-22 10:15:05.582543,None,D1:22:61:9E:A4:3C,-77
2026-08-22 10:15:06.560759,None,CA:3E:A8:4E:0D:C6,-90
2026-08-22 10:15:09.806419,None,CC:AC:EA:BB:26:E0,-93
2026-08-22 10:15:14.492997,None,DD:AA:A9:3C:7E:3B,-90
2026-08-22 10:15:16.617981,None,7E:9A:8E:3B:B5:9B,-91
2026-08-22 10:15:19.006342,None,D0:71:B4:C7:AA:84,-89
2026-08-22 10:15:20.804083,None,E4:8E:F5:B1:B6:ED,-92
2026-08-22 10:15:30.800839,None,DE:78:CC:62:47:DD,-74
2026-08-22 10:15:40.939507,None,D6:52:63:22:56:39,-60
2026-08-22 10:15:44.875930,None,66:F0:E0:1F:45:0E,-83
2026-08-22 10:15:47.697509,None,6E:A5:9E:CC:71:CF,-84
2026-08-22 10:16:20.502324,None,40:CE:61:86:D4:FC,-74
2026-08-22 10:16:23.978857,None,F8:C2:21:C8:BD:D7,-75
2026-08-22 10:16:28.425962,None,6F:54:D2:6A:81:5C,-89
2026-08-22 10:17:06.584851,Platco PR1,B4:CB:B8:1B:D4:50,-86
2026-08-22 10:17:27.587246,RIOT Plus501B6E,D8:BC:38:50:1B:6E,-98
2026-08-22 10:17:49.527212,None,53:37:5B:3F:A6:96,-85
2026-08-22 10:17:50.414529,None,64:52:E3:8E:44:D8,-84
2026-08-22 10:19:22.621947,None,6C:74:7F:6A:BA:AE,-100
2026-08-22 10:20:08.113428,None,D5:9E:C9:92:21:2C,-93
2026-08-22 10:20:11.864626,20HL39284591421094,48:87:2D:89:79:5D,-94
2026-08-22 10:20:28.414080,113685_9C139E7A644C,9C:13:9E:7A:64:4E,-65
2026-08-22 10:20:49.791892,None,52:DF:BD:E5:36:61,-89
2026-08-22 10:20:50.494326,None,6D:C5:4B:CD:6A:EF,-95
2026-08-22 10:20:50.819142,None,FB:6D:EF:8B:3D:18,-92
2026-08-22 10:21:03.799357,Charge 4,F1:D1:F5:5E:21:37,-88
2026-08-22 10:21:10.653103,Peak Pro 01502,F0:AD:4E:40:19:D5,-87
2026-08-22 10:21:18.062573,None,7D:47:A2:56:68:20,-97
2026-08-22 10:21:32.935657,ResMed 223238,E8:E0:7E:34:BB:D4,-88
2026-08-22 10:21:37.475230,None,47:72:4F:12:68:D3,-94
2026-08-22 10:21:37.520200,None,75:3E:A0:65:E4:AA,-91
2026-08-22 10:21:40.854265,None,63:63:F6:19:7E:61,-92
2026-08-22 10:21:47.273642,None,60:87:8B:F8:3A:97,-93
2026-08-22 10:21:47.289163,None,E1:FA:0E:43:68:75,-96
2026-08-22 10:22:15.451685,None,44:47:CE:FC:67:69,-75
2026-08-22 10:22:22.937133,None,73:6B:AE:79:FD:09,-100
2026-08-22 10:23:06.150750,None,60:AB:9B:33:48:5E,-99
2026-08-22 10:23:09.827210,None,47:15:15:F7:4C:B0,-85
2026-08-22 10:23:26.638889,None,4D:E8:86:51:0C:41,-93
2026-08-22 10:23:27.833937,None,44:44:BE:FD:1B:F9,-93
2026-08-22 10:23:31.252155,MELK-OF21   5C,BE:28:03:00:20:5C,-92
2026-08-22 10:23:34.018316,None,CB:58:41:86:39:CA,-98
2026-08-22 10:24:16.122567,Platco PR1,E4:A6:34:CF:38:ED,-96
2026-08-22 10:25:01.807537,None,D0:F9:D2:57:8B:74,-72
2026-08-22 10:25:05.957552,None,C4:80:F6:49:F6:3E,-93
2026-08-22 10:25:06.608314,None,FA:3E:6D:94:8A:2F,-77
2026-08-22 10:25:11.496768,None,D1:22:61:9E:A4:3C,-77
2026-08-22 10:25:11.575912,None,C5:75:01:93:6F:04,-80
2026-08-22 10:25:12.153252,None,CA:3E:A8:4E:0D:C6,-92
2026-08-22 10:25:18.605374,None,7E:9A:8E:3B:B5:9B,-81
2026-08-22 10:25:19.113837,None,DD:AA:A9:3C:7E:3B,-89
2026-08-22 10:25:25.768133,None,E4:8E:F5:B1:B6:ED,-92
2026-08-22 10:25:28.105880,None,D0:71:B4:C7:AA:84,-81
2026-08-22 10:25:28.125297,None,CC:AC:EA:BB:26:E0,-98
2026-08-22 10:25:28.145066,None,71:5E:78:C2:3C:13,-82
2026-08-22 10:25:32.244699,None,DE:78:CC:62:47:DD,-80
2026-08-22 10:25:42.534393,None,D6:52:63:22:56:39,-63
2026-08-22 10:25:46.960606,None,6D:89:99:80:82:F0,-93
2026-08-22 10:25:49.268179,None,4E:39:4E:61:2A:4D,-90
2026-08-22 10:26:22.160535,None,40:CE:61:86:D4:FC,-67
2026-08-22 10:26:26.677048,None,F8:C2:21:C8:BD:D7,-74
2026-08-22 10:26:28.897020,None,6F:54:D2:6A:81:5C,-77
2026-08-22 10:27:03.037265,None,6D:4B:65:AF:91:65,-95
2026-08-22 10:27:16.440941,Platco PR1,B4:CB:B8:1B:D4:50,-87
2026-08-22 10:27:24.856878,ELK-BLEDOM05,BE:67:00:12:01:75,-99
2026-08-22 10:27:29.031072,RIOT Plus501B6E,D8:BC:38:50:1B:6E,-92
2026-08-22 10:27:39.717390,None,6C:3C:9B:3C:2C:84,-95
2026-08-22 10:27:49.754534,None,53:37:5B:3F:A6:96,-76
2026-08-22 10:27:53.471753,None,64:52:E3:8E:44:D8,-75
2026-08-22 10:30:00.421556,None,F4:5E:63:1B:B7:47,-71
2026-08-22 10:30:00.651822,None,40:76:98:C3:4B:02,-76
2026-08-22 10:30:01.463566,None,C6:21:04:7C:30:00,-68
2026-08-22 10:30:02.063396,None,F6:98:5C:A9:F2:EE,-83
2026-08-22 10:30:02.402882,None,FF:89:CD:A1:48:3E,-74
2026-08-22 10:30:02.446989,None,CE:19:AA:00:FE:07,-94
2026-08-22 10:30:05.370927,None,DD:EE:D3:CF:8A:1A,-92
2026-08-22 10:30:05.789957,None,77:11:15:BD:1B:34,-76
2026-08-22 10:30:06.092319,None,D1:93:3C:C2:68:24,-74
2026-08-22 10:30:11.193897,None,D0:D1:D3:F4:1D:CA,-90
2026-08-22 10:30:17.648630,None,D5:9E:C9:92:21:2C,-97
2026-08-22 10:30:23.755416,None,C9:5F:25:45:41:42,-91
2026-08-22 10:30:24.480539,None,6C:74:7F:6A:BA:AE,-95
2026-08-22 10:30:28.478683,113685_9C139E7A644C,9C:13:9E:7A:64:4E,-71
2026-08-22 10:30:36.506960,None,DF:27:E6:D1:D5:B5,-72
2026-08-22 10:31:04.944389,Charge 4,F1:D1:F5:5E:21:37,-88
2026-08-22 10:31:08.242539,None,54:9C:BE:00:9E:A4,-60
2026-08-22 10:31:10.794733,Peak Pro 01502,F0:AD:4E:40:19:D5,-86
2026-08-22 10:31:12.277788,None,75:5F:1F:9E:F2:6A,-60
2026-08-22 10:31:22.404039,None,78:83:1E:C6:7D:7C,-96
2026-08-22 10:31:33.476022,ResMed 223238,E8:E0:7E:34:BB:D4,-90
2026-08-22 10:31:36.578319,None,6C:34:C4:94:2F:A5,-98
2026-08-22 10:31:37.683806,None,F5:97:40:60:31:F4,-93
2026-08-22 10:31:41.074266,None,6A:4D:71:5E:98:BB,-83
2026-08-22 10:31:59.428617,ISP165B_BLE,C4:C1:03:E0:2C:DC,-94
2026-08-22 10:32:05.918008,None,6F:85:17:69:8F:29,-98
2026-08-22 10:32:07.747716,None,D1:60:D0:B7:33:A6,-96
2026-08-22 10:32:25.564816,None,C4:E5:E6:EB:78:66,-80
2026-08-22 10:32:29.330171,None,56:E0:43:4F:46:24,-95
2026-08-22 10:32:36.180629,None,6C:E7:44:64:8F:CB,-97
2026-08-22 10:33:09.985486,None,47:15:15:F7:4C:B0,-84
2026-08-22 10:33:17.910705,20HL39284591421094,48:87:2D:89:79:5D,-96
2026-08-22 10:33:32.962385,MELK-OF21   5C,BE:28:03:00:20:5C,-92
2026-08-22 10:33:33.673094,None,D9:E2:65:20:31:C1,-95
2026-08-22 10:33:42.749882,None,27:0F:24:E9:D4:4B,-102
2026-08-22 10:35:05.558459,None,65:13:DE:01:29:0C,-95
2026-08-22 10:35:05.735588,None,5B:0D:98:D6:DD:F0,-83
2026-08-22 10:35:05.899432,None,63:DC:B3:88:D0:09,-83
2026-08-22 10:35:14.491691,Platco PR1,E4:A6:34:CF:38:ED,-96
2026-08-22 10:35:30.760767,None,E4:8E:F5:B1:B6:ED,-93
2026-08-22 10:35:34.034152,None,C6:E7:21:BA:AC:97,-88
2026-08-22 10:35:49.559267,None,4E:39:4E:61:2A:4D,-89
2026-08-22 10:37:03.615657,None,6D:4B:65:AF:91:65,-91
2026-08-22 10:37:29.998209,RIOT Plus501B6E,D8:BC:38:50:1B:6E,-95
2026-08-22 10:37:31.813136,Platco PR1,B4:CB:B8:1B:D4:50,-88
2026-08-22 10:37:43.903830,None,71:5E:78:C2:3C:13,-81
2026-08-22 10:39:11.469002,None,71:A3:39:29:12:53,-83
2026-08-22 10:39:38.268404,None,7C:D0:71:B6:0B:7D,-69
2026-08-22 10:39:58.015549,None,7F:84:90:B4:91:40,-95
2026-08-22 10:40:03.579792,None,F6:98:5C:A9:F2:EE,-78
2026-08-22 10:40:04.570567,None,FF:89:CD:A1:48:3E,-72
2026-08-22 10:40:05.094543,None,C6:21:04:7C:30:00,-61
2026-08-22 10:40:05.388313,None,F4:5E:63:1B:B7:47,-76
2026-08-22 10:40:05.953652,None,DD:EE:D3:CF:8A:1A,-87
2026-08-22 10:40:06.338447,None,E4:FD:EC:E6:43:52,-99
2026-08-22 10:40:07.578783,None,D1:93:3C:C2:68:24,-75
2026-08-22 10:40:07.887109,None,CE:19:AA:00:FE:07,-89
2026-08-22 10:40:11.562644,None,4D:9E:7C:55:A3:7B,-96
2026-08-22 10:40:12.885616,None,D0:D1:D3:F4:1D:CA,-89
2026-08-22 10:40:28.483333,113685_9C139E7A644C,9C:13:9E:7A:64:4E,-65
2026-08-22 10:40:28.939879,None,C9:5F:25:45:41:42,-94
2026-08-22 10:40:37.652677,None,DF:27:E6:D1:D5:B5,-76
2026-08-22 10:40:38.256823,None,CA:64:8F:61:0C:C0,-96
2026-08-22 10:40:49.032820,None,6D:AE:61:31:45:C5,-89
2026-08-22 10:40:57.344374,None,76:9C:54:16:CD:DE,-97
2026-08-22 10:41:06.709431,Charge 4,F1:D1:F5:5E:21:37,-78
2026-08-22 10:41:09.754416,None,54:9C:BE:00:9E:A4,-61
2026-08-22 10:41:10.974330,Peak Pro 01502,F0:AD:4E:40:19:D5,-87
2026-08-22 10:41:13.170357,None,75:5F:1F:9E:F2:6A,-60
2026-08-22 10:41:33.546084,ResMed 223238,E8:E0:7E:34:BB:D4,-86
2026-08-22 10:41:39.689163,None,32:22:55:A3:F7:12,-98
2026-08-22 10:41:41.226252,None,6A:4D:71:5E:98:BB,-85
2026-08-22 10:42:01.868643,ISP165B_BLE,C4:C1:03:E0:2C:DC,-97
2026-08-22 10:42:09.242974,None,D1:60:D0:B7:33:A6,-90
2026-08-22 10:42:29.362564,None,C4:E5:E6:EB:78:66,-80
2026-08-22 10:42:39.383175,None,6A:11:20:53:01:64,-83
2026-08-22 10:42:50.047984,None,4A:43:E2:CE:BB:8F,-98
2026-08-22 10:43:22.320447,20HL39284591421094,48:87:2D:89:79:5D,-95
2026-08-22 10:43:35.101071,MELK-OF21   5C,BE:28:03:00:20:5C,-91
2026-08-22 10:43:37.184333,None,D9:E2:65:20:31:C1,-98
2026-08-22 10:43:57.793877,ELK-BLEDOM05,BE:67:00:12:01:75,-97
2026-08-22 10:44:26.436044,None,DC:AE:FC:8E:67:C3,-94
2026-08-22 10:44:26.615451,None,41:88:95:1D:62:61,-94
2026-08-22 10:44:26.809234,None,53:BB:1C:6F:4B:DD,-92
2026-08-22 10:44:29.577855,None,47:B7:58:B0:46:E4,-95
2026-08-22 10:44:29.621264,None,41:E7:AE:81:75:FA,-98
2026-08-22 10:44:32.824897,None,66:DD:9E:C5:5D:94,-96
2026-08-22 10:44:54.838183,X4 5KJKFV,54:78:C9:1E:BA:B7,-93
2026-08-22 10:45:00.821352,None,CC:50:38:A1:E6:09,-94
2026-08-22 10:45:00.858214,None,F3:EF:01:AC:91:35,-88
2026-08-22 10:45:00.990221,None,FD:44:64:84:85:39,-76
2026-08-22 10:45:01.369132,None,C7:05:91:CD:99:C5,-75
2026-08-22 10:45:01.637144,None,F7:A6:42:FE:53:40,-91
2026-08-22 10:45:04.118236,None,ED:BA:BC:11:A2:8A,-75
2026-08-22 10:45:04.445858,None,DC:AC:0E:37:31:55,-88
2026-08-22 10:45:05.532947,None,E7:79:6A:02:56:0F,-83
2026-08-22 10:45:05.727172,None,C1:6A:87:91:9F:28,-78
2026-08-22 10:45:06.403521,None,63:DC:B3:88:D0:09,-88
2026-08-22 10:45:06.492860,None,CF:74:4E:1A:67:94,-94
2026-08-22 10:45:06.664870,None,5B:0D:98:D6:DD:F0,-83
2026-08-22 10:45:11.890737,None,DB:AB:C8:0D:23:1B,-88
2026-08-22 10:45:49.779118,Platco PR1,E4:A6:34:CF:38:ED,-96
2026-08-22 10:46:27.171417,None,F1:FA:EC:49:4E:C2,-75
2026-08-22 10:46:31.774165,None,E7:16:44:B9:86:88,-91
2026-08-22 10:47:30.398936,RIOT Plus501B6E,D8:BC:38:50:1B:6E,-94
2026-08-22 10:47:44.179266,None,71:5E:78:C2:3C:13,-84
2026-08-22 10:47:46.697057,Platco PR1,B4:CB:B8:1B:D4:50,-83
2026-08-22 10:49:30.753403,S857cf90a94f73267C,90:7B:C6:EB:24:C9,-92
2026-08-22 10:49:38.693559,None,6D:5E:9C:F5:C7:4A,-93
2026-08-22 10:49:59.989075,None,7F:84:90:B4:91:40,-87
2026-08-22 10:50:28.524428,113685_9C139E7A644C,9C:13:9E:7A:64:4E,-70
2026-08-22 10:50:49.278791,None,6D:AE:61:31:45:C5,-94
2026-08-22 10:50:57.064095,None,77:10:E9:BB:4F:01,-84
2026-08-22 10:51:03.817069,None,F0:89:E2:62:E5:8C,-92
2026-08-22 10:51:06.495366,None,24:DC:16:10:3C:2B,-101
2026-08-22 10:51:11.506900,Peak Pro 01502,F0:AD:4E:40:19:D5,-86
2026-08-22 10:51:12.223106,Charge 4,F1:D1:F5:5E:21:37,-89
2026-08-22 10:51:13.709216,None,75:5F:1F:9E:F2:6A,-76
2026-08-22 10:51:33.770016,ResMed 223238,E8:E0:7E:34:BB:D4,-91
2026-08-22 10:51:46.861517,None,51:25:9D:E4:65:CC,-69
2026-08-22 10:51:46.883589,None,70:B9:32:41:49:72,-77
2026-08-22 10:52:04.102056,ISP165B_BLE,C4:C1:03:E0:2C:DC,-95
2026-08-22 10:52:39.558762,None,6A:11:20:53:01:64,-80
2026-08-22 10:53:30.180506,20HL39284591421094,48:87:2D:89:79:5D,-96
2026-08-22 10:53:35.260440,MELK-OF21   5C,BE:28:03:00:20:5C,-93
2026-08-22 10:53:43.185113,None,55:E1:F8:08:45:E8,-93
2026-08-22 10:53:45.555315,EF-D36C0514,A0:85:E3:DE:D2:96,-104
2026-08-22 10:54:12.926802,ELK-BLEDOM05,BE:67:00:12:01:75,-100
2026-08-22 10:54:26.769251,None,41:88:95:1D:62:61,-87
2026-08-22 10:54:27.036130,None,53:BB:1C:6F:4B:DD,-90
2026-08-22 10:54:27.649841,None,5C:DC:D3:29:AD:D7,-79
2026-08-22 10:54:32.955758,None,66:DD:9E:C5:5D:94,-92
2026-08-22 10:55:01.518243,None,F3:EF:01:AC:91:35,-87
2026-08-22 10:55:01.770765,None,FD:44:64:84:85:39,-72
2026-08-22 10:55:02.563065,None,C7:05:91:CD:99:C5,-83
2026-08-22 10:55:05.521955,None,ED:BA:BC:11:A2:8A,-72
2026-08-22 10:55:05.791417,None,CC:50:38:A1:E6:09,-92
2026-08-22 10:55:08.434400,None,5B:0D:98:D6:DD:F0,-91
2026-08-22 10:55:08.646247,None,63:DC:B3:88:D0:09,-80
2026-08-22 10:55:08.905270,None,CF:74:4E:1A:67:94,-89
2026-08-22 10:55:09.645108,None,C1:6A:87:91:9F:28,-74
2026-08-22 10:55:10.033547,None,DC:AC:0E:37:31:55,-91
2026-08-22 10:55:10.749324,None,E7:79:6A:02:56:0F,-82
2026-08-22 10:55:16.551326,None,DB:AB:C8:0D:23:1B,-88
2026-08-22 10:55:49.192421,None,50:1E:58:E8:61:11,-89
2026-08-22 10:56:28.810278,None,F1:FA:EC:49:4E:C2,-76
2026-08-22 10:56:41.716335,None,7A:55:4B:75:44:81,-96
2026-08-22 10:57:04.742319,None,5E:0C:50:DF:A8:2B,-85
2026-08-22 10:57:05.867734,None,4F:6D:CB:92:70:96,-82
2026-08-22 10:57:11.446070,None,76:9C:54:16:CD:DE,-99
2026-08-22 10:57:24.378204,None,F7:A6:42:FE:53:40,-96
2026-08-22 10:57:37.961953,RIOT Plus501B6E,D8:BC:38:50:1B:6E,-98
2026-08-22 10:57:56.531575,Platco PR1,B4:CB:B8:1B:D4:50,-84
2026-08-22 10:58:09.309290,None,C0:E8:B4:69:B9:46,-96
2026-08-22 10:58:25.128468,None,46:C0:28:13:E9:64,-72
2026-08-22 10:58:28.485745,None,7C:D0:71:B6:0B:7D,-64
2026-08-22 10:58:29.174621,None,66:3F:E9:01:48:EA,-90
2026-08-22 10:58:35.939312,None,F4:9E:7A:B8:D8:BC,-91
2026-08-22 10:58:35.954608,None,45:0F:20:18:B1:09,-94
2026-08-22 10:58:43.442228,None,5B:2A:2F:F5:12:02,-95
2026-08-22 10:58:51.211296,Platco PR1,E4:A6:34:CF:38:ED,-96
2026-08-22 11:00:00.548468,None,F2:85:2D:B0:0A:9E,-91
2026-08-22 11:00:00.811235,None,F2:EC:AA:D3:18:97,-72
2026-08-22 11:00:01.911827,None,E6:ED:7D:A5:86:E3,-87
2026-08-22 11:00:06.810135,None,EA:3D:54:6A:5F:F0,-80
2026-08-22 11:00:07.139167,None,E5:5B:FE:65:C2:80,-92
2026-08-22 11:00:10.457092,None,F0:05:02:96:7E:38,-90
2026-08-22 11:00:30.806601,113685_9C139E7A644C,9C:13:9E:7A:64:4E,-68
2026-08-22 11:00:53.781637,None,F1:FF:2C:D4:EC:00,-74
2026-08-22 11:01:13.256977,Peak Pro 01502,F0:AD:4E:40:19:D5,-87
2026-08-22 11:01:13.373669,None,F0:89:E2:62:E5:8C,-93
2026-08-22 11:01:14.654702,Charge 4,F1:D1:F5:5E:21:37,-83
2026-08-22 11:01:24.694486,None,43:7A:CE:69:3A:E3,-97
2026-08-22 11:01:25.854115,None,57:80:E2:87:0A:42,-94
2026-08-22 11:01:35.574580,ResMed 223238,E8:E0:7E:34:BB:D4,-88
2026-08-22 11:01:45.679173,None,64:4F:8F:25:4D:64,-93
2026-08-22 11:01:46.037820,None,58:D9:FB:0A:AF:67,-92
2026-08-22 11:01:46.968737,None,7E:91:00:A3:AF:A2,-92
2026-08-22 11:01:53.215256,None,F3:92:C5:6C:8E:1D,-74
2026-08-22 11:02:00.611727,None,E7:B5:63:21:A4:0B,-85
2026-08-22 11:02:04.590830,ISP165B_BLE,C4:C1:03:E0:2C:DC,-95
2026-08-22 11:02:40.070754,None,6A:11:20:53:01:64,-92
2026-08-22 11:03:18.065707,None,E8:23:78:91:5F:A5,-98
2026-08-22 11:03:24.388457,None,51:DA:86:13:16:B3,-94
2026-08-22 11:03:36.313640,MELK-OF21   5C,BE:28:03:00:20:5C,-92
2026-08-22 11:03:43.231663,None,55:E1:F8:08:45:E8,-88
2026-08-22 11:03:46.131028,20HL39284591421094,48:87:2D:89:79:5D,-97
2026-08-22 11:05:01.899923,None,4A:DA:58:CE:53:33,-71
2026-08-22 11:05:02.589208,None,7E:BE:B2:2C:73:0A,-99
2026-08-22 11:05:04.376321,None,4B:8B:5C:30:9B:D3,-91
2026-08-22 11:05:19.605788,None,E3:44:3D:8F:9C:D2,-93
2026-08-22 11:05:40.709090,None,34:72:91:25:CA:B0,-101
2026-08-22 11:05:47.536301,None,47:8C:C1:47:F1:33,-94
2026-08-22 11:05:49.155410,None,DC:6A:0D:D4:8D:E0,-88
2026-08-22 11:05:49.306849,None,50:1E:58:E8:61:11,-95
2026-08-22 11:05:54.023057,None,C9:B4:31:1D:D4:8A,-93
2026-08-22 11:05:54.221478,None,DC:63:92:57:A1:4A,-87
2026-08-22 11:05:59.593441,None,44:40:06:0D:F4:8A,-87
2026-08-22 11:06:00.245422,None,69:6F:73:59:CA:A7,-98
2026-08-22 11:06:13.991987,None,50:A1:84:A9:44:34,-92
2026-08-22 11:06:57.803708,ELK-BLEDOM05,BE:67:00:12:01:75,-98
2026-08-22 11:07:01.639400,None,5E:95:3B:30:DF:16,-91
2026-08-22 11:07:05.937883,None,4F:6D:CB:92:70:96,-79
2026-08-22 11:07:07.930212,None,5E:0C:50:DF:A8:2B,-80
2026-08-22 11:07:12.139933,None,5C:DC:D3:29:AD:D7,-90
2026-08-22 11:07:43.472767,RIOT Plus501B6E,D8:BC:38:50:1B:6E,-101
2026-08-22 11:07:56.869197,Platco PR1,B4:CB:B8:1B:D4:50,-84
2026-08-22 11:08:14.983227,None,6A:92:26:FA:49:55,-88
2026-08-22 11:08:15.072290,None,5D:F5:3D:C1:71:F4,-91
2026-08-22 11:08:17.357920,None,F0:37:3F:48:F4:2B,-84
2026-08-22 11:08:54.399417,None,79:9F:5A:57:34:36,-89
2026-08-22 11:09:01.139477,Platco PR1,E4:A6:34:CF:38:ED,-95
2026-08-22 11:09:43.887876,None,7F:2A:D8:9D:EC:B8,-99
2026-08-22 11:10:01.499727,None,F2:85:2D:B0:0A:9E,-90
2026-08-22 11:10:01.892450,None,F2:EC:AA:D3:18:97,-70
2026-08-22 11:10:06.411165,None,E6:ED:7D:A5:86:E3,-82
2026-08-22 11:10:09.145220,None,EA:3D:54:6A:5F:F0,-91
2026-08-22 11:10:13.929428,None,F0:05:02:96:7E:38,-93
2026-08-22 11:10:14.216637,None,E5:5B:FE:65:C2:80,-92
2026-08-22 11:10:29.765014,LFSmart Scale,CF:E9:17:28:41:0D,-93
2026-08-22 11:10:30.908382,113685_9C139E7A644C,9C:13:9E:7A:64:4E,-71
2026-08-22 11:10:42.837010,None,68:36:8F:ED:D3:C9,-95
2026-08-22 11:10:48.601797,YT*,BE:03:AC:00:02:55,-98
2026-08-22 11:10:48.821697,None,51:DE:3A:A2:B4:31,-92
2026-08-22 11:10:55.527771,None,F1:FF:2C:D4:EC:00,-79
2026-08-22 11:11:13.435944,Peak Pro 01502,F0:AD:4E:40:19:D5,-85
2026-08-22 11:11:17.140467,Charge 4,F1:D1:F5:5E:21:37,-92
2026-08-22 11:11:25.238423,None,43:7A:CE:69:3A:E3,-97
2026-08-22 11:11:27.725604,None,7E:98:FE:DB:E5:F4,-98
2026-08-22 11:11:35.813283,ResMed 223238,E8:E0:7E:34:BB:D4,-89
2026-08-22 11:11:42.977994,None,77:20:4A:60:7D:4E,-95
2026-08-22 11:11:43.364532,None,CF:9D:75:9A:ED:53,-93
2026-08-22 11:11:47.287956,None,7E:91:00:A3:AF:A2,-92
2026-08-22 11:11:47.877432,None,58:D9:FB:0A:AF:67,-92
2026-08-22 11:11:51.245178,None,64:4F:8F:25:4D:64,-94
2026-08-22 11:11:54.067220,None,74:58:41:B7:CC:AE,-96
2026-08-22 11:11:54.728771,None,F3:92:C5:6C:8E:1D,-77
2026-08-22 11:12:02.319844,None,E7:B5:63:21:A4:0B,-94
2026-08-22 11:12:05.087063,ISP165B_BLE,C4:C1:03:E0:2C:DC,-91
2026-08-22 11:12:43.309366,None,41:53:09:A1:72:2C,-94
2026-08-22 11:12:43.455892,None,43:80:92:FD:C9:66,-94
2026-08-22 11:12:43.646994,None,6D:CD:E9:AE:78:B9,-92
2026-08-22 11:13:36.374089,MELK-OF21   5C,BE:28:03:00:20:5C,-91
2026-08-22 11:13:40.859026,None,6A:7E:54:D9:A9:04,-84
2026-08-22 11:13:41.309107,None,50:E1:FA:05:CB:71,-81
2026-08-22 11:14:05.722677,20HL39284591421094,48:87:2D:89:79:5D,-92
2026-08-22 11:14:33.008458,None,3C:C8:34:F3:D5:D5,-97
2026-08-22 11:15:01.587828,None,CB:1B:C6:FC:0D:F9,-89
2026-08-22 11:15:02.848709,None,F5:C5:30:76:96:73,-74
2026-08-22 11:15:04.619161,None,4B:8B:5C:30:9B:D3,-79
2026-08-22 11:15:04.729674,None,C1:04:28:44:97:F0,-92
2026-08-22 11:15:04.748650,None,CA:83:6C:0E:AC:15,-100
2026-08-22 11:15:05.499072,None,E8:23:78:91:5F:A5,-98
2026-08-22 11:15:05.554235,None,C8:2B:46:55:AA:21,-85
2026-08-22 11:15:09.062262,None,DE:1B:D1:28:2F:44,-92
2026-08-22 11:15:44.370709,None,FB:D3:81:59:5C:37,-72
2026-08-22 11:15:56.246738,None,DC:6A:0D:D4:8D:E0,-92
2026-08-22 11:15:59.697455,None,44:40:06:0D:F4:8A,-87
2026-08-22 11:16:27.654433,None,CC:0E:AF:D8:E6:0C,-72
2026-08-22 11:16:35.754945,None,FC:A1:94:B0:E9:F9,-82
2026-08-22 11:17:06.700650,None,D3:03:FD:5E:3D:73,-99
2026-08-22 11:17:19.275838,None,E1:6A:B0:68:01:44,-92
2026-08-22 11:17:54.173747,RIOT Plus501B6E,D8:BC:38:50:1B:6E,-97
2026-08-22 11:18:11.901286,Platco PR1,B4:CB:B8:1B:D4:50,-92
2026-08-22 11:18:15.997462,None,7D:67:33:4F:6E:20,-96
2026-08-22 11:18:26.074004,None,C5:BE:C7:58:97:89,-97
2026-08-22 11:19:50.722216,None,73:7B:0D:32:B7:D3,-94
2026-08-22 11:20:02.757840,None,5D:F5:3D:C1:71:F4,-94
2026-08-22 11:20:02.803430,None,79:9F:5A:57:34:36,-81
2026-08-22 11:20:04.508160,None,DA:F3:F8:49:B3:B1,-92
2026-08-22 11:20:10.199076,None,4C:2F:F6:52:FF:F6,-90
2026-08-22 11:20:11.925974,Platco PR1,E4:A6:34:CF:38:ED,-96
2026-08-22 11:20:13.182572,None,E3:88:55:03:54:E8,-92
2026-08-22 11:20:18.315501,None,E8:8A:49:3D:8F:ED,-94
2026-08-22 11:20:31.982092,113685_9C139E7A644C,9C:13:9E:7A:64:4E,-68
2026-08-22 11:20:49.188850,None,51:DE:3A:A2:B4:31,-89
2026-08-22 11:21:13.895908,Peak Pro 01502,F0:AD:4E:40:19:D5,-88
2026-08-22 11:21:15.654202,None,E4:2F:C8:18:01:42,-98
2026-08-22 11:21:21.942321,Charge 4,F1:D1:F5:5E:21:37,-82
2026-08-22 11:21:36.034108,ResMed 223238,E8:E0:7E:34:BB:D4,-89
2026-08-22 11:21:37.033014,None,7E:BE:B2:2C:73:0A,-100
2026-08-22 11:22:07.947400,ISP165B_BLE,C4:C1:03:E0:2C:DC,-95
2026-08-22 11:22:33.626344,None,57:87:C8:63:5B:E2,-72
2026-08-22 11:22:39.790722,None,4D:40:D2:9D:51:65,-76
2026-08-22 11:22:43.707881,None,41:53:09:A1:72:2C,-92
2026-08-22 11:22:44.396720,None,43:80:92:FD:C9:66,-95
2026-08-22 11:22:44.526962,None,6D:CD:E9:AE:78:B9,-94
2026-08-22 11:23:28.928935,EF-D36C0514,A0:85:E3:DE:D2:96,-101
2026-08-22 11:23:36.465090,MELK-OF21   5C,BE:28:03:00:20:5C,-90
2026-08-22 11:23:41.475472,None,50:E1:FA:05:CB:71,-77
2026-08-22 11:23:50.559026,None,6A:7E:54:D9:A9:04,-78
2026-08-22 11:24:04.805783,None,1B:7A:31:0A:6C:35,-100
2026-08-22 11:24:17.155706,20HL39284591421094,48:87:2D:89:79:5D,-100
2026-08-22 11:24:55.920190,None,75:30:87:93:24:47,-91
2026-08-22 11:24:56.647869,None,CA:98:1F:61:6E:26,-96
2026-08-22 11:25:00.634252,None,66:6F:3B:1E:AA:3D,-66
2026-08-22 11:25:02.588583,None,CB:1B:C6:FC:0D:F9,-79
2026-08-22 11:25:04.556925,None,68:90:AB:AE:A7:BD,-75
2026-08-22 11:25:04.683113,None,F5:C5:30:76:96:73,-81
2026-08-22 11:25:07.028398,None,4B:8B:5C:30:9B:D3,-80
2026-08-22 11:25:12.185052,None,C8:2B:46:55:AA:21,-83
2026-08-22 11:25:13.314523,None,DE:1B:D1:28:2F:44,-94
2026-08-22 11:25:18.028813,None,C1:04:28:44:97:F0,-92
2026-08-22 11:25:20.716862,None,CA:83:6C:0E:AC:15,-88
2026-08-22 11:25:46.704611,None,FB:D3:81:59:5C:37,-67
2026-08-22 11:25:52.412721,None,60:4F:50:49:CC:68,-89
2026-08-22 11:25:52.697893,None,4A:30:B8:99:38:6D,-89
2026-08-22 11:25:53.032413,None,7C:96:C6:79:41:D0,-99
2026-08-22 11:26:05.530590,4,45:43:20:A2:8B:BC,-90
2026-08-22 11:26:06.590754,None,62:24:34:DD:67:A5,-99
2026-08-22 11:26:17.546692,None,5A:EF:C8:2A:F6:79,-91
2026-08-22 11:26:27.657776,None,CC:0E:AF:D8:E6:0C,-75
2026-08-22 11:26:37.063083,None,FC:A1:94:B0:E9:F9,-94
2026-08-22 11:26:59.311582,None,5F:56:D9:01:D2:E9,-94
2026-08-22 11:26:59.978900,None,78:53:8D:44:41:8F,-93
2026-08-22 11:27:01.859272,None,75:CA:86:FA:C3:5E,-94
2026-08-22 11:27:23.083682,None,E1:6A:B0:68:01:44,-92
2026-08-22 11:28:16.622197,Platco PR1,B4:CB:B8:1B:D4:50,-85
2026-08-22 11:29:12.609733,None,73:61:B8:24:FD:06,-81
2026-08-22 11:29:16.895061,RIOT Plus501B6E,D8:BC:38:50:1B:6E,-92
2026-08-22 11:29:50.812471,None,73:7B:0D:32:B7:D3,-83
2026-08-22 11:30:02.674250,None,D5:0C:B0:33:8B:08,-79
2026-08-22 11:30:02.763441,None,CE:91:4D:23:60:A0,-69
2026-08-22 11:30:02.850128,None,C9:7D:7E:74:20:64,-72
2026-08-22 11:30:03.121893,None,DD:BE:60:F8:6D:C2,-77
2026-08-22 11:30:03.285236,None,E2:39:E9:44:1E:2D,-78
2026-08-22 11:30:03.604157,None,E8:FF:8F:82:8C:47,-68
2026-08-22 11:30:04.200512,None,C5:BE:C7:58:97:89,-97
2026-08-22 11:30:04.785656,None,D1:5D:3C:82:9D:88,-86
2026-08-22 11:30:06.481366,None,DA:F8:32:C6:F3:56,-94
2026-08-22 11:30:10.862285,None,F4:56:CE:29:3F:0D,-92
2026-08-22 11:30:17.937578,None,E7:F1:51:C3:70:5C,-94
2026-08-22 11:30:20.183601,None,FF:15:D5:F5:6C:B8,-92
2026-08-22 11:30:20.501399,None,55:38:C1:ED:41:8B,-96
2026-08-22 11:30:31.991674,113685_9C139E7A644C,9C:13:9E:7A:64:4E,-74
2026-08-22 11:31:06.770420,None,C7:6B:19:5C:AD:9B,-90
2026-08-22 11:31:14.155633,Peak Pro 01502,F0:AD:4E:40:19:D5,-89
2026-08-22 11:31:14.913797,None,DB:DD:EB:14:13:EA,-67
2026-08-22 11:31:29.527966,Charge 4,F1:D1:F5:5E:21:37,-90
2026-08-22 11:31:36.152495,ResMed 223238,E8:E0:7E:34:BB:D4,-89
2026-08-22 11:31:43.104767,None,52:EF:9A:D4:31:C2,-77
2026-08-22 11:31:43.283583,None,5F:6F:DF:99:60:78,-77
2026-08-22 11:31:46.487216,None,DB:95:FE:B0:9D:D1,-100
2026-08-22 11:31:47.086030,None,4C:76:4E:EE:8F:B5,-89
2026-08-22 11:32:08.297015,ISP165B_BLE,C4:C1:03:E0:2C:DC,-96
2026-08-22 11:32:19.300958,None,C1:C3:14:E7:45:6F,-92
2026-08-22 11:32:25.824442,None,44:C7:5D:4E:31:0C,-90
2026-08-22 11:32:32.840441,None,FF:E5:16:8D:A5:C5,-95
2026-08-22 11:32:42.377633,None,4D:40:D2:9D:51:65,-80
2026-08-22 11:32:43.859762,ELK-BLEDOM05,BE:67:00:12:01:75,-98
2026-08-22 11:32:48.754080,None,E9:EE:DD:CF:C4:E7,-97
2026-08-22 11:32:50.356026,None,60:67:F5:7D:23:F7,-90
2026-08-22 11:33:02.883926,TOZO NC9,94:4B:F8:5F:14:DA,-90
2026-08-22 11:33:03.551046,Platco PR1,E4:A6:34:CF:38:ED,-95
2026-08-22 11:33:28.710918,None,57:87:C8:63:5B:E2,-87
2026-08-22 11:33:36.683646,MELK-OF21   5C,BE:28:03:00:20:5C,-92
2026-08-22 11:34:18.076481,None,56:73:E0:F9:BB:68,-99
2026-08-22 11:34:35.708298,None,67:FE:1A:EF:81:B3,-82
2026-08-22 11:34:38.529838,[LG] webOS TV LR600BZUC,DC:EC:4F:D3:8E:A7,-97
2026-08-22 11:34:47.466155,None,35:0B:CE:50:F9:27,-99
2026-08-22 11:34:58.529914,None,63:2A:7D:EC:AB:20,-83
2026-08-22 11:35:22.521976,20HL39284591421094,48:87:2D:89:79:5D,-96
2026-08-22 11:35:52.673906,None,60:4F:50:49:CC:68,-88
2026-08-22 11:35:53.445624,None,4A:30:B8:99:38:6D,-79
2026-08-22 11:36:03.543782,None,66:6A:A0:7C:DB:89,-89
2026-08-22 11:36:04.869732,None,7C:96:C6:79:41:D0,-96
2026-08-22 11:36:21.317898,None,66:6F:3B:1E:AA:3D,-69
2026-08-22 11:37:02.505730,None,75:CA:86:FA:C3:5E,-91
2026-08-22 11:37:02.986939,None,5F:56:D9:01:D2:E9,-93
2026-08-22 11:37:03.443734,None,78:53:8D:44:41:8F,-93
2026-08-22 11:38:21.789939,Platco PR1,B4:CB:B8:1B:D4:50,-89
2026-08-22 11:39:27.736211,None,6B:4D:04:BB:6E:80,-94
2026-08-22 11:39:31.609930,None,55:22:04:51:BA:A6,-93
2026-08-22 11:39:32.887408,None,63:50:2C:94:3F:12,-93
2026-08-22 11:40:03.010856,None,CE:91:4D:23:60:A0,-76
2026-08-22 11:40:03.609942,None,C9:7D:7E:74:20:64,-74
2026-08-22 11:40:06.673680,None,E2:39:E9:44:1E:2D,-93
2026-08-22 11:40:06.795461,None,DD:BE:60:F8:6D:C2,-80
2026-08-22 11:40:06.808333,None,D5:0C:B0:33:8B:08,-72
2026-08-22 11:40:08.390669,None,D1:5D:3C:82:9D:88,-88
2026-08-22 11:40:10.490912,None,E8:FF:8F:82:8C:47,-79
2026-08-22 11:40:25.108543,None,E7:F1:51:C3:70:5C,-91
2026-08-22 11:40:31.195053,None,FF:15:D5:F5:6C:B8,-87
2026-08-22 11:40:32.063511,113685_9C139E7A644C,9C:13:9E:7A:64:4E,-67
2026-08-22 11:40:40.152895,None,F4:56:CE:29:3F:0D,-91
2026-08-22 11:40:44.063730,None,DA:F8:32:C6:F3:56,-91
2026-08-22 11:40:49.445142,None,5A:23:17:21:B7:6D,-88
2026-08-22 11:40:53.095435,Triones-A4C13817BA,A4:C1:38:17:BA:11,-94
2026-08-22 11:40:59.139141,RIOT Plus501B6E,D8:BC:38:50:1B:6E,-94
2026-08-22 11:41:14.585640,Peak Pro 01502,F0:AD:4E:40:19:D5,-91
2026-08-22 11:41:16.089158,None,DB:DD:EB:14:13:EA,-66
2026-08-22 11:41:18.286102,None,C7:6B:19:5C:AD:9B,-92
2026-08-22 11:41:35.127734,Charge 4,F1:D1:F5:5E:21:37,-91
2026-08-22 11:41:36.649015,ResMed 223238,E8:E0:7E:34:BB:D4,-91
2026-08-22 11:41:43.276818,None,52:EF:9A:D4:31:C2,-78
2026-08-22 11:41:43.484765,None,5F:6F:DF:99:60:78,-86
2026-08-22 11:41:47.273201,None,4C:76:4E:EE:8F:B5,-82
2026-08-22 11:41:56.354784,None,5E:C8:70:D1:9F:96,-69
2026-08-22 11:42:21.714266,None,C1:C3:14:E7:45:6F,-88
2026-08-22 11:42:33.736883,None,FF:E5:16:8D:A5:C5,-89
2026-08-22 11:42:52.436722,None,60:67:F5:7D:23:F7,-85
2026-08-22 11:43:01.083236,None,46:6D:82:7A:CF:AF,-93
2026-08-22 11:43:01.338976,None,DE:AC:57:B9:BE:CD,-98
2026-08-22 11:43:01.359721,None,CF:AC:DC:57:19:9F,-94
2026-08-22 11:43:05.186591,None,7C:0F:03:27:F9:03,-93
2026-08-22 11:43:37.563849,MELK-OF21   5C,BE:28:03:00:20:5C,-91
2026-08-22 11:44:38.162198,None,67:FE:1A:EF:81:B3,-74
2026-08-22 11:44:59.305421,None,63:2A:7D:EC:AB:20,-75
2026-08-22 11:45:00.123940,None,F8:5A:AA:C4:FE:2A,-92
2026-08-22 11:45:00.166399,None,F1:89:02:02:E3:2C,-88
2026-08-22 11:45:00.263117,None,67:F0:0F:D2:79:E2,-66
2026-08-22 11:45:00.390093,None,E4:74:6A:89:49:67,-72
2026-08-22 11:45:00.487648,None,ED:38:AE:86:EA:C9,-94
2026-08-22 11:45:00.535360,None,D0:C1:E9:33:53:A3,-70
2026-08-22 11:45:00.654965,None,DD:2F:77:4F:03:50,-74
2026-08-22 11:45:01.342430,None,F1:9D:63:DC:FC:FB,-93
2026-08-22 11:45:01.990663,[LG] webOS TV LR600BZUC,DC:EC:4F:D3:8E:A7,-97
2026-08-22 11:45:02.746129,None,EC:CA:C4:55:48:EA,-88
2026-08-22 11:45:03.835862,Platco PR1,E4:A6:34:CF:38:ED,-94
2026-08-22 11:45:04.064225,None,FB:86:D9:8C:B8:2D,-93
2026-08-22 11:45:14.086710,None,D5:CA:CA:8C:2D:49,-89
2026-08-22 11:45:15.316696,None,6C:CF:0E:9B:45:D4,-75
2026-08-22 11:45:28.719380,20HL39284591421094,48:87:2D:89:79:5D,-92
2026-08-22 11:45:30.531098,None,F7:34:41:D5:01:BD,-92
2026-08-22 11:45:46.151225,None,FF:35:AB:21:CB:37,-95
2026-08-22 11:45:53.530990,None,4A:30:B8:99:38:6D,-91
2026-08-22 11:46:15.821690,None,1A:2F:4B:53:AE:E7,-100
2026-08-22 11:46:33.530775,None,7A:48:58:ED:D8:49,-79
2026-08-22 11:47:04.150066,None,CE:A3:6A:7C:87:9F,-83
2026-08-22 11:47:34.177609,ELK-BLEDOM05,BE:67:00:12:01:75,-99
2026-08-22 11:48:21.869455,Platco PR1,B4:CB:B8:1B:D4:50,-87
2026-08-22 11:49:44.497978,None,CB:F2:8E:E5:62:E7,-91
2026-08-22 11:49:46.638056,None,51:0E:F6:85:2B:C3,-90
2026-08-22 11:49:46.791664,None,49:F1:D0:A3:D2:29,-80
2026-08-22 11:49:49.944595,None,41:8B:A9:A2:FB:97,-93
2026-08-22 11:50:02.437132,None,41:B6:95:67:2F:A3,-89
2026-08-22 11:50:32.125465,113685_9C139E7A644C,9C:13:9E:7A:64:4E,-67
2026-08-22 11:50:51.290713,None,5A:23:17:21:B7:6D,-91
2026-08-22 11:51:13.153621,RIOT Plus501B6E,D8:BC:38:50:1B:6E,-93
2026-08-22 11:51:14.631735,Peak Pro 01502,F0:AD:4E:40:19:D5,-88
2026-08-22 11:51:22.228690,None,C7:6B:19:5C:AD:9B,-90
2026-08-22 11:51:26.690292,None,35:53:9C:7E:F7:26,-96
2026-08-22 11:51:27.643610,None,7A:92:1B:00:6E:70,-82
2026-08-22 11:51:27.680057,None,59:54:EC:2C:89:27,-82
2026-08-22 11:51:35.636711,Charge 4,F1:D1:F5:5E:21:37,-82
2026-08-22 11:51:36.933057,ResMed 223238,E8:E0:7E:34:BB:D4,-88
2026-08-22 11:51:50.189847,None,4C:76:4E:EE:8F:B5,-94
2026-08-22 11:51:57.808594,None,5E:C8:70:D1:9F:96,-72
2026-08-22 11:52:13.234414,EF-D36C0514,A0:85:E3:DE:D2:96,-98
2026-08-22 11:52:37.282376,None,55:17:00:4D:37:61,-84
2026-08-22 11:52:37.299185,None,55:17:00:E2:C2:77,-83
2026-08-22 11:52:41.486635,None,6D:0F:00:A8:4D:31,-92
2026-08-22 11:52:42.091967,None,6D:0F:00:22:D7:03,-90
2026-08-22 11:52:49.407420,None,4B:AF:C1:D6:CC:D3,-96
2026-08-22 11:52:52.468029,None,60:67:F5:7D:23:F7,-92
2026-08-22 11:53:04.422528,None,4F:B2:7D:4F:07:A3,-85
2026-08-22 11:53:21.832221,None,CC:D5:F7:7C:6A:94,-89
2026-08-22 11:53:36.790859,None,4C:9E:0C:0C:4A:DC,-100
2026-08-22 11:53:37.839447,MELK-OF21   5C,BE:28:03:00:20:5C,-91
2026-08-22 11:54:24.483473,None,45:01:AD:82:5E:59,-79
2026-08-22 11:54:59.354486,None,71:89:32:AC:6E:49,-84
2026-08-22 11:55:00.614572,None,E4:74:6A:89:49:67,-81
2026-08-22 11:55:01.230272,None,D0:C1:E9:33:53:A3,-72
2026-08-22 11:55:02.181192,None,DD:2F:77:4F:03:50,-73
2026-08-22 11:55:06.548451,None,F1:9D:63:DC:FC:FB,-94
2026-08-22 11:55:08.854004,None,EC:CA:C4:55:48:EA,-79
2026-08-22 11:55:14.156823,Platco PR1,E4:A6:34:CF:38:ED,-94
2026-08-22 11:55:15.666958,None,ED:38:AE:86:EA:C9,-89
2026-08-22 11:55:30.452723,20HL39284591421094,48:87:2D:89:79:5D,-94
2026-08-22 11:55:44.074810,None,F7:34:41:D5:01:BD,-93
2026-08-22 11:55:51.521183,None,58:16:6F:5F:31:2A,-88
2026-08-22 11:55:52.705343,None,FF:35:AB:21:CB:37,-93
2026-08-22 11:56:16.616035,[LG] webOS TV LR600BZUC,DC:EC:4F:D3:8E:A7,-99
2026-08-22 11:56:33.732849,None,7A:48:58:ED:D8:49,-81
2026-08-22 11:56:41.114345,None,52:C8:1E:9C:68:CB,-81
2026-08-22 11:57:05.229891,None,CE:A3:6A:7C:87:9F,-81
2026-08-22 11:57:57.028593,None,49:89:CF:7D:27:35,-72
2026-08-22 11:57:58.616324,ELK-BLEDOM05,BE:67:00:12:01:75,-105
2026-08-22 11:58:26.673863,Platco PR1,B4:CB:B8:1B:D4:50,-86
2026-08-22 11:58:35.760125,None,6E:50:7D:37:9D:00,-94
2026-08-22 11:59:11.489183,None,7C:02:B8:35:0F:65,-95
2026-08-22 11:59:46.636775,None,CB:F2:8E:E5:62:E7,-90
2026-08-22 11:59:49.946272,None,41:8B:A9:A2:FB:97,-88
2026-08-22 11:59:51.082590,None,49:F1:D0:A3:D2:29,-91
2026-08-22 11:59:51.762576,None,51:0E:F6:85:2B:C3,-90
2026-08-22 11:59:52.712577,None,54:B1:22:EC:33:B9,-96
2026-08-22 12:00:00.431933,None,EE:50:21:60:0D:35,-72
2026-08-22 12:00:03.351767,None,ED:49:A9:FB:97:0A,-83
2026-08-22 12:00:03.375754,None,4D:2D:C5:EA:73:DA,-90
2026-08-22 12:00:04.244206,None,FF:A2:1E:90:91:7F,-92
2026-08-22 12:00:04.460770,None,E8:10:40:6B:CB:8D,-92
2026-08-22 12:00:04.527417,None,EF:B2:32:BA:44:3F,-90
2026-08-22 12:00:04.833640,None,E9:DA:87:A5:D5:98,-90
2026-08-22 12:00:18.817198,None,C1:0D:96:64:A7:8C,-92
2026-08-22 12:00:23.457793,None,5B:3C:CD:6A:6F:F6,-92
2026-08-22 12:00:25.677927,None,C1:5E:CB:63:AF:D5,-82
2026-08-22 12:00:27.865075,None,DE:C8:EB:DF:F8:96,-69
2026-08-22 12:00:32.896976,113685_9C139E7A644C,9C:13:9E:7A:64:4E,-68
2026-08-22 12:00:44.608306,None,F0:64:DE:5E:A2:24,-83
2026-08-22 12:01:16.179809,Peak Pro 01502,F0:AD:4E:40:19:D5,-87
2026-08-22 12:01:27.664553,None,7A:92:1B:00:6E:70,-85
2026-08-22 12:01:31.565116,None,59:54:EC:2C:89:27,-81
2026-08-22 12:01:37.010663,ResMed 223238,E8:E0:7E:34:BB:D4,-88
2026-08-22 12:01:40.549379,Charge 4,F1:D1:F5:5E:21:37,-84
2026-08-22 12:02:49.443757,None,4B:AF:C1:D6:CC:D3,-91
2026-08-22 12:02:54.356156,None,7C:D3:E7:36:84:12,-74
2026-08-22 12:03:17.774547,None,4D:9C:43:A2:7F:19,-73
2026-08-22 12:03:37.821224,None,7A:2A:CE:B4:55:0F,-76
2026-08-22 12:03:37.864612,None,40:79:1C:C4:1B:8E,-84
2026-08-22 12:03:37.971331,MELK-OF21   5C,BE:28:03:00:20:5C,-91
2026-08-22 12:03:52.836005,None,CC:D5:F7:7C:6A:94,-90
2026-08-22 12:04:00.113882,None,4C:9E:0C:0C:4A:DC,-95
2026-08-22 12:04:48.338155,None,6F:04:13:FB:C9:E2,-98
2026-08-22 12:05:31.306173,20HL39284591421094,48:87:2D:89:79:5D,-95
2026-08-22 12:05:52.493010,None,58:16:6F:5F:31:2A,-93
2026-08-22 12:05:55.163360,None,43:58:27:13:7C:17,-89
2026-08-22 12:06:25.798410,None,60:EB:32:52:1C:CD,-90
2026-08-22 12:06:25.939972,None,74:F5:7A:79:67:7D,-91
2026-08-22 12:06:27.118864,None,75:62:63:92:06:A5,-90
2026-08-22 12:06:34.011131,None,7A:48:58:ED:D8:49,-81
2026-08-22 12:07:28.723054,[LG] webOS TV LR600BZUC,DC:EC:4F:D3:8E:A7,-96
2026-08-22 12:07:44.269724,None,1F:E3:8F:8B:CD:7E,-95
2026-08-22 12:07:45.055249,None,09:16:95:36:2F:45,-96
2026-08-22 12:07:57.806621,None,E5:CB:55:96:74:84,-91
2026-08-22 12:08:13.346283,None,43:A5:B6:F2:1B:92,-95
2026-08-22 12:08:37.078542,Platco PR1,B4:CB:B8:1B:D4:50,-90
2026-08-22 12:09:50.512994,RIOT Plus501B6E,D8:BC:38:50:1B:6E,-93
2026-08-22 12:10:02.113285,None,EE:50:21:60:0D:35,-72
2026-08-22 12:10:05.214217,None,EF:B2:32:BA:44:3F,-89
2026-08-22 12:10:06.099669,None,ED:49:A9:FB:97:0A,-82
2026-08-22 12:10:19.831032,None,C1:0D:96:64:A7:8C,-90
2026-08-22 12:10:26.871066,None,C1:5E:CB:63:AF:D5,-76
2026-08-22 12:10:33.249928,113685_9C139E7A644C,9C:13:9E:7A:64:4E,-67
2026-08-22 12:10:33.472804,None,DE:C8:EB:DF:F8:96,-69
2026-08-22 12:10:34.513587,None,E9:DA:87:A5:D5:98,-89
2026-08-22 12:10:48.121698,None,F0:64:DE:5E:A2:24,-90
2026-08-22 12:10:49.980382,None,64:34:C4:6B:4B:70,-92
2026-08-22 12:11:16.513378,Peak Pro 01502,F0:AD:4E:40:19:D5,-86
2026-08-22 12:11:38.339591,ResMed 223238,E8:E0:7E:34:BB:D4,-88
2026-08-22 12:11:44.263350,Charge 4,F1:D1:F5:5E:21:37,-82
2026-08-22 12:12:49.861722,None,4B:AF:C1:D6:CC:D3,-92
2026-08-22 12:13:12.565413,None,48:B7:C0:B5:C5:05,-94
2026-08-22 12:13:37.960161,None,7A:2A:CE:B4:55:0F,-82
2026-08-22 12:13:37.977484,MELK-OF21   5C,BE:28:03:00:20:5C,-90
2026-08-22 12:13:47.551554,None,40:79:1C:C4:1B:8E,-88
2026-08-22 12:13:58.564366,None,E8:10:40:6B:CB:8D,-90
2026-08-22 12:13:58.696126,None,7C:D3:E7:36:84:12,-72
2026-08-22 12:13:59.039796,None,4D:9C:43:A2:7F:19,-73
2026-08-22 12:14:21.121655,ELK-BLEDOM05,BE:67:00:12:01:75,-97
2026-08-22 12:14:23.325415,Platco PR1,E4:A6:34:CF:38:ED,-95
2026-08-22 12:14:51.230969,EF-D36C0514,A0:85:E3:DE:D2:96,-96
2026-08-22 12:15:02.874949,None,E5:7E:44:93:77:9E,-72
2026-08-22 12:15:06.456015,None,D3:5C:4F:16:9C:A7,-95
2026-08-22 12:15:12.550288,None,EA:E1:8A:12:7B:C5,-87
2026-08-22 12:15:18.924870,None,E7:DA:03:41:D0:B4,-89
2026-08-22 12:15:32.002812,None,67:C5:96:E4:78:B8,-96
2026-08-22 12:15:33.251457,20HL39284591421094,48:87:2D:89:79:5D,-99
2026-08-22 12:15:36.544386,None,46:4B:40:90:54:7E,-89
2026-08-22 12:15:39.320871,None,CA:41:7C:49:B8:63,-90
2026-08-22 12:15:41.107682,None,D9:36:3E:02:BD:5A,-85
2026-08-22 12:15:41.610463,None,DA:8C:4E:1C:96:44,-96
2026-08-22 12:16:25.921071,None,60:EB:32:52:1C:CD,-90
2026-08-22 12:16:26.057757,None,74:F5:7A:79:67:7D,-91
2026-08-22 12:16:30.647144,None,75:62:63:92:06:A5,-90
2026-08-22 12:16:31.098429,None,C9:42:BF:28:C4:A1,-72
2026-08-22 12:16:48.600972,None,4E:67:1B:3A:80:9B,-94
2026-08-22 12:17:18.298107,None,C6:65:ED:43:63:A9,-96
2026-08-22 12:17:38.245983,None,56:C9:44:A5:A1:91,-87
2026-08-22 12:17:52.270351,None,55:EB:5D:F9:47:71,-90
2026-08-22 12:17:56.825591,None,F2:92:F9:B7:A9:B3,-84
2026-08-22 12:17:56.960171,None,E8:7D:C9:25:C7:1A,-87
2026-08-22 12:17:59.344227,None,E5:CB:55:96:74:84,-92
2026-08-22 12:18:34.220056,[LG] webOS TV LR600BZUC,DC:EC:4F:D3:8E:A7,-96
2026-08-22 12:18:41.510738,Platco PR1,B4:CB:B8:1B:D4:50,-86
2026-08-22 12:20:02.432359,None,43:24:04:4E:01:42,-97
2026-08-22 12:20:33.269745,113685_9C139E7A644C,9C:13:9E:7A:64:4E,-69
2026-08-22 12:20:34.825104,None,DE:C8:EB:DF:F8:96,-81
2026-08-22 12:20:50.838894,None,64:34:C4:6B:4B:70,-88
2026-08-22 12:21:17.208003,Peak Pro 01502,F0:AD:4E:40:19:D5,-87
2026-08-22 12:21:39.197295,ResMed 223238,E8:E0:7E:34:BB:D4,-92
2026-08-22 12:21:46.557791,Charge 4,F1:D1:F5:5E:21:37,-82
2026-08-22 12:22:15.787527,None,E1:E4:B9:29:85:D2,-93
2026-08-22 12:22:31.285186,None,76:48:25:B1:8D:52,-95
2026-08-22 12:22:36.638541,None,63:46:0A:23:6F:94,-72
2026-08-22 12:22:38.662137,RIOT Plus501B6E,D8:BC:38:50:1B:6E,-95
2026-08-22 12:22:51.704631,None,6A:70:7D:97:78:3F,-86
2026-08-22 12:22:51.747410,None,60:1B:77:DE:7E:55,-87
2026-08-22 12:23:13.856998,None,48:B7:C0:B5:C5:05,-92
2026-08-22 12:23:21.973004,None,4A:5B:66:54:FA:09,-96
2026-08-22 12:23:38.074713,MELK-OF21   5C,BE:28:03:00:20:5C,-92
2026-08-22 12:24:12.751614,None,E9:BE:34:A0:1B:C1,-75
2026-08-22 12:24:25.583910,ELK-BLEDOM05,BE:67:00:12:01:75,-96
2026-08-22 12:24:28.173404,Platco PR1,E4:A6:34:CF:38:ED,-96
2026-08-22 12:24:32.882828,None,70:8C:B5:3E:EA:1B,-90
2026-08-22 12:24:34.662632,None,44:3F:3C:CC:22:2A,-90
2026-08-22 12:24:36.617324,None,7D:3A:5C:5C:F1:46,-88
2026-08-22 12:24:57.689965,None,C1:E1:CC:C0:13:21,-89
2026-08-22 12:25:04.419685,None,E5:7E:44:93:77:9E,-79
2026-08-22 12:25:09.789518,EF-D36C0514,A0:85:E3:DE:D2:96,-99
2026-08-22 12:25:09.983353,None,D3:5C:4F:16:9C:A7,-89
2026-08-22 12:25:16.376700,None,EA:E1:8A:12:7B:C5,-79
2026-08-22 12:25:23.558221,None,E7:DA:03:41:D0:B4,-91
2026-08-22 12:25:36.668442,None,46:4B:40:90:54:7E,-93
2026-08-22 12:25:36.695737,20HL39284591421094,48:87:2D:89:79:5D,-101
2026-08-22 12:25:44.661729,None,D9:36:3E:02:BD:5A,-83
2026-08-22 12:25:50.549126,None,5D:06:8F:BE:3B:65,-90
2026-08-22 12:25:53.797477,None,78:5C:D0:7E:2D:32,-99
2026-08-22 12:26:00.118684,None,CA:41:7C:49:B8:63,-92
2026-08-22 12:26:35.394936,None,C9:42:BF:28:C4:A1,-73
2026-08-22 12:27:19.337246,None,C6:65:ED:43:63:A9,-96
2026-08-22 12:27:47.539261,None,56:C9:44:A5:A1:91,-99
2026-08-22 12:28:06.783418,None,E8:7D:C9:25:C7:1A,-94
2026-08-22 12:28:14.417255,None,0F:9F:85:45:E0:DB,-96
2026-08-22 12:28:46.273728,Platco PR1,B4:CB:B8:1B:D4:50,-90
2026-08-22 12:29:00.757609,None,5C:67:02:C5:E5:D4,-79
2026-08-22 12:29:46.195999,None,54:27:E2:57:AB:E7,-95
2026-08-22 12:29:51.549197,[LG] webOS TV LR600BZUC,DC:EC:4F:D3:8E:A7,-99
2026-08-22 12:29:57.794269,None,6D:0F:00:A8:4D:31,-89
2026-08-22 12:29:57.865315,None,6D:0F:00:22:D7:03,-86
2026-08-22 12:30:00.497374,None,C7:72:31:73:10:26,-91
2026-08-22 12:30:00.622167,None,C7:E8:B2:79:60:6F,-80
2026-08-22 12:30:02.011765,None,C9:6C:FD:1A:41:2C,-89
2026-08-22 12:30:04.939247,None,C6:E5:D7:E2:4D:61,-90
2026-08-22 12:30:07.635994,None,CD:AD:EA:D9:78:94,-74
2026-08-22 12:30:07.830906,None,F1:6B:9B:5B:2D:F5,-72
2026-08-22 12:30:15.801969,None,F0:D6:43:C2:29:2C,-91
2026-08-22 12:30:18.612743,None,DF:FE:B3:3C:15:00,-93
2026-08-22 12:30:33.347247,113685_9C139E7A644C,9C:13:9E:7A:64:4E,-79
2026-08-22 12:30:40.467833,None,58:65:31:C6:61:40,-91
2026-08-22 12:30:44.084542,None,F5:6E:2A:4C:C4:51,-90
2026-08-22 12:30:48.610226,None,FA:DF:03:51:8E:40,-94
2026-08-22 12:31:19.031141,Peak Pro 01502,F0:AD:4E:40:19:D5,-87
2026-08-22 12:31:39.227025,ResMed 223238,E8:E0:7E:34:BB:D4,-88
2026-08-22 12:31:48.494210,Charge 4,F1:D1:F5:5E:21:37,-91
2026-08-22 12:32:19.454158,None,47:39:B9:44:80:35,-99
2026-08-22 12:32:21.366364,None,E1:E4:B9:29:85:D2,-91
2026-08-22 12:32:36.745431,None,63:46:0A:23:6F:94,-73
2026-08-22 12:32:48.106046,RIOT Plus501B6E,D8:BC:38:50:1B:6E,-99
2026-08-22 12:32:51.789053,None,6A:70:7D:97:78:3F,-78
2026-08-22 12:32:53.360608,None,60:1B:77:DE:7E:55,-82
2026-08-22 12:32:58.784732,None,5C:FF:87:09:00:F1,-95
2026-08-22 12:33:14.103043,None,48:B7:C0:B5:C5:05,-92
2026-08-22 12:33:38.165395,MELK-OF21   5C,BE:28:03:00:20:5C,-93
2026-08-22 12:34:09.380398,None,FC:8F:33:3A:8B:6D,-97
2026-08-22 12:34:33.866110,None,70:8C:B5:3E:EA:1B,-90
2026-08-22 12:34:34.669999,None,44:3F:3C:CC:22:2A,-90
2026-08-22 12:34:37.085948,None,7D:3A:5C:5C:F1:46,-89
2026-08-22 12:35:01.418699,None,F2:60:A2:47:61:FB,-88
2026-08-22 12:35:01.647466,None,73:C8:31:17:3C:05,-76
2026-08-22 12:35:10.217790,AR,34:C8:D7:EE:AE:56,-78
2026-08-22 12:35:24.683846,EF-D36C0514,A0:85:E3:DE:D2:96,-96
2026-08-22 12:35:26.940066,Platco PR1,E4:A6:34:CF:38:ED,-83
2026-08-22 12:35:36.885363,None,46:4B:40:90:54:7E,-78
2026-08-22 12:35:41.137005,None,7D:88:8E:E9:0D:3F,-92
2026-08-22 12:35:42.987994,20HL39284591421094,48:87:2D:89:79:5D,-98
2026-08-22 12:35:43.722908,None,77:6B:47:98:49:49,-99
2026-08-22 12:35:51.784160,None,5D:06:8F:BE:3B:65,-90
2026-08-22 12:35:54.021942,None,63:63:E0:95:57:64,-96
2026-08-22 12:36:24.791580,ELK-BLEDOM05,BE:67:00:12:01:75,-98
2026-08-22 12:36:32.178159,None,49:02:EC:25:91:59,-104
2026-08-22 12:36:36.728184,None,58:F7:59:7A:4C:86,-91
2026-08-22 12:37:08.632076,None,E7:AA:FD:BC:8B:43,-91
2026-08-22 12:37:08.830251,None,E8:E0:47:70:02:D9,-87
2026-08-22 12:37:09.573635,None,75:AA:85:2C:A2:27,-94
2026-08-22 12:37:25.287053,None,51:7B:6B:CC:67:0D,-95
2026-08-22 12:37:31.561609,None,6F:05:77:1F:30:53,-89
2026-08-22 12:37:32.227674,None,46:36:AF:35:CC:84,-91
2026-08-22 12:37:33.242768,None,65:63:00:6A:46:7D,-91
2026-08-22 12:38:51.612311,Platco PR1,B4:CB:B8:1B:D4:50,-84
2026-08-22 12:38:57.946198,None,DD:77:9F:1B:A5:5F,-89
2026-08-22 12:39:56.129860,None,54:27:E2:57:AB:E7,-99
2026-08-22 12:39:57.929836,None,6D:0F:00:A8:4D:31,-93
2026-08-22 12:39:58.037838,None,6D:0F:00:22:D7:03,-92
2026-08-22 12:40:02.686582,None,C7:E8:B2:79:60:6F,-81
2026-08-22 12:40:02.956266,[LG] webOS TV LR600BZUC,DC:EC:4F:D3:8E:A7,-98
2026-08-22 12:40:05.923570,None,C9:6C:FD:1A:41:2C,-76
2026-08-22 12:40:09.108147,None,C7:72:31:73:10:26,-90
2026-08-22 12:40:09.143222,None,CD:AD:EA:D9:78:94,-73
2026-08-22 12:40:10.338616,None,F1:6B:9B:5B:2D:F5,-71
2026-08-22 12:40:25.306916,None,C6:E5:D7:E2:4D:61,-90
2026-08-22 12:40:26.043576,None,F0:D6:43:C2:29:2C,-90
2026-08-22 12:40:29.887474,None,DF:FE:B3:3C:15:00,-91
2026-08-22 12:40:33.417398,113685_9C139E7A644C,9C:13:9E:7A:64:4E,-69
2026-08-22 12:40:37.847699,None,5E:26:CD:CD:F7:E6,-83
2026-08-22 12:40:38.090935,None,4C:08:DA:6B:6B:BB,-82
2026-08-22 12:40:50.924897,None,61:14:59:95:17:13,-90
2026-08-22 12:41:20.255002,Peak Pro 01502,F0:AD:4E:40:19:D5,-89
2026-08-22 12:41:41.734496,ResMed 223238,E8:E0:7E:34:BB:D4,-89
2026-08-22 12:41:48.871482,Charge 4,F1:D1:F5:5E:21:37,-92
2026-08-22 12:42:28.315031,None,FA:DF:03:51:8E:40,-100
2026-08-22 12:42:31.376090,None,65:BF:40:FF:09:F4,-71
2026-08-22 12:42:55.012006,RIOT Plus501B6E,D8:BC:38:50:1B:6E,-96
2026-08-22 12:43:32.063946,None,F5:6E:2A:4C:C4:51,-97
2026-08-22 12:43:38.180819,MELK-OF21   5C,BE:28:03:00:20:5C,-91
2026-08-22 12:43:43.904192,None,78:8D:E2:76:6B:D3,-99
2026-08-22 12:44:14.560779,None,6C:4F:63:50:52:CD,-100
2026-08-22 12:44:15.060655,None,46:3E:FC:48:3A:3B,-98
2026-08-22 12:45:01.041212,None,C0:F4:E0:D7:D9:F3,-92
2026-08-22 12:45:01.313816,None,F1:A3:16:A5:C0:BD,-70
2026-08-22 12:45:03.146001,None,F6:28:55:2F:BB:AD,-78
2026-08-22 12:45:03.163704,None,D4:FB:9A:E0:DE:16,-89
2026-08-22 12:45:08.180323,None,F3:1F:5F:FE:47:1D,-89
2026-08-22 12:45:14.974530,None,F5:E9:11:63:E3:B4,-93
2026-08-22 12:45:15.284751,None,F2:60:A2:47:61:FB,-84
2026-08-22 12:45:24.338803,None,E0:78:B4:09:60:A1,-95
2026-08-22 12:45:37.970797,None,49:BE:96:C4:50:F8,-95
2026-08-22 12:45:39.392341,None,F2:43:74:66:E2:78,-105
2026-08-22 12:45:39.469708,None,CF:2D:DF:26:FF:D9,-97
2026-08-22 12:45:46.590751,None,69:EA:0C:6A:14:7E,-88
2026-08-22 12:45:54.696799,None,CD:D2:09:50:F7:62,-76
2026-08-22 12:45:54.795350,None,63:63:E0:95:57:64,-98
2026-08-22 12:46:09.917635,None,D2:88:0E:28:4A:F9,-96
2026-08-22 12:46:17.796590,EF-D36C0514,A0:85:E3:DE:D2:96,-99
2026-08-22 12:46:23.411946,20HL39284591421094,48:87:2D:89:79:5D,-98
2026-08-22 12:46:37.107259,None,58:F7:59:7A:4C:86,-79
2026-08-22 12:46:44.424233,Platco PR1,E4:A6:34:CF:38:ED,-95
2026-08-22 12:47:05.173632,ELK-BLEDOM05,BE:67:00:12:01:75,-99
2026-08-22 12:47:08.149447,None,FB:0D:D6:E6:8A:A6,-83
2026-08-22 12:47:32.756996,None,46:36:AF:35:CC:84,-91
2026-08-22 12:47:34.568228,None,6F:05:77:1F:30:53,-90
2026-08-22 12:47:34.931364,None,65:63:00:6A:46:7D,-89
2026-08-22 12:47:57.266524,None,F4:FD:93:A8:F3:11,-73
2026-08-22 12:48:19.094407,None,6E:94:FD:DE:2E:DA,-95
2026-08-22 12:48:27.539003,None,63:F1:43:CB:EC:85,-99
2026-08-22 12:48:57.037366,Platco PR1,B4:CB:B8:1B:D4:50,-88
2026-08-22 12:48:57.460913,None,FC:EE:EE:E5:47:F2,-97
2026-08-22 12:49:46.637900,None,4F:25:17:D9:E2:33,-71
2026-08-22 12:49:58.100310,None,6D:0F:00:22:D7:03,-84
2026-08-22 12:49:58.408936,None,6D:0F:00:A8:4D:31,-83
2026-08-22 12:50:08.285697,[LG] webOS TV LR600BZUC,DC:EC:4F:D3:8E:A7,-97
2026-08-22 12:50:34.135492,113685_9C139E7A644C,9C:13:9E:7A:64:4E,-69
2026-08-22 12:50:39.789579,None,5E:26:CD:CD:F7:E6,-90
2026-08-22 12:50:40.193212,None,4C:08:DA:6B:6B:BB,-95
2026-08-22 12:50:50.946499,None,61:14:59:95:17:13,-88
2026-08-22 12:51:02.871374,None,42:D9:C8:A3:84:FB,-91
2026-08-22 12:51:03.386722,None,7A:37:48:DB:FF:97,-90
2026-08-22 12:51:04.572276,None,4F:23:D5:B2:8C:2E,-92
2026-08-22 12:51:20.511770,Peak Pro 01502,F0:AD:4E:40:19:D5,-86
2026-08-22 12:51:41.926571,ResMed 223238,E8:E0:7E:34:BB:D4,-91
2026-08-22 12:51:53.109899,None,4A:D8:1F:5C:66:69,-87
2026-08-22 12:51:56.233348,Charge 4,F1:D1:F5:5E:21:37,-80
2026-08-22 12:53:38.392686,MELK-OF21   5C,BE:28:03:00:20:5C,-90
2026-08-22 12:53:44.150082,RIOT Plus501B6E,D8:BC:38:50:1B:6E,-96
2026-08-22 12:55:04.138403,None,F1:A3:16:A5:C0:BD,-66
2026-08-22 12:55:04.177181,None,D4:FB:9A:E0:DE:16,-94
2026-08-22 12:55:04.461600,None,F6:28:55:2F:BB:AD,-77
2026-08-22 12:55:11.592687,None,F3:1F:5F:FE:47:1D,-90
2026-08-22 12:55:20.006326,None,F5:E9:11:63:E3:B4,-91
2026-08-22 12:55:30.065364,None,C0:F4:E0:D7:D9:F3,-89
2026-08-22 12:55:32.982460,None,E0:78:B4:09:60:A1,-92
2026-08-22 12:55:47.231121,None,69:EA:0C:6A:14:7E,-74
2026-08-22 12:55:51.480091,None,49:42:AA:23:E8:24,-95
2026-08-22 12:55:54.859163,None,63:63:E0:95:57:64,-93
2026-08-22 12:55:56.215109,None,CD:D2:09:50:F7:62,-75
2026-08-22 12:56:00.671839,None,62:A8:88:5C:F5:3E,-96
2026-08-22 12:56:21.245621,EF-D36C0514,A0:85:E3:DE:D2:96,-100
2026-08-22 12:56:23.452233,None,6C:4F:63:50:52:CD,-98
2026-08-22 12:56:24.386829,20HL39284591421094,48:87:2D:89:79:5D,-99
2026-08-22 12:56:37.318587,None,58:F7:59:7A:4C:86,-94
2026-08-22 12:57:12.408835,None,FB:0D:D6:E6:8A:A6,-83
2026-08-22 12:57:18.174303,None,D2:88:0E:28:4A:F9,-94
2026-08-22 12:57:58.170046,None,F4:FD:93:A8:F3:11,-66
2026-08-22 12:57:58.439941,None,60:B6:FB:87:87:C6,-80
2026-08-22 12:58:01.133713,None,7F:D0:1A:27:7F:92,-76
2026-08-22 12:58:20.010802,None,6A:F1:C7:D4:70:52,-82
2026-08-22 12:58:24.846408,Platco PR1,E4:A6:34:CF:38:ED,-96
2026-08-22 12:58:29.447383,None,59:FC:A0:2D:22:96,-73
2026-08-22 12:58:37.409998,ELK-BLEDOM05,BE:67:00:12:01:75,-99
2026-08-22 12:58:57.072196,Platco PR1,B4:CB:B8:1B:D4:50,-90
2026-08-22 12:59:11.893280,None,51:E2:B6:64:91:AB,-93
2026-08-22 12:59:58.867692,None,6D:0F:00:A8:4D:31,-83
2026-08-22 12:59:59.170315,None,6D:0F:00:22:D7:03,-87
2026-08-22 13:00:00.428423,None,F7:B7:79:22:87:B4,-93
2026-08-22 13:00:00.456648,None,D2:0E:CF:97:23:CC,-81
2026-08-22 13:00:00.513230,None,D2:71:33:C2:FC:4B,-80
2026-08-22 13:00:00.588565,None,76:69:7F:BC:0E:85,-95
2026-08-22 13:00:02.492687,None,FB:48:CA:2F:B5:B3,-94
2026-08-22 13:00:02.759508,None,ED:29:CA:8F:B8:88,-86
2026-08-22 13:00:03.253725,None,FA:35:44:DD:24:74,-78
2026-08-22 13:00:05.709334,None,DC:47:B5:04:B2:7E,-88
2026-08-22 13:00:05.873271,None,53:DD:74:2C:A9:FE,-91
2026-08-22 13:00:20.978182,None,E5:E7:75:54:44:BC,-88
2026-08-22 13:00:29.355921,None,F5:35:50:C7:A7:38,-92
2026-08-22 13:00:30.505833,None,F1:3F:66:1E:A5:20,-84
2026-08-22 13:00:35.399859,113685_9C139E7A644C,9C:13:9E:7A:64:4E,-73
2026-08-22 13:00:37.601058,None,CD:71:88:FB:00:D9,-74
2026-08-22 13:01:05.278553,None,7A:37:48:DB:FF:97,-90
2026-08-22 13:01:06.038149,None,42:D9:C8:A3:84:FB,-89
2026-08-22 13:01:06.194297,None,4F:23:D5:B2:8C:2E,-92
2026-08-22 13:01:20.620375,Peak Pro 01502,F0:AD:4E:40:19:D5,-86
2026-08-22 13:01:42.380760,ResMed 223238,E8:E0:7E:34:BB:D4,-88
2026-08-22 13:01:57.389975,Charge 4,F1:D1:F5:5E:21:37,-80
2026-08-22 13:02:06.362011,None,52:BF:82:EF:33:C8,-97
2026-08-22 13:02:11.461177,None,5E:43:5E:40:D3:D0,-88
2026-08-22 13:02:13.925757,None,30:FC:C7:16:01:1D,-99
2026-08-22 13:02:46.206113,[LG] webOS TV LR600BZUC,DC:EC:4F:D3:8E:A7,-97
2026-08-22 13:03:38.791689,MELK-OF21   5C,BE:28:03:00:20:5C,-91
2026-08-22 13:05:53.639971,None,49:42:AA:23:E8:24,-88
2026-08-22 13:05:54.911339,RIOT Plus501B6E,D8:BC:38:50:1B:6E,-95
2026-08-22 13:06:01.336710,None,62:A8:88:5C:F5:3E,-94
2026-08-22 13:06:43.385628,20HL39284591421094,48:87:2D:89:79:5D,-97
2026-08-22 13:07:33.854377,EF-D36C0514,A0:85:E3:DE:D2:96,-93
2026-08-22 13:07:59.531316,None,60:B6:FB:87:87:C6,-77
2026-08-22 13:08:01.175067,None,7F:D0:1A:27:7F:92,-83
2026-08-22 13:08:11.297235,None,F0:F0:7C:9B:D4:5F,-94
2026-08-22 13:08:20.238818,None,6A:F1:C7:D4:70:52,-77
2026-08-22 13:08:23.139340,None,73:FC:6C:E0:7B:38,-97
2026-08-22 13:08:29.932530,None,59:FC:A0:2D:22:96,-77
2026-08-22 13:08:50.355834,None,79:BF:F6:48:FB:72,-90
2026-08-22 13:08:50.478703,None,68:4F:2B:8A:67:8C,-92
2026-08-22 13:08:52.231820,None,76:F2:FD:04:BE:29,-90
2026-08-22 13:09:02.763587,None,6B:FE:ED:1D:CF:60,-82
2026-08-22 13:09:06.206006,Platco PR1,B4:CB:B8:1B:D4:50,-93
2026-08-22 13:09:12.528732,None,51:E2:B6:64:91:AB,-91
2026-08-22 13:09:31.993741,ISP165B_BLE,C4:C1:03:E0:2C:DC,-96
2026-08-22 13:09:46.645724,ELK-BLEDOM05,BE:67:00:12:01:75,-98
2026-08-22 13:09:59.902068,None,6D:0F:00:22:D7:03,-83
2026-08-22 13:10:00.004946,None,6D:0F:00:A8:4D:31,-83
2026-08-22 13:10:00.243588,None,6C:FF:3F:25:4D:F7,-66
2026-08-22 13:10:01.283831,None,D2:71:33:C2:FC:4B,-68
2026-08-22 13:10:02.963525,None,FB:48:CA:2F:B5:B3,-89
2026-08-22 13:10:04.490722,None,D2:0E:CF:97:23:CC,-71
2026-08-22 13:10:05.330464,None,FA:35:44:DD:24:74,-80
2026-08-22 13:10:07.774219,None,5A:84:E3:47:C2:8D,-68
2026-08-22 13:10:08.511164,None,ED:29:CA:8F:B8:88,-91
2026-08-22 13:10:09.416829,None,6B:9E:C4:51:C4:A6,-75
2026-08-22 13:10:09.931708,None,F7:B7:79:22:87:B4,-91
2026-08-22 13:10:15.738868,Platco PR1,E4:A6:34:CF:38:ED,-97
2026-08-22 13:10:19.057933,None,DC:47:B5:04:B2:7E,-91
2026-08-22 13:10:20.432512,None,67:72:35:FD:2E:AC,-91
2026-08-22 13:10:24.594106,None,E5:E7:75:54:44:BC,-85
2026-08-22 13:10:33.330514,None,F1:3F:66:1E:A5:20,-93
2026-08-22 13:10:35.872913,113685_9C139E7A644C,9C:13:9E:7A:64:4E,-65
2026-08-22 13:10:38.302038,None,F5:35:50:C7:A7:38,-93
2026-08-22 13:10:38.751498,None,CD:71:88:FB:00:D9,-76
2026-08-22 13:10:48.886284,None,5A:CB:85:AD:D7:67,-88
2026-08-22 13:11:21.311751,Peak Pro 01502,F0:AD:4E:40:19:D5,-87
2026-08-22 13:11:44.152305,ResMed 223238,E8:E0:7E:34:BB:D4,-93
2026-08-22 13:11:58.525582,Charge 4,F1:D1:F5:5E:21:37,-95
2026-08-22 13:12:20.641534,None,54:69:00:E5:01:70,-90
2026-08-22 13:12:25.283662,None,F1:BB:8E:F9:E4:98,-88
2026-08-22 13:12:31.295019,None,58:1F:5F:F3:97:E5,-97
2026-08-22 13:12:31.599856,None,43:61:CB:96:C3:37,-81
2026-08-22 13:12:31.629383,None,FF:79:BE:72:69:28,-84
2026-08-22 13:12:37.044827,None,E7:50:12:3D:EE:A7,-90
2026-08-22 13:12:40.191095,None,5B:30:BC:7F:A3:05,-72
2026-08-22 13:13:23.311591,[LG] webOS TV LR600BZUC,DC:EC:4F:D3:8E:A7,-100
2026-08-22 13:13:38.872371,MELK-OF21   5C,BE:28:03:00:20:5C,-92
2026-08-22 13:14:32.582269,None,40:BC:FE:5D:0B:BE,-95
2026-08-22 13:14:33.474846,None,F2:D5:77:7D:00:C7,-80
2026-08-22 13:14:33.997817,WQ-NOTACTIVATED,10:97:BD:66:8E:0E,-90
2026-08-22 13:14:51.310255,None,5E:43:5E:40:D3:D0,-93
2026-08-22 13:15:01.084969,None,D7:B5:86:D2:ED:91,-76
2026-08-22 13:15:01.418987,None,C2:A7:2D:7D:E0:1B,-91
2026-08-22 13:15:01.623621,None,CF:BA:B4:FC:EA:33,-75
2026-08-22 13:15:02.198921,None,FB:20:3A:22:2D:6D,-68
2026-08-22 13:15:02.651515,None,DF:AF:E3:0F:D6:02,-89
2026-08-22 13:15:02.982556,None,FD:3F:0E:87:B4:E1,-92
2026-08-22 13:15:03.296640,None,D2:36:8A:19:57:CC,-89
2026-08-22 13:15:13.977162,None,DA:67:84:A6:0D:6F,-76
2026-08-22 13:15:22.744266,None,E5:30:14:37:34:1B,-91
2026-08-22 13:15:47.420627,None,66:E4:3B:7C:A3:4D,-78
2026-08-22 13:15:51.473023,None,63:50:11:A4:9B:98,-79
2026-08-22 13:15:51.778291,None,E4:51:0C:F3:0B:6D,-94
2026-08-22 13:15:52.207464,None,CF:6B:E2:A9:4A:6E,-75
2026-08-22 13:15:52.835447,None,DB:62:59:D5:77:2A,-91
2026-08-22 13:15:58.647537,RIOT Plus501B6E,D8:BC:38:50:1B:6E,-94
2026-08-22 13:16:14.360128,None,E8:4E:F4:12:3D:DF,-97
2026-08-22 13:16:15.472620,None,62:0B:F8:00:39:A0,-96
2026-08-22 13:16:43.935230,20HL39284591421094,48:87:2D:89:79:5D,-96
2026-08-22 13:16:52.614703,None,D9:66:67:95:E1:CB,-95
2026-08-22 13:17:50.885440,EF-D36C0514,A0:85:E3:DE:D2:96,-100
2026-08-22 13:18:14.745611,None,ED:19:98:8D:C5:15,-100
2026-08-22 13:18:20.475013,None,6A:F1:C7:D4:70:52,-78
2026-08-22 13:18:26.650967,None,51:FE:54:68:AA:A1,-87
2026-08-22 13:18:50.943659,None,68:4F:2B:8A:67:8C,-89
2026-08-22 13:18:51.584413,None,79:BF:F6:48:FB:72,-91
2026-08-22 13:18:52.447733,None,76:F2:FD:04:BE:29,-88
2026-08-22 13:19:12.099459,Platco PR1,B4:CB:B8:1B:D4:50,-88
2026-08-22 13:19:35.372174,None,7A:D5:62:43:1F:4A,-78
2026-08-22 13:19:59.747609,ELK-BLEDOM05,BE:67:00:12:01:75,-98
2026-08-22 13:20:00.072333,None,6D:0F:00:22:D7:03,-77
2026-08-22 13:20:00.499549,None,6D:0F:00:A8:4D:31,-74
2026-08-22 13:20:00.686380,None,6C:FF:3F:25:4D:F7,-85
2026-08-22 13:20:21.690117,None,78:9C:DC:63:08:CE,-96
2026-08-22 13:20:35.932613,113685_9C139E7A644C,9C:13:9E:7A:64:4E,-69
2026-08-22 13:20:35.991969,None,D5:B4:AD:AD:4B:2F,-87
2026-08-22 13:20:49.293138,None,5A:CB:85:AD:D7:67,-95
2026-08-22 13:21:21.483950,Peak Pro 01502,F0:AD:4E:40:19:D5,-89
2026-08-22 13:21:45.352040,ResMed 223238,E8:E0:7E:34:BB:D4,-87
2026-08-22 13:22:03.696498,Charge 4,F1:D1:F5:5E:21:37,-81
2026-08-22 13:22:34.915116,None,54:69:00:E5:01:70,-86
2026-08-22 13:22:36.370392,None,43:61:CB:96:C3:37,-88
2026-08-22 13:22:57.207199,None,6B:5B:2A:07:5E:C3,-99
2026-08-22 13:23:07.314891,None,64:A8:92:13:86:0F,-89
2026-08-22 13:23:07.458586,None,60:03:47:67:FD:92,-90
2026-08-22 13:23:08.773626,None,5D:C3:32:AD:35:58,-91
2026-08-22 13:23:40.519670,MELK-OF21   5C,BE:28:03:00:20:5C,-90
2026-08-22 13:23:41.080309,None,42:52:49:0E:D0:8C,-80
2026-08-22 13:24:21.113579,[LG] webOS TV LR600BZUC,DC:EC:4F:D3:8E:A7,-97
2026-08-22 13:25:01.601539,None,C2:A7:2D:7D:E0:1B,-91
2026-08-22 13:25:05.138155,None,FD:3F:0E:87:B4:E1,-87
2026-08-22 13:25:05.275683,None,FB:20:3A:22:2D:6D,-89
2026-08-22 13:25:06.396151,None,D2:36:8A:19:57:CC,-94
2026-08-22 13:25:15.640275,None,DA:67:84:A6:0D:6F,-73
2026-08-22 13:25:16.094777,None,DF:AF:E3:0F:D6:02,-90
2026-08-22 13:25:26.934803,None,E5:30:14:37:34:1B,-73
2026-08-22 13:25:37.493225,None,D7:B5:86:D2:ED:91,-98
2026-08-22 13:25:43.797505,Platco PR1,E4:A6:34:CF:38:ED,-94
2026-08-22 13:25:48.874222,None,46:FF:03:F6:E8:3D,-88
2026-08-22 13:25:51.974804,None,E4:51:0C:F3:0B:6D,-79
2026-08-22 13:25:55.702801,None,CF:6B:E2:A9:4A:6E,-67
2026-08-22 13:25:56.417875,None,DB:62:59:D5:77:2A,-93
2026-08-22 13:25:58.712308,None,63:50:11:A4:9B:98,-93
2026-08-22 13:26:03.117508,LFSmart Scale,CF:E9:17:28:41:0D,-85
2026-08-22 13:26:03.908179,RIOT Plus501B6E,D8:BC:38:50:1B:6E,-92
2026-08-22 13:26:04.200462,None,60:75:62:65:65:04,-93
2026-08-22 13:26:09.758807,None,CF:BA:B4:FC:EA:33,-93
2026-08-22 13:26:09.935896,None,66:E4:3B:7C:A3:4D,-95
2026-08-22 13:26:16.119820,None,E8:4E:F4:12:3D:DF,-96
2026-08-22 13:26:16.329316,None,62:0B:F8:00:39:A0,-94
2026-08-22 13:26:41.609145,None,41:0B:08:5F:0E:4F,-84
2026-08-22 13:26:46.547247,None,DC:5A:A0:BE:8E:3A,-97
2026-08-22 13:27:00.463589,20HL39284591421094,48:87:2D:89:79:5D,-97
2026-08-22 13:27:01.417804,None,6B:9E:C4:51:C4:A6,-73
2026-08-22 13:27:55.756214,EF-D36C0514,A0:85:E3:DE:D2:96,-97
2026-08-22 13:29:16.412435,Platco PR1,B4:CB:B8:1B:D4:50,-87
2026-08-22 13:29:35.507780,None,7A:D5:62:43:1F:4A,-85
2026-08-22 13:29:53.033104,None,7D:F0:9C:E3:42:35,-80
2026-08-22 13:30:00.171820,None,6D:0F:00:22:D7:03,-72
2026-08-22 13:30:00.741563,None,6D:0F:00:A8:4D:31,-72
2026-08-22 13:30:01.006105,None,6C:FF:3F:25:4D:F7,-80
2026-08-22 13:30:01.597861,None,E1:77:96:CF:15:D4,-95
2026-08-22 13:30:02.271407,None,D0:F9:2C:30:25:3C,-95
2026-08-22 13:30:02.684464,None,F9:D3:62:76:29:E8,-87
2026-08-22 13:30:02.890916,None,F1:47:95:BF:E3:8E,-79
2026-08-22 13:30:02.950804,None,FD:E3:23:68:A1:DA,-82
2026-08-22 13:30:04.051918,None,CA:0D:E7:A3:7D:39,-74
2026-08-22 13:30:04.131696,None,C9:68:31:2D:94:FF,-73
2026-08-22 13:30:05.844558,None,ED:CC:74:97:9F:84,-91
2026-08-22 13:30:05.955409,None,D3:54:F3:A8:55:E9,-83
2026-08-22 13:30:06.575946,None,E4:AB:53:0D:60:E2,-91
2026-08-22 13:30:22.697567,ELK-BLEDOM05,BE:67:00:12:01:75,-96
2026-08-22 13:30:36.123280,113685_9C139E7A644C,9C:13:9E:7A:64:4E,-70
2026-08-22 13:30:49.157705,None,F1:BB:BB:8D:6E:BF,-92
2026-08-22 13:31:05.692466,None,40:6A:16:56:0A:3B,-77
2026-08-22 13:31:21.545877,Peak Pro 01502,F0:AD:4E:40:19:D5,-85
2026-08-22 13:31:45.772967,ResMed 223238,E8:E0:7E:34:BB:D4,-88
2026-08-22 13:31:46.386976,None,CD:D5:C2:66:90:FB,-95
2026-08-22 13:32:04.432240,Charge 4,F1:D1:F5:5E:21:37,-82
2026-08-22 13:32:13.491739,None,51:FE:54:68:AA:A1,-82
2026-08-22 13:33:08.075321,None,60:03:47:67:FD:92,-90
2026-08-22 13:33:09.985309,None,5D:C3:32:AD:35:58,-87
2026-08-22 13:33:10.640315,None,64:A8:92:13:86:0F,-91
2026-08-22 13:33:40.656086,MELK-OF21   5C,BE:28:03:00:20:5C,-89
2026-08-22 13:33:40.816761,None,EB:73:46:2E:67:C8,-99
2026-08-22 13:33:52.993685,None,42:52:49:0E:D0:8C,-77
2026-08-22 13:34:33.387051,None,E3:0B:83:ED:86:A9,-79
2026-08-22 13:34:38.375389,None,20:35:E3:2D:D1:9B,-96
2026-08-22 13:35:50.009149,None,46:FF:03:F6:E8:3D,-86
2026-08-22 13:35:57.222625,None,66:3E:9E:5F:22:D9,-75
2026-08-22 13:35:57.293027,None,48:30:00:02:97:69,-80
2026-08-22 13:35:57.849558,None,DB:62:59:D5:77:2A,-89
2026-08-22 13:36:04.735154,RIOT Plus501B6E,D8:BC:38:50:1B:6E,-93
2026-08-22 13:36:16.531146,None,62:0B:F8:00:39:A0,-94
2026-08-22 13:36:56.627159,None,5D:66:E2:AF:5D:22,-93
2026-08-22 13:37:03.278484,None,60:75:62:65:65:04,-95
2026-08-22 13:37:04.304990,None,E1:2B:5D:20:04:B6,-90
2026-08-22 13:37:10.270552,20HL39284591421094,48:87:2D:89:79:5D,-95
2026-08-22 13:37:21.966130,None,54:E9:FF:E3:D3:E4,-90
2026-08-22 13:37:59.459464,EF-D36C0514,A0:85:E3:DE:D2:96,-95
2026-08-22 13:38:25.694785,None,64:70:F2:CB:08:56,-69
2026-08-22 13:39:21.275282,Platco PR1,B4:CB:B8:1B:D4:50,-86
2026-08-22 13:39:35.992093,None,7A:D5:62:43:1F:4A,-86
2026-08-22 13:39:40.413742,None,41:0B:08:5F:0E:4F,-76
2026-08-22 13:40:00.246077,None,6D:0F:00:22:D7:03,-72
2026-08-22 13:40:02.579765,None,6D:0F:00:A8:4D:31,-71
2026-08-22 13:40:03.046882,None,E1:77:96:CF:15:D4,-90
2026-08-22 13:40:04.074873,None,CA:0D:E7:A3:7D:39,-80
2026-08-22 13:40:04.354472,None,C9:68:31:2D:94:FF,-76
2026-08-22 13:40:04.703277,None,FD:E3:23:68:A1:DA,-88
2026-08-22 13:40:04.766494,None,F1:47:95:BF:E3:8E,-80
2026-08-22 13:40:05.917094,None,ED:CC:74:97:9F:84,-91
2026-08-22 13:40:10.444451,None,D3:54:F3:A8:55:E9,-87
2026-08-22 13:40:11.492780,None,E4:AB:53:0D:60:E2,-90
2026-08-22 13:40:17.037121,None,D0:F9:2C:30:25:3C,-88
2026-08-22 13:40:25.471129,ELK-BLEDOM05,BE:67:00:12:01:75,-97
2026-08-22 13:40:36.229990,113685_9C139E7A644C,9C:13:9E:7A:64:4E,-65
2026-08-22 13:40:49.086515,None,64:BE:70:D1:15:2E,-89
2026-08-22 13:40:58.517193,None,4C:A5:F7:ED:0C:96,-90
2026-08-22 13:40:59.101051,None,79:EF:19:26:B6:CF,-91
2026-08-22 13:40:59.843805,None,7E:FF:FD:40:47:FE,-90
2026-08-22 13:41:21.583745,Peak Pro 01502,F0:AD:4E:40:19:D5,-88
2026-08-22 13:41:32.595888,None,65:06:EA:48:87:7E,-92
2026-08-22 13:41:45.858551,ResMed 223238,E8:E0:7E:34:BB:D4,-89
2026-08-22 13:41:47.287556,None,CD:D5:C2:66:90:FB,-86
2026-08-22 13:42:06.841909,Platco PR1,E4:A6:34:CF:38:ED,-96
2026-08-22 13:42:15.977244,Charge 4,F1:D1:F5:5E:21:37,-81
2026-08-22 13:42:49.380971,None,43:81:B0:99:5D:36,-74
2026-08-22 13:43:40.763355,MELK-OF21   5C,BE:28:03:00:20:5C,-93
2026-08-22 13:43:40.917810,None,F1:BB:BB:8D:6E:BF,-98
2026-08-22 13:43:47.656153,None,47:81:7E:FD:E2:DC,-85
2026-08-22 13:45:00.054221,None,FF:21:02:49:1B:68,-89
2026-08-22 13:45:02.367148,None,E6:04:3A:89:E9:CA,-78
2026-08-22 13:45:02.480458,None,D1:EF:12:E0:24:E8,-90
2026-08-22 13:45:04.647567,None,CD:9B:F3:85:63:2D,-79
2026-08-22 13:45:05.153525,None,F5:B5:4D:A1:20:51,-90
2026-08-22 13:45:05.175384,None,CF:BD:E6:89:4B:47,-92
2026-08-22 13:45:18.068092,None,E5:7B:4C:2B:85:7C,-92
2026-08-22 13:45:57.268943,None,66:3E:9E:5F:22:D9,-79
2026-08-22 13:46:08.263025,RIOT Plus501B6E,D8:BC:38:50:1B:6E,-93
2026-08-22 13:46:14.868601,None,48:30:00:02:97:69,-84
2026-08-22 13:46:21.686466,None,D2:F8:90:1B:A5:F4,-80
2026-08-22 13:46:29.722526,None,EE:9C:9A:0B:9D:C5,-94
2026-08-22 13:46:37.047915,None,6B:5B:2A:07:5E:C3,-101
2026-08-22 13:46:47.047738,None,CA:A9:DB:13:19:F5,-75
2026-08-22 13:46:51.754408,None,CF:92:C5:54:35:33,-73
2026-08-22 13:46:58.790743,None,5D:66:E2:AF:5D:22,-90
2026-08-22 13:47:05.837143,None,E1:2B:5D:20:04:B6,-87
2026-08-22 13:48:03.186518,None,5E:B1:7B:60:13:FE,-90
2026-08-22 13:48:05.877108,EF-D36C0514,A0:85:E3:DE:D2:96,-98
2026-08-22 13:48:20.014382,20HL39284591421094,48:87:2D:89:79:5D,-100
2026-08-22 13:48:25.943178,None,64:70:F2:CB:08:56,-70
2026-08-22 13:49:31.618531,Platco PR1,B4:CB:B8:1B:D4:50,-88
2026-08-22 13:49:53.277630,None,CD:1D:B5:59:BB:19,-88
2026-08-22 13:50:00.351912,None,6D:0F:00:22:D7:03,-73
2026-08-22 13:50:04.901572,None,6D:0F:00:A8:4D:31,-73
2026-08-22 13:50:22.917143,None,58:B3:51:4F:BB:F2,-79
2026-08-22 13:50:26.859060,ELK-BLEDOM05,BE:67:00:12:01:75,-97
2026-08-22 13:50:28.812940,None,52:5F:53:08:15:00,-78
2026-08-22 13:50:36.344306,113685_9C139E7A644C,9C:13:9E:7A:64:4E,-69
2026-08-22 13:50:49.730642,None,64:BE:70:D1:15:2E,-87
2026-08-22 13:50:58.638422,None,4C:A5:F7:ED:0C:96,-90
2026-08-22 13:51:01.439700,None,79:EF:19:26:B6:CF,-90
2026-08-22 13:51:02.227934,None,7E:FF:FD:40:47:FE,-89
2026-08-22 13:51:22.869179,Peak Pro 01502,F0:AD:4E:40:19:D5,-93
2026-08-22 13:51:32.645605,None,65:06:EA:48:87:7E,-75
2026-08-22 13:51:39.923995,None,79:A5:08:EF:C9:25,-94
2026-08-22 13:51:41.614132,None,45:03:AE:00:16:6A,-92
2026-08-22 13:51:41.659863,None,DA:27:26:6D:04:D7,-86
2026-08-22 13:51:47.540493,ResMed 223238,E8:E0:7E:34:BB:D4,-89
2026-08-22 13:52:11.928677,[LG] webOS TV LR600BZUC,DC:EC:4F:D3:8E:A7,-99
2026-08-22 13:52:16.044030,Charge 4,F1:D1:F5:5E:21:37,-83
2026-08-22 13:53:02.715480,None,7A:7F:DF:79:AC:C2,-75
2026-08-22 13:53:32.293172,Platco PR1,E4:A6:34:CF:38:ED,-94
2026-08-22 13:53:40.914280,MELK-OF21   5C,BE:28:03:00:20:5C,-93
2026-08-22 13:53:48.850798,None,47:81:7E:FD:E2:DC,-81
2026-08-22 13:55:00.886908,None,FF:21:02:49:1B:68,-82
2026-08-22 13:55:04.338715,None,E6:04:3A:89:E9:CA,-88
2026-08-22 13:55:05.548913,None,CD:9B:F3:85:63:2D,-84
2026-08-22 13:55:05.741999,None,F5:B5:4D:A1:20:51,-91
2026-08-22 13:55:06.778387,None,CF:BD:E6:89:4B:47,-94
2026-08-22 13:55:12.238847,None,D1:EF:12:E0:24:E8,-99
2026-08-22 13:55:22.870064,None,E5:7B:4C:2B:85:7C,-91
2026-08-22 13:55:49.642434,None,77:70:12:A3:F9:E4,-90
2026-08-22 13:55:57.304723,None,66:3E:9E:5F:22:D9,-82
2026-08-22 13:56:08.394390,RIOT Plus501B6E,D8:BC:38:50:1B:6E,-92
2026-08-22 13:56:16.377857,None,48:30:00:02:97:69,-88
2026-08-22 13:56:23.430995,None,D2:F8:90:1B:A5:F4,-81
2026-08-22 13:56:33.474213,None,EE:9C:9A:0B:9D:C5,-96
2026-08-22 13:56:47.547475,None,CA:A9:DB:13:19:F5,-78
2026-08-22 13:56:54.061775,None,CF:92:C5:54:35:33,-73
2026-08-22 13:56:59.446582,None,5D:66:E2:AF:5D:22,-96
2026-08-22 13:58:09.014844,EF-D36C0514,A0:85:E3:DE:D2:96,-96
2026-08-22 13:58:21.120653,None,40:E3:CC:86:9E:25,-84
2026-08-22 13:58:31.256738,None,7C:17:C8:8E:34:2E,-89
2026-08-22 13:58:50.675767,None,6C:EA:B6:47:8D:00,-97
2026-08-22 13:59:37.158680,Platco PR1,B4:CB:B8:1B:D4:50,-85
2026-08-22 13:59:58.884392,None,CD:1D:B5:59:BB:19,-89
2026-08-22 14:00:00.110374,None,E3:9F:BC:B0:AE:79,-86
2026-08-22 14:00:00.153615,None,F5:A1:A9:56:35:6D,-93
2026-08-22 14:00:00.378805,None,6D:0F:00:22:D7:03,-71
2026-08-22 14:00:00.526766,None,FA:9E:3E:B8:56:CE,-79
2026-08-22 14:00:00.757208,None,F6:C5:7F:B5:9B:18,-80
2026-08-22 14:00:04.440642,None,EC:70:E1:73:59:FE,-92
2026-08-22 14:00:04.858157,None,D4:FE:86:58:25:F8,-89
2026-08-22 14:00:05.036975,None,6D:0F:00:A8:4D:31,-73
2026-08-22 14:00:06.524592,None,C3:86:E6:22:D1:79,-88
2026-08-22 14:00:07.928858,None,C1:24:15:05:B8:F6,-79
2026-08-22 14:00:12.635549,None,D6:3F:DD:92:96:1C,-79
2026-08-22 14:00:16.223565,None,D8:D7:11:58:EC:1D,-95
2026-08-22 14:00:28.958727,None,52:5F:53:08:15:00,-76
2026-08-22 14:00:32.952324,None,6E:31:9B:52:9B:0B,-83
2026-08-22 14:00:36.425396,113685_9C139E7A644C,9C:13:9E:7A:64:4E,-69
2026-08-22 14:00:47.482126,None,FF:72:05:6A:F9:0F,-87
2026-08-22 14:00:48.611147,None,50:19:A2:53:F6:F6,-89
2026-08-22 14:00:59.726056,None,48:E7:EE:C8:17:12,-91
2026-08-22 14:01:02.775442,None,69:11:3C:52:C8:FA,-91
2026-08-22 14:01:03.624906,None,7C:C4:EE:20:49:E6,-89
2026-08-22 14:01:03.744933,None,FA:13:B5:AC:30:D8,-89
2026-08-22 14:01:23.890070,Peak Pro 01502,F0:AD:4E:40:19:D5,-90
2026-08-22 14:01:32.805997,None,65:06:EA:48:87:7E,-86
2026-08-22 14:01:33.607442,20HL39284591421094,48:87:2D:89:79:5D,-99
2026-08-22 14:01:39.800598,None,58:B3:51:4F:BB:F2,-81
2026-08-22 14:01:41.215557,ELK-BLEDOM05,BE:67:00:12:01:75,-97
2026-08-22 14:01:48.043377,ResMed 223238,E8:E0:7E:34:BB:D4,-87
2026-08-22 14:02:16.439343,Charge 4,F1:D1:F5:5E:21:37,-81
2026-08-22 14:03:02.922175,None,7A:7F:DF:79:AC:C2,-82
2026-08-22 14:03:22.330318,None,52:06:FD:0C:F3:D8,-94
2026-08-22 14:03:40.983185,MELK-OF21   5C,BE:28:03:00:20:5C,-92
2026-08-22 14:03:48.971911,None,47:81:7E:FD:E2:DC,-77
2026-08-22 14:04:26.433934,None,42:92:7B:77:62:F8,-78
2026-08-22 14:05:03.172432,None,74:7D:EA:9E:68:42,-78
2026-08-22 14:05:51.065807,None,77:70:12:A3:F9:E4,-94
2026-08-22 14:06:08.881384,RIOT Plus501B6E,D8:BC:38:50:1B:6E,-92
2026-08-22 14:07:09.433647,None,4E:6A:72:DB:0C:5B,-78
2026-08-22 14:07:33.809671,Platco PR1,E4:A6:34:CF:38:ED,-94
2026-08-22 14:08:11.572425,EF-D36C0514,A0:85:E3:DE:D2:96,-95
2026-08-22 14:08:21.249789,None,40:E3:CC:86:9E:25,-84
2026-08-22 14:08:31.981256,None,7C:17:C8:8E:34:2E,-84
2026-08-22 14:08:45.250519,None,77:36:73:56:A2:7B,-89
2026-08-22 14:08:50.848872,None,6C:EA:B6:47:8D:00,-94
2026-08-22 14:09:41.379696,Platco PR1,B4:CB:B8:1B:D4:50,-87
2026-08-22 14:10:00.859721,None,6D:0F:00:22:D7:03,-71
2026-08-22 14:10:01.634142,None,F5:A1:A9:56:35:6D,-84
2026-08-22 14:10:02.395928,None,FA:9E:3E:B8:56:CE,-78
2026-08-22 14:10:03.508113,None,F6:C5:7F:B5:9B:18,-85
2026-08-22 14:10:03.611080,None,E3:9F:BC:B0:AE:79,-86
2026-08-22 14:10:06.408034,None,6D:0F:00:A8:4D:31,-73
2026-08-22 14:10:06.839331,None,D4:FE:86:58:25:F8,-90
2026-08-22 14:10:07.279383,None,C3:86:E6:22:D1:79,-75
2026-08-22 14:10:08.007726,None,EC:70:E1:73:59:FE,-92
2026-08-22 14:10:09.079854,None,C1:24:15:05:B8:F6,-75
2026-08-22 14:10:14.735927,None,D6:3F:DD:92:96:1C,-74
2026-08-22 14:10:34.485296,None,6E:31:9B:52:9B:0B,-78
2026-08-22 14:10:36.564436,113685_9C139E7A644C,9C:13:9E:7A:64:4E,-71
2026-08-22 14:10:42.835508,None,D8:D7:11:58:EC:1D,-97
2026-08-22 14:10:49.676305,None,5C:F3:25:8B:A0:8E,-88
2026-08-22 14:11:01.754008,None,48:E7:EE:C8:17:12,-93
2026-08-22 14:11:02.811910,None,69:11:3C:52:C8:FA,-89
2026-08-22 14:11:03.820971,None,7C:C4:EE:20:49:E6,-91
2026-08-22 14:11:15.336416,None,FA:13:B5:AC:30:D8,-90
2026-08-22 14:11:24.114176,Peak Pro 01502,F0:AD:4E:40:19:D5,-86
2026-08-22 14:11:46.689663,ELK-BLEDOM05,BE:67:00:12:01:75,-101
2026-08-22 14:11:50.772805,ResMed 223238,E8:E0:7E:34:BB:D4,-87
2026-08-22 14:11:59.215709,20HL39284591421094,48:87:2D:89:79:5D,-97
2026-08-22 14:12:02.902753,None,50:95:5A:05:E0:6F,-90
2026-08-22 14:12:03.435741,None,65:F3:7A:26:AE:F7,-90
2026-08-22 14:12:03.740530,None,7F:EA:6B:28:08:A8,-90
2026-08-22 14:12:16.659298,Charge 4,F1:D1:F5:5E:21:37,-91
2026-08-22 14:13:00.633592,None,6E:67:50:CD:74:F1,-96
2026-08-22 14:13:22.550636,None,52:06:FD:0C:F3:D8,-74
2026-08-22 14:13:41.125683,MELK-OF21   5C,BE:28:03:00:20:5C,-91
2026-08-22 14:14:27.741597,None,42:92:7B:77:62:F8,-80
2026-08-22 14:14:58.461223,None,43:01:54:E5:C0:4A,-97
2026-08-22 14:15:00.042302,None,D0:4C:96:88:60:CF,-82
2026-08-22 14:15:00.351253,None,E8:89:0F:4F:38:B5,-84
2026-08-22 14:15:02.570363,None,EF:AF:19:F7:38:21,-69
2026-08-22 14:15:04.069946,None,C5:04:8E:0A:D0:00,-79
2026-08-22 14:15:04.444981,None,E2:3D:5C:75:2A:EA,-90
2026-08-22 14:15:04.506085,None,C4:6A:73:2B:40:9A,-87
2026-08-22 14:15:11.754002,None,E6:0F:26:40:CC:43,-91
2026-08-22 14:15:18.429925,None,D8:81:79:50:3E:95,-80
2026-08-22 14:15:19.543282,None,D8:E0:A7:41:DA:89,-84
2026-08-22 14:15:19.904430,None,08:B4:00:52:44:A3,-89
2026-08-22 14:15:57.050220,None,DC:F6:46:2F:6C:D0,-93
2026-08-22 14:16:10.239547,RIOT Plus501B6E,D8:BC:38:50:1B:6E,-93
2026-08-22 14:16:37.867700,None,F2:5D:45:23:F3:C9,-73
2026-08-22 14:16:57.375926,None,59:15:A1:F0:71:A3,-79
2026-08-22 14:17:33.938696,None,70:5A:00:05:40:32,-99
2026-08-22 14:18:17.329398,EF-D36C0514,A0:85:E3:DE:D2:96,-94
2026-08-22 14:18:21.701376,None,40:E3:CC:86:9E:25,-78
2026-08-22 14:18:35.305751,None,78:3D:8C:06:47:01,-88
2026-08-22 14:18:35.785309,None,7C:17:C8:8E:34:2E,-77
2026-08-22 14:18:36.077705,None,DC:D4:29:AD:B2:0F,-94
2026-08-22 14:18:38.922594,None,48:B8:9E:31:02:D9,-75
2026-08-22 14:18:39.878695,Platco PR1,E4:A6:34:CF:38:ED,-100
2026-08-22 14:19:09.301137,None,6F:E1:0D:4F:D6:13,-94
2026-08-22 14:19:46.411287,Platco PR1,B4:CB:B8:1B:D4:50,-86
2026-08-22 14:19:49.894920,JBL Charge 5,D8:37:3B:B9:05:29,-95
2026-08-22 14:20:03.046543,None,6D:0F:00:22:D7:03,-73
2026-08-22 14:20:06.717102,None,6D:0F:00:A8:4D:31,-73
2026-08-22 14:20:38.719192,113685_9C139E7A644C,9C:13:9E:7A:64:4E,-70
2026-08-22 14:20:49.826548,None,5C:F3:25:8B:A0:8E,-88
2026-08-22 14:20:55.751622,None,71:E4:29:42:4F:20,-77
2026-08-22 14:20:55.774714,None,79:66:EA:6E:AC:1D,-79
2026-08-22 14:21:05.703594,None,77:36:73:56:A2:7B,-71
2026-08-22 14:21:06.448236,None,4E:32:B0:46:22:F5,-79
2026-08-22 14:21:24.295825,Peak Pro 01502,F0:AD:4E:40:19:D5,-87
2026-08-22 14:21:35.010969,None,5E:8E:E4:47:06:6C,-75
2026-08-22 14:21:51.145275,ResMed 223238,E8:E0:7E:34:BB:D4,-86
2026-08-22 14:21:52.636490,None,4E:6A:72:DB:0C:5B,-73
2026-08-22 14:22:03.523775,None,50:95:5A:05:E0:6F,-92
2026-08-22 14:22:03.652535,None,65:F3:7A:26:AE:F7,-90
2026-08-22 14:22:04.373846,None,7F:EA:6B:28:08:A8,-90
2026-08-22 14:22:11.062944,None,49:04:8D:B6:FB:1F,-89
2026-08-22 14:22:21.502088,Charge 4,F1:D1:F5:5E:21:37,-80
2026-08-22 14:23:23.946894,None,52:06:FD:0C:F3:D8,-88
2026-08-22 14:23:41.405386,MELK-OF21   5C,BE:28:03:00:20:5C,-90
2026-08-22 14:23:41.666972,None,58:81:3C:36:AA:61,-90
2026-08-22 14:24:09.212493,ELK-BLEDOM05,BE:67:00:12:01:75,-96
2026-08-22 14:24:30.768182,None,42:92:7B:77:62:F8,-77
2026-08-22 14:24:37.046464,None,64:CB:31:B0:41:87,-78
2026-08-22 14:25:01.015577,None,D0:4C:96:88:60:CF,-89
2026-08-22 14:25:01.180184,None,E8:89:0F:4F:38:B5,-77
2026-08-22 14:25:06.970674,None,C4:6A:73:2B:40:9A,-88
2026-08-22 14:25:07.036298,None,C5:04:8E:0A:D0:00,-81
2026-08-22 14:25:10.085950,None,EF:AF:19:F7:38:21,-67
2026-08-22 14:25:15.289555,None,E6:0F:26:40:CC:43,-91
2026-08-22 14:25:20.616753,None,D8:E0:A7:41:DA:89,-79
2026-08-22 14:25:20.635467,None,56:7B:4D:D8:F6:CD,-77
2026-08-22 14:25:24.307732,None,D8:81:79:50:3E:95,-80
2026-08-22 14:25:24.429278,None,E2:3D:5C:75:2A:EA,-89
2026-08-22 14:25:50.206365,None,50:67:58:87:5B:15,-88
2026-08-22 14:26:12.905722,RIOT Plus501B6E,D8:BC:38:50:1B:6E,-93
2026-08-22 14:26:14.898546,LEDBLE-02-E0AE,A4:C1:38:60:E0:AE,-97
2026-08-22 14:26:25.879038,None,6F:E0:0F:B5:9A:DD,-94
2026-08-22 14:26:29.196748,None,E7:BB:20:70:D1:E8,-93
2026-08-22 14:26:39.825004,None,F2:5D:45:23:F3:C9,-74
2026-08-22 14:27:02.636969,None,3C:24:1C:BA:28:2A,-91
2026-08-22 14:27:31.061412,None,76:20:67:7A:B2:06,-89
2026-08-22 14:27:32.117991,None,64:98:46:DC:0B:BF,-90
2026-08-22 14:27:32.925007,None,62:0B:70:2D:37:54,-90
2026-08-22 14:27:39.833425,None,70:5A:00:05:40:32,-91
2026-08-22 14:27:41.419457,None,DC:F6:46:2F:6C:D0,-94
2026-08-22 14:28:33.663531,EF-D36C0514,A0:85:E3:DE:D2:96,-96
2026-08-22 14:28:38.953623,None,48:B8:9E:31:02:D9,-82
2026-08-22 14:28:51.105190,None,7F:17:86:A7:6F:6A,-75
2026-08-22 14:29:25.565670,None,40:F1:36:31:E5:4B,-79
2026-08-22 14:29:36.147278,None,47:F5:FE:C0:72:0B,-71
2026-08-22 14:29:56.079989,Platco PR1,B4:CB:B8:1B:D4:50,-86
2026-08-22 14:30:00.114736,None,C1:B3:1D:00:95:75,-95
2026-08-22 14:30:00.493182,None,F6:0E:4B:E6:04:F2,-87
2026-08-22 14:30:02.064216,None,D5:7F:F2:63:83:46,-80
2026-08-22 14:30:03.154335,None,6D:0F:00:22:D7:03,-73
2026-08-22 14:30:06.682233,None,FB:FE:65:CD:1F:17,-88
2026-08-22 14:30:06.722506,None,6D:0F:00:A8:4D:31,-71
2026-08-22 14:30:09.210036,None,E2:5D:7A:1D:33:A6,-76
2026-08-22 14:30:09.694007,None,D6:9A:D2:F8:87:8F,-90
2026-08-22 14:30:12.487368,None,C9:76:B7:90:3B:AF,-92
2026-08-22 14:30:14.742467,None,FE:C4:39:84:19:D4,-93
2026-08-22 14:30:16.602147,None,F6:95:A0:95:AE:31,-78
2026-08-22 14:30:41.177886,113685_9C139E7A644C,9C:13:9E:7A:64:4E,-65
2026-08-22 14:30:43.868959,20HL39284591421094,48:87:2D:89:79:5D,-98
2026-08-22 14:30:56.770380,None,71:E4:29:42:4F:20,-84
2026-08-22 14:30:56.801771,None,79:66:EA:6E:AC:1D,-85
2026-08-22 14:31:00.285395,None,E5:AA:21:92:41:31,-66
2026-08-22 14:31:04.333286,None,F1:35:DC:B8:2E:77,-74
2026-08-22 14:31:10.403041,None,79:77:5D:A7:B5:50,-95
2026-08-22 14:31:24.892839,Peak Pro 01502,F0:AD:4E:40:19:D5,-86
2026-08-22 14:31:51.238677,ResMed 223238,E8:E0:7E:34:BB:D4,-88
2026-08-22 14:32:26.535445,Charge 4,F1:D1:F5:5E:21:37,-80
2026-08-22 14:32:35.019015,None,51:03:6B:A3:4B:E4,-94
2026-08-22 14:33:16.639006,Platco PR1,E4:A6:34:CF:38:ED,-97
2026-08-22 14:33:41.412441,MELK-OF21   5C,BE:28:03:00:20:5C,-90
2026-08-22 14:34:17.834262,ELK-BLEDOM05,BE:67:00:12:01:75,-96
2026-08-22 14:34:37.248454,None,64:CB:31:B0:41:87,-93
2026-08-22 14:35:23.309217,None,56:7B:4D:D8:F6:CD,-79
2026-08-22 14:35:51.542991,None,50:67:58:87:5B:15,-94
2026-08-22 14:36:15.774836,RIOT Plus501B6E,D8:BC:38:50:1B:6E,-96
2026-08-22 14:36:29.442696,None,5B:74:DC:4C:F7:64,-98
2026-08-22 14:37:32.220920,None,64:98:46:DC:0B:BF,-90
2026-08-22 14:37:32.393770,None,76:20:67:7A:B2:06,-90
2026-08-22 14:37:33.344976,None,E3:43:A7:8D:0B:75,-98
2026-08-22 14:37:33.425792,None,62:0B:70:2D:37:54,-90
2026-08-22 14:38:35.150005,None,C5:C7:90:F4:22:77,-97
2026-08-22 14:38:35.366068,EF-D36C0514,A0:85:E3:DE:D2:96,-98
2026-08-22 14:39:25.800299,None,40:F1:36:31:E5:4B,-71
2026-08-22 14:39:52.552883,None,47:F5:FE:C0:72:0B,-76
2026-08-22 14:39:56.404225,Platco PR1,B4:CB:B8:1B:D4:50,-88
2026-08-22 14:40:02.833259,None,C1:B3:1D:00:95:75,-95
2026-08-22 14:40:02.943836,None,D5:7F:F2:63:83:46,-82
2026-08-22 14:40:03.173185,None,6D:0F:00:22:D7:03,-72
2026-08-22 14:40:04.445432,None,F6:0E:4B:E6:04:F2,-95
2026-08-22 14:40:07.005974,None,6D:0F:00:A8:4D:31,-73
2026-08-22 14:40:07.229514,None,FB:FE:65:CD:1F:17,-85
2026-08-22 14:40:15.478369,None,E2:5D:7A:1D:33:A6,-79
2026-08-22 14:40:15.927625,None,C9:76:B7:90:3B:AF,-92
2026-08-22 14:40:17.504760,None,D6:9A:D2:F8:87:8F,-90
2026-08-22 14:40:20.546674,None,76:82:5A:1A:9A:DB,-75
2026-08-22 14:40:23.086224,None,F6:95:A0:95:AE:31,-81
2026-08-22 14:40:29.930422,None,FE:C4:39:84:19:D4,-95
2026-08-22 14:40:42.748297,113685_9C139E7A644C,9C:13:9E:7A:64:4E,-69
2026-08-22 14:40:50.202108,None,41:32:C1:A8:B9:02,-88
2026-08-22 14:40:57.053455,None,71:E4:29:42:4F:20,-83
2026-08-22 14:41:00.540034,None,79:66:EA:6E:AC:1D,-89
2026-08-22 14:41:02.518647,None,E5:AA:21:92:41:31,-71
2026-08-22 14:41:06.786498,None,76:C2:A6:21:9D:4E,-91
2026-08-22 14:41:06.953536,None,F1:35:DC:B8:2E:77,-76
2026-08-22 14:41:09.654337,None,6C:D2:23:5C:6B:A0,-87
2026-08-22 14:41:12.988712,None,79:77:5D:A7:B5:50,-96
2026-08-22 14:41:25.121217,Peak Pro 01502,F0:AD:4E:40:19:D5,-93
2026-08-22 14:41:30.939067,None,57:C8:5B:5E:95:03,-95
2026-08-22 14:41:55.261302,ResMed 223238,E8:E0:7E:34:BB:D4,-88
2026-08-22 14:42:14.396818,JBL Charge 5,D8:37:3B:B9:05:29,-100
2026-08-22 14:42:28.333744,Charge 4,F1:D1:F5:5E:21:37,-91
2026-08-22 14:42:38.298995,None,D4:B2:64:8D:7D:E5,-98
2026-08-22 14:43:06.143387,20HL39284591421094,48:87:2D:89:79:5D,-97
2026-08-22 14:43:20.057831,None,76:F9:9D:A1:5C:37,-94
2026-08-22 14:43:21.729372,None,51:03:6B:A3:4B:E4,-93
2026-08-22 14:43:23.939448,20HL39284450541189,48:87:2D:86:05:3D,-103
2026-08-22 14:43:41.790645,MELK-OF21   5C,BE:28:03:00:20:5C,-90
2026-08-22 14:43:59.830204,Platco PR1,E4:A6:34:CF:38:ED,-98
2026-08-22 14:44:21.279119,ELK-BLEDOM05,BE:67:00:12:01:75,-97
2026-08-22 14:44:37.417608,None,64:CB:31:B0:41:87,-88
2026-08-22 14:45:09.821210,None,CB:BC:21:C2:0D:8A,-74
2026-08-22 14:45:10.051496,None,EE:03:04:82:49:8D,-86
2026-08-22 14:45:11.992942,None,D2:C0:58:EE:C9:13,-90
2026-08-22 14:45:13.820841,None,FA:FB:C1:E8:BD:28,-84
2026-08-22 14:45:14.180507,None,F9:8B:C9:AA:B6:F2,-92
2026-08-22 14:45:16.165139,None,DD:A3:B5:0D:53:2F,-90
2026-08-22 14:45:16.822201,None,55:D9:D2:BA:6C:42,-99
2026-08-22 14:45:17.616351,None,72:FE:F7:92:B2:60,-97
2026-08-22 14:45:18.057312,None,F4:97:BD:BA:23:4C,-75
2026-08-22 14:45:22.320988,None,ED:5F:10:F2:EE:1B,-92
2026-08-22 14:45:23.962632,None,56:7B:4D:D8:F6:CD,-85
2026-08-22 14:45:26.907391,None,75:40:9F:A9:E2:C4,-95
2026-08-22 14:45:29.786515,None,E0:43:A7:6D:66:DE,-92
2026-08-22 14:45:30.688394,None,E9:E7:64:70:CB:87,-87
2026-08-22 14:46:19.451093,None,6A:61:44:BC:E2:3C,-83
2026-08-22 14:46:19.550571,None,41:19:33:90:A7:8F,-78
2026-08-22 14:46:22.009680,None,D3:EF:35:68:07:40,-81
2026-08-22 14:46:22.962308,None,6E:C8:0D:1A:11:7A,-90
2026-08-22 14:46:23.026260,RIOT Plus501B6E,D8:BC:38:50:1B:6E,-91
2026-08-22 14:46:25.411301,None,5B:98:34:F4:72:98,-91
2026-08-22 14:46:25.530372,None,4E:F8:77:22:BA:72,-90
2026-08-22 14:46:56.002275,None,F5:30:4F:CE:14:0A,-95
2026-08-22 14:47:44.950323,None,57:71:50:84:9A:65,-72
2026-08-22 14:48:35.762518,None,4C:9E:B1:33:70:86,-72
2026-08-22 14:48:53.576148,EF-D36C0514,A0:85:E3:DE:D2:96,-97
2026-08-22 14:49:07.737138,None,41:B6:2B:01:6B:8F,-95
2026-08-22 14:49:09.371429,None,45:A6:33:AB:64:41,-88
2026-08-22 14:50:00.876924,None,63:32:C6:0C:35:D3,-96
2026-08-22 14:50:03.485396,None,6D:0F:00:22:D7:03,-72
2026-08-22 14:50:07.724695,None,6D:0F:00:A8:4D:31,-72
2026-08-22 14:50:11.273158,Platco PR1,B4:CB:B8:1B:D4:50,-85
2026-08-22 14:50:44.311474,113685_9C139E7A644C,9C:13:9E:7A:64:4E,-66
2026-08-22 14:50:52.347178,None,41:32:C1:A8:B9:02,-87
2026-08-22 14:51:07.022305,None,76:C2:A6:21:9D:4E,-82
2026-08-22 14:51:10.720304,None,6C:D2:23:5C:6B:A0,-82
2026-08-22 14:51:15.625530,None,70:E7:0F:B7:B6:C8,-75
2026-08-22 14:51:16.803483,None,5F:18:92:08:0E:01,-63
2026-08-22 14:51:25.130144,Peak Pro 01502,F0:AD:4E:40:19:D5,-86
2026-08-22 14:51:33.427020,None,60:85:C1:57:DB:51,-97
2026-08-22 14:51:34.378285,[LG] webOS TV LR600BZUC,DC:EC:4F:D3:8E:A7,-98
2026-08-22 14:51:47.134481,None,7F:BC:F9:B6:32:07,-93
2026-08-22 14:51:55.824113,ResMed 223238,E8:E0:7E:34:BB:D4,-88
2026-08-22 14:52:32.495009,Charge 4,F1:D1:F5:5E:21:37,-80
2026-08-22 14:53:38.388986,None,7A:28:E8:74:8B:33,-82
2026-08-22 14:53:43.646445,MELK-OF21   5C,BE:28:03:00:20:5C,-93
2026-08-22 14:53:57.671256,None,E9:97:FE:3C:CB:72,-93
2026-08-22 14:54:46.925700,ELK-BLEDOM05,BE:67:00:12:01:75,-95
2026-08-22 14:55:10.149890,None,EE:03:04:82:49:8D,-87
2026-08-22 14:55:11.089087,None,CB:BC:21:C2:0D:8A,-75
2026-08-22 14:55:15.562055,None,D2:C0:58:EE:C9:13,-81
2026-08-22 14:55:16.062889,None,F9:8B:C9:AA:B6:F2,-90
2026-08-22 14:55:17.820831,None,DD:A3:B5:0D:53:2F,-91
2026-08-22 14:55:18.459236,None,F4:97:BD:BA:23:4C,-85
2026-08-22 14:55:19.325439,None,FA:FB:C1:E8:BD:28,-87
2026-08-22 14:55:25.079745,None,ED:5F:10:F2:EE:1B,-76
2026-08-22 14:55:30.869793,None,E0:43:A7:6D:66:DE,-93
2026-08-22 14:55:32.192935,None,E9:E7:64:70:CB:87,-85
2026-08-22 14:55:33.052059,20HL39284591421094,48:87:2D:89:79:5D,-100
2026-08-22 14:55:49.311880,None,70:8F:A7:44:B8:9A,-89
2026-08-22 14:56:19.553375,None,41:19:33:90:A7:8F,-79
2026-08-22 14:56:23.080668,None,6E:C8:0D:1A:11:7A,-88
2026-08-22 14:56:23.738386,None,D3:EF:35:68:07:40,-72
2026-08-22 14:56:24.482421,RIOT Plus501B6E,D8:BC:38:50:1B:6E,-94
2026-08-22 14:56:25.902024,None,4E:F8:77:22:BA:72,-89
2026-08-22 14:56:25.942859,None,6A:61:44:BC:E2:3C,-77
2026-08-22 14:56:30.446705,None,5B:98:34:F4:72:98,-90
2026-08-22 14:57:10.026724,None,61:8F:21:A4:2E:9B,-96
2026-08-22 14:57:10.164510,None,7A:FC:FB:32:D8:D2,-97
2026-08-22 14:57:10.587499,None,C4:03:1E:FF:87:51,-91
2026-08-22 14:57:10.853232,None,D4:9E:DF:CD:A1:88,-93
2026-08-22 14:57:45.008642,None,57:71:50:84:9A:65,-72
2026-08-22 14:58:56.642980,EF-D36C0514,A0:85:E3:DE:D2:96,-95
2026-08-22 14:59:41.200280,Platco PR1,E4:A6:34:CF:38:ED,-100
2026-08-22 15:00:00.051728,None,C8:6D:4A:A7:6E:71,-82
2026-08-22 15:00:00.375897,None,F4:C0:50:53:E0:E8,-69
2026-08-22 15:00:03.650882,None,6D:0F:00:22:D7:03,-72
2026-08-22 15:00:04.061722,None,DA:46:63:60:B3:21,-96
2026-08-22 15:00:04.333076,None,E3:56:93:EC:82:41,-80
2026-08-22 15:00:04.470216,None,63:32:C6:0C:35:D3,-97
2026-08-22 15:00:05.697195,None,FA:75:91:1A:9B:25,-92
2026-08-22 15:00:07.800591,None,6D:0F:00:A8:4D:31,-72
2026-08-22 15:00:08.967979,None,DA:8F:6B:32:F5:67,-94
2026-08-22 15:00:09.239957,None,FD:E4:C2:61:77:B2,-88
2026-08-22 15:00:14.616054,None,E2:BF:CE:00:1C:CC,-91
2026-08-22 15:00:21.132296,Platco PR1,B4:CB:B8:1B:D4:50,-88
2026-08-22 15:00:30.298772,None,7A:42:7A:F6:70:95,-102
2026-08-22 15:00:43.699139,None,C3:EF:B4:E7:76:FF,-83
2026-08-22 15:00:44.345481,113685_9C139E7A644C,9C:13:9E:7A:64:4E,-66
2026-08-22 15:00:49.449070,None,48:96:D9:CA:2E:C2,-71
2026-08-22 15:01:06.475897,None,55:BA:6D:9D:C6:DE,-96
2026-08-22 15:01:06.681162,None,C9:94:66:9B:27:55,-93
2026-08-22 15:01:07.333507,None,76:C2:A6:21:9D:4E,-80
2026-08-22 15:01:10.164036,None,F6:29:31:2F:3C:00,-75
2026-08-22 15:01:11.845130,None,6C:D2:23:5C:6B:A0,-77
2026-08-22 15:01:21.693412,None,EE:15:4B:09:44:FF,-86
2026-08-22 15:01:25.235549,Peak Pro 01502,F0:AD:4E:40:19:D5,-87
2026-08-22 15:01:57.763328,ResMed 223238,E8:E0:7E:34:BB:D4,-89
2026-08-22 15:02:06.835448,None,5D:47:21:09:F0:B0,-90
2026-08-22 15:02:09.092066,None,68:1E:11:FA:82:B5,-92
2026-08-22 15:02:09.127284,None,7E:0F:91:CF:40:F3,-92
2026-08-22 15:02:33.648744,Charge 4,F1:D1:F5:5E:21:37,-81
2026-08-22 15:03:05.532573,None,45:55:BA:C8:D6:BF,-97
2026-08-22 15:03:43.747486,MELK-OF21   5C,BE:28:03:00:20:5C,-94
2026-08-22 15:03:57.246075,None,47:C9:51:4C:E0:FC,-69
2026-08-22 15:04:48.866108,ELK-BLEDOM05,BE:67:00:12:01:75,-95
2026-08-22 15:05:47.254151,20HL39284591421094,48:87:2D:89:79:5D,-97
2026-08-22 15:05:49.586004,None,70:8F:A7:44:B8:9A,-88
2026-08-22 15:06:06.603912,None,52:37:FB:D5:69:FA,-94
2026-08-22 15:06:19.868008,None,41:19:33:90:A7:8F,-86
2026-08-22 15:06:21.128526,None,62:9C:95:19:8E:58,-80
2026-08-22 15:06:25.582347,RIOT Plus501B6E,D8:BC:38:50:1B:6E,-94
2026-08-22 15:06:34.123572,None,F6:09:09:D1:6A:BC,-99
2026-08-22 15:07:14.669292,None,4B:B0:24:CF:6F:DE,-98
2026-08-22 15:07:40.430425,None,64:FB:F4:0D:35:54,-89
2026-08-22 15:08:01.260996,None,52:F3:F2:1D:A3:C5,-87
2026-08-22 15:08:04.075021,None,66:68:C8:04:5E:58,-88
2026-08-22 15:08:51.920122,None,6C:8A:1C:1F:72:14,-79
2026-08-22 15:08:57.037298,EF-D36C0514,A0:85:E3:DE:D2:96,-98
2026-08-22 15:10:00.303587,None,C8:6D:4A:A7:6E:71,-84
2026-08-22 15:10:02.189617,None,F4:C0:50:53:E0:E8,-70
2026-08-22 15:10:02.642947,None,7E:F0:95:65:78:79,-88
2026-08-22 15:10:03.679094,None,6D:0F:00:22:D7:03,-72
2026-08-22 15:10:07.502172,None,DA:46:63:60:B3:21,-89
2026-08-22 15:10:08.229727,None,6D:0F:00:A8:4D:31,-72
2026-08-22 15:10:10.410559,None,E3:56:93:EC:82:41,-87
2026-08-22 15:10:13.918032,None,FD:E4:C2:61:77:B2,-90
2026-08-22 15:10:14.032143,None,FA:75:91:1A:9B:25,-89
2026-08-22 15:10:20.950842,None,6B:64:F5:ED:1B:63,-83
2026-08-22 15:10:26.825752,Platco PR1,B4:CB:B8:1B:D4:50,-86
2026-08-22 15:10:31.838141,None,E2:BF:CE:00:1C:CC,-91
2026-08-22 15:10:36.403838,None,70:DF:7B:3B:AF:BE,-84
2026-08-22 15:10:36.860511,None,E2:B4:93:18:0C:B7,-81
2026-08-22 15:10:36.900665,None,73:78:8E:32:0E:CC,-94
2026-08-22 15:10:37.086018,None,79:C2:D7:0E:94:4E,-93
2026-08-22 15:10:37.829474,None,FB:B3:68:E3:08:2B,-91
2026-08-22 15:10:45.658636,113685_9C139E7A644C,9C:13:9E:7A:64:4E,-66
2026-08-22 15:10:47.683492,None,C3:EF:B4:E7:76:FF,-88
2026-08-22 15:10:50.960744,None,5E:97:82:31:3D:25,-86
2026-08-22 15:11:13.742163,None,45:F3:3E:B3:BC:CD,-98
2026-08-22 15:11:13.846723,None,F6:29:31:2F:3C:00,-81
2026-08-22 15:11:21.964962,None,DA:8F:6B:32:F5:67,-95
2026-08-22 15:11:23.940051,None,EE:15:4B:09:44:FF,-77
2026-08-22 15:11:26.067888,Peak Pro 01502,F0:AD:4E:40:19:D5,-86
2026-08-22 15:11:57.863915,ResMed 223238,E8:E0:7E:34:BB:D4,-89
2026-08-22 15:12:07.514141,None,73:3A:C1:12:35:BB,-78
2026-08-22 15:12:34.818147,Charge 4,F1:D1:F5:5E:21:37,-87
2026-08-22 15:13:44.066032,MELK-OF21   5C,BE:28:03:00:20:5C,-91
2026-08-22 15:13:57.618952,None,47:C9:51:4C:E0:FC,-71
2026-08-22 15:14:53.364499,ELK-BLEDOM05,BE:67:00:12:01:75,-96
2026-08-22 15:15:00.062609,None,C2:BC:D1:F7:1D:FD,-80
2026-08-22 15:15:02.193139,None,EB:80:49:DF:4C:75,-76
2026-08-22 15:15:04.086234,None,F5:10:C7:34:0C:A1,-96
2026-08-22 15:15:08.463218,None,EF:E0:C5:52:82:84,-90
2026-08-22 15:15:10.527708,None,C4:4A:C7:04:8C:DF,-87
2026-08-22 15:15:21.628770,None,D1:54:48:60:BC:F2,-78
2026-08-22 15:15:36.104532,None,DF:CF:3B:1A:DD:70,-85
2026-08-22 15:15:42.951300,None,7D:45:7C:B3:25:C9,-94
2026-08-22 15:15:53.063943,None,62:9A:F6:A6:F3:E3,-93
2026-08-22 15:16:01.037578,20HL39284591421094,48:87:2D:89:79:5D,-95
2026-08-22 15:16:21.746978,None,62:9C:95:19:8E:58,-79
2026-08-22 15:16:30.716966,RIOT Plus501B6E,D8:BC:38:50:1B:6E,-97
2026-08-22 15:16:40.874278,None,F2:15:6C:B8:97:73,-94
2026-08-22 15:17:40.806463,None,64:FB:F4:0D:35:54,-83
2026-08-22 15:17:48.802380,None,FB:C2:16:92:D6:95,-78
2026-08-22 15:17:49.096286,None,FA:88:69:45:30:91,-97
2026-08-22 15:18:01.568733,None,52:F3:F2:1D:A3:C5,-90
2026-08-22 15:18:06.991147,None,66:68:C8:04:5E:58,-84
2026-08-22 15:18:29.481791,None,4B:B0:24:CF:6F:DE,-95
2026-08-22 15:18:49.205739,None,53:34:AC:D6:8A:B8,-91
2026-08-22 15:18:49.751610,None,6B:39:BC:89:89:F6,-89
2026-08-22 15:18:50.713211,None,5A:5A:1E:60:39:B6,-89
2026-08-22 15:18:51.410212,[LG] webOS TV LR600BZUC,DC:EC:4F:D3:8E:A7,-97
2026-08-22 15:18:57.420330,None,5C:6A:8C:27:75:7D,-92
2026-08-22 15:18:59.420845,EF-D36C0514,A0:85:E3:DE:D2:96,-95
2026-08-22 15:19:00.214064,None,E5:99:F3:C1:A1:C4,-91
2026-08-22 15:19:08.378191,None,EA:0D:9E:1F:08:D2,-93
2026-08-22 15:19:46.597592,None,C5:72:57:D4:5F:BA,-88
2026-08-22 15:19:49.683337,None,6C:8A:1C:1F:72:14,-75
2026-08-22 15:20:03.784061,None,6D:0F:00:22:D7:03,-73
2026-08-22 15:20:08.320271,None,6D:0F:00:A8:4D:31,-74
2026-08-22 15:20:27.550658,None,42:3F:96:38:FB:67,-71
2026-08-22 15:20:46.137074,113685_9C139E7A644C,9C:13:9E:7A:64:4E,-70
2026-08-22 15:20:53.515845,None,5E:97:82:31:3D:25,-90
2026-08-22 15:20:56.492408,Platco PR1,B4:CB:B8:1B:D4:50,-90
2026-08-22 15:21:15.277712,Platco PR1,E4:A6:34:CF:38:ED,-97
2026-08-22 15:21:26.965652,Peak Pro 01502,F0:AD:4E:40:19:D5,-85
2026-08-22 15:21:45.788471,None,49:D1:B2:70:AE:D7,-101
2026-08-22 15:21:58.555375,ResMed 223238,E8:E0:7E:34:BB:D4,-89
2026-08-22 15:22:20.934532,None,50:43:0C:62:C4:D2,-93
2026-08-22 15:22:32.063069,None,7C:ED:A4:43:7C:45,-89
2026-08-22 15:22:37.223547,Charge 4,F1:D1:F5:5E:21:37,-90
2026-08-22 15:23:44.175344,MELK-OF21   5C,BE:28:03:00:20:5C,-93
2026-08-22 15:23:58.058854,None,E8:34:AD:4B:F9:54,-92
2026-08-22 15:24:55.636203,ELK-BLEDOM05,BE:67:00:12:01:75,-96
2026-08-22 15:25:06.039868,None,EB:80:49:DF:4C:75,-72
2026-08-22 15:25:06.894127,None,F5:10:C7:34:0C:A1,-90
2026-08-22 15:25:07.294639,None,C2:BC:D1:F7:1D:FD,-91
2026-08-22 15:25:13.921193,None,EF:E0:C5:52:82:84,-90
2026-08-22 15:25:18.374154,None,C4:4A:C7:04:8C:DF,-88
2026-08-22 15:25:26.278342,None,D1:54:48:60:BC:F2,-75
2026-08-22 15:25:33.289186,None,4B:D4:7F:21:8E:07,-97
2026-08-22 15:25:36.312298,None,DF:CF:3B:1A:DD:70,-77
2026-08-22 15:25:48.955786,None,73:3D:D1:4D:F1:6A,-87
2026-08-22 15:25:54.679825,None,46:0B:E6:52:E4:C2,-82
2026-08-22 15:26:21.822610,None,62:9C:95:19:8E:58,-75
2026-08-22 15:26:22.834983,20HL39284591421094,48:87:2D:89:79:5D,-102
2026-08-22 15:26:31.045385,RIOT Plus501B6E,D8:BC:38:50:1B:6E,-92
2026-08-22 15:26:52.059961,None,F2:15:6C:B8:97:73,-86
2026-08-22 15:27:01.050150,None,71:73:9A:CE:2E:36,-79
2026-08-22 15:27:04.715213,None,71:56:D9:0B:C0:BD,-72
2026-08-22 15:27:05.384271,None,73:3A:C1:12:35:BB,-84
2026-08-22 15:27:40.826058,None,64:FB:F4:0D:35:54,-77
2026-08-22 15:27:49.214534,None,FB:C2:16:92:D6:95,-80
2026-08-22 15:28:01.741196,None,52:F3:F2:1D:A3:C5,-80
2026-08-22 15:28:07.220898,None,66:68:C8:04:5E:58,-83
2026-08-22 15:28:30.513781,None,CB:F3:E6:17:23:CE,-97
2026-08-22 15:28:31.200935,None,66:8F:E4:1A:C4:80,-95
2026-08-22 15:28:52.249674,None,5A:5A:1E:60:39:B6,-92
2026-08-22 15:28:52.286717,None,6B:39:BC:89:89:F6,-93
2026-08-22 15:28:54.153301,None,FA:88:69:45:30:91,-102
2026-08-22 15:28:55.058602,None,53:34:AC:D6:8A:B8,-90
2026-08-22 15:28:59.512162,EF-D36C0514,A0:85:E3:DE:D2:96,-95
2026-08-22 15:29:26.804003,None,E5:99:F3:C1:A1:C4,-93
2026-08-22 15:29:40.219900,None,47:64:1F:95:40:F1,-85
2026-08-22 15:30:01.208401,None,DE:39:4A:4B:7F:49,-97
2026-08-22 15:30:02.572131,None,D1:B5:E3:10:1A:FA,-90
2026-08-22 15:30:05.224294,None,D1:94:43:BD:01:87,-71
2026-08-22 15:30:05.464974,None,E1:5D:E6:00:AC:03,-87
2026-08-22 15:30:05.551882,None,6D:0F:00:22:D7:03,-73
2026-08-22 15:30:06.124272,None,D8:8D:57:F0:14:B6,-78
2026-08-22 15:30:08.360312,None,6D:0F:00:A8:4D:31,-73
2026-08-22 15:30:12.181032,None,D8:AC:92:D6:37:98,-90
2026-08-22 15:30:12.724191,None,E4:66:74:75:87:0A,-92
2026-08-22 15:30:26.573865,None,52:7E:B8:CF:15:B5,-78
2026-08-22 15:30:27.846009,None,42:3F:96:38:FB:67,-74
2026-08-22 15:30:28.290861,None,F6:0C:CC:E4:95:FA,-76
2026-08-22 15:30:34.379580,None,CB:59:08:48:2B:E2,-79
2026-08-22 15:30:36.443899,None,58:CA:7B:98:F5:D0,-89
2026-08-22 15:30:36.486923,None,57:1F:2C:7C:7A:B1,-86
2026-08-22 15:30:38.586624,None,F9:B3:67:1A:54:37,-96
2026-08-22 15:30:38.624810,None,FE:40:8C:F5:A3:69,-84
2026-08-22 15:30:46.283485,113685_9C139E7A644C,9C:13:9E:7A:64:4E,-63
2026-08-22 15:30:53.540714,None,77:33:58:C0:5B:CE,-80
2026-08-22 15:30:59.193244,Platco PR1,B4:CB:B8:1B:D4:50,-89
2026-08-22 15:31:25.083715,None,D1:8D:08:81:5E:62,-94
2026-08-22 15:31:26.986408,Peak Pro 01502,F0:AD:4E:40:19:D5,-87
2026-08-22 15:31:29.569503,[LG] webOS TV LR600BZUC,DC:EC:4F:D3:8E:A7,-97
2026-08-22 15:31:42.748934,LFSmart Scale,CF:E9:17:28:41:0D,-94
2026-08-22 15:31:48.210397,None,49:D1:B2:70:AE:D7,-97
2026-08-22 15:31:50.789635,None,6F:4D:1B:B9:94:A5,-94
2026-08-22 15:31:51.452130,None,40:EE:34:9A:1B:FA,-96
2026-08-22 15:31:52.822995,None,54:69:55:59:A6:7D,-96
2026-08-22 15:31:58.785880,ResMed 223238,E8:E0:7E:34:BB:D4,-91
2026-08-22 15:32:20.984981,None,50:43:0C:62:C4:D2,-95
2026-08-22 15:32:37.508515,Charge 4,F1:D1:F5:5E:21:37,-81
2026-08-22 15:32:58.858155,None,D6:17:86:09:1C:73,-90
2026-08-22 15:33:34.812825,None,40:27:F6:9C:95:64,-96
2026-08-22 15:33:43.526812,None,7F:30:46:10:95:07,-91
2026-08-22 15:33:44.248324,MELK-OF21   5C,BE:28:03:00:20:5C,-94
2026-08-22 15:34:46.048740,None,71:61:F1:38:DB:E6,-67
2026-08-22 15:35:08.668629,ELK-BLEDOM05,BE:67:00:12:01:75,-97
2026-08-22 15:35:48.966306,None,73:3D:D1:4D:F1:6A,-89
2026-08-22 15:35:55.329657,None,46:0B:E6:52:E4:C2,-87
2026-08-22 15:36:31.509005,None,59:A0:01:FC:6F:9E,-96
2026-08-22 15:36:33.276777,RIOT Plus501B6E,D8:BC:38:50:1B:6E,-95
2026-08-22 15:36:38.756570,20HL39284591421094,48:87:2D:89:79:5D,-97
2026-08-22 15:36:40.962108,None,E3:80:E6:B5:13:84,-94
2026-08-22 15:36:42.798661,None,D1:17:77:55:7F:BF,-93
2026-08-22 15:37:04.982217,4,71:56:D9:0B:C0:BD,-84
2026-08-22 15:37:07.621400,None,71:73:9A:CE:2E:36,-86
2026-08-22 15:37:45.950896,None,51:26:9D:FA:D5:2A,-71
2026-08-22 15:38:37.140820,None,FE:7C:63:EB:AA:58,-96
2026-08-22 15:39:08.257588,None,6A:F7:9E:27:6B:DD,-96
2026-08-22 15:39:23.900615,EF-D36C0514,A0:85:E3:DE:D2:96,-101
2026-08-22 15:39:30.476034,None,40:4B:A4:00:6C:8B,-95
2026-08-22 15:39:40.388409,None,47:64:1F:95:40:F1,-86
2026-08-22 15:40:06.082224,None,6D:0F:00:22:D7:03,-72
2026-08-22 15:40:07.095849,None,E1:5D:E6:00:AC:03,-81
2026-08-22 15:40:07.237216,None,D8:8D:57:F0:14:B6,-90
2026-08-22 15:40:07.377213,None,64:93:36:29:55:98,-92
2026-08-22 15:40:07.565148,None,D1:B5:E3:10:1A:FA,-89
2026-08-22 15:40:08.887288,None,6D:0F:00:A8:4D:31,-72
2026-08-22 15:40:08.916421,None,DE:39:4A:4B:7F:49,-88
2026-08-22 15:40:15.667244,None,E4:66:74:75:87:0A,-88
2026-08-22 15:40:27.447247,None,D8:AC:92:D6:37:98,-87
2026-08-22 15:40:31.498630,None,C3:1F:B6:4D:FF:1B,-102
2026-08-22 15:40:32.486137,None,64:CF:8F:8B:0E:50,-73
2026-08-22 15:40:32.543657,None,4A:74:77:DE:B3:9F,-69
2026-08-22 15:40:34.838774,None,48:2B:97:4D:79:B4,-95
2026-08-22 15:40:35.201336,None,CB:59:08:48:2B:E2,-69
2026-08-22 15:40:36.505181,None,58:CA:7B:98:F5:D0,-81
2026-08-22 15:40:37.115506,None,72:44:20:97:34:3C,-95
2026-08-22 15:40:37.943705,None,57:1F:2C:7C:7A:B1,-80
2026-08-22 15:40:38.790442,None,FE:40:8C:F5:A3:69,-81
2026-08-22 15:40:46.485275,113685_9C139E7A644C,9C:13:9E:7A:64:4E,-65
2026-08-22 15:40:56.968033,None,76:BC:3A:87:F6:C1,-89
2026-08-22 15:41:08.074196,Platco PR1,B4:CB:B8:1B:D4:50,-82
2026-08-22 15:41:19.295488,None,59:34:9B:29:C3:22,-93
2026-08-22 15:41:27.451284,Peak Pro 01502,F0:AD:4E:40:19:D5,-87
2026-08-22 15:41:27.932459,None,D1:8D:08:81:5E:62,-92
2026-08-22 15:41:38.464546,None,C9:4E:8C:51:6A:D2,-87
2026-08-22 15:41:39.540681,None,7C:60:4A:B7:7D:9D,-90
2026-08-22 15:41:51.175345,None,6F:4D:1B:B9:94:A5,-91
2026-08-22 15:41:51.631645,None,40:EE:34:9A:1B:FA,-91
2026-08-22 15:41:53.453805,None,54:69:55:59:A6:7D,-89
2026-08-22 15:41:59.046155,ResMed 223238,E8:E0:7E:34:BB:D4,-89
2026-08-22 15:42:39.343530,Charge 4,F1:D1:F5:5E:21:37,-84
2026-08-22 15:43:14.526787,None,D6:17:86:09:1C:73,-86
2026-08-22 15:43:43.394734,None,EB:E3:01:72:5C:2B,-92
2026-08-22 15:43:44.312281,MELK-OF21   5C,BE:28:03:00:20:5C,-90
2026-08-22 15:45:04.148122,None,DC:3B:4D:A0:85:42,-92
2026-08-22 15:45:04.616168,None,C2:83:7C:72:E6:BF,-88
2026-08-22 15:45:04.680731,None,FF:72:20:CB:D3:11,-90
2026-08-22 15:45:04.820749,None,D2:4A:8D:3C:E0:D3,-82
2026-08-22 15:45:05.863010,None,E1:09:6C:58:83:5D,-92
2026-08-22 15:45:06.142348,None,E1:02:B1:87:FC:14,-88
2026-08-22 15:45:06.696900,None,D8:D0:31:0D:D8:2E,-89
2026-08-22 15:45:13.609337,ELK-BLEDOM05,BE:67:00:12:01:75,-94
2026-08-22 15:45:13.784579,None,CE:16:58:AC:61:46,-83
2026-08-22 15:45:18.640745,None,C3:B7:49:A9:1C:89,-83
2026-08-22 15:45:19.096266,None,52:04:40:7F:AF:F4,-87
2026-08-22 15:46:27.084667,None,43:51:E6:23:40:D5,-91
2026-08-22 15:46:27.317234,None,5E:83:F2:93:90:3A,-90
2026-08-22 15:46:27.755404,None,72:9F:9D:D0:F9:5F,-90
2026-08-22 15:46:35.193475,RIOT Plus501B6E,D8:BC:38:50:1B:6E,-94
2026-08-22 15:46:42.915122,20HL39284591421094,48:87:2D:89:79:5D,-99
2026-08-22 15:47:08.867870,None,F5:4E:B0:54:C7:57,-91
2026-08-22 15:47:12.108941,None,E7:E6:F7:5C:3A:AE,-97
2026-08-22 15:47:28.905351,None,EC:67:FC:EA:4D:F5,-97
2026-08-22 15:47:47.333894,None,51:26:9D:FA:D5:2A,-82
2026-08-22 15:49:08.712733,None,6A:F7:9E:27:6B:DD,-94
2026-08-22 15:49:29.012612,EF-D36C0514,A0:85:E3:DE:D2:96,-99
2026-08-22 15:49:41.620664,None,47:64:1F:95:40:F1,-89
2026-08-22 15:49:54.546866,None,CA:57:33:C6:46:9F,-91
2026-08-22 15:50:00.004361,None,6A:A8:42:B2:30:23,-91
2026-08-22 15:50:06.184153,None,6D:0F:00:22:D7:03,-70
2026-08-22 15:50:09.111942,None,6D:0F:00:A8:4D:31,-75
2026-08-22 15:50:34.468839,None,4A:74:77:DE:B3:9F,-75
2026-08-22 15:50:36.562232,None,58:CA:7B:98:F5:D0,-84
2026-08-22 15:50:44.770606,None,7E:2C:71:96:56:E7,-81
2026-08-22 15:50:46.846188,None,57:1F:2C:7C:7A:B1,-86
2026-08-22 15:50:46.972084,113685_9C139E7A644C,9C:13:9E:7A:64:4E,-65
2026-08-22 15:50:57.009859,None,76:BC:3A:87:F6:C1,-87
2026-08-22 15:51:11.439925,Platco PR1,B4:CB:B8:1B:D4:50,-84
2026-08-22 15:51:15.601806,None,64:CF:8F:8B:0E:50,-83
2026-08-22 15:51:27.459169,Peak Pro 01502,F0:AD:4E:40:19:D5,-91
2026-08-22 15:51:48.004289,None,7C:60:4A:B7:7D:9D,-100
2026-08-22 15:51:59.337297,ResMed 223238,E8:E0:7E:34:BB:D4,-93
2026-08-22 15:52:08.596293,None,5C:FB:62:B5:8D:21,-93
2026-08-22 15:52:10.780935,None,DE:62:E3:54:3F:1F,-96
2026-08-22 15:52:39.670966,Charge 4,F1:D1:F5:5E:21:37,-82
2026-08-22 15:53:08.943312,None,55:77:37:18:D6:06,-80
2026-08-22 15:53:08.979901,None,57:EC:9D:B8:C3:C9,-81
                                                                                                                      