ADDRESS,FIRST_SEEN
0D:DD:2D:80:3C:EE,None,2026-08-20 13:57:56.506545
76:B1:0A:46:00:31,None,2026-08-20 13:57:56.610940
9C:13:9E:7A:64:4E,113685_9C139E7A644C,2026-08-20 13:57:56.688704
7F:AD:40:1A:EE:9E,None,2026-08-20 13:57:56.705495
4A:AC:0B:C7:E1:70,None,2026-08-20 13:57:56.717106
57:46:63:DE:7D:62,None,2026-08-20 13:57:56.773706
FB:C0:68:94:33:70,None,2026-08-20 13:57:56.774209
E8:E0:7E:34:BB:D4,ResMed 223238,2026-08-20 13:57:56.784524
F0:AD:4E:40:19:D5,Peak Pro 01502,2026-08-20 13:57:56.840590
61:CC:8D:F2:3A:71,None,2026-08-20 13:57:56.900160
5F:E9:CA:B8:8E:E7,None,2026-08-20 13:57:56.915724
F1:D1:F5:5E:21:37,Charge 4,2026-08-20 13:57:57.192806
48:87:2D:89:79:5D,20HL39284591421094,2026-08-20 13:57:57.340371
62:26:D2:78:87:B3,None,2026-08-20 13:57:57.414089
CD:95:9B:D6:80:D4,None,2026-08-20 13:57:57.810838
D3:5D:5D:4C:08:3D,None,2026-08-20 13:57:58.226465
D6:E2:24:71:6A:FF,None,2026-08-20 13:57:58.615537
DC:EC:4F:D3:8E:A7,[LG] webOS TV LR600BZUC,2026-08-20 13:57:58.701962
C2:F9:18:4D:68:70,None,2026-08-20 13:57:58.708386
BE:28:03:00:20:5C,MELK-OF21   5C,2026-08-20 13:57:58.789515
40:FB:5B:99:77:DA,None,2026-08-20 13:57:59.782935
6C:A0:F9:03:E3:C6,None,2026-08-20 13:57:59.812498
B4:CB:B8:1B:D4:50,Platco PR1,2026-08-20 13:58:00.146644
D7:3B:8C:76:07:08,None,2026-08-20 13:58:00.455156
52:16:DB:40:E9:AB,None,2026-08-20 13:58:00.527514
78:91:40:73:92:C5,None,2026-08-20 13:58:43.893000
C3:B5:21:19:14:4C,None,2026-08-20 13:58:46.038312
DB:75:D1:FA:F7:80,None,2026-08-20 13:59:28.712134
CE:4E:CA:17:C0:63,None,2026-08-20 14:00:00.290978
D0:FD:08:21:06:F5,None,2026-08-20 14:00:01.017669
E3:BA:90:31:5C:D8,None,2026-08-20 14:00:12.951938
74:B0:9B:3D:62:18,None,2026-08-20 14:00:16.014302
D2:D6:AF:F9:B1:99,None,2026-08-20 14:00:16.565526
FF:B4:AE:C5:8A:B8,None,2026-08-20 14:00:30.137550
7C:F5:94:0C:18:2C,None,2026-08-20 14:00:42.163525
DA:B3:F9:C9:CE:D8,None,2026-08-20 14:01:16.026963
7B:12:19:D8:53:45,None,2026-08-20 14:01:16.037131
77:F3:8C:38:74:DD,None,2026-08-20 14:01:44.034465
E4:16:9B:39:8A:32,None,2026-08-20 14:01:46.063517
69:9B:E4:78:DB:40,None,2026-08-20 14:02:01.155479
D7:C4:58:12:53:CD,None,2026-08-20 14:02:44.742632
67:25:E6:D3:FB:23,None,2026-08-20 14:03:13.472572
D0:98:5F:2D:AE:9F,None,2026-08-20 14:04:00.087405
DF:70:3D:2A:22:FD,None,2026-08-20 14:04:31.896486
70:B0:8C:D5:B6:8C,None,2026-08-20 14:04:57.704756
F7:65:48:76:C8:BB,None,2026-08-20 14:05:12.661756
0B:BD:E8:E5:F2:AA,None,2026-08-20 14:07:42.739133
48:87:2D:86:05:3D,20HL39284450541189,2026-08-20 14:08:16.940841
4E:C2:CE:18:06:5F,None,2026-08-20 14:08:27.839989
4C:1C:1D:F8:FF:CC,None,2026-08-20 14:08:43.012331
4A:8B:EF:ED:32:E3,None,2026-08-20 14:08:43.624931
7A:B6:4D:1D:10:5F,None,2026-08-20 14:09:27.968458
44:C2:86:F7:B4:72,None,2026-08-20 14:09:28.914129
50:C4:FE:A9:87:7A,None,2026-08-20 14:09:43.216806
F4:E5:B4:2E:16:AA,None,2026-08-20 14:09:44.119888
71:72:E8:64:B5:50,None,2026-08-20 14:09:46.996572
56:5C:90:48:45:A7,None,2026-08-20 14:10:02.337395
E8:06:41:9E:00:95,C2 Pro 1362,2026-08-20 14:12:47.122397
7E:C3:A3:95:97:C3,None,2026-08-20 14:14:13.509013
EC:70:1A:7D:34:DF,None,2026-08-20 14:15:00.405121
C7:F6:89:5E:68:08,None,2026-08-20 14:15:00.947419
7A:B8:7A:CD:A4:BB,None,2026-08-20 14:15:13.822980
E0:66:9E:F3:26:31,None,2026-08-20 14:15:14.202384
CD:5C:B7:9B:50:06,None,2026-08-20 14:15:16.561690
5C:51:A7:CC:4C:6A,None,2026-08-20 14:15:45.501654
57:83:97:60:B5:DF,None,2026-08-20 14:15:45.693778
60:DE:55:74:2F:53,None,2026-08-20 14:15:45.953205
E7:09:93:CF:7E:0B,None,2026-08-20 14:15:48.178838
4A:E6:0C:4E:21:B1,None,2026-08-20 14:17:15.585656
3D:00:68:19:36:4A,None,2026-08-20 14:17:43.909849
68:43:15:C9:90:11,None,2026-08-20 14:18:00.375916
6D:A2:E4:A9:CF:C5,None,2026-08-20 14:18:14.403266
CF:65:62:11:BE:FB,None,2026-08-20 14:18:16.431237
F4:20:EA:71:0F:CE,None,2026-08-20 14:20:30.271418
D6:7D:E5:41:59:5C,None,2026-08-20 14:21:16.387610
70:57:48:EE:E9:25,None,2026-08-20 14:21:29.561851
52:04:82:B5:41:CA,None,2026-08-20 14:21:46.842138
E0:C2:40:DB:40:44,None,2026-08-20 14:23:15.747129
FA:0D:2F:CE:18:51,None,2026-08-20 14:23:18.126077
7D:34:DB:F4:36:8E,None,2026-08-20 14:25:29.973970
06:EB:B7:C2:6D:C1,None,2026-08-20 14:25:49.718372
47:32:46:1F:F5:47,None,2026-08-20 14:27:00.795413
F8:4E:58:0B:C3:AF,None,2026-08-20 14:27:32.328222
43:60:62:52:D7:80,None,2026-08-20 14:27:32.580216
77:AB:06:FE:33:70,None,2026-08-20 14:27:32.748173
1B:08:B4:65:76:56,None,2026-08-20 14:27:34.798533
F7:8E:A0:47:F0:C8,None,2026-08-20 14:29:34.085514
44:FB:F0:BC:F2:64,None,2026-08-20 14:29:47.413332
4A:84:1C:37:0E:66,None,2026-08-20 14:29:48.997895
4C:FD:47:F9:41:6E,None,2026-08-20 14:29:49.005602
FB:A5:AE:B7:8F:A3,None,2026-08-20 14:30:00.990344
F9:B4:2C:DF:1B:9F,None,2026-08-20 14:30:01.378297
FE:36:6B:5B:24:87,None,2026-08-20 14:30:02.308272
D1:E8:F5:DC:54:47,None,2026-08-20 14:30:02.374408
C4:72:5A:2C:DE:BA,None,2026-08-20 14:30:04.283595
CA:AF:67:85:CB:91,None,2026-08-20 14:30:16.563230
E8:CF:CF:48:69:11,None,2026-08-20 14:30:18.604670
C6:13:53:DB:C5:B1,None,2026-08-20 14:30:32.115873
55:88:25:0E:C8:C7,None,2026-08-20 14:31:15.557246
FD:71:A1:27:61:23,None,2026-08-20 14:31:16.865808
45:68:5D:B1:95:AB,None,2026-08-20 14:31:31.041264
71:D5:F6:69:7D:B7,None,2026-08-20 14:31:32.031933
D6:BF:59:0B:0F:0C,None,2026-08-20 14:31:33.528939
61:18:CA:07:49:BA,None,2026-08-20 14:31:45.612909
F1:5A:06:F4:DB:BE,None,2026-08-20 14:31:47.748730
EA:D4:63:5A:72:1D,None,2026-08-20 14:32:01.303357
6D:CD:82:98:C0:EB,None,2026-08-20 14:32:15.955518
64:72:58:A8:B4:F5,None,2026-08-20 14:33:00.843289
FF:DF:10:85:12:23,None,2026-08-20 14:33:03.278878
4E:01:20:3E:97:26,None,2026-08-20 14:33:15.895156
D4:EE:FF:1F:31:D8,None,2026-08-20 14:33:18.847006
E3:E9:0A:FF:67:A7,None,2026-08-20 14:34:17.216539
77:4E:16:DD:EF:FD,None,2026-08-20 14:34:31.257057
C7:47:5A:6E:67:AB,None,2026-08-20 14:34:47.843989
04:E6:06:E3:5C:CE,None,2026-08-20 14:37:34.674785
52:48:1E:46:8D:0F,None,2026-08-20 14:39:19.224115
40:EC:04:0F:1C:CA,None,2026-08-20 14:39:32.413988
5A:06:7A:52:69:D9,None,2026-08-20 14:40:06.262162
71:A0:0D:B5:1B:B3,None,2026-08-20 14:40:06.464584
6A:13:DF:0F:8D:3C,None,2026-08-20 14:40:06.628770
5C:4D:49:65:68:0C,None,2026-08-20 14:41:05.044746
78:9C:10:BF:2D:8F,None,2026-08-20 14:42:06.242555
7D:2C:4D:40:A4:23,None,2026-08-20 14:43:21.397841
F6:D3:98:CE:F2:65,None,2026-08-20 14:45:04.075028
FA:5D:A0:E2:B0:2B,None,2026-08-20 14:45:04.299309
EC:D5:7F:85:F6:54,None,2026-08-20 14:45:04.548410
D3:68:4F:EC:64:1E,None,2026-08-20 14:45:06.051183
DC:C6:91:21:D9:C8,None,2026-08-20 14:45:06.301183
F0:50:01:01:63:5D,None,2026-08-20 14:45:20.466654
D2:DF:4F:C2:96:77,None,2026-08-20 14:46:05.041928
E7:29:0D:76:77:77,None,2026-08-20 14:46:19.403588
32:74:4D:2D:47:A6,None,2026-08-20 14:47:34.742199
4F:67:6B:25:0B:D2,None,2026-08-20 14:48:17.953627
77:CE:02:74:85:84,None,2026-08-20 14:48:52.672897
52:32:4B:61:9C:6F,None,2026-08-20 14:50:03.228468
73:C1:BE:9C:AC:8F,None,2026-08-20 14:50:04.032832
EF:80:AC:3D:CE:22,None,2026-08-20 14:50:07.170892
6F:1F:3A:A0:27:4A,None,2026-08-20 14:51:21.050555
4D:B2:98:5A:FC:E4,None,2026-08-20 14:52:03.759477
4E:AC:A6:E7:0C:B6,None,2026-08-20 14:52:33.665776
7C:E4:17:44:CE:8F,None,2026-08-20 14:52:35.428243
56:51:1B:48:E3:0E,None,2026-08-20 14:53:01.082534
56:52:AA:33:DB:A9,None,2026-08-20 14:54:25.545336
69:3F:45:60:0F:A7,None,2026-08-20 14:55:10.471288
D2:1A:7C:A7:7B:D8,None,2026-08-20 14:55:37.247058
61:36:A0:50:42:E9,LE_WF-C500,2026-08-20 14:56:03.956798
77:57:DA:3B:81:5D,None,2026-08-20 14:57:16.682413
6E:85:06:62:8B:9D,None,2026-08-20 14:57:29.010359
7D:88:76:E4:70:34,None,2026-08-20 14:57:31.539551
65:16:9B:CE:7A:20,None,2026-08-20 14:57:49.487844
DA:48:70:B6:C2:FF,None,2026-08-20 14:57:52.827579
7F:87:E8:34:9C:0D,None,2026-08-20 14:57:56.519434
61:0C:CD:CB:60:D7,None,2026-08-20 14:57:56.877756
44:85:7C:F2:29:03,None,2026-08-20 14:59:03.212867
E4:E4:26:FF:97:66,None,2026-08-20 15:00:00.037156
DB:12:05:73:9F:C2,None,2026-08-20 15:00:03.285873
D6:D1:6F:6B:94:F2,None,2026-08-20 15:00:03.525719
D1:AF:AE:2C:B3:AE,None,2026-08-20 15:00:03.848183
D8:B0:40:38:94:10,None,2026-08-20 15:00:10.470554
F1:F1:99:18:E8:03,None,2026-08-20 15:00:42.709480
57:62:86:63:A4:BC,None,2026-08-20 15:01:16.359692
5E:61:8F:3D:19:5A,None,2026-08-20 15:03:13.287980
C9:76:39:1F:AD:59,None,2026-08-20 15:03:16.875430
D4:53:63:3F:BC:7A,None,2026-08-20 15:04:39.975759
58:6E:B6:A0:F1:DA,None,2026-08-20 15:05:06.062244
5F:71:A4:04:4A:F5,None,2026-08-20 15:05:42.866346
DA:CE:C7:78:A1:E8,None,2026-08-20 15:05:54.861849
DE:8B:9E:87:DB:1D,None,2026-08-20 15:05:57.839772
69:12:B8:A8:2A:72,None,2026-08-20 15:06:32.512416
65:EC:11:50:82:29,None,2026-08-20 15:06:43.675354
61:02:53:EE:C3:7E,None,2026-08-20 15:09:14.463106
44:2E:4D:C8:35:60,None,2026-08-20 15:09:33.137222
55:2B:AE:1E:19:81,None,2026-08-20 15:10:33.404965
5B:39:C0:8D:9E:E1,None,2026-08-20 15:11:20.055121
E1:77:FE:4F:D1:E8,None,2026-08-20 15:13:19.056385
4C:DA:8D:C5:B0:5A,None,2026-08-20 15:14:39.320300
66:6F:4A:82:4C:91,None,2026-08-20 15:14:39.555924
E0:5E:64:7A:9A:A5,None,2026-08-20 15:15:04.530310
D6:D5:71:9F:D8:56,None,2026-08-20 15:15:06.032511
69:CB:02:79:54:86,None,2026-08-20 15:15:06.775403
E7:E6:C4:D7:41:A4,None,2026-08-20 15:15:11.743371
E4:53:D8:15:2B:45,None,2026-08-20 15:15:11.872654
E5:CC:E3:EB:9A:38,None,2026-08-20 15:15:14.113490
D2:DA:33:05:06:82,None,2026-08-20 15:15:31.475719
76:9B:C1:F4:9A:C3,None,2026-08-20 15:15:33.101561
69:12:B3:C8:E9:D9,None,2026-08-20 15:17:20.669349
73:3F:A0:57:0E:8E,None,2026-08-20 15:18:13.527679
F1:91:02:BE:6D:FB,None,2026-08-20 15:19:17.073984
4A:3F:E8:3F:23:B1,None,2026-08-20 15:20:33.639621
52:46:A2:FE:E8:BD,None,2026-08-20 15:21:02.031000
D6:26:8C:4C:BC:5A,None,2026-08-20 15:22:09.170328
7B:0E:B3:0C:5F:7F,None,2026-08-20 15:22:47.130268
60:46:A3:E4:42:A6,None,2026-08-20 15:22:57.250164
4F:16:BA:B3:B7:09,None,2026-08-20 15:23:02.694479
71:81:5F:0D:BE:BA,4,2026-08-20 15:24:04.364512
6F:85:AF:07:34:B6,None,2026-08-20 15:25:18.883359
4A:B8:3A:9B:2D:B1,None,2026-08-20 15:26:19.080154
44:77:44:B6:24:86,None,2026-08-20 15:27:43.055183
D3:CF:78:09:3C:CE,None,2026-08-20 15:27:43.167115
4D:E3:AC:A0:4C:57,None,2026-08-20 15:28:42.210243
CF:99:A1:E7:41:22,None,2026-08-20 15:30:00.035991
C6:15:EA:4C:54:BE,None,2026-08-20 15:30:12.575609
56:52:95:A5:02:3D,None,2026-08-20 15:30:24.170789
C5:9C:AB:CD:30:F5,None,2026-08-20 15:30:25.101073
D5:57:6B:F6:21:85,None,2026-08-20 15:30:25.370975
F0:88:BB:00:75:3C,None,2026-08-20 15:30:49.464301
FE:B1:9E:E7:05:47,None,2026-08-20 15:30:54.249351
55:AE:AB:5F:39:4F,None,2026-08-20 15:30:54.488566
FA:92:F8:CB:BB:60,None,2026-08-20 15:31:57.798417
4F:8F:19:10:27:93,None,2026-08-20 15:33:13.514679
F0:D4:7F:B9:A5:B8,None,2026-08-20 15:33:17.642395
72:6E:9C:A7:4A:A1,None,2026-08-20 15:33:23.979354
65:79:93:16:0B:F3,None,2026-08-20 15:33:40.983265
4B:DD:68:8D:67:0C,None,2026-08-20 15:33:42.490452
7B:DF:3F:A4:F7:CF,None,2026-08-20 15:33:55.467659
55:85:94:E2:2A:8E,None,2026-08-20 15:36:09.766517
69:99:D9:8D:95:F2,None,2026-08-20 15:36:38.526199
44:66:30:07:A5:D7,None,2026-08-20 15:36:55.488447
43:AF:2A:86:EE:09,None,2026-08-20 15:37:09.593687
45:10:D2:9C:78:3E,None,2026-08-20 15:38:51.946674
C3:A0:6D:F5:1F:F2,None,2026-08-20 15:40:36.723076
46:AE:FC:54:21:B6,None,2026-08-20 15:41:08.490429
D1:0B:64:75:18:0F,None,2026-08-20 15:41:11.172712
71:C5:F4:18:5F:C8,None,2026-08-20 15:42:09.180223
5D:17:53:56:75:90,None,2026-08-20 15:42:22.617910
DB:14:9E:47:5D:97,None,2026-08-20 15:45:00.563051
E7:EF:66:74:2A:D8,None,2026-08-20 15:45:04.070667
ED:3F:DB:DD:3D:E5,None,2026-08-20 15:45:04.404953
69:E6:C8:89:AF:5B,None,2026-08-20 15:45:42.795363
DB:CA:6C:72:89:4C,None,2026-08-20 15:45:52.606614
D0:22:2F:7D:CA:74,None,2026-08-20 15:45:52.930301
CD:43:E4:D6:9B:AE,None,2026-08-20 15:45:56.451750
D6:E2:A6:BC:86:29,None,2026-08-20 15:47:26.913895
4C:B8:98:8E:6B:B0,None,2026-08-20 15:48:07.601196
4B:54:87:48:CB:B1,None,2026-08-20 15:48:13.698038
CC:DB:A7:AF:F4:96,WQ-NOTACTIVATED,2026-08-20 15:49:02.725850
72:CC:9B:43:F1:EB,None,2026-08-20 15:49:48.545974
60:BA:C4:E2:A8:09,None,2026-08-20 15:49:58.845577
69:3B:84:25:B7:FD,Brock’s iPhone,2026-08-20 15:49:59.428530
73:72:36:86:13:F2,None,2026-08-20 15:50:01.187368
EF:D9:0C:1D:82:D9,None,2026-08-20 15:50:57.146406
5C:47:BD:52:E7:C4,None,2026-08-20 15:50:57.359373
50:AE:F9:EC:5E:CE,None,2026-08-20 15:52:33.924303
6E:2D:1D:71:3B:FD,None,2026-08-20 15:53:12.608495
67:4C:5C:CA:AD:DF,None,2026-08-20 15:53:44.421834
52:43:55:3A:D0:FF,None,2026-08-20 15:54:07.924051
6C:4C:67:F8:7B:E9,None,2026-08-20 15:54:14.316010
63:00:F8:FE:02:21,None,2026-08-20 15:55:03.690018
CF:E9:17:28:41:0D,LFSmart Scale,2026-08-20 15:55:24.804359
77:31:C8:89:76:8F,None,2026-08-20 15:55:53.346500
50:6B:4E:31:4C:A4,None,2026-08-20 15:58:54.909284
63:34:A6:5A:91:04,None,2026-08-20 15:59:16.813017
FC:85:99:62:64:5F,None,2026-08-20 16:00:00.838011
DE:17:8D:60:1C:66,None,2026-08-20 16:00:04.091639
DF:C6:00:78:46:0E,None,2026-08-20 16:00:04.169944
F6:F9:F3:56:8E:62,None,2026-08-20 16:00:06.516381
D6:CB:4C:DD:1C:85,None,2026-08-20 16:00:18.160809
7A:EE:C4:EB:FD:14,None,2026-08-20 16:00:46.844920
47:8D:BD:EC:C5:91,None,2026-08-20 16:01:45.434531
46:16:CA:32:C3:73,None,2026-08-20 16:02:10.992197
F7:FC:61:03:91:DA,None,2026-08-20 16:02:18.963141
E7:B5:6D:E9:D0:B2,None,2026-08-20 16:02:19.267394
65:4F:5A:58:38:C1,None,2026-08-20 16:02:37.751130
5A:94:75:4D:5B:CA,None,2026-08-20 16:02:38.057175
6C:C5:E8:D9:BA:92,None,2026-08-20 16:02:38.095454
50:60:9C:67:4C:BE,None,2026-08-20 16:03:05.867251
6B:47:FD:D9:34:23,None,2026-08-20 16:03:13.329873
4E:6E:B3:1C:6B:66,None,2026-08-20 16:03:43.889448
76:DE:00:90:24:BC,None,2026-08-20 16:03:49.798579
78:59:56:04:90:88,None,2026-08-20 16:03:51.218448
D7:C9:43:18:CD:03,None,2026-08-20 16:04:09.708776
76:6A:86:B7:0A:1F,None,2026-08-20 16:04:32.837873
5C:CE:21:EA:0A:25,None,2026-08-20 16:05:37.704500
67:E6:10:07:00:A8,None,2026-08-20 16:06:04.212711
01:00:00:92:42:B7,None,2026-08-20 16:06:25.222791
58:4A:1C:F2:61:F1,None,2026-08-20 16:06:39.431362
75:72:00:53:43:B9,None,2026-08-20 16:06:59.944590
C3:6E:C1:4A:7A:15,None,2026-08-20 16:07:13.545836
74:72:9E:82:D1:B6,None,2026-08-20 16:12:54.475486
6B:F8:A6:CD:3E:79,None,2026-08-20 16:13:36.945791
65:00:05:93:9C:A4,None,2026-08-20 16:14:08.761095
C2:95:5F:3D:52:02,None,2026-08-20 16:15:00.030989
F6:BD:1C:64:4B:8C,None,2026-08-20 16:15:00.518820
E4:9F:F5:BA:C2:DB,None,2026-08-20 16:15:00.593261
E3:AA:7C:7C:DD:B7,None,2026-08-20 16:15:06.622022
EF:A5:BC:6A:92:FD,None,2026-08-20 16:15:08.211746
4B:CA:13:C0:20:DD,None,2026-08-20 16:15:19.849848
DB:59:2F:D1:7C:3B,None,2026-08-20 16:15:29.286057
ED:80:33:FD:49:63,None,2026-08-20 16:15:32.469261
58:59:16:E0:E3:05,None,2026-08-20 16:15:32.774801
D3:0D:26:76:8F:3D,None,2026-08-20 16:15:57.425416
C5:B7:59:66:A5:F7,None,2026-08-20 16:16:57.160323
76:89:B1:A0:D4:F1,None,2026-08-20 16:16:57.214439
D2:47:0E:2D:2C:58,None,2026-08-20 16:17:21.202160
62:C7:61:AF:62:D6,None,2026-08-20 16:18:02.346374
4A:7A:99:39:C5:24,None,2026-08-20 16:18:13.540600
71:8B:8C:CA:78:C1,None,2026-08-20 16:18:13.725722
4B:AB:5A:82:0F:7C,None,2026-08-20 16:18:35.935099
59:D4:FD:3A:BB:4C,None,2026-08-20 16:18:35.972065
37:83:A4:8C:7E:86,None,2026-08-20 16:21:51.874579
57:A7:3A:3D:7B:79,None,2026-08-20 16:21:54.202226
7F:CF:6A:DD:2D:0B,None,2026-08-20 16:22:43.176179
F7:A5:2D:FE:36:F6,None,2026-08-20 16:23:11.490985
00:25:CA:DC:41:A2,AABL36YG147115,2026-08-20 16:23:26.574728
44:EE:3F:82:05:A1,None,2026-08-20 16:23:44.881586
25:A7:8F:5C:25:04,None,2026-08-20 16:24:00.899628
34:C1:6E:8F:AA:09,None,2026-08-20 16:24:00.987727
2C:8E:45:22:0B:40,None,2026-08-20 16:24:02.741059
00:68:FA:55:C7:E9,None,2026-08-20 16:26:05.000769
51:89:79:6B:B1:44,None,2026-08-20 16:26:05.868736
4A:6E:C3:20:53:98,None,2026-08-20 16:26:06.879388
94:4B:F8:5F:14:DA,TOZO NC9,2026-08-20 16:27:40.555909
78:36:CD:AD:CC:DA,None,2026-08-20 16:28:09.490015
27:56:DC:CD:A6:1B,None,2026-08-20 16:28:27.247906
4A:7A:91:C4:10:BF,None,2026-08-20 16:29:29.940230
6B:E3:F2:05:15:58,None,2026-08-20 16:29:37.280748
FA:65:7B:6E:92:24,None,2026-08-20 16:30:02.027094
F9:74:2F:59:35:99,None,2026-08-20 16:30:04.570096
E0:FA:A9:6D:17:61,None,2026-08-20 16:30:05.903378
53:75:04:90:FE:07,None,2026-08-20 16:30:06.080647
C4:C9:F5:68:FF:84,None,2026-08-20 16:30:07.534911
6B:C7:4D:5B:9C:5B,None,2026-08-20 16:30:19.532233
78:F0:5F:44:91:7C,None,2026-08-20 16:31:00.474792
70:37:B2:0C:3B:82,None,2026-08-20 16:31:18.732509
42:FC:35:6A:F4:BB,None,2026-08-20 16:31:26.346611
F7:50:E4:86:2A:CB,None,2026-08-20 16:31:39.035437
F1:EE:31:AA:F6:F2,None,2026-08-20 16:31:44.463131
E8:51:35:E7:60:67,None,2026-08-20 16:32:53.282268
61:0D:50:DC:73:A2,None,2026-08-20 16:33:14.472822
2C:16:C7:A8:AE:8B,None,2026-08-20 16:33:53.355043
E0:AD:BA:A6:79:40,None,2026-08-20 16:34:48.151753
69:92:9F:E0:0A:16,None,2026-08-20 16:34:49.847725
41:82:CC:DE:92:26,None,2026-08-20 16:34:50.150848
69:39:1B:66:46:F8,None,2026-08-20 16:35:45.809411
7A:95:89:0A:35:41,None,2026-08-20 16:36:06.733355
4B:36:46:BE:A1:57,None,2026-08-20 16:36:49.583513
E1:3E:BC:94:07:24,None,2026-08-20 16:37:42.494046
EA:78:DA:28:FC:8F,None,2026-08-20 16:38:38.517828
D9:2F:6F:90:FA:7B,None,2026-08-20 16:38:45.630940
55:E9:4B:8D:6E:9F,None,2026-08-20 16:38:46.973271
40:AB:8A:0D:DD:7B,None,2026-08-20 16:38:47.522617
61:2A:9F:7F:4C:AE,None,2026-08-20 16:38:47.766742
62:08:BE:34:A3:4D,None,2026-08-20 16:38:52.336210
E3:AB:BF:FB:04:0E,None,2026-08-20 16:39:00.345039
C9:39:49:B2:9C:26,None,2026-08-20 16:39:14.224463
--------------------Davin testing--------------------
58:C7:5B:77:E6:0D,None,2026-08-20 16:41:06.506048
77:BA:99:4B:F4:88,None,2026-08-20 16:41:08.159695
71:C7:BE:E9:70:1C,None,2026-08-20 16:41:08.184202
--------------------End Davin--------------------
D9:EE:78:51:02:D2,None,2026-08-20 16:41:14.618200
4B:73:16:7B:71:B3,None,2026-08-20 16:41:56.547088
06:57:A9:B9:7C:0D,None,2026-08-20 16:42:04.235657
58:2F:29:D6:56:85,None,2026-08-20 16:42:13.742799
48:AD:D5:62:02:ED,None,2026-08-20 16:42:51.417006
4A:06:C8:40:84:18,None,2026-08-20 16:43:12.450905
72:86:1B:5D:EC:40,None,2026-08-20 16:44:45.834840
D0:67:F0:E4:12:4A,None,2026-08-20 16:45:00.020751
CB:8D:43:07:7C:15,None,2026-08-20 16:45:00.337074
E7:E6:62:F4:FC:B3,None,2026-08-20 16:45:01.309383
D2:53:F6:C6:46:3B,None,2026-08-20 16:45:02.018062
C7:F9:A4:C5:A4:83,None,2026-08-20 16:45:02.547579
E7:DF:9B:DF:A6:19,None,2026-08-20 16:45:06.036051
D5:DD:FF:4A:CD:5B,None,2026-08-20 16:45:12.208374
43:65:69:99:BE:17,None,2026-08-20 16:45:12.959805
40:1C:F4:00:EA:B3,None,2026-08-20 16:45:19.950977
C6:9A:12:8B:F3:31,None,2026-08-20 16:45:19.960226
FA:F2:FF:B9:9F:5C,None,2026-08-20 16:45:33.378584
CE:B6:9F:EA:42:FF,None,2026-08-20 16:45:49.195963
E2:D0:29:C0:47:64,None,2026-08-20 16:46:03.181522
F0:EC:75:B4:AB:F0,None,2026-08-20 16:46:18.563541
E8:61:E2:76:F7:16,None,2026-08-20 16:48:12.620656
5E:CA:AB:36:5E:71,None,2026-08-20 16:48:15.579224
71:7D:88:38:01:1F,None,2026-08-20 16:48:30.934746
4F:D9:6E:A7:D0:F7,None,2026-08-20 16:48:39.365952
E2:BD:29:FC:5D:14,None,2026-08-20 16:48:39.547377
50:04:F4:C8:1F:AF,None,2026-08-20 16:48:47.582684
48:A3:27:E8:96:D1,None,2026-08-20 16:48:54.071225
4D:67:87:9D:94:B9,None,2026-08-20 16:49:12.668851
F6:53:CF:64:AC:AA,None,2026-08-20 16:50:17.083931
77:F8:31:33:ED:DE,None,2026-08-20 16:50:52.978336
6B:CA:FF:C7:0D:6D,None,2026-08-20 16:51:05.871520
6F:6D:A4:8C:8A:4A,None,2026-08-20 16:51:43.993833
21:7C:BB:8F:84:3F,None,2026-08-20 16:52:04.545836
5E:FF:94:D3:05:4B,None,2026-08-20 16:53:28.385788
6F:64:46:1C:72:B6,None,2026-08-20 16:53:28.635385
5E:B2:39:2D:C8:45,None,2026-08-20 16:54:28.245313
42:6D:F7:E3:78:41,None,2026-08-20 16:55:03.578050
56:24:7D:26:3C:24,None,2026-08-20 16:55:56.434803
4B:E6:EA:EC:10:5D,None,2026-08-20 16:58:09.513352
C6:B1:83:41:9A:17,None,2026-08-20 17:00:00.010609
CE:87:07:CC:07:25,None,2026-08-20 17:00:02.019840
CA:D6:2F:F5:6B:CA,None,2026-08-20 17:00:02.209655
D8:39:AB:75:75:24,None,2026-08-20 17:00:02.533469
CF:20:31:AA:21:F9,None,2026-08-20 17:00:07.641916
EF:27:70:36:6D:79,None,2026-08-20 17:00:08.111208
EF:CE:F7:E1:D0:51,None,2026-08-20 17:00:08.355389
CA:A7:0F:32:E6:DC,None,2026-08-20 17:00:08.987513
E0:4F:58:F2:4A:E0,None,2026-08-20 17:00:22.208370
10:68:38:43:F2:58,None,2026-08-20 17:01:20.720579
58:03:D5:7F:0F:0D,None,2026-08-20 17:01:25.444137
00:0C:BB:D3:C0:69,None,2026-08-20 17:02:06.032422
49:F0:CD:78:A1:27,None,2026-08-20 17:02:43.789334
41:28:88:91:19:F2,None,2026-08-20 17:02:48.393940
54:37:9A:81:69:FC,None,2026-08-20 17:03:05.183626
53:DF:1E:F8:24:59,None,2026-08-20 17:03:13.362195
71:C3:DE:36:43:4A,None,2026-08-20 17:04:05.582971
FD:C3:E1:7B:9B:74,None,2026-08-20 17:04:15.148254
E6:B3:21:A3:1A:F6,None,2026-08-20 17:04:16.310436
5F:1D:25:69:3A:0E,None,2026-08-20 17:04:23.943229
F6:1A:52:92:23:CA,None,2026-08-20 17:04:26.689563
45:8F:29:47:AA:EF,None,2026-08-20 17:04:48.885143
5B:D0:FA:5F:22:E2,None,2026-08-20 17:05:06.509684
65:89:F3:17:40:09,None,2026-08-20 17:05:06.584892
4E:AE:3F:BE:C4:E9,None,2026-08-20 17:05:23.024745
6A:BC:90:32:33:E3,None,2026-08-20 17:05:26.104500
45:BD:FC:9A:3D:E9,None,2026-08-20 17:05:26.326879
71:E6:BA:C9:3B:48,None,2026-08-20 17:05:30.388882
A4:C1:38:17:BA:11,Triones-A4C13817BA,2026-08-20 17:06:36.390426
D3:40:07:E0:39:6A,None,2026-08-20 17:06:36.620862
A4:C1:38:1F:C9:0F,Triones-A4C1381FC9,2026-08-20 17:06:36.918885
DA:47:E5:76:A3:FD,None,2026-08-20 17:07:10.336322
77:67:04:81:24:EF,None,2026-08-20 17:07:30.667649
4D:12:90:B7:F3:5B,None,2026-08-20 17:07:40.193295
7E:C8:48:38:90:06,None,2026-08-20 17:08:40.073906
4A:D6:63:71:B6:64,None,2026-08-20 17:08:42.639844
42:E9:AB:89:0A:9B,None,2026-08-20 17:09:12.936184
ED:98:4B:4C:18:5B,None,2026-08-20 17:09:16.225618
57:02:A1:22:2B:E2,None,2026-08-20 17:09:54.923928
08:16:69:3B:A7:8C,None,2026-08-20 17:12:04.770337
60:F7:F3:D3:CF:3C,None,2026-08-20 17:13:44.888346
C5:CB:1F:F7:36:B1,None,2026-08-20 17:14:36.954315
5F:5D:F4:18:C5:FF,None,2026-08-20 17:14:40.978814
70:50:73:94:DF:30,None,2026-08-20 17:14:41.003965
4E:44:94:EF:75:D9,None,2026-08-20 17:14:41.061192
E2:E2:82:54:F6:87,None,2026-08-20 17:15:00.398037
EC:DF:3A:25:AF:6B,None,2026-08-20 17:15:01.085055
DD:14:19:6F:A8:B9,None,2026-08-20 17:15:02.010775
DC:A6:E0:FB:2E:C4,None,2026-08-20 17:15:02.031345
E1:95:4D:DB:48:1A,None,2026-08-20 17:15:04.003734
D4:BF:F8:FB:51:CC,None,2026-08-20 17:15:04.435838
FF:0D:DD:05:1B:9E,None,2026-08-20 17:15:07.736273
C9:59:BD:28:5C:CE,None,2026-08-20 17:15:19.160968
E9:BD:F4:5F:5C:FD,None,2026-08-20 17:15:23.661213
F7:2B:7B:A8:93:E9,None,2026-08-20 17:15:24.146740
C3:BA:96:D2:FE:4F,None,2026-08-20 17:15:28.565764
35:2C:64:DD:3D:1A,None,2026-08-20 17:15:42.463339
C3:0D:A6:1E:D3:7C,None,2026-08-20 17:16:00.722878
5C:83:80:59:FC:67,None,2026-08-20 17:16:21.443409
47:80:D8:B4:E1:35,None,2026-08-20 17:16:49.669045
DF:B7:02:97:B4:CA,None,2026-08-20 17:17:00.834180
7C:46:62:CE:6E:63,None,2026-08-20 17:17:07.118310
CA:D1:59:75:18:36,None,2026-08-20 17:18:10.647917
47:BB:4E:0D:EA:DF,None,2026-08-20 17:18:13.564646
52:27:85:1F:70:83,None,2026-08-20 17:18:14.189515
77:E5:28:4C:99:44,None,2026-08-20 17:19:08.391122
76:02:D3:5A:DA:BB,None,2026-08-20 17:19:08.499943
C4:C1:03:E0:2C:DC,ISP165B_BLE,2026-08-20 17:19:35.758717
1B:FD:5D:F3:CE:CF,None,2026-08-20 17:22:04.942176
6B:6A:D6:0A:B2:20,None,2026-08-20 17:22:53.362770
4C:C7:FE:72:9C:5B,None,2026-08-20 17:23:02.197282
4C:CB:D2:92:11:BA,None,2026-08-20 17:23:02.703288
41:11:07:AC:39:08,None,2026-08-20 17:23:03.030675
4E:E2:5D:09:BD:D3,None,2026-08-20 17:23:29.022633
64:CC:95:9F:72:8B,None,2026-08-20 17:24:26.894216
78:F0:41:31:31:C8,None,2026-08-20 17:25:22.168900
39:37:61:C2:96:DF,None,2026-08-20 17:26:44.216209
4F:7D:7C:94:D9:D0,None,2026-08-20 17:26:51.705446
7A:42:ED:9F:90:79,None,2026-08-20 17:26:52.231852
51:FF:92:83:53:10,None,2026-08-20 17:27:21.554097
5E:BE:3D:71:1F:99,None,2026-08-20 17:28:25.031332
75:BB:A6:72:43:13,None,2026-08-20 17:29:40.103251
E0:90:D3:CB:9D:2A,None,2026-08-20 17:30:01.858985
F7:34:72:CB:7E:70,None,2026-08-20 17:30:02.028904
CF:B6:69:8E:DE:36,None,2026-08-20 17:30:02.063484
CB:06:6C:C4:CE:FD,None,2026-08-20 17:30:02.798049
EB:7F:F4:95:FE:6E,None,2026-08-20 17:30:03.951691
DD:84:B9:00:A4:00,None,2026-08-20 17:30:04.533849
FF:93:1C:E8:5D:D2,None,2026-08-20 17:30:06.016721
7E:13:6E:4F:41:55,None,2026-08-20 17:30:29.878271
DF:9D:0F:51:32:A8,None,2026-08-20 17:30:45.224193
E4:7A:1D:10:05:6E,None,2026-08-20 17:31:36.845822
DC:C0:64:98:72:8C,None,2026-08-20 17:31:58.797305
2A:74:66:B5:11:E5,None,2026-08-20 17:32:07.913491
E0:29:52:61:50:D7,None,2026-08-20 17:32:08.470784
77:BC:33:DE:94:20,None,2026-08-20 17:33:13.375079
F2:65:89:66:82:04,None,2026-08-20 17:33:47.388610
45:20:3B:C1:09:49,None,2026-08-20 17:33:47.634005
72:B3:C3:B2:0C:83,None,2026-08-20 17:34:04.503788
4C:59:CD:D0:E8:34,None,2026-08-20 17:34:28.991631
50:0A:07:D1:B7:3E,None,2026-08-20 17:34:29.089991
7D:8E:EC:F6:59:02,None,2026-08-20 17:34:29.610894
EB:AD:69:87:19:81,None,2026-08-20 17:34:30.787735
D4:86:0D:8E:93:94,None,2026-08-20 17:34:33.158229
F4:CE:EF:0F:F3:02,None,2026-08-20 17:34:38.208770
69:1F:35:5C:33:5C,None,2026-08-20 17:35:22.622818
4D:EC:12:F5:84:92,None,2026-08-20 17:36:01.846353
5E:BF:49:6B:B4:43,None,2026-08-20 17:36:11.762499
45:18:66:BD:EC:C4,None,2026-08-20 17:36:16.883695
68:64:81:AE:86:DC,None,2026-08-20 17:36:37.796757
47:4D:76:B2:07:A2,None,2026-08-20 17:36:58.249025
EE:BE:FC:65:F8:89,None,2026-08-20 17:37:33.623469
70:8E:25:BA:22:2B,None,2026-08-20 17:38:07.827035
61:71:80:27:52:A6,None,2026-08-20 17:40:07.470012
7B:4D:22:B0:74:E2,None,2026-08-20 17:40:13.762201
40:68:BA:F8:1E:6C,None,2026-08-20 17:40:29.570255
CF:E0:1D:D0:1F:11,None,2026-08-20 17:40:31.578533
55:59:35:20:5F:B3,None,2026-08-20 17:41:06.495491
65:5A:FF:B1:22:0B,None,2026-08-20 17:41:07.024606
40:63:18:1A:28:E7,None,2026-08-20 17:43:16.684208
EB:EE:06:38:9A:74,None,2026-08-20 17:43:58.763777
75:B9:59:75:ED:0B,None,2026-08-20 17:44:00.078355
41:25:20:25:04:2C,None,2026-08-20 17:44:06.336794
72:E5:FA:2B:0D:32,None,2026-08-20 17:44:34.150452
5E:63:F9:F8:68:65,None,2026-08-20 17:44:35.576781
73:69:52:AB:5F:D8,None,2026-08-20 17:44:38.108462
4F:91:82:68:68:CF,None,2026-08-20 17:44:42.268315
F9:9D:4B:A2:21:48,None,2026-08-20 17:44:59.973242
C2:86:24:B7:CF:50,None,2026-08-20 17:45:00.036888
CE:74:B8:DD:36:C8,None,2026-08-20 17:45:02.212861
C8:92:C4:A1:30:FE,None,2026-08-20 17:45:02.297726
CE:46:6A:63:26:D7,None,2026-08-20 17:45:02.549828
F0:A8:7A:DB:F9:7C,None,2026-08-20 17:45:02.724500
71:19:A1:58:35:A5,None,2026-08-20 17:45:03.239833
E4:DE:88:58:B7:A8,None,2026-08-20 17:45:05.765952
C0:5F:88:4F:74:B2,None,2026-08-20 17:45:06.391907
E2:74:FA:21:99:0C,None,2026-08-20 17:45:06.592008
D9:04:C0:FC:0A:5D,None,2026-08-20 17:45:07.059498
E2:3D:17:54:7F:FD,None,2026-08-20 17:45:12.090070
44:FF:38:C9:52:12,None,2026-08-20 17:45:13.205082
4D:AE:53:DD:B4:FA,None,2026-08-20 17:45:33.602767
C2:A2:2F:28:24:E1,None,2026-08-20 17:45:37.739607
D7:45:49:21:43:FD,None,2026-08-20 17:45:48.042797
5E:29:EB:CC:BD:6E,None,2026-08-20 17:46:34.150075
C0:18:B5:E4:C5:69,None,2026-08-20 17:47:12.723498
6E:76:92:23:E7:1E,None,2026-08-20 17:47:23.249925
5C:96:73:98:0C:05,None,2026-08-20 17:47:30.617075
6A:24:87:89:7C:14,None,2026-08-20 17:47:58.662925
60:3C:0F:19:A7:4B,None,2026-08-20 17:48:05.625686
5F:11:AF:B4:AB:64,None,2026-08-20 17:48:08.683343
69:8A:0A:0D:06:C0,None,2026-08-20 17:48:13.636179
6B:88:C5:EE:B9:A9,None,2026-08-20 17:48:36.064243
74:5B:D2:F0:32:F1,None,2026-08-20 17:48:51.561138
56:A3:7D:B5:CD:52,None,2026-08-20 17:48:58.083242
EA:21:15:2B:E3:5B,None,2026-08-20 17:49:10.153070
4B:98:12:A9:F6:66,None,2026-08-20 17:49:19.452790
75:9F:5F:47:AA:43,None,2026-08-20 17:50:50.990671
5E:C0:20:34:9A:97,None,2026-08-20 17:51:38.071082
4C:CA:94:27:26:36,None,2026-08-20 17:52:12.013821
3A:3F:15:47:B7:F2,None,2026-08-20 17:53:51.842992
FD:37:69:EE:BC:3D,None,2026-08-20 17:55:57.756746
C3:87:80:A4:1B:07,None,2026-08-20 17:58:00.043200
4D:8C:7E:22:6D:5A,None,2026-08-20 17:58:31.952296
5D:1F:B2:EF:8B:BA,None,2026-08-20 17:58:33.997925
48:9E:C4:2F:7C:80,None,2026-08-20 17:58:39.774438
46:EE:E3:7C:C3:02,None,2026-08-20 17:59:14.367744
4B:AD:FA:8C:EA:BA,None,2026-08-20 17:59:14.377729
4B:4D:AC:7D:54:FB,4,2026-08-20 17:59:51.041458
FD:0C:2A:D7:04:45,None,2026-08-20 18:00:00.545808
CB:F8:CA:9B:EB:D1,None,2026-08-20 18:00:00.674521
E4:96:1C:43:10:71,None,2026-08-20 18:00:04.363968
E2:21:D2:A6:09:61,None,2026-08-20 18:00:04.474491
5A:61:7F:D0:A1:7F,None,2026-08-20 18:00:19.098364
78:07:F5:10:44:93,None,2026-08-20 18:00:19.534376
CA:C4:8E:F2:16:80,None,2026-08-20 18:00:24.725872
69:AB:A3:CD:07:21,None,2026-08-20 18:00:31.896609
C6:9F:84:05:B6:7D,None,2026-08-20 18:00:32.170712
F8:CF:27:95:81:42,None,2026-08-20 18:00:55.236586
59:DF:95:14:1D:B6,None,2026-08-20 18:00:55.304483
EF:11:10:F4:C1:23,None,2026-08-20 18:01:02.845083
D3:56:FF:0C:0E:E5,None,2026-08-20 18:01:22.325562
50:CE:88:4A:9B:D5,None,2026-08-20 18:02:27.551056
DC:F4:42:69:A6:67,None,2026-08-20 18:02:56.412789
44:FB:61:FB:77:58,None,2026-08-20 18:03:07.238717
D2:FC:B8:77:91:FF,None,2026-08-20 18:03:09.644756
42:1A:14:B4:AD:FF,None,2026-08-20 18:03:13.392446
F1:48:50:3D:20:33,None,2026-08-20 18:03:16.200736
DD:8C:9E:A8:42:C9,None,2026-08-20 18:03:18.208227
7C:3F:3F:37:49:B5,None,2026-08-20 18:03:18.210287
EE:DA:79:E2:55:C3,None,2026-08-20 18:03:37.963380
48:17:4E:3E:59:3D,None,2026-08-20 18:03:38.780065
EE:2A:5E:A9:4C:48,None,2026-08-20 18:03:41.836432
4E:C5:10:F8:8D:93,None,2026-08-20 18:03:48.741495
7E:9F:EA:12:7C:A7,None,2026-08-20 18:04:02.795994
DE:29:8F:B0:09:CF,None,2026-08-20 18:04:27.021817
51:8B:42:CE:6A:EC,None,2026-08-20 18:04:41.394611
72:12:A8:8A:9F:36,None,2026-08-20 18:04:44.985899
75:42:CB:30:9F:DE,None,2026-08-20 18:04:45.891768
5E:F9:54:44:43:3E,None,2026-08-20 18:05:02.386653
48:F6:0F:28:FF:F2,None,2026-08-20 18:06:23.576018
67:7A:9B:7A:ED:98,None,2026-08-20 18:06:51.624017
40:37:22:81:AA:1D,None,2026-08-20 18:06:53.771749
5A:F5:FF:98:BB:45,None,2026-08-20 18:07:07.405599
7A:85:60:0C:A0:CB,None,2026-08-20 18:07:34.666334
46:A5:30:6A:E2:ED,None,2026-08-20 18:08:06.232325
63:F8:14:1B:9C:E9,None,2026-08-20 18:08:25.586515
5F:48:49:E4:34:69,None,2026-08-20 18:10:41.051287
D8:57:B5:78:13:AA,None,2026-08-20 18:10:58.289795
5E:57:3C:D4:94:A1,None,2026-08-20 18:10:58.338767
5B:0F:EF:B7:46:1F,None,2026-08-20 18:11:49.084608
54:3E:29:51:CF:EB,None,2026-08-20 18:12:47.037757
45:8F:B2:D0:84:F4,None,2026-08-20 18:13:34.047633
5F:58:17:C8:40:7B,None,2026-08-20 18:15:00.153209
F6:E8:09:B0:D0:A7,None,2026-08-20 18:15:00.249951
F2:50:4D:31:0A:7A,None,2026-08-20 18:15:00.545469
C1:C6:52:54:39:3E,None,2026-08-20 18:15:04.547640
F9:B1:52:CD:13:55,None,2026-08-20 18:15:12.322681
D1:F9:CB:FF:4E:98,None,2026-08-20 18:15:12.480025
D4:4D:25:22:8F:46,None,2026-08-20 18:15:18.739650
77:2E:72:71:3F:0E,None,2026-08-20 18:16:01.863490
F2:A7:9F:03:97:B1,None,2026-08-20 18:16:03.288519
7E:21:DE:4C:BF:20,None,2026-08-20 18:16:50.764362
6E:DE:5E:82:FF:FA,None,2026-08-20 18:17:27.931256
5D:72:E1:2A:44:83,None,2026-08-20 18:17:36.998413
F2:DC:35:C8:1F:52,None,2026-08-20 18:17:46.095391
50:3A:5F:97:33:B3,None,2026-08-20 18:17:53.231026
EB:50:86:FC:E1:3A,None,2026-08-20 18:17:55.895337
71:9D:D0:18:AA:B3,None,2026-08-20 18:18:03.035456
5B:B1:3D:89:E4:32,None,2026-08-20 18:18:04.724901
61:A2:7A:FD:F3:E3,None,2026-08-20 18:18:15.058389
51:FE:82:60:8A:8B,None,2026-08-20 18:18:21.779912
EA:7B:F2:46:AF:E7,None,2026-08-20 18:18:59.645172
7E:84:6A:C1:7B:24,None,2026-08-20 18:19:08.364699
70:3C:80:93:FC:B2,None,2026-08-20 18:19:11.502127
56:0E:1F:9B:BF:39,None,2026-08-20 18:19:11.704048
C3:02:35:34:05:4E,None,2026-08-20 18:19:25.581890
DE:94:01:D4:26:8D,None,2026-08-20 18:19:46.886909
51:EC:FB:A6:55:41,None,2026-08-20 18:20:52.829604
E1:4B:3A:3A:1D:EF,None,2026-08-20 18:21:27.827778
68:3E:B9:A9:83:EA,None,2026-08-20 18:22:44.189664
53:18:98:9E:7E:C0,None,2026-08-20 18:24:57.898354
4B:2C:63:27:22:AF,None,2026-08-20 18:25:30.791098
21:41:DE:35:5A:3A,None,2026-08-20 18:25:45.405551
18:7A:93:F7:24:57,Z900,2026-08-20 18:25:45.496027
55:46:81:24:9C:9A,None,2026-08-20 18:25:45.783964
7E:68:26:72:33:67,None,2026-08-20 18:25:48.756401
79:1F:8F:A8:C2:33,None,2026-08-20 18:25:56.753695
CE:59:02:BC:2F:2D,None,2026-08-20 18:26:02.419965
7F:7A:D1:93:B1:8E,None,2026-08-20 18:28:02.468367
40:0F:65:46:46:9A,None,2026-08-20 18:28:05.908386
CE:CF:BB:9C:A1:2A,None,2026-08-20 18:28:06.916257
D0:69:BB:48:D2:52,None,2026-08-20 18:28:08.164059
40:C4:7D:48:12:34,None,2026-08-20 18:28:26.668280
58:D4:B9:27:84:16,None,2026-08-20 18:28:26.850350
55:2C:EA:38:77:EC,None,2026-08-20 18:29:24.412222
61:2C:49:62:F3:29,None,2026-08-20 18:29:24.479031
67:F5:ED:8E:E9:C6,None,2026-08-20 18:29:24.864713
E9:C6:C4:20:73:04,None,2026-08-20 18:30:00.233745
CE:9D:24:F3:57:E6,None,2026-08-20 18:30:02.181348
DD:FE:88:5A:F7:3C,None,2026-08-20 18:30:08.617619
CF:0B:E4:6D:59:E7,None,2026-08-20 18:30:08.770107
D1:30:19:6E:B2:9D,None,2026-08-20 18:30:37.113082
DF:12:33:04:98:0C,None,2026-08-20 18:30:38.142140
5A:DD:80:5D:7B:65,None,2026-08-20 18:30:58.467159
ED:97:AB:04:F3:DD,None,2026-08-20 18:30:59.153632
74:36:E4:1E:BB:9F,None,2026-08-20 18:31:03.589242
DF:C5:3C:03:77:2A,None,2026-08-20 18:31:04.948974
43:F7:30:54:54:9A,None,2026-08-20 18:31:25.036674
C7:4E:84:D2:3C:6C,None,2026-08-20 18:31:25.038755
DE:C4:31:DC:2F:6B,None,2026-08-20 18:31:25.770200
55:8A:F3:FF:0E:7C,None,2026-08-20 18:32:27.446479
4C:6B:0D:03:78:30,None,2026-08-20 18:32:40.053897
54:A0:21:F7:48:40,None,2026-08-20 18:32:41.595742
49:79:81:3A:C3:47,None,2026-08-20 18:33:15.282723
5D:21:E1:92:04:6B,None,2026-08-20 18:35:15.381061
5D:15:02:F1:3E:65,None,2026-08-20 18:36:36.556468
45:E3:7E:5E:61:1D,None,2026-08-20 18:36:56.377777
4B:B6:44:73:8C:13,None,2026-08-20 18:41:22.347430
48:7F:0A:84:27:E3,None,2026-08-20 18:41:28.381656
D9:51:4D:F8:07:AE,None,2026-08-20 18:41:46.153811
6C:01:E0:12:D3:06,None,2026-08-20 18:44:41.301910
D5:54:BC:5C:09:D3,None,2026-08-20 18:45:00.290524
E4:F6:DD:EF:0F:EE,None,2026-08-20 18:45:02.561842
DF:75:3D:81:FE:29,None,2026-08-20 18:45:06.693125
D9:05:3F:EB:CF:33,None,2026-08-20 18:45:34.221599
F4:FF:91:17:61:CE,None,2026-08-20 18:45:36.133570
F1:62:A8:6A:9B:DA,None,2026-08-20 18:45:48.613676
62:51:2A:FA:B5:68,None,2026-08-20 18:45:48.650716
61:CE:CB:5F:06:F7,None,2026-08-20 18:45:52.173942
EF:C1:F2:40:92:86,None,2026-08-20 18:46:11.463723
60:6A:7A:D1:8F:2B,None,2026-08-20 18:47:27.434653
6A:F0:56:28:CB:5A,None,2026-08-20 18:48:03.167939
7A:6B:1A:52:44:C9,None,2026-08-20 18:48:17.880097
73:9B:FA:B0:43:3B,None,2026-08-20 18:49:41.414317
B0:38:E2:44:79:D0,None,2026-08-20 18:50:08.892722
41:FB:5E:3E:3A:77,None,2026-08-20 18:50:37.826712
76:86:11:45:A5:24,None,2026-08-20 18:50:51.637691
60:03:05:2E:D0:7E,None,2026-08-20 18:51:06.224363
75:C3:C3:34:65:FB,None,2026-08-20 18:51:06.504146
74:92:4A:8C:25:12,None,2026-08-20 18:51:08.767055
C7:21:C9:06:CE:F4,None,2026-08-20 18:51:16.284092
DF:16:83:90:B0:84,None,2026-08-20 18:52:04.958694
63:8B:2E:96:56:06,None,2026-08-20 18:56:29.305646
54:06:F9:88:BB:04,None,2026-08-20 18:57:39.135811
C8:B9:D0:CE:A3:47,None,2026-08-20 18:59:33.046613
D7:81:0E:AE:76:36,None,2026-08-20 19:00:00.330949
FD:CA:C1:44:C5:88,None,2026-08-20 19:00:00.573177
E8:04:B1:41:15:4F,None,2026-08-20 19:00:08.099526
D4:C3:90:6E:27:38,None,2026-08-20 19:00:08.561289
DE:1B:FE:6C:2F:11,None,2026-08-20 19:00:08.985097
CC:8B:BB:6F:C8:4F,None,2026-08-20 19:00:52.220548
6C:CD:AD:8C:3B:00,None,2026-08-20 19:01:04.245591
4C:72:F9:B8:3C:84,None,2026-08-20 19:01:04.353292
6A:49:76:38:2D:DE,None,2026-08-20 19:01:04.503846
48:AC:49:97:CC:73,None,2026-08-20 19:01:13.033923
DD:D7:89:A1:0D:2F,None,2026-08-20 19:01:14.259613
E9:DD:F9:7F:CA:BD,None,2026-08-20 19:01:24.635156
F6:0C:C1:F0:83:42,None,2026-08-20 19:01:32.945948
42:03:0C:5B:78:6F,None,2026-08-20 19:01:35.015224
44:27:E4:D2:54:8C,None,2026-08-20 19:01:35.089922
41:E1:FC:30:E3:B0,None,2026-08-20 19:01:42.745700
6A:58:9D:E4:B1:79,None,2026-08-20 19:02:28.431249
78:86:D0:00:ED:8C,None,2026-08-20 19:02:50.232430
7E:D3:F2:0E:A6:DE,None,2026-08-20 19:03:13.605473
61:BC:16:03:15:B7,None,2026-08-20 19:05:02.662099
60:AC:29:74:E3:07,None,2026-08-20 19:05:25.388016
7D:2B:3E:E2:44:66,None,2026-08-20 19:06:26.915466
53:98:7A:41:60:2C,None,2026-08-20 19:06:34.561602
48:8C:4A:67:12:01,None,2026-08-20 19:06:49.953814
70:7E:16:60:F6:68,None,2026-08-20 19:07:03.135991
68:9C:92:D8:12:61,None,2026-08-20 19:07:03.282149
79:FE:B2:A1:EC:22,None,2026-08-20 19:07:18.810406
5B:FA:BE:A3:6C:AF,None,2026-08-20 19:07:23.166712
C3:88:82:99:A9:49,Garuda,2026-08-20 19:07:44.262171
6B:CD:24:A4:95:80,None,2026-08-20 19:07:53.257182
DA:C4:80:18:96:73,None,2026-08-20 19:07:59.923059
45:A2:45:BB:00:5E,None,2026-08-20 19:08:01.912794
7D:6D:E5:7C:EC:C3,None,2026-08-20 19:10:05.704027
50:1B:15:CB:59:0E,4,2026-08-20 19:11:01.561502
41:1B:B4:8A:7E:15,None,2026-08-20 19:11:46.819027
56:48:72:64:3C:C9,None,2026-08-20 19:11:46.829029
44:61:E8:A1:51:F5,None,2026-08-20 19:11:52.549683
CE:01:BD:C8:38:FF,None,2026-08-20 19:11:54.156313
79:4C:E8:54:21:E9,LE_WF-C500,2026-08-20 19:11:59.754432
E4:E1:5D:5C:03:39,None,2026-08-20 19:13:47.650600
54:DE:80:D1:A5:76,None,2026-08-20 19:13:59.369793
69:A2:5A:69:6C:06,None,2026-08-20 19:14:42.135221
41:96:81:FE:E8:15,None,2026-08-20 19:14:42.240322
EB:16:E2:E8:2F:18,None,2026-08-20 19:15:02.247891
F2:6E:EC:5F:0A:AD,None,2026-08-20 19:15:02.558005
FC:CE:92:CA:0B:51,None,2026-08-20 19:15:07.933693
CF:CC:81:AF:95:C7,None,2026-08-20 19:15:10.070100
C5:6C:8D:39:43:5B,None,2026-08-20 19:15:24.208716
D2:4F:C3:15:58:BF,None,2026-08-20 19:15:30.753733
EB:D4:B9:EE:A8:D9,None,2026-08-20 19:15:51.909719
72:86:B3:C3:A2:D2,None,2026-08-20 19:16:18.756138
57:8B:50:9D:06:39,None,2026-08-20 19:16:21.886123
C6:D6:C4:FF:47:67,None,2026-08-20 19:16:22.021565
E3:36:42:D7:7B:7C,None,2026-08-20 19:17:18.905752
4F:61:6A:B2:AF:8D,None,2026-08-20 19:17:28.610032
56:1C:E1:D1:1C:22,None,2026-08-20 19:17:39.091890
57:0F:EC:4D:FB:19,None,2026-08-20 19:18:14.163218
61:11:2E:54:CE:9A,None,2026-08-20 19:18:17.782647
61:23:08:67:C7:32,None,2026-08-20 19:18:17.806405
41:82:E7:96:E8:E0,None,2026-08-20 19:18:56.989684
F4:59:90:FF:44:77,None,2026-08-20 19:19:24.362053
63:CE:96:D0:A2:1B,None,2026-08-20 19:20:18.206728
46:BA:20:66:9E:40,None,2026-08-20 19:20:18.295592
6D:7E:DF:89:BD:14,None,2026-08-20 19:20:21.846084
D7:FF:C9:FD:7D:98,None,2026-08-20 19:20:25.733457
6F:DF:8C:C1:5F:A0,None,2026-08-20 19:21:45.830991
6C:75:44:17:D4:B8,None,2026-08-20 19:21:45.927442
46:6D:F3:8F:6C:BF,None,2026-08-20 19:21:46.188214
41:76:DE:6C:87:43,None,2026-08-20 19:21:48.786214
51:39:2B:48:E9:55,None,2026-08-20 19:22:53.521110
41:1C:19:05:FA:5A,None,2026-08-20 19:22:56.871891
F3:5C:C2:13:C5:5E,None,2026-08-20 19:27:07.785013
C5:D1:08:4E:D2:CD,None,2026-08-20 19:27:13.778226
49:D6:43:2E:4B:23,None,2026-08-20 19:27:20.289485
54:37:57:2B:14:88,None,2026-08-20 19:27:20.361020
53:DD:4B:77:98:9E,None,2026-08-20 19:27:26.606731
57:DA:F1:3B:69:88,None,2026-08-20 19:29:07.462518
CE:32:5D:0C:D4:0F,None,2026-08-20 19:30:02.229173
DF:A5:5E:10:76:3A,None,2026-08-20 19:30:12.052926
F9:40:B6:A6:13:15,None,2026-08-20 19:30:12.086649
C0:3B:21:96:45:F0,None,2026-08-20 19:30:18.580377
EB:36:3E:5C:F1:E7,None,2026-08-20 19:30:37.089921
F3:F8:D0:D6:8E:AA,None,2026-08-20 19:31:41.915780
F9:E0:66:B8:F9:87,None,2026-08-20 19:32:23.779429
68:C5:69:F4:B6:8F,None,2026-08-20 19:32:30.742093
79:4D:66:5D:CA:3B,None,2026-08-20 19:32:36.236179
D6:98:DB:64:96:7D,None,2026-08-20 19:32:36.253508
7A:4F:86:A2:12:FA,None,2026-08-20 19:33:14.324461
5C:F3:77:83:0C:22,None,2026-08-20 19:33:14.499535
F1:C0:CA:E4:8D:45,None,2026-08-20 19:33:35.495081
7F:28:B8:66:F9:5B,None,2026-08-20 19:34:03.686631
5E:E2:3B:7C:97:CC,None,2026-08-20 19:37:15.476270
70:B1:D2:D1:C8:34,None,2026-08-20 19:37:18.294856
6B:94:E3:CA:AE:62,None,2026-08-20 19:37:18.342300
FA:4B:8B:75:DD:10,None,2026-08-20 19:37:27.504182
52:40:CC:27:D7:8F,None,2026-08-20 19:38:39.733956
CA:35:FB:64:63:AC,None,2026-08-20 19:38:39.755361
58:2C:D0:6E:CE:33,None,2026-08-20 19:39:52.938482
55:6F:78:C9:EB:97,None,2026-08-20 19:39:55.286977
7F:E4:04:C4:1E:66,None,2026-08-20 19:39:56.653871
DC:42:51:53:79:B5,None,2026-08-20 19:40:37.599041
44:BB:A5:D8:67:A4,None,2026-08-20 19:41:20.924232
43:FF:93:4B:6C:19,None,2026-08-20 19:41:21.593343
4A:08:5E:F7:91:AA,None,2026-08-20 19:41:24.100964
D6:C6:92:C4:6C:B7,None,2026-08-20 19:41:24.910811
C9:51:4A:69:23:99,None,2026-08-20 19:41:25.305661
EB:5C:32:0D:2B:0B,None,2026-08-20 19:41:25.603090
E9:87:10:3D:CA:EA,None,2026-08-20 19:41:25.713455
C8:D6:D9:A7:91:B3,None,2026-08-20 19:41:40.975007
08:1C:61:DF:5A:48,None,2026-08-20 19:41:49.414444
70:67:B6:D7:83:9A,None,2026-08-20 19:42:49.243780
53:37:31:D8:3D:42,None,2026-08-20 19:43:05.841761
47:33:65:2A:12:B2,None,2026-08-20 19:43:59.038365
68:B1:D6:2E:98:4A,None,2026-08-20 19:44:36.099391
E3:FE:E0:F7:6A:79,None,2026-08-20 19:45:00.025856
C8:66:3C:9A:72:20,None,2026-08-20 19:45:02.605289
F3:F1:CF:90:4D:3D,None,2026-08-20 19:45:02.640842
F7:09:17:8D:C4:B7,None,2026-08-20 19:45:03.707187
FC:15:C6:C6:35:3C,None,2026-08-20 19:45:04.392943
E8:30:D9:5A:E5:09,None,2026-08-20 19:45:04.864329
EE:BD:7F:14:D3:6C,None,2026-08-20 19:45:14.126593
DF:AA:0E:41:15:8F,None,2026-08-20 19:45:18.079964
EB:15:EC:2D:DD:81,None,2026-08-20 19:45:26.622283
EB:40:26:18:6F:28,None,2026-08-20 19:45:31.140474
FA:DB:50:81:9C:CB,None,2026-08-20 19:45:54.879922
D2:65:F2:73:0D:49,None,2026-08-20 19:46:00.199517
6B:97:C4:7D:3D:A6,None,2026-08-20 19:46:27.679635
EE:5E:C8:62:97:07,None,2026-08-20 19:47:06.717972
64:98:A5:48:9F:BC,None,2026-08-20 19:47:30.467406
C9:E6:2C:41:DE:37,None,2026-08-20 19:47:32.882184
6E:BD:17:6D:F9:9C,None,2026-08-20 19:47:33.691038
56:40:83:9E:94:A5,None,2026-08-20 19:48:21.550159
7A:4F:57:68:78:41,None,2026-08-20 19:48:41.392036
C3:43:5F:07:04:AF,None,2026-08-20 19:49:04.443902
67:77:F8:D7:8B:76,None,2026-08-20 19:49:27.178246
76:1D:85:CB:AD:72,None,2026-08-20 19:50:14.653795
62:66:E5:36:1E:72,None,2026-08-20 19:50:28.127328
EA:ED:3D:09:B7:61,None,2026-08-20 19:51:19.658662
59:25:7D:53:8B:B4,None,2026-08-20 19:51:41.107716
5A:D4:24:90:24:F2,None,2026-08-20 19:51:46.886244
54:27:A3:1B:35:CF,None,2026-08-20 19:51:52.904165
7F:0E:D6:E1:0B:51,None,2026-08-20 19:52:25.875519
62:02:62:54:2F:50,None,2026-08-20 19:52:55.550319
6F:78:B0:73:72:F0,None,2026-08-20 19:53:03.636022
6D:A5:4F:28:59:B0,None,2026-08-20 19:54:02.170212
FD:26:A5:89:B1:91,None,2026-08-20 19:54:41.385768
33:D2:E2:27:E2:D3,None,2026-08-20 19:55:19.671362
73:0D:24:3F:15:93,None,2026-08-20 19:58:01.733253
5B:9F:5B:81:11:79,None,2026-08-20 19:59:42.742149
5C:0D:1C:A9:B4:11,None,2026-08-20 20:00:00.452166
7F:B7:13:CB:41:0C,None,2026-08-20 20:00:00.470398
C1:30:EF:B3:E9:22,None,2026-08-20 20:00:00.496978
DB:97:09:3D:0D:5F,None,2026-08-20 20:00:03.866579
EA:DD:B2:6B:61:87,None,2026-08-20 20:00:05.811182
D4:91:18:99:93:70,None,2026-08-20 20:00:10.922445
E2:A5:9D:39:C8:88,None,2026-08-20 20:00:19.058309
DF:0F:A7:9F:49:AC,None,2026-08-20 20:00:22.194675
55:51:5E:B4:C6:B5,None,2026-08-20 20:01:18.050364
45:B9:F2:F4:10:34,None,2026-08-20 20:01:25.053256
7A:B2:80:C1:AD:FF,None,2026-08-20 20:01:25.422172
E5:06:C4:EF:50:D4,None,2026-08-20 20:01:28.462608
5C:78:7F:60:9C:D0,None,2026-08-20 20:02:14.723934
D6:BE:77:09:40:85,None,2026-08-20 20:02:27.052288
4E:1E:48:DC:28:E1,None,2026-08-20 20:02:27.377703
53:D6:EA:22:B7:F6,None,2026-08-20 20:02:38.895847
FB:04:57:95:3A:E8,None,2026-08-20 20:02:46.318797
F4:91:71:75:61:2B,None,2026-08-20 20:02:48.513956
F1:46:7B:6D:74:4E,None,2026-08-20 20:02:55.750284
7A:46:98:FD:25:D1,None,2026-08-20 20:03:15.489917
5B:B3:36:90:99:5B,None,2026-08-20 20:03:32.070390
42:6D:FD:8D:60:47,None,2026-08-20 20:04:30.941563
59:A9:38:DB:54:0F,None,2026-08-20 20:04:41.710029
54:E5:EC:3C:55:98,None,2026-08-20 20:04:42.517149
44:CF:13:F1:AE:A1,None,2026-08-20 20:04:59.849748
6C:80:1F:24:7F:36,None,2026-08-20 20:05:00.854985
6F:A4:EC:5D:2C:66,None,2026-08-20 20:05:02.831020
62:2A:61:28:0B:E9,None,2026-08-20 20:05:03.103400
FB:29:4F:8E:C4:9F,None,2026-08-20 20:06:03.271777
53:38:53:76:8B:BD,None,2026-08-20 20:06:04.373955
CA:3C:95:32:8E:15,None,2026-08-20 20:06:45.486191
11:86:B7:E2:19:50,None,2026-08-20 20:06:56.129106
58:01:50:E7:26:C6,None,2026-08-20 20:07:34.337662
7A:0B:6B:22:07:36,None,2026-08-20 20:08:17.337427
49:17:2D:EB:35:95,None,2026-08-20 20:08:33.703218
7D:70:26:84:DC:92,None,2026-08-20 20:10:47.578912
5F:EB:27:49:C8:EA,None,2026-08-20 20:10:51.614806
4E:05:3B:88:C3:E5,None,2026-08-20 20:10:53.306419
7F:6C:80:A7:83:22,None,2026-08-20 20:11:01.530266
75:E0:A9:2D:E4:B7,None,2026-08-20 20:12:18.209754
6F:48:19:60:B9:22,None,2026-08-20 20:12:53.161626
F8:FB:90:D3:E7:96,None,2026-08-20 20:13:26.273438
C4:F4:8E:3A:BF:7B,None,2026-08-20 20:14:58.214583
C3:25:E5:C6:1D:D1,None,2026-08-20 20:15:00.391636
EF:CF:7C:F4:F5:2E,None,2026-08-20 20:15:05.050085
F2:83:B9:96:CB:E1,None,2026-08-20 20:15:07.723139
CE:7D:2B:29:3A:1D,None,2026-08-20 20:15:13.723248
F5:A2:24:EB:14:90,None,2026-08-20 20:15:36.018766
DB:94:3A:26:A2:8C,None,2026-08-20 20:15:42.325866
E5:B0:32:CE:91:1D,None,2026-08-20 20:16:22.911261
F4:26:F5:22:DF:84,None,2026-08-20 20:16:26.388337
D8:45:75:86:E5:F8,None,2026-08-20 20:16:32.698661
58:95:3E:3B:5E:B4,None,2026-08-20 20:17:01.375148
64:DE:B3:FF:63:70,None,2026-08-20 20:17:20.431737
69:E6:59:C0:73:34,None,2026-08-20 20:17:27.972385
3D:06:7B:12:88:38,None,2026-08-20 20:17:46.338075
79:10:B4:21:A7:D2,None,2026-08-20 20:17:56.423456
42:98:26:F2:BB:97,None,2026-08-20 20:18:00.471214
4F:1F:17:7E:0B:0A,None,2026-08-20 20:18:08.552439
79:D2:5B:3A:60:CD,None,2026-08-20 20:18:16.059416
DE:DA:1A:A5:E6:B6,None,2026-08-20 20:18:37.573049
6B:62:91:45:3C:89,None,2026-08-20 20:18:57.046932
C9:08:D3:61:BD:58,None,2026-08-20 20:18:57.106178
4C:7D:2A:A7:CF:7A,None,2026-08-20 20:18:58.266852
D4:DA:08:2A:59:6D,None,2026-08-20 20:18:58.847210
CF:11:D2:DF:15:F2,None,2026-08-20 20:19:04.634910
C4:E0:EB:FD:57:D6,None,2026-08-20 20:19:12.686763
74:C9:6D:39:0A:16,None,2026-08-20 20:19:49.783441
6B:FE:A5:B5:11:AE,None,2026-08-20 20:20:01.519839
6A:0D:77:2D:4B:C6,None,2026-08-20 20:20:14.559980
70:AC:DF:2C:40:74,None,2026-08-20 20:20:17.962965
71:10:D2:FB:6C:07,None,2026-08-20 20:20:31.469897
57:B1:AE:AC:D9:A2,None,2026-08-20 20:20:31.491354
60:62:E7:9F:7E:BC,None,2026-08-20 20:20:51.700654
69:1D:61:C4:4A:25,None,2026-08-20 20:20:56.992207
0C:4A:4F:C4:17:6B,None,2026-08-20 20:20:56.996397
F6:4E:AF:71:27:7A,None,2026-08-20 20:21:05.519381
22:10:B9:3D:E7:49,None,2026-08-20 20:21:59.905339
3D:65:72:2D:5D:D0,None,2026-08-20 20:22:01.414518
46:B8:10:30:FD:7F,None,2026-08-20 20:22:45.406006
03:2E:45:B9:E9:28,None,2026-08-20 20:23:11.747898
4B:3D:56:39:7A:5E,None,2026-08-20 20:23:24.955964
41:AD:4E:84:BB:31,None,2026-08-20 20:23:57.125813
45:22:A6:58:BA:F6,None,2026-08-20 20:23:59.481503
71:2C:C3:B0:D2:47,None,2026-08-20 20:24:10.937362
45:27:F7:21:29:5F,None,2026-08-20 20:24:57.764363
7D:32:56:0D:F7:73,None,2026-08-20 20:25:33.954548
74:38:6C:CD:3E:E0,None,2026-08-20 20:25:47.580234
D0:2D:5B:27:77:19,None,2026-08-20 20:25:54.115887
51:2D:E4:07:81:0C,None,2026-08-20 20:27:10.519708
F1:9D:5C:43:D6:A0,None,2026-08-20 20:27:35.626333
7A:B8:38:E7:27:75,None,2026-08-20 20:28:49.267759
D1:D4:90:B8:08:29,None,2026-08-20 20:30:00.029280
C2:A1:93:8B:0A:0E,None,2026-08-20 20:30:00.331746
46:37:C0:EB:3C:2A,None,2026-08-20 20:30:00.795466
F5:59:7A:F3:5A:2F,None,2026-08-20 20:30:00.902481
F1:F8:53:E0:94:7C,None,2026-08-20 20:30:01.942542
E0:5D:CB:E9:3B:26,None,2026-08-20 20:30:02.029581
D5:E3:CC:90:93:40,None,2026-08-20 20:30:02.061043
F2:6A:49:8B:E5:DF,None,2026-08-20 20:30:37.127462
6A:B9:AA:55:7C:36,None,2026-08-20 20:30:54.951146
D3:8E:67:74:0F:D7,None,2026-08-20 20:30:59.867974
47:4E:D4:BD:B6:9D,None,2026-08-20 20:31:11.624393
C1:57:0B:3A:27:46,None,2026-08-20 20:31:33.331702
49:79:C0:7E:33:9D,None,2026-08-20 20:31:34.201342
6B:B8:98:7D:80:69,None,2026-08-20 20:32:14.677525
5F:D8:73:57:B5:78,None,2026-08-20 20:32:30.325478
6F:36:36:0E:8D:41,None,2026-08-20 20:32:44.572498
74:A4:F9:E5:45:4F,None,2026-08-20 20:33:52.262839
D5:C7:0F:BD:BB:55,None,2026-08-20 20:33:52.293145
60:10:90:16:3C:3C,None,2026-08-20 20:34:55.413337
4F:99:D7:05:28:97,None,2026-08-20 20:35:30.491824
64:D8:78:E0:BA:1F,None,2026-08-20 20:36:22.700523
73:7A:9A:39:D0:E6,None,2026-08-20 20:37:15.114890
E5:F2:2E:BD:0B:24,None,2026-08-20 20:37:40.327612
50:E6:19:C5:B2:AB,4,2026-08-20 20:40:50.476464
63:B8:F2:16:29:6C,None,2026-08-20 20:40:54.386230
F8:D2:33:59:AC:FD,None,2026-08-20 20:41:09.511002
C3:7F:9C:9E:2C:5C,None,2026-08-20 20:41:16.730571
7B:EB:31:67:B4:07,None,2026-08-20 20:41:17.446258
61:BA:B0:D4:FD:D0,None,2026-08-20 20:41:22.088908
E0:10:A4:A0:27:62,None,2026-08-20 20:41:23.703378
56:A4:1B:B5:CF:F4,None,2026-08-20 20:43:49.892180
55:E0:57:71:28:0D,None,2026-08-20 20:43:56.937122
CA:9D:7D:53:FD:04,None,2026-08-20 20:44:26.190992
F8:47:FB:8D:2F:C4,None,2026-08-20 20:44:57.217413
E8:B8:AA:4F:94:6C,None,2026-08-20 20:45:00.019695
DB:CA:B4:5E:03:7D,None,2026-08-20 20:45:00.083041
C4:09:07:5E:98:90,None,2026-08-20 20:45:00.909037
E0:4D:58:89:E1:2D,None,2026-08-20 20:45:02.033556
E0:6A:3F:07:EA:84,None,2026-08-20 20:45:02.326160
F6:72:68:49:AF:B7,None,2026-08-20 20:45:02.328511
CE:09:AF:8A:2F:0C,None,2026-08-20 20:45:17.011877
D0:C7:04:C6:6F:AF,None,2026-08-20 20:45:36.475994
79:28:FB:CF:7B:C9,None,2026-08-20 20:46:17.466559
EA:0C:17:77:BC:74,None,2026-08-20 20:46:38.646989
53:32:B3:4C:AF:84,None,2026-08-20 20:46:56.842251
6C:E5:6A:6E:24:54,None,2026-08-20 20:47:04.132505
6F:58:7B:EA:FE:4A,None,2026-08-20 20:47:06.692679
60:EB:9C:48:E5:DF,None,2026-08-20 20:47:07.366796
C2:5A:8B:DD:0F:16,None,2026-08-20 20:47:08.213280
42:3F:A6:37:7B:86,None,2026-08-20 20:47:10.665732
50:80:F0:71:C0:89,None,2026-08-20 20:47:27.874423
77:D5:14:22:68:5A,None,2026-08-20 20:47:34.761597
6B:96:80:B8:C0:48,None,2026-08-20 20:47:57.029731
73:B4:C6:34:64:EE,None,2026-08-20 20:48:11.640472
76:3D:92:2F:D3:12,None,2026-08-20 20:48:11.935804
32:10:54:9D:F4:27,None,2026-08-20 20:48:12.414769
ED:F7:AE:69:8A:6F,None,2026-08-20 20:48:18.884733
ED:16:E1:43:BE:6E,None,2026-08-20 20:48:19.563692
4A:01:57:D8:D2:FD,None,2026-08-20 20:49:06.565382
4C:FF:8F:47:4C:82,None,2026-08-20 20:49:16.549824
50:FE:7C:78:9A:4A,None,2026-08-20 20:49:37.042762
5A:22:32:FF:40:7D,None,2026-08-20 20:51:06.763097
73:FA:F8:F6:CA:5B,None,2026-08-20 20:51:41.319652
76:8C:56:80:48:34,None,2026-08-20 20:51:57.036924
7F:A5:E0:FD:A7:34,None,2026-08-20 20:52:38.496390
53:CF:AF:0F:96:83,None,2026-08-20 20:52:52.191521
4B:BF:27:C3:5D:75,None,2026-08-20 20:53:27.015682
7B:2C:CB:58:29:BD,None,2026-08-20 20:53:55.876562
4D:05:D8:34:3F:7A,None,2026-08-20 20:55:50.494055
5A:53:AD:A4:2A:06,None,2026-08-20 20:56:11.932003
4F:EF:3B:B6:B8:24,None,2026-08-20 20:58:19.061532
41:DB:CA:D8:D5:51,None,2026-08-20 20:58:26.731989
4D:D0:93:B5:79:A1,None,2026-08-20 20:58:38.539665
60:9E:04:D9:6C:E6,None,2026-08-20 20:59:29.650807
59:54:06:60:3E:91,None,2026-08-20 20:59:35.731529
4C:D2:DD:06:7E:F6,None,2026-08-20 20:59:41.701172
FB:36:4D:13:B2:97,None,2026-08-20 21:00:02.018678
DC:AA:1F:AF:AC:F4,None,2026-08-20 21:00:02.026770
FF:C6:37:25:19:BC,None,2026-08-20 21:00:02.049074
C4:A7:1B:48:90:F9,None,2026-08-20 21:00:02.080046
D9:9A:75:22:B2:5F,None,2026-08-20 21:00:02.307530
C3:D9:20:2E:CB:53,None,2026-08-20 21:00:04.300281
55:B8:F9:82:63:7A,None,2026-08-20 21:00:07.989407
D3:CF:B3:A3:C9:84,None,2026-08-20 21:00:16.831552
F5:85:FE:11:37:8C,None,2026-08-20 21:00:36.750052
DE:42:54:9A:95:10,None,2026-08-20 21:01:49.985803
D6:B5:1C:83:88:BF,None,2026-08-20 21:01:56.642901
64:7A:E3:72:D0:A9,None,2026-08-20 21:02:15.306398
6C:4B:69:72:52:90,None,2026-08-20 21:02:17.464048
CB:26:75:A7:1C:67,None,2026-08-20 21:02:25.021855
EA:5E:34:07:5C:A4,None,2026-08-20 21:02:26.188074
5C:B5:C5:62:9C:EA,None,2026-08-20 21:02:29.176331
4D:B2:B0:77:CD:65,None,2026-08-20 21:02:39.404541
E4:AB:8C:A1:8C:4E,None,2026-08-20 21:02:52.733837
76:25:C8:DD:85:4D,None,2026-08-20 21:03:03.871228
F1:96:1C:8B:91:B2,None,2026-08-20 21:03:05.337167
7C:19:DE:73:AC:03,None,2026-08-20 21:05:14.500399
7E:CC:18:7D:01:18,None,2026-08-20 21:10:09.580769
CD:35:E2:49:B3:4F,None,2026-08-20 21:12:21.190415
43:0D:07:7A:10:6D,None,2026-08-20 21:12:48.661544
40:EE:6E:5D:BF:58,None,2026-08-20 21:13:11.737311
67:16:2C:BC:50:83,None,2026-08-20 21:14:30.315618
F3:7E:39:4C:E1:01,None,2026-08-20 21:14:57.452189
E9:10:6B:12:5C:B0,None,2026-08-20 21:15:02.020088
F8:7B:09:D6:BF:49,None,2026-08-20 21:15:02.508309
D2:B1:14:2F:61:2B,None,2026-08-20 21:15:02.553464
DF:C6:8A:D6:DB:44,None,2026-08-20 21:15:04.021236
D8:B0:61:BF:32:1E,None,2026-08-20 21:15:04.036166
F0:EE:22:D3:7E:80,None,2026-08-20 21:15:05.213996
F1:1F:97:44:1E:C4,None,2026-08-20 21:15:13.019531
F0:7F:73:EE:21:E6,None,2026-08-20 21:15:16.149764
7C:89:71:55:F5:38,None,2026-08-20 21:15:51.002182
50:5D:EF:B4:D3:2C,None,2026-08-20 21:16:14.444598
47:39:44:C2:4E:92,None,2026-08-20 21:16:19.577969
E9:B1:E0:04:EC:F5,None,2026-08-20 21:16:27.218729
44:71:62:82:43:E2,None,2026-08-20 21:16:33.424058
CE:A4:E6:A6:8C:12,None,2026-08-20 21:17:04.047644
5E:66:18:5F:FB:7E,None,2026-08-20 21:17:10.414336
E3:80:F6:DB:5C:54,None,2026-08-20 21:17:12.619281
64:13:B6:D5:43:58,None,2026-08-20 21:17:12.939449
4D:CC:BE:02:65:03,None,2026-08-20 21:17:26.908397
77:C6:79:09:A7:A5,None,2026-08-20 21:17:30.274153
53:D6:5C:48:DB:87,None,2026-08-20 21:17:40.665997
7C:12:D4:35:87:4A,None,2026-08-20 21:18:01.533578
44:A2:E5:0A:BB:A3,None,2026-08-20 21:19:10.318642
61:29:58:2E:61:F8,None,2026-08-20 21:20:48.838517
E5:97:48:28:9A:7A,None,2026-08-20 21:21:04.275865
51:08:05:6D:27:18,None,2026-08-20 21:24:07.512232
65:75:7B:33:2A:EB,None,2026-08-20 21:24:07.539046
7B:D9:C7:BB:25:7D,None,2026-08-20 21:24:07.542391
59:FB:F2:1F:9C:19,None,2026-08-20 21:24:12.936130
53:4D:B6:CE:32:EE,None,2026-08-20 21:24:18.332913
4E:2E:B0:45:76:84,None,2026-08-20 21:28:34.518010
5C:DA:BB:D1:FD:9B,None,2026-08-20 21:29:43.057876
44:13:D8:E7:27:FA,None,2026-08-20 21:29:43.556167
DC:E0:63:49:85:8C,None,2026-08-20 21:30:00.017548
F3:2E:7D:27:B9:60,None,2026-08-20 21:30:00.134463
FA:A4:F7:C7:F7:41,None,2026-08-20 21:30:03.397662
FE:3A:DB:70:85:EA,None,2026-08-20 21:30:03.503560
D9:84:E6:C8:0D:24,None,2026-08-20 21:30:04.464960
CD:8E:74:F8:80:28,None,2026-08-20 21:30:12.094167
DC:B8:19:02:2F:5C,None,2026-08-20 21:30:25.671528
FD:9F:AC:4E:82:A9,None,2026-08-20 21:30:26.782588
63:37:D6:DE:00:F2,None,2026-08-20 21:31:59.464323
56:0C:86:91:DF:3B,None,2026-08-20 21:32:07.130270
7D:4B:B2:E9:D5:85,None,2026-08-20 21:32:27.518513
56:47:F7:9C:65:E8,None,2026-08-20 21:32:54.238673
DB:AD:38:C2:D4:EC,None,2026-08-20 21:33:07.725082
6D:FC:CF:C7:23:CB,None,2026-08-20 21:33:50.561920
67:12:C7:FF:F8:40,None,2026-08-20 21:34:12.258801
6A:C2:75:07:48:9F,None,2026-08-20 21:35:21.363140
7A:47:DA:DB:F2:9D,4,2026-08-20 21:35:36.197511
CF:89:10:43:B5:42,None,2026-08-20 21:35:47.798998
59:DB:DE:31:E4:E8,None,2026-08-20 21:35:54.565827
5B:BB:AD:D3:90:CC,None,2026-08-20 21:37:05.334001
73:C2:2F:0A:5F:BA,None,2026-08-20 21:37:12.048209
56:1E:00:0F:37:47,None,2026-08-20 21:37:16.452069
EF:74:C1:A3:AC:38,None,2026-08-20 21:37:16.476929
FC:36:C8:EC:4B:5F,None,2026-08-20 21:37:27.390883
63:E4:D6:76:9E:F0,None,2026-08-20 21:38:15.265718
DC:95:3D:9E:96:8F,None,2026-08-20 21:38:19.255142
5C:C4:A2:48:05:79,None,2026-08-20 21:39:13.939735
58:33:28:FE:17:F7,None,2026-08-20 21:39:42.400064
45:21:57:0E:7B:0A,None,2026-08-20 21:39:53.914654
78:3B:C6:41:27:07,None,2026-08-20 21:40:29.492053
52:A2:0B:AE:A7:2D,None,2026-08-20 21:40:53.382437
5E:DB:90:C7:17:42,4,2026-08-20 21:44:35.914025
4F:3E:50:C9:BF:CD,None,2026-08-20 21:44:57.440214
E6:3C:37:CC:DB:6C,None,2026-08-20 21:45:00.011362
F4:D1:CC:E7:4B:70,None,2026-08-20 21:45:00.022081
FB:F6:9D:1D:FA:96,None,2026-08-20 21:45:00.205785
E4:3C:33:74:28:2C,None,2026-08-20 21:45:03.966718
D8:7D:C9:E6:ED:21,None,2026-08-20 21:45:04.114200
FA:A2:0A:A8:43:25,None,2026-08-20 21:45:18.059831
EE:88:DB:3D:FB:DE,None,2026-08-20 21:45:21.035345
A4:83:E7:83:E7:06,None,2026-08-20 21:45:33.161950
4D:46:C1:8D:83:27,None,2026-08-20 21:45:40.836950
50:2A:05:9F:BA:6F,None,2026-08-20 21:46:28.135770
D9:B2:13:03:1F:39,None,2026-08-20 21:47:14.586702
4A:F6:A3:31:F9:F4,None,2026-08-20 21:47:18.467035
53:21:D9:69:4C:30,None,2026-08-20 21:47:27.036480
6B:A3:EE:9F:CA:E2,None,2026-08-20 21:47:38.432310
63:F8:00:55:39:39,None,2026-08-20 21:48:18.315912
63:F8:00:66:FC:67,None,2026-08-20 21:48:18.374953
4D:6B:12:22:30:E1,None,2026-08-20 21:48:21.139229
4F:06:87:AD:1F:98,None,2026-08-20 21:48:21.141734
54:D1:00:E7:2F:42,None,2026-08-20 21:48:22.702670
54:D1:00:68:F3:28,None,2026-08-20 21:48:22.874117
57:52:8F:9A:88:96,None,2026-08-20 21:48:25.328340
FF:16:9E:4A:10:CB,None,2026-08-20 21:48:28.849671
DB:56:49:EB:14:52,None,2026-08-20 21:48:52.035201
41:01:68:79:32:6C,None,2026-08-20 21:50:34.485202
4F:32:7F:6F:8B:9A,None,2026-08-20 21:51:49.417319
69:BD:88:79:5E:52,None,2026-08-20 21:51:49.551174
5F:32:9A:B0:E8:EF,None,2026-08-20 21:51:49.632547
55:92:43:B8:20:E5,None,2026-08-20 21:51:52.023410
52:55:3C:C1:A0:B3,None,2026-08-20 21:53:04.136203
46:58:CA:B0:24:F8,None,2026-08-20 21:53:18.496254
67:51:14:B0:07:F1,None,2026-08-20 21:54:02.143398
5A:E4:59:5E:B8:DB,None,2026-08-20 21:54:22.872927
70:16:DD:E2:E7:9E,None,2026-08-20 21:54:28.326818
73:49:92:EF:D9:94,None,2026-08-20 21:55:27.853835
51:52:C2:36:24:6C,None,2026-08-20 21:55:33.333778
7C:BD:25:01:2E:E4,None,2026-08-20 21:56:14.400517
50:47:85:0D:D4:B9,None,2026-08-20 21:56:27.109354
C9:76:83:25:6D:ED,None,2026-08-20 21:56:44.330323
72:24:BE:EF:24:69,None,2026-08-20 21:56:56.409105
46:ED:A4:57:68:C5,None,2026-08-20 21:59:51.379707
F3:36:CE:6F:53:3E,None,2026-08-20 22:00:00.027026
E1:96:67:F2:48:27,None,2026-08-20 22:00:02.024869
E1:49:82:49:A8:8C,None,2026-08-20 22:00:02.036505
F3:D1:00:24:9F:A4,None,2026-08-20 22:00:05.950167
60:22:85:83:8D:74,None,2026-08-20 22:00:08.689765
6A:06:E7:AF:B1:E6,None,2026-08-20 22:00:08.740376
44:36:B3:7C:F0:0E,None,2026-08-20 22:00:08.975499
E4:A6:34:CF:38:ED,Platco PR1,2026-08-20 22:00:09.113606
C2:0A:9B:2D:D5:02,None,2026-08-20 22:00:15.870174
42:29:6E:1D:89:17,None,2026-08-20 22:00:19.381494
EA:3E:ED:BF:78:E8,None,2026-08-20 22:00:19.402341
F5:F9:DF:1C:A2:29,None,2026-08-20 22:00:33.913801
79:96:65:2C:6A:24,None,2026-08-20 22:01:01.284893
EC:38:D7:12:53:EA,None,2026-08-20 22:01:08.450087
EE:D5:7A:B6:8A:42,None,2026-08-20 22:01:30.675201
48:89:93:5B:43:0E,None,2026-08-20 22:01:32.665989
7D:7E:19:71:F6:D1,None,2026-08-20 22:01:32.816452
5B:D6:61:6F:DF:51,None,2026-08-20 22:01:37.543394
DF:F1:14:42:52:3B,None,2026-08-20 22:01:52.644291
68:FE:64:FE:7D:41,None,2026-08-20 22:02:27.419133
54:52:36:1B:51:63,None,2026-08-20 22:02:39.802089
71:6F:6D:FB:33:82,None,2026-08-20 22:02:40.826718
45:67:27:C4:1A:FF,None,2026-08-20 22:03:32.567550
54:28:74:22:F7:DB,None,2026-08-20 22:04:47.803997
55:1D:4B:BA:2B:3F,None,2026-08-20 22:06:32.218281
2B:6E:DE:75:95:A5,None,2026-08-20 22:08:19.847931
51:AF:FB:B4:64:41,None,2026-08-20 22:11:13.340924
79:9E:A8:A4:1F:2C,None,2026-08-20 22:12:11.274246
40:0A:18:E4:5E:01,None,2026-08-20 22:14:12.289883
4C:50:17:FA:9F:54,None,2026-08-20 22:14:34.697181
63:53:2E:30:FD:B1,None,2026-08-20 22:14:44.618574
49:61:A9:48:1D:9E,None,2026-08-20 22:14:44.730681
E2:F3:65:80:C1:37,None,2026-08-20 22:15:00.084639
D6:D5:82:1D:91:58,None,2026-08-20 22:15:00.599968
E6:D9:F7:AC:43:7E,None,2026-08-20 22:15:02.061052
D5:AF:B3:C0:24:BB,None,2026-08-20 22:15:02.595047
DF:4B:30:4C:D8:2B,None,2026-08-20 22:15:08.063844
F6:10:EC:EA:AE:19,None,2026-08-20 22:15:08.247391
C1:AD:6A:A6:8E:72,None,2026-08-20 22:15:14.448182
7A:C6:CE:EC:BC:8F,None,2026-08-20 22:15:28.879461
63:ED:98:AE:C0:19,None,2026-08-20 22:15:29.094620
71:0E:A8:26:27:B8,None,2026-08-20 22:15:29.780863
6D:0B:9D:5B:9C:DE,None,2026-08-20 22:15:34.548151
F0:24:5C:6C:61:A9,None,2026-08-20 22:16:09.368574
60:44:EC:09:74:01,None,2026-08-20 22:16:09.684071
7D:D8:78:70:87:5D,None,2026-08-20 22:16:39.634464
FC:87:82:C8:EB:AC,None,2026-08-20 22:17:20.682331
74:D1:B2:A7:92:9E,None,2026-08-20 22:17:27.147915
6A:D7:46:66:24:2C,None,2026-08-20 22:17:37.897796
78:D6:6C:5B:C6:28,None,2026-08-20 22:18:32.006544
C4:18:FC:5C:28:2F,None,2026-08-20 22:20:16.880185
61:69:93:98:DE:37,None,2026-08-20 22:20:32.450896
F3:22:ED:6C:ED:10,None,2026-08-20 22:21:00.836815
79:7E:A6:1A:7A:31,None,2026-08-20 22:21:12.142938
CB:33:6E:81:22:7E,None,2026-08-20 22:21:15.940718
E6:CB:4C:2F:BC:40,None,2026-08-20 22:21:22.717202
C6:AC:82:44:B5:E0,None,2026-08-20 22:21:26.200137
63:BF:61:B5:F2:A3,None,2026-08-20 22:21:30.579067
67:B1:76:0F:52:41,None,2026-08-20 22:21:40.886645
5C:02:3C:9C:6B:FA,None,2026-08-20 22:22:04.206748
6A:BD:D1:A9:BD:5B,None,2026-08-20 22:22:25.393732
64:0F:7F:0C:F6:01,None,2026-08-20 22:23:05.109766
51:11:28:F2:20:D1,None,2026-08-20 22:23:18.926346
F2:59:C7:BF:6D:FC,None,2026-08-20 22:23:25.625590
69:B1:92:8B:C2:B8,None,2026-08-20 22:24:18.677352
49:69:79:4D:EE:41,None,2026-08-20 22:25:34.364120
43:28:5A:3A:6C:81,None,2026-08-20 22:26:14.525468
78:D7:8E:D6:CA:6F,None,2026-08-20 22:29:08.372861
59:1F:58:F6:94:27,None,2026-08-20 22:29:29.373814
F8:92:9E:62:48:FA,None,2026-08-20 22:30:00.043386
DD:47:5F:19:DF:14,None,2026-08-20 22:30:00.138554
C0:FF:B9:00:42:99,None,2026-08-20 22:30:00.234673
FE:52:22:F5:39:0E,None,2026-08-20 22:30:00.348408
C3:1D:F0:76:46:FE,None,2026-08-20 22:30:03.440238
E9:3C:AA:F8:DF:64,None,2026-08-20 22:30:03.605698
6E:E8:F9:EF:70:FC,None,2026-08-20 22:30:07.982697
60:D3:34:C9:8B:83,None,2026-08-20 22:30:07.999946
F6:59:D5:C6:DE:10,None,2026-08-20 22:30:08.040816
45:CE:F8:DD:23:FB,None,2026-08-20 22:30:10.562750
E5:3F:15:E6:2F:01,None,2026-08-20 22:30:35.516388
78:B0:53:1C:22:95,None,2026-08-20 22:32:29.474857
7F:9A:E5:DC:C1:36,None,2026-08-20 22:32:30.489793
C9:05:FE:E2:D5:DF,None,2026-08-20 22:32:36.843505
77:98:50:95:6C:94,None,2026-08-20 22:32:44.782682
6F:06:C4:69:33:74,None,2026-08-20 22:32:57.144785
D4:E9:67:BD:10:74,None,2026-08-20 22:33:25.419844
52:8E:B0:04:7D:02,None,2026-08-20 22:33:32.205937
EA:45:AA:32:5E:22,None,2026-08-20 22:34:01.533712
52:18:EB:13:B6:27,None,2026-08-20 22:35:38.885005
74:78:40:BD:2F:36,None,2026-08-20 22:35:40.907440
4B:53:39:EF:68:74,None,2026-08-20 22:36:17.552643
69:05:8B:D0:9D:54,None,2026-08-20 22:39:06.124399
66:BD:DC:0D:39:B1,None,2026-08-20 22:39:25.767572
57:93:11:8F:2D:68,None,2026-08-20 22:41:38.570515
75:3C:DA:6D:73:B3,None,2026-08-20 22:41:38.629887
4D:28:8D:09:6D:D3,None,2026-08-20 22:41:41.441108
CB:7D:E2:28:C6:E8,None,2026-08-20 22:41:44.075668
77:F5:5A:B5:F4:51,None,2026-08-20 22:41:58.844071
44:42:38:46:0B:CD,None,2026-08-20 22:42:35.266638
E7:99:C2:87:5B:54,None,2026-08-20 22:43:10.411114
4A:BF:14:E5:E0:2C,None,2026-08-20 22:43:30.186450
48:D0:70:68:8B:68,None,2026-08-20 22:43:37.558809
7C:5D:5D:65:A3:28,None,2026-08-20 22:44:44.422574
CE:03:3F:17:27:77,None,2026-08-20 22:45:02.095037
FD:5A:92:50:5A:D6,None,2026-08-20 22:45:03.289534
F4:60:C4:9E:72:20,None,2026-08-20 22:45:04.035918
D4:83:4E:B4:61:C2,None,2026-08-20 22:45:08.197449
DE:6A:CB:0C:DA:A6,None,2026-08-20 22:45:08.253542
E7:FD:1F:4E:47:1B,None,2026-08-20 22:45:12.045072
F4:54:FB:87:68:5B,None,2026-08-20 22:45:16.073048
FE:B0:09:AC:56:F3,None,2026-08-20 22:45:18.845965
C4:64:00:D3:41:DF,None,2026-08-20 22:45:44.129889
E0:84:7F:06:08:62,None,2026-08-20 22:45:45.499900
45:C5:63:BE:D0:47,None,2026-08-20 22:46:26.658895
D8:24:F4:E1:91:DB,None,2026-08-20 22:47:24.503625
66:37:58:14:54:F9,None,2026-08-20 22:47:31.421032
43:A8:F2:AF:37:88,None,2026-08-20 22:47:40.417999
72:10:E2:D3:EE:76,None,2026-08-20 22:47:51.205839
65:49:FA:CE:D1:5B,None,2026-08-20 22:48:32.404960
71:AE:CF:93:21:46,None,2026-08-20 22:49:45.365966
57:3E:BD:8A:85:C0,None,2026-08-20 22:49:51.410641
76:94:6D:80:E9:79,None,2026-08-20 22:50:07.506913
56:09:E6:4B:9B:13,None,2026-08-20 22:50:13.950901
58:8D:42:68:B0:63,None,2026-08-20 22:51:39.437426
47:4C:6A:0D:B0:02,None,2026-08-20 22:51:39.572691
64:55:A8:33:D8:CF,None,2026-08-20 22:51:42.376205
4B:76:26:76:AA:DA,None,2026-08-20 22:51:45.698951
CD:82:B9:43:5F:81,None,2026-08-20 22:51:59.632620
7A:A6:0C:B5:FB:38,None,2026-08-20 22:52:10.532400
7D:4D:B8:A1:C3:B2,None,2026-08-20 22:52:57.113368
DA:3C:5C:E4:1C:B0,None,2026-08-20 22:53:17.401684
56:F2:A6:28:BD:AA,None,2026-08-20 22:54:33.793234
45:E1:B6:C5:3C:9D,None,2026-08-20 22:55:58.058703
42:37:63:03:A6:A3,None,2026-08-20 22:56:17.386071
C0:1E:A2:9F:F9:A9,None,2026-08-20 22:59:17.837522
64:B1:82:AB:9C:EE,None,2026-08-20 22:59:52.662574
F9:4F:5D:93:51:4E,None,2026-08-20 23:00:02.627338
D5:BE:D6:EF:15:3B,None,2026-08-20 23:00:04.033622
EA:FF:03:69:3A:CD,None,2026-08-20 23:00:04.062819
6E:27:3B:07:92:3B,None,2026-08-20 23:00:04.388589
D5:F7:9D:5D:57:90,None,2026-08-20 23:00:04.808181
D6:E3:23:10:9D:D4,None,2026-08-20 23:00:04.827585
F9:A9:2F:C8:24:D9,None,2026-08-20 23:00:06.073353
EF:9E:CB:8F:76:BC,None,2026-08-20 23:00:45.650317
49:0C:7F:5D:10:7D,None,2026-08-20 23:01:01.138407
FC:55:E8:9F:9C:36,None,2026-08-20 23:01:01.542919
ED:6C:E8:1B:9A:EF,None,2026-08-20 23:01:14.173124
DD:EE:E9:51:C4:AB,None,2026-08-20 23:01:15.069965
CB:E2:49:AC:A2:CF,None,2026-08-20 23:01:15.210228
CE:6B:EC:A9:02:ED,None,2026-08-20 23:01:42.810204
D2:1D:EA:08:75:33,None,2026-08-20 23:01:45.360613
75:61:CF:80:00:7C,None,2026-08-20 23:02:26.792609
54:EF:33:27:46:4B,None,2026-08-20 23:02:27.489669
67:CE:A3:73:79:D9,None,2026-08-20 23:02:37.731822
78:78:64:C9:76:63,None,2026-08-20 23:03:00.298161
24:18:19:8F:6D:5F,None,2026-08-20 23:03:37.447161
4A:C8:31:4E:D7:09,None,2026-08-20 23:03:44.872380
5D:1E:0F:FF:22:13,None,2026-08-20 23:04:58.119195
63:46:A2:6A:9D:BD,None,2026-08-20 23:05:47.857952
64:A9:D3:8E:D1:9C,None,2026-08-20 23:06:20.107974
F2:7F:9E:2C:7F:3F,None,2026-08-20 23:08:12.676299
17:04:BD:1F:9C:85,None,2026-08-20 23:08:24.846123
4F:8E:0E:B1:31:29,None,2026-08-20 23:09:12.956622
64:21:7B:F3:4B:47,None,2026-08-20 23:09:13.415819
03:A5:E1:B9:EF:41,None,2026-08-20 23:09:13.509463
4B:5C:05:C8:18:C1,None,2026-08-20 23:09:15.656227
05:40:1A:75:23:6B,None,2026-08-20 23:09:29.741975
61:8C:AC:97:39:EF,None,2026-08-20 23:09:36.350797
51:4B:7C:CC:B9:C6,None,2026-08-20 23:10:01.248893
6A:33:34:A2:63:3C,None,2026-08-20 23:10:01.267381
17:93:D8:C6:78:51,None,2026-08-20 23:10:08.740971
3E:66:6F:9B:11:F2,None,2026-08-20 23:11:05.365842
D8:BC:38:50:1B:6E,RIOT Plus501B6E,2026-08-20 23:11:20.829942
65:4A:93:97:E2:A1,None,2026-08-20 23:12:10.930703
50:3D:48:06:17:A1,None,2026-08-20 23:12:15.095243
7E:5E:0C:1C:15:4B,None,2026-08-20 23:12:17.434172
6F:65:11:16:DE:46,None,2026-08-20 23:12:45.762434
7E:4B:9E:C8:0C:5B,None,2026-08-20 23:12:54.005519
57:E6:10:AD:77:36,None,2026-08-20 23:13:15.120568
2C:6E:19:02:B6:11,None,2026-08-20 23:13:40.030275
FA:B2:01:1D:0C:A0,None,2026-08-20 23:15:00.974743
C4:1E:A6:63:A9:B2,None,2026-08-20 23:15:04.106121
F7:FD:05:6D:8C:88,None,2026-08-20 23:15:04.144531
EF:AC:3B:E8:75:69,None,2026-08-20 23:15:05.828552
E6:03:33:2A:E4:B0,None,2026-08-20 23:15:05.977173
D8:A1:FA:2E:73:C9,None,2026-08-20 23:15:06.036156
D0:65:DA:B6:6E:E3,None,2026-08-20 23:15:08.245573
F1:DA:A3:1F:5C:C9,None,2026-08-20 23:15:10.860610
09:17:C7:8F:A2:47,None,2026-08-20 23:16:02.697953
D7:C4:84:6C:1C:86,None,2026-08-20 23:16:30.457090
4D:40:0E:66:FF:1B,None,2026-08-20 23:16:31.587365
E7:DA:C2:97:CB:5C,None,2026-08-20 23:16:32.104668
C6:BC:C1:A7:DE:2E,None,2026-08-20 23:16:32.789422
70:C9:B3:6B:A0:6B,None,2026-08-20 23:16:58.340902
17:3E:DE:34:C2:18,None,2026-08-20 23:17:25.632786
60:19:DB:1C:A1:AD,None,2026-08-20 23:17:26.587208
F8:17:6A:CF:F7:E2,None,2026-08-20 23:17:33.578475
7F:8E:76:11:ED:E9,None,2026-08-20 23:17:41.142274
4A:C8:31:8A:FD:8C,None,2026-08-20 23:18:14.488753
6F:CA:A7:CA:72:88,None,2026-08-20 23:18:35.851912
C4:D8:74:8A:19:DA,None,2026-08-20 23:19:00.505919
D5:DE:17:DF:23:10,None,2026-08-20 23:19:04.047433
C6:29:44:ED:86:A7,None,2026-08-20 23:19:04.813946
66:73:41:4B:EF:EE,None,2026-08-20 23:19:35.007665
57:66:BF:EE:53:47,None,2026-08-20 23:20:13.942325
4C:00:54:E3:4E:6F,None,2026-08-20 23:21:18.656357
7B:52:D2:DF:7B:6A,None,2026-08-20 23:21:19.068469
67:AF:B9:6A:CF:B3,None,2026-08-20 23:21:19.112792
61:C7:04:B8:78:99,None,2026-08-20 23:22:09.468545
7F:6E:D1:F6:AA:9C,None,2026-08-20 23:22:56.948023
7F:A3:C3:BC:5C:F3,None,2026-08-20 23:23:45.123132
69:7C:60:43:3B:52,None,2026-08-20 23:25:12.752709
6D:D8:81:7E:7A:AA,None,2026-08-20 23:25:52.000704
63:34:E9:2E:51:C3,None,2026-08-20 23:25:52.623271
4A:32:89:53:45:FD,None,2026-08-20 23:26:01.789113
73:5C:59:B4:13:E2,None,2026-08-20 23:26:12.711539
75:3A:22:85:5E:50,None,2026-08-20 23:28:58.547246
E6:7C:D7:23:7F:61,None,2026-08-20 23:30:00.081118
F8:F2:1E:95:CA:0D,None,2026-08-20 23:30:00.428811
F9:22:53:1A:AB:E2,None,2026-08-20 23:30:01.610791
D9:73:72:0D:02:DD,None,2026-08-20 23:30:02.152712
EA:E1:EC:D6:11:DC,None,2026-08-20 23:30:12.185845
EE:4C:10:19:24:B0,None,2026-08-20 23:30:12.576868
E9:B7:CA:8E:3C:50,None,2026-08-20 23:30:12.835817
CF:B9:2D:62:E7:B2,None,2026-08-20 23:30:13.813339
75:CC:EC:53:C9:C4,None,2026-08-20 23:30:54.990083
DE:E7:04:30:01:B5,None,2026-08-20 23:31:03.369664
5E:5E:7D:13:70:CC,None,2026-08-20 23:31:32.755115
4E:7C:5F:E6:80:E2,None,2026-08-20 23:31:32.758333
DD:D9:32:AE:45:FE,None,2026-08-20 23:31:32.783567
CD:27:9E:57:E3:74,None,2026-08-20 23:31:37.656385
F3:E1:D0:04:BF:60,None,2026-08-20 23:31:38.475027
F2:86:DA:B7:09:E1,None,2026-08-20 23:31:55.357984
76:09:5F:5A:AE:BB,None,2026-08-20 23:32:29.936862
68:15:94:36:3F:2E,None,2026-08-20 23:32:36.827705
62:50:E8:94:E2:6A,None,2026-08-20 23:32:37.859768
DA:CF:B5:DD:21:CE,None,2026-08-20 23:33:16.514149
67:CF:88:A5:43:CC,None,2026-08-20 23:33:19.672974
07:E4:83:34:04:1B,None,2026-08-20 23:33:31.586228
7B:82:2B:ED:19:D7,None,2026-08-20 23:34:34.959362
7B:82:2B:C6:DD:5E,None,2026-08-20 23:34:36.486940
4C:07:B3:C5:CD:37,None,2026-08-20 23:36:33.106720
77:5E:02:10:63:DB,None,2026-08-20 23:37:44.006683
53:BA:67:0A:B3:71,None,2026-08-20 23:37:44.078578
C1:C9:C3:35:31:D8,None,2026-08-20 23:38:47.846726
41:52:BE:79:90:2A,None,2026-08-20 23:39:29.185524
4A:B6:44:B4:23:AA,None,2026-08-20 23:43:21.037741
D9:61:67:DA:64:1E,None,2026-08-20 23:45:00.140858
D4:8B:91:3A:A2:99,None,2026-08-20 23:45:00.183829
C0:BF:C0:8B:2F:FE,None,2026-08-20 23:45:00.186852
F4:C0:B1:65:66:BD,None,2026-08-20 23:45:00.775039
C4:96:31:2B:42:F7,None,2026-08-20 23:45:01.113465
C9:80:EF:75:9A:D6,None,2026-08-20 23:45:01.664175
EC:03:32:4D:9E:B8,None,2026-08-20 23:45:07.119469
E5:1B:33:27:D8:5E,None,2026-08-20 23:45:14.802523
49:26:9B:44:A6:AD,None,2026-08-20 23:46:02.669492
7B:E1:E0:E6:73:B8,None,2026-08-20 23:46:03.435489
E7:09:62:28:A2:29,None,2026-08-20 23:46:06.104390
49:4D:68:FE:47:C1,None,2026-08-20 23:46:41.032810
CD:1B:C3:9A:26:64,None,2026-08-20 23:46:42.513148
59:99:22:77:8A:78,None,2026-08-20 23:47:08.031524
42:E8:66:09:20:39,None,2026-08-20 23:47:31.851437
6C:04:F3:39:07:10,None,2026-08-20 23:47:38.506572
6F:6F:F8:36:C3:E7,None,2026-08-20 23:48:04.649496
73:32:C1:EE:CB:7D,None,2026-08-20 23:48:18.935007
C2:29:7C:24:AA:D2,None,2026-08-20 23:48:24.851142
C8:B8:A6:F0:57:A8,None,2026-08-20 23:48:32.977988
71:40:87:A1:3B:64,None,2026-08-20 23:49:22.895431
51:86:FB:E0:C6:98,None,2026-08-20 23:49:33.823922
58:BC:FB:54:9B:BA,None,2026-08-20 23:49:47.984590
49:50:8B:CE:27:67,None,2026-08-20 23:50:30.320654
60:F7:5F:E7:FB:04,None,2026-08-20 23:51:26.487213
E0:31:94:60:CD:6D,None,2026-08-20 23:51:41.439937
1B:B2:69:A8:C4:E2,None,2026-08-20 23:52:09.768879
4B:59:3B:BB:34:6B,None,2026-08-20 23:52:16.441572
67:55:6C:33:CB:90,None,2026-08-20 23:52:38.225899
72:1D:96:68:5C:EC,None,2026-08-20 23:52:38.252942
57:1E:CD:70:73:B9,None,2026-08-20 23:53:06.414482
59:22:68:2E:CE:75,None,2026-08-20 23:53:06.927155
70:35:1F:14:6E:4E,None,2026-08-20 23:57:11.624912
F6:D7:F5:25:DE:79,None,2026-08-20 23:58:32.777665
2A:B6:FA:4D:DD:40,None,2026-08-20 23:58:40.147176
E9:86:43:7B:AA:74,None,2026-08-21 00:00:00.530027
E2:CC:45:88:44:EA,None,2026-08-21 00:00:00.632789
74:CC:00:03:12:95,None,2026-08-21 00:00:00.990916
FE:B9:28:4C:3C:E2,None,2026-08-21 00:00:02.056486
C3:17:FF:53:64:02,None,2026-08-21 00:00:02.140554
E4:49:64:7F:DE:2A,None,2026-08-21 00:00:04.098748
DB:3E:84:C9:FD:0F,None,2026-08-21 00:00:25.166191
E3:62:C8:5F:4E:3A,None,2026-08-21 00:00:28.889006
C1:51:61:B8:EC:B6,None,2026-08-21 00:02:04.422551
48:36:80:43:D0:F5,None,2026-08-21 00:02:28.542669
43:6A:F9:EF:B3:69,None,2026-08-21 00:02:37.552660
D2:CD:4D:89:8E:EA,None,2026-08-21 00:02:39.117835
5E:5F:64:C4:61:19,None,2026-08-21 00:02:45.614995
7D:28:27:4B:85:D1,None,2026-08-21 00:04:57.059845
75:9E:A0:D2:62:A1,None,2026-08-21 00:06:01.870030
7E:E3:81:A3:D5:17,None,2026-08-21 00:06:10.027572
44:80:4D:55:F7:CB,None,2026-08-21 00:07:31.798909
72:94:08:25:02:A9,None,2026-08-21 00:07:41.485399
DC:89:DE:16:64:13,None,2026-08-21 00:07:48.616359
59:D9:9A:E9:28:33,None,2026-08-21 00:07:53.504994
FA:BD:BD:12:DE:4A,None,2026-08-21 00:09:16.577671
61:3F:BB:0E:04:73,None,2026-08-21 00:09:37.987815
01:2F:52:DA:1B:63,None,2026-08-21 00:10:41.901614
76:99:81:7E:3B:97,None,2026-08-21 00:10:42.956625
23:93:D7:D5:03:27,None,2026-08-21 00:12:55.934348
64:89:D5:2C:BC:A7,None,2026-08-21 00:13:20.604414
63:ED:D8:47:B1:4A,None,2026-08-21 00:13:55.733383
44:F2:D2:E2:B8:23,None,2026-08-21 00:14:56.459910
77:AC:16:AA:02:1B,None,2026-08-21 00:14:56.719726
FB:37:A3:E0:79:14,None,2026-08-21 00:15:03.454921
FF:3A:F6:0B:94:3C,None,2026-08-21 00:15:04.580671
E0:13:C5:CA:42:99,None,2026-08-21 00:15:04.612864
F6:DF:F5:46:27:78,None,2026-08-21 00:15:06.103072
1B:5A:F8:B1:BC:07,None,2026-08-21 00:15:09.573518
CF:6C:E5:35:E1:A1,None,2026-08-21 00:15:10.792220
E8:79:E8:15:04:7F,None,2026-08-21 00:15:45.248802
E6:09:60:50:B9:D3,None,2026-08-21 00:15:51.216640
6B:D5:D1:2C:A6:86,None,2026-08-21 00:16:12.821498
E6:5A:16:20:CC:03,None,2026-08-21 00:16:34.768647
E5:F3:2D:34:7B:1F,None,2026-08-21 00:17:12.351529
47:66:4A:D7:8D:10,None,2026-08-21 00:17:29.164937
7E:5C:37:15:A3:38,None,2026-08-21 00:17:38.149094
6F:FD:DE:63:85:86,None,2026-08-21 00:18:05.595005
67:0D:39:39:8B:95,None,2026-08-21 00:18:08.371867
7E:EB:75:E2:AC:A1,None,2026-08-21 00:18:08.448543
F0:20:EE:CF:68:C7,None,2026-08-21 00:18:21.783398
50:E0:33:7B:43:1D,None,2026-08-21 00:20:32.272080
47:C3:35:10:E4:2C,None,2026-08-21 00:20:33.878481
41:2A:62:8C:D0:BD,None,2026-08-21 00:20:50.670671
43:55:C4:34:12:31,None,2026-08-21 00:21:36.413920
66:D7:5F:F9:13:A9,None,2026-08-21 00:22:17.830842
6A:60:96:28:19:9E,None,2026-08-21 00:22:34.438067
46:0B:DC:FA:D9:95,None,2026-08-21 00:25:53.769370
5F:32:62:73:38:E1,None,2026-08-21 00:25:56.352095
70:93:F4:A6:36:0B,None,2026-08-21 00:25:57.341846
48:88:D9:51:06:F1,None,2026-08-21 00:25:57.403480
4D:3C:08:36:BE:C9,None,2026-08-21 00:26:02.953279
4D:71:0C:18:40:AE,None,2026-08-21 00:26:41.309885
E7:54:90:02:EE:D2,None,2026-08-21 00:26:45.798942
C8:73:1B:45:D2:76,None,2026-08-21 00:26:47.002264
29:56:CD:B6:5D:07,None,2026-08-21 00:28:11.658342
C3:A0:E4:74:99:65,None,2026-08-21 00:28:24.394660
66:E6:E8:A1:6C:D6,None,2026-08-21 00:28:34.461426
C2:D8:62:AC:CC:0C,None,2026-08-21 00:29:42.246515
D2:B2:BD:57:93:9B,None,2026-08-21 00:30:00.061245
47:CA:C4:D3:D5:3F,None,2026-08-21 00:30:02.516922
E8:7B:9E:32:AD:E8,None,2026-08-21 00:30:02.636025
D5:FB:2A:42:44:10,None,2026-08-21 00:30:02.817476
C7:E6:47:96:24:E7,None,2026-08-21 00:30:04.144147
C8:C4:CA:8C:CA:15,None,2026-08-21 00:30:05.671804
CC:1D:7F:29:99:74,None,2026-08-21 00:30:11.066166
EC:9A:FC:DF:90:64,None,2026-08-21 00:30:32.521519
CE:59:12:51:14:82,None,2026-08-21 00:31:06.809136
7D:53:C5:EA:C1:09,None,2026-08-21 00:31:26.864023
46:F4:A9:7D:46:10,None,2026-08-21 00:32:05.544523
C6:C4:C8:F5:0A:05,None,2026-08-21 00:32:16.853595
E5:FD:1C:C2:56:70,None,2026-08-21 00:32:25.159913
D8:D6:BC:9C:B8:F3,None,2026-08-21 00:32:26.404888
44:7A:D6:C1:1B:22,None,2026-08-21 00:32:27.383095
D6:3C:D9:15:29:22,None,2026-08-21 00:32:32.488933
79:62:AD:01:B1:42,None,2026-08-21 00:32:38.958278
44:F6:F6:A0:A0:9C,None,2026-08-21 00:34:19.076288
5B:E7:40:92:03:E6,None,2026-08-21 00:35:16.278477
51:19:2C:30:C7:84,None,2026-08-21 00:35:19.285651
2D:47:D7:79:C8:90,None,2026-08-21 00:35:35.260534
48:10:EC:40:F9:3E,None,2026-08-21 00:35:40.058839
62:16:01:2B:F2:01,None,2026-08-21 00:36:20.012540
DF:43:3B:AC:D1:1C,None,2026-08-21 00:38:02.244432
FC:B0:83:8B:91:BC,None,2026-08-21 00:38:02.784272
DD:B1:12:3A:64:E1,None,2026-08-21 00:39:58.143696
5D:A9:90:1E:B5:75,None,2026-08-21 00:42:15.187881
69:D8:E3:B9:EC:1B,None,2026-08-21 00:42:15.244338
F2:49:04:20:94:BA,None,2026-08-21 00:42:15.268973
52:A5:84:DC:19:54,None,2026-08-21 00:42:15.545033
4E:08:F2:6A:53:DE,None,2026-08-21 00:43:22.588068
76:45:5E:C7:A1:F5,None,2026-08-21 00:43:24.875147
46:40:2B:36:35:78,None,2026-08-21 00:43:26.609146
5E:EC:4E:CC:88:09,None,2026-08-21 00:43:31.860055
34:E9:46:CF:C6:BA,None,2026-08-21 00:43:53.306954
48:B2:6F:1E:B8:5C,None,2026-08-21 00:44:01.351969
5B:96:76:D4:8C:D3,None,2026-08-21 00:44:07.013045
69:6F:D5:48:13:BF,None,2026-08-21 00:44:52.501829
F2:33:58:94:76:A2,None,2026-08-21 00:45:00.062113
EC:0A:B4:93:3C:D5,None,2026-08-21 00:45:00.133625
DF:45:59:6C:CF:20,None,2026-08-21 00:45:00.137164
C8:4E:B1:7A:25:1E,None,2026-08-21 00:45:01.019773
DC:A0:1E:68:6E:F8,None,2026-08-21 00:45:03.679112
D2:B0:84:2B:E3:E1,None,2026-08-21 00:45:03.848213
F5:F0:59:F9:1B:8B,None,2026-08-21 00:45:06.170399
F9:74:23:4F:FB:E2,None,2026-08-21 00:45:14.130826
F9:C6:8C:2F:2F:F4,None,2026-08-21 00:45:47.346133
56:E6:97:B2:CD:2B,None,2026-08-21 00:47:19.165020
6A:32:15:98:64:1A,None,2026-08-21 00:47:26.246352
68:70:DE:82:51:C6,None,2026-08-21 00:47:39.135098
EA:5C:F7:EB:50:C6,None,2026-08-21 00:47:40.288907
7E:1B:6D:18:83:EE,None,2026-08-21 00:48:41.958745
F7:C6:08:C4:7F:1E,None,2026-08-21 00:48:50.041452
EA:A0:91:94:13:86,None,2026-08-21 00:49:11.420220
C1:29:EC:C5:BC:D7,None,2026-08-21 00:50:09.955118
4E:5C:45:E2:64:D0,None,2026-08-21 00:50:56.220747
63:EE:AE:E7:AF:9D,None,2026-08-21 00:52:19.813310
24:B5:47:8F:7B:1A,None,2026-08-21 00:52:22.406740
6A:5C:76:9E:3A:64,None,2026-08-21 00:54:58.083178
50:72:1D:BB:91:53,None,2026-08-21 00:55:09.740816
5B:0F:F0:93:D1:F4,None,2026-08-21 00:56:05.314943
6D:C6:14:31:B0:BB,None,2026-08-21 00:56:05.318517
6A:CE:4A:0E:D8:07,None,2026-08-21 00:56:09.343075
54:8E:7A:CB:ED:7C,None,2026-08-21 00:56:26.551419
F9:B1:A9:C8:90:DF,None,2026-08-21 00:57:47.797615
50:FB:CA:E3:A5:19,None,2026-08-21 00:58:06.453227
C0:34:7D:D8:7B:9B,None,2026-08-21 00:59:52.986454
DE:39:20:7A:10:9B,None,2026-08-21 01:00:00.195552
F9:1B:04:7E:19:AE,None,2026-08-21 01:00:00.540929
CE:15:82:B0:23:D6,None,2026-08-21 01:00:00.623377
EC:8B:43:6C:49:A9,None,2026-08-21 01:00:01.008269
C8:FE:40:5A:92:97,None,2026-08-21 01:00:01.420211
C5:CA:AB:B2:32:DC,None,2026-08-21 01:00:02.157999
D4:54:FA:32:6B:B1,None,2026-08-21 01:00:04.421291
2F:1D:07:EF:5C:9E,None,2026-08-21 01:00:06.838547
50:CA:1D:13:12:A7,None,2026-08-21 01:00:07.151519
70:8E:20:05:D5:2B,None,2026-08-21 01:00:25.606699
F5:A6:00:7E:3D:56,None,2026-08-21 01:00:50.036043
EE:2C:01:B9:28:EF,None,2026-08-21 01:01:02.455789
C2:0F:76:56:FE:76,None,2026-08-21 01:01:18.344029
7D:4A:2F:24:94:FC,None,2026-08-21 01:01:44.613675
64:85:FE:87:D8:9A,None,2026-08-21 01:01:57.880517
4C:27:74:CE:34:4C,None,2026-08-21 01:01:57.901038
59:5B:9A:A2:4C:BD,None,2026-08-21 01:02:00.797518
71:B9:D9:50:00:D1,None,2026-08-21 01:02:28.999495
4B:6F:A1:27:3A:A0,None,2026-08-21 01:02:41.666760
F0:81:26:66:0E:7A,None,2026-08-21 01:02:50.293581
F5:C3:6D:4D:45:1E,None,2026-08-21 01:03:02.110968
71:BB:27:DE:FF:D6,None,2026-08-21 01:03:24.546985
EF:19:DB:59:AF:2C,None,2026-08-21 01:03:24.674904
74:A4:03:79:71:72,None,2026-08-21 01:04:25.349568
58:4D:F3:ED:4C:AF,None,2026-08-21 01:05:21.996394
35:89:C0:0E:D3:40,None,2026-08-21 01:08:41.003798
4D:49:A0:86:3B:32,None,2026-08-21 01:09:59.289066
74:9E:E5:AB:F8:0E,None,2026-08-21 01:10:03.754616
7C:65:C5:0D:DE:E5,None,2026-08-21 01:12:16.442775
FB:E7:7E:81:47:3B,None,2026-08-21 01:13:19.962154
C5:8C:FB:AA:F3:1F,None,2026-08-21 01:15:00.065745
C5:84:38:0D:FE:86,None,2026-08-21 01:15:00.128969
E2:64:F0:AB:90:4B,None,2026-08-21 01:15:00.341336
C7:FD:36:2B:C2:DC,None,2026-08-21 01:15:00.432634
DE:A1:D8:D5:28:67,None,2026-08-21 01:15:00.768750
EB:1C:9B:FF:D7:85,None,2026-08-21 01:15:00.993822
EA:99:6C:1F:44:2B,None,2026-08-21 01:15:01.638622
D9:FC:72:A5:BD:B0,None,2026-08-21 01:15:02.795263
D6:87:BF:C7:70:18,None,2026-08-21 01:15:06.094723
C3:5B:DD:BC:A6:C4,None,2026-08-21 01:15:08.063689
D4:A1:B8:80:A3:86,None,2026-08-21 01:15:20.438897
68:29:5C:93:81:B5,None,2026-08-21 01:16:06.284927
75:62:D7:38:3B:E7,None,2026-08-21 01:16:09.026380
34:71:D2:36:6D:84,None,2026-08-21 01:16:09.220007
68:9B:81:0E:2F:E7,None,2026-08-21 01:16:19.095996
55:31:F6:0A:F0:E9,None,2026-08-21 01:17:26.132657
58:33:76:AC:75:82,None,2026-08-21 01:17:40.244526
60:E8:22:87:1E:7C,None,2026-08-21 01:17:40.396642
64:BF:A8:DA:A3:C8,None,2026-08-21 01:17:43.905895
E7:DC:AE:6C:4F:4C,None,2026-08-21 01:17:44.757078
4C:10:98:84:61:6F,None,2026-08-21 01:18:04.334234
FB:22:FC:CC:7D:BA,None,2026-08-21 01:18:10.249212
7B:7A:86:E7:4B:23,None,2026-08-21 01:19:12.123277
44:F1:7B:C4:0F:6C,None,2026-08-21 01:19:36.307580
42:53:58:F3:65:0F,None,2026-08-21 01:20:12.441592
5E:C7:42:03:54:9A,None,2026-08-21 01:20:52.520391
69:FE:AA:1B:5B:34,None,2026-08-21 01:21:39.607284
F3:77:21:54:7D:A2,None,2026-08-21 01:22:45.382119
5F:B4:9E:6C:A2:CB,None,2026-08-21 01:22:52.591203
47:81:7E:FA:28:23,None,2026-08-21 01:22:52.687178
40:74:78:5B:C1:E8,None,2026-08-21 01:22:57.991935
F8:46:2D:9B:8D:E8,None,2026-08-21 01:23:01.036259
77:EC:D3:40:BC:AC,None,2026-08-21 01:23:18.167183
2E:29:D2:B0:A1:69,None,2026-08-21 01:23:41.167101
5A:A1:FB:0F:D5:3A,None,2026-08-21 01:25:26.994998
7F:98:5B:FA:71:95,None,2026-08-21 01:28:24.662971
41:8C:A2:73:54:89,None,2026-08-21 01:28:49.732433
5D:45:11:38:A8:F4,None,2026-08-21 01:29:00.405021
E7:30:A7:18:EA:E5,None,2026-08-21 01:30:00.053372
FE:3B:3E:1F:E7:20,None,2026-08-21 01:30:02.342964
C9:C6:39:9C:78:A9,None,2026-08-21 01:30:03.643459
F8:45:6A:3A:81:8E,None,2026-08-21 01:30:07.041866
EC:BB:AC:DF:94:2E,None,2026-08-21 01:30:17.425621
F0:23:EF:E8:EE:03,None,2026-08-21 01:30:34.952508
C1:E2:FE:6F:33:B4,None,2026-08-21 01:30:42.410066
42:19:A4:51:72:C9,None,2026-08-21 01:30:48.857270
66:FB:09:2B:1A:40,None,2026-08-21 01:31:05.832627
49:1C:25:A2:81:97,None,2026-08-21 01:31:05.850479
46:6D:4D:69:7F:57,None,2026-08-21 01:31:06.100977
F7:9C:83:80:EF:81,None,2026-08-21 01:31:11.526897
0A:36:E7:29:72:20,None,2026-08-21 01:31:26.269125
58:48:A7:4E:FE:D1,None,2026-08-21 01:31:49.233403
C2:CA:EA:A7:E1:16,None,2026-08-21 01:32:28.151630
62:14:F6:26:D6:F0,None,2026-08-21 01:32:28.250257
D8:9A:7F:68:F1:00,None,2026-08-21 01:32:31.623277
78:60:90:85:36:C8,None,2026-08-21 01:32:37.034082
C5:78:59:63:9B:33,None,2026-08-21 01:32:45.763918
7C:21:26:85:36:AB,None,2026-08-21 01:32:50.293513
C8:1F:F4:DE:B8:9B,None,2026-08-21 01:32:52.650401
69:DB:01:2E:F1:E0,None,2026-08-21 01:33:06.509540
C2:68:15:FC:F9:12,None,2026-08-21 01:34:07.673578
1D:B6:B9:E2:D9:E7,None,2026-08-21 01:34:41.299939
5B:41:63:1C:FD:39,None,2026-08-21 01:34:41.975228
49:F9:C8:C3:68:5D,None,2026-08-21 01:35:24.062534
56:3E:20:60:96:9E,None,2026-08-21 01:37:05.745923
EA:6A:BC:A1:A0:49,None,2026-08-21 01:37:18.302373
EB:4D:7E:BB:27:AE,None,2026-08-21 01:37:19.445597
4D:F6:AA:47:8D:41,None,2026-08-21 01:37:30.270024
4B:1E:2E:4D:F0:20,None,2026-08-21 01:37:30.778650
C9:20:B9:50:BC:83,None,2026-08-21 01:37:51.694348
59:C5:A1:CA:37:7B,None,2026-08-21 01:38:08.438425
5B:5D:D7:E6:DF:41,None,2026-08-21 01:38:12.345991
3A:4B:06:F6:C8:D8,None,2026-08-21 01:38:50.624731
CC:79:DE:5B:A1:51,None,2026-08-21 01:40:12.487175
5B:94:60:83:F6:D1,None,2026-08-21 01:41:26.278489
71:EA:B0:5C:5F:E0,None,2026-08-21 01:41:44.221738
41:20:98:4E:6E:30,None,2026-08-21 01:43:29.388716
C1:00:50:14:81:19,None,2026-08-21 01:45:00.519018
7D:82:0C:AD:06:BF,None,2026-08-21 01:45:00.734884
CE:92:A1:57:E5:DB,None,2026-08-21 01:45:01.634934
EE:DA:8C:13:5A:95,None,2026-08-21 01:45:01.855202
FB:9A:91:41:98:B5,None,2026-08-21 01:45:02.067065
E1:09:46:39:63:D5,None,2026-08-21 01:45:02.083451
E8:FB:95:DC:AC:C8,None,2026-08-21 01:45:02.104840
77:D9:12:CB:DE:27,None,2026-08-21 01:45:02.759173
F2:3A:5A:AA:43:A7,None,2026-08-21 01:45:04.788493
4B:85:DC:D5:37:16,None,2026-08-21 01:45:23.199203
F5:91:0D:B9:6D:8F,None,2026-08-21 01:45:23.791770
D5:A4:26:79:D2:32,None,2026-08-21 01:45:30.365684
1B:28:C7:B9:EA:7C,None,2026-08-21 01:47:09.853962
79:69:8F:53:1F:6A,None,2026-08-21 01:47:17.644780
66:44:62:86:6B:DF,None,2026-08-21 01:47:23.397612
F3:0A:CE:33:40:ED,None,2026-08-21 01:47:23.712334
7C:33:EF:A3:72:69,None,2026-08-21 01:47:26.063137
46:32:AF:65:AB:CC,None,2026-08-21 01:47:28.625028
78:81:A5:0D:7C:67,None,2026-08-21 01:47:28.873819
44:A8:6F:A9:22:81,None,2026-08-21 01:47:38.936957
F6:F6:68:AE:06:84,None,2026-08-21 01:48:25.982090
C2:F3:74:10:B9:9C,None,2026-08-21 01:48:34.240842
65:18:AB:BC:E9:9F,None,2026-08-21 01:48:34.678956
E0:AA:44:FE:DE:E3,None,2026-08-21 01:49:49.079009
43:B0:35:9F:2D:95,None,2026-08-21 01:49:51.126564
67:9E:8C:38:88:8B,None,2026-08-21 01:50:33.738153
DA:4B:5F:20:15:88,None,2026-08-21 01:50:39.445918
55:B1:F5:6E:80:89,None,2026-08-21 01:51:08.268946
51:8E:84:4B:DE:5F,None,2026-08-21 01:51:16.114322
76:D4:19:B7:AC:5C,None,2026-08-21 01:51:50.825303
F3:E7:0D:44:8D:39,None,2026-08-21 01:51:57.531084
5B:57:22:B2:BF:63,None,2026-08-21 01:51:59.736002
6E:2C:BB:7E:E3:66,None,2026-08-21 01:52:55.434860
42:8F:8F:0A:2D:CE,None,2026-08-21 01:53:39.192725
F7:28:FE:FE:FC:9E,None,2026-08-21 01:57:03.233973
66:39:CF:11:37:DA,None,2026-08-21 01:58:17.645269
4B:30:37:58:0E:B4,None,2026-08-21 01:59:02.288946
6A:E4:73:79:15:3D,None,2026-08-21 01:59:29.320424
59:EE:5F:2A:9D:45,None,2026-08-21 01:59:49.472917
DD:44:2F:2A:42:5D,None,2026-08-21 02:00:02.411003
F4:25:EA:92:7F:85,None,2026-08-21 02:00:02.643258
E8:10:5A:A2:30:A7,None,2026-08-21 02:00:04.120729
DF:25:B0:A7:C5:60,None,2026-08-21 02:00:04.130407
C1:91:4A:C5:69:DE,None,2026-08-21 02:00:04.728519
DD:82:B4:ED:E6:8B,None,2026-08-21 02:00:05.552923
DB:F4:DC:CC:27:92,None,2026-08-21 02:00:09.512470
FE:88:F5:33:9C:E7,None,2026-08-21 02:00:24.245951
D7:03:C9:C6:97:4D,None,2026-08-21 02:00:47.818821
56:E4:E4:5B:E8:64,None,2026-08-21 02:01:40.234637
4F:4A:A8:6D:45:B2,None,2026-08-21 02:02:05.752000
41:37:0C:B8:E3:7F,None,2026-08-21 02:02:30.157207
60:C9:B1:88:8F:9E,None,2026-08-21 02:02:37.591645
F9:79:3F:23:CE:6D,None,2026-08-21 02:03:05.031690
EF:AC:B0:9C:B6:46,None,2026-08-21 02:03:06.643037
1D:D8:92:98:AA:8A,None,2026-08-21 02:03:42.365609
65:5B:AF:BD:6B:96,None,2026-08-21 02:03:42.877779
73:17:E0:62:46:D1,None,2026-08-21 02:03:44.607993
D8:BA:C4:50:1D:58,None,2026-08-21 02:03:49.160598
5D:24:34:FF:63:E7,None,2026-08-21 02:03:49.616664
7F:95:5A:D4:4D:82,None,2026-08-21 02:04:33.999731
43:B4:74:01:F4:4C,None,2026-08-21 02:04:37.713514
F9:B4:26:35:B3:BB,None,2026-08-21 02:05:08.895870
47:DD:42:73:E2:99,None,2026-08-21 02:05:33.941298
FB:E5:69:AE:DD:D6,None,2026-08-21 02:07:00.389405
D1:B0:26:F0:07:9A,None,2026-08-21 02:07:36.378937
5D:E9:02:EB:A1:1F,None,2026-08-21 02:07:57.396239
F2:CC:D9:AD:F0:28,None,2026-08-21 02:09:12.732164
48:C6:D9:A6:96:18,None,2026-08-21 02:09:29.110744
5A:F0:4E:D5:1F:D7,None,2026-08-21 02:11:03.953918
23:BD:1A:91:FD:97,None,2026-08-21 02:11:54.860569
5B:DF:CA:52:38:70,None,2026-08-21 02:12:11.171689
6E:B9:28:50:06:0F,None,2026-08-21 02:12:14.077074
53:57:69:8E:0D:D7,None,2026-08-21 02:12:44.323223
6B:01:2B:F1:CD:8A,None,2026-08-21 02:12:44.587394
4E:88:DD:CA:9B:3E,None,2026-08-21 02:13:10.877966
68:B6:01:65:E9:39,None,2026-08-21 02:14:48.847552
53:9A:F5:C1:D7:82,None,2026-08-21 02:14:49.666909
76:F5:8E:E2:92:DD,None,2026-08-21 02:15:00.021485
CC:FB:DC:69:DB:DC,None,2026-08-21 02:15:00.078926
C0:63:AD:EE:61:EC,None,2026-08-21 02:15:00.323880
E9:AF:29:62:49:C7,None,2026-08-21 02:15:00.401379
D6:F0:A3:96:44:A9,None,2026-08-21 02:15:00.447957
EA:FF:9A:97:92:9F,None,2026-08-21 02:15:00.588781
4D:16:87:03:43:9A,None,2026-08-21 02:15:03.054011
F9:29:C8:40:56:2D,None,2026-08-21 02:15:04.086561
F6:7E:6A:ED:96:2A,None,2026-08-21 02:15:06.355751
7A:7D:48:B5:FF:5B,None,2026-08-21 02:15:06.912857
E8:45:A5:7E:3F:46,None,2026-08-21 02:15:07.666292
C4:0F:15:73:CB:17,None,2026-08-21 02:15:20.126992
ED:DE:AD:48:DD:74,None,2026-08-21 02:16:04.200769
6F:AD:71:A9:E4:F3,None,2026-08-21 02:16:11.031247
6C:A7:91:CB:BE:CA,None,2026-08-21 02:17:26.154332
43:02:1F:6D:2E:49,None,2026-08-21 02:17:38.404879
FD:23:10:1E:54:1D,None,2026-08-21 02:18:22.201818
C9:E9:06:64:A0:12,None,2026-08-21 02:19:06.188332
57:F1:40:20:16:BB,None,2026-08-21 02:19:06.985679
DB:95:3B:47:26:BC,None,2026-08-21 02:19:54.039967
4E:9E:D2:CB:79:66,None,2026-08-21 02:22:08.118865
66:5C:50:A1:0C:9B,None,2026-08-21 02:22:50.386204
75:03:48:1D:12:18,None,2026-08-21 02:22:55.416306
70:5F:FF:03:89:2D,None,2026-08-21 02:23:18.935459
78:30:DD:A2:EA:6D,None,2026-08-21 02:23:24.608803
46:77:27:11:63:CD,None,2026-08-21 02:24:33.471361
C0:FA:50:49:52:24,None,2026-08-21 02:25:59.921734
E4:6C:03:DE:1B:B1,None,2026-08-21 02:26:15.825281
4E:E9:13:30:16:25,None,2026-08-21 02:26:36.696522
FA:69:A8:B0:79:E9,None,2026-08-21 02:27:22.378313
50:02:C5:B6:95:51,None,2026-08-21 02:28:04.732993
64:AC:56:9A:56:A9,None,2026-08-21 02:29:30.195123
4E:02:F8:F6:D3:3E,None,2026-08-21 02:29:33.454883
DF:8D:43:4C:3E:76,None,2026-08-21 02:30:00.075713
F4:46:98:35:CD:E2,None,2026-08-21 02:30:00.087306
EC:7A:C5:E6:E2:20,None,2026-08-21 02:30:00.103606
E0:A5:14:DD:D3:90,None,2026-08-21 02:30:00.171754
D1:16:23:12:84:74,None,2026-08-21 02:30:01.639813
61:CB:63:AA:79:4B,None,2026-08-21 02:30:04.365899
ED:7D:D6:39:73:DF,None,2026-08-21 02:30:04.402310
FF:AD:BF:BD:11:A1,None,2026-08-21 02:30:06.086280
C6:50:30:2E:48:11,None,2026-08-21 02:30:07.948564
D9:7D:58:10:A1:72,None,2026-08-21 02:30:08.363560
E8:68:3C:17:7A:DE,None,2026-08-21 02:30:11.985686
4B:CF:26:3A:3E:59,None,2026-08-21 02:32:12.746396
75:CF:B9:F0:99:AD,None,2026-08-21 02:32:12.941860
47:B2:0E:DE:3D:4B,None,2026-08-21 02:32:40.140197
72:D8:FD:E9:12:D7,None,2026-08-21 02:32:41.495077
7B:B7:B2:AC:3C:CB,None,2026-08-21 02:33:18.876195
77:BC:43:76:89:72,None,2026-08-21 02:33:22.610996
CB:02:B6:0C:57:AC,None,2026-08-21 02:33:23.797735
7A:83:C3:57:16:A5,None,2026-08-21 02:34:20.915159
E6:E2:1B:92:BD:AE,None,2026-08-21 02:34:25.143351
77:25:85:A6:20:57,None,2026-08-21 02:34:25.819064
60:B8:96:0A:CD:4F,None,2026-08-21 02:36:34.218877
4E:36:6A:56:C5:82,None,2026-08-21 02:36:56.900606
6C:FE:39:B3:22:0C,None,2026-08-21 02:37:09.740756
44:E7:6F:FF:88:76,None,2026-08-21 02:37:15.611567
77:6F:5A:34:1E:D4,None,2026-08-21 02:38:47.001707
63:CD:D1:73:35:82,None,2026-08-21 02:40:17.308674
60:1A:B2:06:AA:DE,None,2026-08-21 02:40:26.081563
7C:BD:2B:89:14:C7,None,2026-08-21 02:40:31.112011
EC:13:1D:65:06:DD,None,2026-08-21 02:41:08.022100
75:B6:75:31:E9:94,None,2026-08-21 02:43:49.229214
CA:CE:18:B2:7F:7E,None,2026-08-21 02:45:00.075441
E6:21:19:41:B1:2F,None,2026-08-21 02:45:00.398262
D0:98:EE:B5:9C:9F,None,2026-08-21 02:45:02.075700
EB:D6:AF:19:CE:99,None,2026-08-21 02:45:02.372088
D2:80:BF:F5:49:8C,None,2026-08-21 02:45:02.387102
F7:D9:45:1C:44:AF,None,2026-08-21 02:45:02.692195
FB:C9:CD:8A:E5:CC,None,2026-08-21 02:45:20.721064
6A:AB:DB:A8:3D:87,None,2026-08-21 02:46:11.422751
E5:1A:18:95:C1:DD,None,2026-08-21 02:47:05.413268
4A:50:22:B9:E7:ED,None,2026-08-21 02:47:09.848248
70:F9:B7:A6:73:E0,None,2026-08-21 02:47:10.054915
DC:81:FA:6A:B3:96,None,2026-08-21 02:47:13.122156
4C:0A:85:AE:34:BF,None,2026-08-21 02:47:27.797286
50:D6:90:41:16:DE,None,2026-08-21 02:47:37.457248
7F:C8:76:89:03:7B,None,2026-08-21 02:47:42.806715
F5:9D:53:0F:26:01,None,2026-08-21 02:48:24.409037
44:DF:7F:1C:EF:A9,None,2026-08-21 02:48:37.546716
40:2B:4C:1A:DC:AC,None,2026-08-21 02:49:34.172907
FC:D0:DF:B7:C7:DC,None,2026-08-21 02:50:03.333297
68:2B:B6:7B:66:98,None,2026-08-21 02:51:16.631750
D9:D1:D4:A1:B6:C4,None,2026-08-21 02:52:01.068240
57:B0:70:66:73:1E,None,2026-08-21 02:52:16.365143
D3:CA:C6:DB:E2:90,None,2026-08-21 02:53:39.639483
4E:42:B9:84:BD:EF,None,2026-08-21 02:53:58.077634
45:AA:C1:D7:00:DA,None,2026-08-21 02:54:29.961854
40:62:B0:60:C0:8F,None,2026-08-21 02:56:15.783904
69:F3:2F:AA:64:71,None,2026-08-21 02:56:17.522153
60:EC:98:4A:35:F4,None,2026-08-21 02:56:18.393885
69:44:9F:43:79:63,None,2026-08-21 02:58:11.073886
7B:6B:A6:AB:37:EB,None,2026-08-21 02:58:21.736426
DD:9B:2A:57:FE:1A,None,2026-08-21 02:58:45.386482
D5:C0:B4:3B:52:13,None,2026-08-21 03:00:00.076208
D0:C6:3A:51:85:59,None,2026-08-21 03:00:00.175556
D3:A7:04:CF:FC:65,None,2026-08-21 03:00:00.185623
C1:EC:DF:A8:A6:D5,None,2026-08-21 03:00:00.397988
E2:13:D3:F4:E7:DC,None,2026-08-21 03:00:00.607021
D8:C0:E3:E6:53:A9,None,2026-08-21 03:00:00.793744
D6:02:5B:2A:56:D1,None,2026-08-21 03:00:07.856840
FC:C7:DE:13:96:86,None,2026-08-21 03:00:17.755508
D0:B4:F3:CE:77:26,None,2026-08-21 03:00:22.683275
7B:C1:BE:E2:CD:6B,None,2026-08-21 03:00:23.404530
D6:D8:74:58:E7:78,None,2026-08-21 03:00:38.857085
66:4F:5D:37:5F:CD,None,2026-08-21 03:01:04.974086
76:33:08:65:90:9A,None,2026-08-21 03:01:06.089075
EF:85:34:7F:90:27,None,2026-08-21 03:01:32.267553
6A:9B:C6:83:AC:8F,None,2026-08-21 03:02:28.180936
7E:53:27:E3:F8:32,None,2026-08-21 03:02:37.609811
D8:56:25:BA:FC:40,None,2026-08-21 03:02:42.533009
53:B6:D3:A2:DA:E8,None,2026-08-21 03:05:03.131600
5E:E0:E5:94:C2:F9,None,2026-08-21 03:05:03.401041
2A:43:D1:8F:EE:33,None,2026-08-21 03:05:03.580657
54:7B:98:9B:C0:CE,None,2026-08-21 03:05:03.898312
41:E6:C3:8F:BB:CB,None,2026-08-21 03:05:26.781513
6D:2D:18:29:3F:05,None,2026-08-21 03:05:26.825708
4D:3C:9D:C5:29:B5,None,2026-08-21 03:06:48.034441
D8:D6:68:F4:C7:9F,TY,2026-08-21 03:07:13.456139
58:DD:F7:DC:AE:68,None,2026-08-21 03:08:57.696032
E5:37:98:3D:72:9E,None,2026-08-21 03:10:41.177027
7E:78:20:25:89:DB,None,2026-08-21 03:11:45.612406
6A:58:5D:51:F6:4C,None,2026-08-21 03:14:02.416319
4E:08:38:EB:ED:52,None,2026-08-21 03:14:20.838116
E3:78:7B:D2:BF:02,None,2026-08-21 03:14:42.745075
C4:B7:74:25:54:25,None,2026-08-21 03:15:00.921767
EC:46:49:BE:98:31,None,2026-08-21 03:15:02.097110
D1:1A:8D:22:25:F2,None,2026-08-21 03:15:02.106050
C1:25:D9:C1:65:42,None,2026-08-21 03:15:03.562870
E9:36:D8:31:97:30,None,2026-08-21 03:15:03.653513
DC:7D:AA:D8:6B:26,None,2026-08-21 03:15:04.229081
C6:C0:4D:DF:8A:84,None,2026-08-21 03:15:04.457983
E6:5B:99:5E:9A:19,None,2026-08-21 03:15:10.514011
4B:F9:44:7F:05:60,None,2026-08-21 03:15:15.938865
7D:83:E8:50:AF:87,None,2026-08-21 03:15:29.074539
D0:76:28:8C:E6:B2,None,2026-08-21 03:15:29.701259
E3:66:07:9F:CE:C7,None,2026-08-21 03:15:30.252682
CB:8F:7F:20:D6:56,None,2026-08-21 03:16:14.468226
7C:2B:E0:DF:AF:92,None,2026-08-21 03:16:25.489443
50:21:C7:30:BF:A1,None,2026-08-21 03:17:29.221181
67:9F:DA:C3:0B:8B,None,2026-08-21 03:17:38.224083
44:4E:6C:8E:F9:38,None,2026-08-21 03:19:28.951629
1F:5E:6D:A9:2D:7D,None,2026-08-21 03:20:13.925710
6C:02:FC:E6:81:56,None,2026-08-21 03:20:24.841563
4B:F2:DC:4D:E2:80,None,2026-08-21 03:21:18.573039
5C:BF:02:13:EE:E8,None,2026-08-21 03:21:35.405280
58:90:AE:0C:C0:30,None,2026-08-21 03:23:37.661334
49:DB:A4:14:50:5A,None,2026-08-21 03:23:37.686030
76:E5:64:D4:7B:5F,None,2026-08-21 03:24:03.474974
7B:D6:44:42:11:C7,None,2026-08-21 03:24:04.900687
5C:36:D8:DB:21:1A,None,2026-08-21 03:24:19.350200
7E:E7:A3:41:D0:67,None,2026-08-21 03:25:21.357688
79:45:26:17:BE:C3,None,2026-08-21 03:25:23.389787
D8:99:24:02:5E:C7,None,2026-08-21 03:25:51.056379
5B:0F:48:58:4C:CF,None,2026-08-21 03:27:13.903675
49:1D:41:10:AE:6B,None,2026-08-21 03:29:50.205980
E1:E2:DF:77:A9:CE,None,2026-08-21 03:30:02.102985
E9:07:6A:9E:BF:B1,None,2026-08-21 03:30:02.136628
CE:D9:12:FC:3A:6F,None,2026-08-21 03:30:02.305858
DD:99:23:FF:6A:7C,None,2026-08-21 03:30:02.384012
FD:A3:76:84:28:A9,None,2026-08-21 03:30:02.749016
DA:E9:19:97:0C:00,None,2026-08-21 03:30:03.505608
D9:CD:32:2E:43:E7,None,2026-08-21 03:30:04.139716
DB:CB:D1:09:E9:F8,None,2026-08-21 03:30:04.621410
F5:44:22:2C:01:C9,None,2026-08-21 03:30:09.556342
F3:A5:4A:7C:59:0C,None,2026-08-21 03:30:20.317759
E3:81:EF:B6:62:E1,None,2026-08-21 03:30:25.659073
C3:78:B6:31:CF:71,None,2026-08-21 03:31:28.140577
79:43:04:9B:58:88,None,2026-08-21 03:32:26.365469
6A:35:DB:83:0C:FA,None,2026-08-21 03:32:37.964002
7F:F9:52:59:55:AA,None,2026-08-21 03:32:40.132003
5D:9A:6B:8E:89:EB,None,2026-08-21 03:33:42.396676
F2:23:5A:F6:60:68,None,2026-08-21 03:34:47.048789
C8:E2:EA:F0:F1:59,None,2026-08-21 03:35:00.660052
7C:2C:1D:A7:55:D7,None,2026-08-21 03:35:19.155966
65:A7:88:83:FA:8E,None,2026-08-21 03:35:19.275496
74:92:BA:B4:B7:D7,None,2026-08-21 03:35:44.456294
74:E2:AC:3C:0C:CF,None,2026-08-21 03:35:49.717616
50:A6:E2:B9:72:2E,None,2026-08-21 03:36:06.039067
60:63:DD:18:DB:86,None,2026-08-21 03:39:30.172368
54:1D:1B:AF:53:C6,None,2026-08-21 03:39:30.435680
65:34:F7:04:96:77,None,2026-08-21 03:40:02.735523
C6:7A:54:D6:3F:E2,None,2026-08-21 03:40:22.314782
46:AF:D9:2F:AC:8B,None,2026-08-21 03:40:22.755395
F3:87:FB:4A:FF:C9,None,2026-08-21 03:40:54.837648
50:C3:59:4E:DF:5C,None,2026-08-21 03:40:59.717851
5A:11:80:D9:9C:F9,None,2026-08-21 03:41:43.904158
67:0F:D4:4C:0E:12,None,2026-08-21 03:43:49.591237
59:09:18:F7:8A:41,None,2026-08-21 03:44:59.258500
CE:F7:6A:70:F8:91,None,2026-08-21 03:45:00.108654
C1:6B:9B:0E:4D:F8,None,2026-08-21 03:45:00.341941
FC:9A:ED:80:40:30,None,2026-08-21 03:45:00.506198
F9:33:2C:F8:21:B5,None,2026-08-21 03:45:03.515229
D6:D8:75:0F:32:87,None,2026-08-21 03:45:04.118682
F5:D6:15:1C:13:F1,None,2026-08-21 03:45:06.518362
D7:2F:21:96:29:7D,None,2026-08-21 03:45:10.648621
CA:37:1D:01:A7:7A,None,2026-08-21 03:45:12.125851
F0:F2:F4:6D:A9:28,None,2026-08-21 03:45:27.349652
4C:71:CA:51:B4:6D,None,2026-08-21 03:45:34.070703
F9:D2:82:59:C4:02,None,2026-08-21 03:45:42.705284
7B:A6:CF:3F:0B:55,None,2026-08-21 03:46:27.944560
76:CF:CA:79:C0:07,None,2026-08-21 03:47:26.962363
55:E4:8A:C3:23:8C,None,2026-08-21 03:47:28.664317
5F:B2:6D:0F:87:6A,None,2026-08-21 03:47:31.742794
D2:D0:92:1F:48:D2,None,2026-08-21 03:47:38.590744
5D:5F:5C:A5:DE:F2,None,2026-08-21 03:47:39.645816
68:F9:AB:AF:97:7B,None,2026-08-21 03:47:47.215175
57:E5:88:AE:8B:4F,None,2026-08-21 03:53:23.785044
64:20:36:00:9B:EA,None,2026-08-21 03:53:26.304967
4A:DE:30:5B:B7:4B,None,2026-08-21 03:53:30.777622
F4:EB:B9:52:B4:29,None,2026-08-21 03:53:30.805743
66:F9:42:D7:62:1B,None,2026-08-21 03:53:33.312881
73:47:29:46:AE:38,None,2026-08-21 03:53:37.483965
79:D8:2C:54:EB:63,None,2026-08-21 03:54:20.053995
52:5C:03:BB:A8:70,None,2026-08-21 03:55:02.317749
5C:24:93:A7:1E:BF,None,2026-08-21 03:55:02.338610
F1:C8:BC:52:4A:91,None,2026-08-21 03:55:52.803684
F7:31:D8:7F:5A:FD,None,2026-08-21 03:56:00.089499
58:20:4B:FE:8B:01,None,2026-08-21 03:56:09.954731
6A:84:DC:7E:65:5E,None,2026-08-21 03:57:22.753731
6A:83:5F:D0:93:2C,None,2026-08-21 03:57:22.811610
52:00:D8:73:43:29,None,2026-08-21 03:57:25.341230
CC:A3:69:4D:DA:92,None,2026-08-21 04:00:00.099774
F2:73:20:EA:A7:FB,None,2026-08-21 04:00:00.111678
F9:59:FB:40:7C:BB,None,2026-08-21 04:00:00.426898
EF:DC:44:24:05:BA,None,2026-08-21 04:00:00.450780
D2:3F:95:C4:82:0D,None,2026-08-21 04:00:01.595418
C7:80:5A:74:E9:2E,None,2026-08-21 04:00:02.525856
F4:07:5B:37:F8:50,None,2026-08-21 04:00:05.169301
FD:31:0E:8A:DF:8D,None,2026-08-21 04:00:05.212902
E4:E0:E8:17:03:13,None,2026-08-21 04:00:12.133155
C2:CE:C1:F6:BE:77,None,2026-08-21 04:00:15.766572
68:70:6C:A0:AB:66,None,2026-08-21 04:00:36.729608
DF:DB:A4:CE:36:FC,None,2026-08-21 04:00:44.742326
4C:5F:0B:FC:81:78,None,2026-08-21 04:00:50.058092
64:37:98:35:0F:9B,RB Meta 01LL,2026-08-21 04:01:54.093530
5A:35:B3:64:55:7A,None,2026-08-21 04:02:06.494417
73:CE:58:64:E4:4A,None,2026-08-21 04:02:28.022012
52:00:1C:25:CC:46,None,2026-08-21 04:02:39.810480
42:7D:59:62:D9:A8,None,2026-08-21 04:03:11.713811
71:52:61:F8:0D:11,None,2026-08-21 04:05:08.275157
40:CB:F7:BD:99:ED,None,2026-08-21 04:05:29.960036
5B:99:DF:05:19:28,None,2026-08-21 04:06:14.098490
5C:B3:FE:32:66:5F,None,2026-08-21 04:07:15.693714
52:99:C7:D1:4A:32,None,2026-08-21 04:09:22.234886
F0:1C:71:63:06:B7,None,2026-08-21 04:11:07.228013
60:97:6A:05:D6:31,None,2026-08-21 04:14:27.290416
F0:1F:C8:EA:25:B7,None,2026-08-21 04:15:00.103739
DB:54:47:47:DA:20,None,2026-08-21 04:15:00.114361
D6:3F:2D:49:F4:2D,None,2026-08-21 04:15:00.118997
E1:87:33:40:03:09,None,2026-08-21 04:15:00.368876
F6:F0:3C:E4:19:DE,None,2026-08-21 04:15:00.473257
E5:8C:38:11:BB:F9,None,2026-08-21 04:15:00.941094
D3:BF:F3:69:13:A6,None,2026-08-21 04:15:01.120942
C8:2C:5B:52:81:EE,None,2026-08-21 04:15:06.195824
F1:D9:4C:B9:4B:11,None,2026-08-21 04:15:51.067746
66:4B:63:70:16:4F,None,2026-08-21 04:16:17.955692
60:B4:A7:BC:C7:2D,None,2026-08-21 04:16:37.291558
E2:EF:FA:29:18:FD,None,2026-08-21 04:16:37.791508
F0:40:28:77:E9:99,None,2026-08-21 04:17:17.041086
43:38:D9:D0:8A:D8,None,2026-08-21 04:17:26.658920
7B:68:7F:3E:01:03,None,2026-08-21 04:17:37.474321
78:BE:01:A0:C8:B5,None,2026-08-21 04:21:05.182631
49:78:9C:0B:A8:74,None,2026-08-21 04:21:18.945475
5D:6E:1C:DB:E9:72,None,2026-08-21 04:21:57.675332
78:CB:08:11:CF:68,None,2026-08-21 04:22:12.459869
4D:6B:C1:95:57:0A,None,2026-08-21 04:22:18.509163
D0:87:4C:D3:FD:13,None,2026-08-21 04:22:31.918838
78:62:0B:85:0C:64,None,2026-08-21 04:22:36.599656
5D:E5:B3:F4:56:C9,None,2026-08-21 04:22:36.669125
7B:BD:82:5B:62:22,None,2026-08-21 04:22:36.867502
D1:8C:1E:96:D7:80,None,2026-08-21 04:22:39.999737
7C:E7:2C:D2:AC:15,None,2026-08-21 04:23:40.899562
48:1A:E0:7C:51:B5,None,2026-08-21 04:24:07.830345
DC:79:24:BD:E1:4C,None,2026-08-21 04:26:15.419650
CC:9D:73:B5:8F:A9,None,2026-08-21 04:26:45.995156
E3:7B:03:4B:96:E4,None,2026-08-21 04:30:00.085401
D0:95:B2:34:58:B9,None,2026-08-21 04:30:00.091375
DC:34:C2:21:C9:A2,None,2026-08-21 04:30:00.096827
CD:BD:D7:59:77:C3,None,2026-08-21 04:30:00.505254
E5:0C:C8:AD:B2:B9,None,2026-08-21 04:30:01.100369
D3:43:65:64:C7:FC,None,2026-08-21 04:30:01.287963
F6:D9:97:95:11:EF,None,2026-08-21 04:30:01.331892
D6:AF:15:61:49:F9,None,2026-08-21 04:30:04.193229
DE:55:7D:83:F1:D1,None,2026-08-21 04:31:06.016435
57:A9:12:23:78:0F,None,2026-08-21 04:32:27.897155
D9:08:0F:25:5F:97,None,2026-08-21 04:32:37.619314
66:7D:7D:80:1B:39,None,2026-08-21 04:32:38.639711
E5:D5:30:BE:78:77,None,2026-08-21 04:32:58.085993
C8:4F:DD:3B:62:54,None,2026-08-21 04:33:10.750242
42:02:7E:E9:A7:A6,None,2026-08-21 04:34:48.318201
7B:6A:31:83:63:D5,None,2026-08-21 04:34:48.723528
56:90:D1:9E:32:0F,None,2026-08-21 04:34:48.781166
61:25:21:A3:5A:24,None,2026-08-21 04:35:49.142525
5F:B3:EB:F6:AD:E6,None,2026-08-21 04:39:44.755362
32:36:39:93:4A:16,None,2026-08-21 04:39:54.911126
54:14:19:3B:B5:F6,None,2026-08-21 04:40:22.388846
55:3A:EE:E6:47:F1,None,2026-08-21 04:40:26.138218
C1:1B:B4:CB:A8:8A,None,2026-08-21 04:40:27.320588
E6:0D:44:4A:E1:3F,None,2026-08-21 04:41:16.696432
79:F7:42:C7:46:D3,None,2026-08-21 04:42:14.504653
7D:F4:7A:9C:9C:57,None,2026-08-21 04:43:51.628054
6F:36:5C:B6:2D:85,None,2026-08-21 04:43:51.945413
4D:A9:68:BD:13:3F,None,2026-08-21 04:43:53.661592
57:B4:F1:12:F9:24,None,2026-08-21 04:44:08.847148
EF:26:70:C4:1D:51,None,2026-08-21 04:45:02.079504
E9:C6:9A:9E:1E:F8,None,2026-08-21 04:45:02.119916
EA:36:4B:BB:EC:00,None,2026-08-21 04:45:02.337729
CE:25:31:1C:21:FC,None,2026-08-21 04:45:02.655440
F6:A3:5C:23:22:30,None,2026-08-21 04:45:04.086593
EC:46:A6:97:1F:30,None,2026-08-21 04:45:04.103596
D4:BF:CB:C8:FC:C6,None,2026-08-21 04:45:04.450704
51:6D:6D:E4:6D:56,None,2026-08-21 04:45:22.621715
E2:3B:68:78:A9:30,None,2026-08-21 04:45:24.650973
C6:8F:82:34:19:32,None,2026-08-21 04:45:52.205426
F6:E4:71:9E:F9:A4,None,2026-08-21 04:46:26.605991
52:D1:61:70:1E:EA,None,2026-08-21 04:47:23.337532
5A:C9:38:FF:2F:88,None,2026-08-21 04:47:23.515061
52:CE:B7:24:4E:0C,None,2026-08-21 04:47:25.830806
7C:02:AE:19:6B:22,None,2026-08-21 04:47:26.112023
7D:3B:39:B0:9E:AA,None,2026-08-21 04:47:36.423847
6C:52:80:5A:1E:E3,None,2026-08-21 04:47:37.238853
51:62:53:90:52:98,None,2026-08-21 04:51:20.817605
CF:D5:49:13:B8:F6,None,2026-08-21 04:52:27.903011
48:15:F8:13:86:A0,None,2026-08-21 04:53:20.470140
FA:84:39:E9:99:91,None,2026-08-21 04:54:32.101119
DA:21:6F:8C:0F:D0,None,2026-08-21 04:56:20.338008
D8:63:04:F5:53:0D,None,2026-08-21 04:56:30.924339
3F:78:69:C1:16:CF,None,2026-08-21 04:59:48.551945
CF:21:D1:56:02:AA,None,2026-08-21 05:00:02.167496
E9:D2:D0:E0:C7:CE,None,2026-08-21 05:00:02.172246
CC:2C:96:FF:FB:45,None,2026-08-21 05:00:02.178683
EA:6C:16:3C:59:97,None,2026-08-21 05:00:02.896993
F9:74:D2:A4:67:EC,None,2026-08-21 05:00:03.347778
E6:32:D3:CC:A0:ED,None,2026-08-21 05:00:04.657013
C3:7E:4D:9A:A7:25,None,2026-08-21 05:00:06.086560
C9:C4:D7:A0:06:CE,None,2026-08-21 05:00:06.367506
5D:4D:CD:DD:FE:3A,None,2026-08-21 05:00:22.977515
CA:D5:FB:23:C3:89,None,2026-08-21 05:00:31.818380
7D:4F:64:DB:2A:19,None,2026-08-21 05:00:53.311131
D0:EE:A3:9D:D5:94,None,2026-08-21 05:01:41.942560
48:9C:04:2C:A8:B9,None,2026-08-21 05:02:04.963932
7D:F6:E9:C3:11:9B,None,2026-08-21 05:02:32.326095
4B:19:36:6C:34:35,None,2026-08-21 05:02:45.027676
39:41:C1:33:6D:1A,None,2026-08-21 05:03:36.303283
DC:E4:FC:3E:7C:CC,None,2026-08-21 05:04:23.103327
76:A2:1E:1B:26:B0,None,2026-08-21 05:04:23.345230
76:36:00:0E:FE:19,None,2026-08-21 05:04:30.700133
61:D0:E1:1B:6E:79,None,2026-08-21 05:04:33.926732
E8:B4:A4:28:22:4F,None,2026-08-21 05:04:33.932641
73:C3:C4:C8:CD:FB,None,2026-08-21 05:04:36.539298
43:7E:27:7E:5F:A5,None,2026-08-21 05:06:50.601934
5C:4D:04:0B:D5:0C,None,2026-08-21 05:07:50.945741
5D:37:33:17:7C:6F,None,2026-08-21 05:08:29.424685
7F:3C:B6:E4:99:9E,None,2026-08-21 05:09:18.704490
62:76:BC:20:D9:69,None,2026-08-21 05:09:18.721034
26:C5:3D:2F:55:F3,None,2026-08-21 05:10:57.665436
E9:52:EB:E0:D2:E5,None,2026-08-21 05:11:25.500453
55:AE:F3:CE:A6:B2,None,2026-08-21 05:11:25.519712
F7:AC:27:F4:0A:1B,None,2026-08-21 05:15:00.093212
C3:1F:32:EE:F5:03,None,2026-08-21 05:15:00.112750
CC:C6:6A:8D:CC:7C,None,2026-08-21 05:15:00.323017
E4:48:08:4C:C1:43,None,2026-08-21 05:15:00.328495
EF:5E:4A:97:84:14,None,2026-08-21 05:15:03.554712
CA:19:F3:A6:89:1D,None,2026-08-21 05:15:04.127414
F9:29:A6:04:B8:3D,None,2026-08-21 05:15:04.350455
C6:F0:99:E2:5D:01,None,2026-08-21 05:15:05.048150
63:64:89:ED:4B:C3,None,2026-08-21 05:15:26.125663
68:4F:DD:5F:DD:08,None,2026-08-21 05:15:31.612551
E9:69:20:A1:CF:2C,None,2026-08-21 05:16:08.742428
D3:47:7A:56:96:9B,None,2026-08-21 05:16:57.452225
7C:DB:DC:35:85:49,None,2026-08-21 05:17:24.040704
43:5E:13:4C:41:0D,None,2026-08-21 05:17:25.779731
64:8A:FE:27:5F:E0,None,2026-08-21 05:17:26.524550
78:9E:00:4B:94:6C,None,2026-08-21 05:17:26.565511
41:D2:3B:DD:BE:D2,None,2026-08-21 05:17:38.713847
27:DA:43:09:CB:D7,None,2026-08-21 05:19:26.785133
7F:89:5B:AA:45:88,None,2026-08-21 05:20:06.272032
68:C9:AB:91:FC:EF,None,2026-08-21 05:20:07.099702
6D:11:71:EB:C6:17,None,2026-08-21 05:21:32.406140
4D:E1:76:C4:5D:E4,None,2026-08-21 05:23:05.384578
48:1F:BA:90:57:FA,None,2026-08-21 05:23:09.216370
70:D0:B1:99:91:18,None,2026-08-21 05:23:09.496842
4A:6E:46:70:33:77,None,2026-08-21 05:23:09.610170
41:8F:02:E7:9E:39,None,2026-08-21 05:23:16.134325
68:30:5C:7D:53:F2,None,2026-08-21 05:24:22.768020
C7:B6:EC:0A:D0:33,None,2026-08-21 05:24:24.091680
4B:37:E4:42:53:A8,None,2026-08-21 05:25:02.197056
EF:DA:8E:16:55:75,None,2026-08-21 05:26:34.687670
55:D4:C9:30:D7:4A,None,2026-08-21 05:26:48.386233
29:B6:77:68:43:0A,None,2026-08-21 05:28:05.214984
EA:FD:20:4D:AC:91,None,2026-08-21 05:28:06.065814
7D:43:01:6C:72:65,None,2026-08-21 05:28:25.918457
D1:12:D6:92:7C:2F,None,2026-08-21 05:30:00.072945
FF:DA:27:39:BF:5B,None,2026-08-21 05:30:00.078817
E1:7A:5A:4F:08:51,None,2026-08-21 05:30:00.102464
E7:DA:84:1D:38:3B,None,2026-08-21 05:30:00.303919
E0:81:26:1F:AB:30,None,2026-08-21 05:30:00.325473
6C:0C:AD:C2:A5:08,None,2026-08-21 05:30:00.428981
E0:06:02:71:02:8C,None,2026-08-21 05:30:06.264627
4E:B3:96:20:E7:76,None,2026-08-21 05:30:06.462940
ED:5A:7E:B0:64:3D,None,2026-08-21 05:30:06.468590
E8:B4:D6:33:08:3B,None,2026-08-21 05:30:26.563386
E5:68:09:86:38:B7,None,2026-08-21 05:31:59.118047
7E:B8:21:74:DE:BF,None,2026-08-21 05:32:08.502627
DD:60:30:C1:01:B5,None,2026-08-21 05:32:18.618950
E8:7A:23:D5:1D:67,None,2026-08-21 05:32:47.079665
66:14:7D:D5:51:AB,None,2026-08-21 05:34:36.915357
64:84:5A:06:20:E6,None,2026-08-21 05:35:04.562268
34:0E:A5:D6:B1:88,None,2026-08-21 05:36:39.650750
ED:25:CB:C0:11:27,None,2026-08-21 05:37:37.916122
51:E0:D2:C7:85:F8,None,2026-08-21 05:38:39.590471
62:A5:48:BE:05:E1,None,2026-08-21 05:39:59.838292
5A:FC:7B:1F:CC:CF,None,2026-08-21 05:39:59.862125
71:7F:70:54:68:49,None,2026-08-21 05:40:00.699315
72:8F:26:25:FB:33,None,2026-08-21 05:40:03.205669
E7:C4:69:41:6D:8D,None,2026-08-21 05:40:04.059060
D5:95:02:EC:D6:D7,None,2026-08-21 05:40:32.269355
D2:FF:02:DC:B0:79,None,2026-08-21 05:40:32.282243
37:74:BE:6C:4E:2A,None,2026-08-21 05:41:25.121731
FE:9D:43:34:05:F4,None,2026-08-21 05:41:42.631206
6E:56:52:38:4F:EE,None,2026-08-21 05:43:03.104646
77:2E:03:0C:0C:4D,None,2026-08-21 05:43:06.826262
C4:B7:1C:EA:DA:B2,None,2026-08-21 05:43:56.225017
C6:BC:8D:1C:F9:44,None,2026-08-21 05:45:00.049234
DE:0A:F3:B9:E5:2F,None,2026-08-21 05:45:00.064231
C3:9D:FB:1F:2B:96,None,2026-08-21 05:45:00.127076
D8:8F:4C:48:09:C0,None,2026-08-21 05:45:00.307260
6E:99:46:11:8A:D2,None,2026-08-21 05:45:02.002238
FF:DB:7F:06:A2:9F,None,2026-08-21 05:45:02.078815
FE:30:22:3F:D4:24,None,2026-08-21 05:45:02.145539
D9:CE:15:54:29:E7,None,2026-08-21 05:45:02.364065
E0:D2:1D:E0:AC:81,None,2026-08-21 05:45:07.997543
0E:70:F5:D5:7F:6B,None,2026-08-21 05:45:36.113225
ED:AE:F3:C4:CC:E5,None,2026-08-21 05:46:02.633889
45:DF:53:BF:0B:64,None,2026-08-21 05:46:55.276290
E9:E5:93:5F:71:2C,None,2026-08-21 05:46:59.742477
EF:69:0C:56:18:7A,None,2026-08-21 05:47:44.289710
55:CC:A9:B0:14:97,None,2026-08-21 05:47:45.259999
69:F6:76:F3:70:2E,None,2026-08-21 05:50:24.822456
78:82:B8:A8:71:7A,None,2026-08-21 05:50:50.940280
5D:C4:C5:9C:75:F9,None,2026-08-21 05:50:53.143322
6D:47:68:90:2D:4A,None,2026-08-21 05:50:58.791652
FF:10:10:AC:42:76,BJ_LED,2026-08-21 05:51:51.065027
6D:A3:0B:3F:E9:D5,None,2026-08-21 05:52:34.183522
FC:C4:62:B7:11:53,None,2026-08-21 05:54:10.168044
4B:F4:71:49:FB:1C,None,2026-08-21 05:54:10.211890
13:67:B4:3E:24:17,None,2026-08-21 05:54:12.167500
E4:92:02:DC:B0:79,None,2026-08-21 05:54:32.668872
2A:F3:91:AE:CC:E6,None,2026-08-21 05:54:58.734824
51:EF:28:F8:8A:8C,None,2026-08-21 05:55:04.315842
63:2A:8E:35:0E:FA,None,2026-08-21 05:55:06.013925
F0:43:29:83:3E:C6,None,2026-08-21 05:56:46.107919
52:EE:35:9F:E8:39,None,2026-08-21 05:57:53.431334
61:71:BD:6B:CD:BA,None,2026-08-21 05:57:53.619987
66:F8:9B:2E:77:2C,None,2026-08-21 05:57:56.049511
FB:A5:57:D1:1F:CF,None,2026-08-21 05:58:09.754596
66:62:40:E3:AA:9A,None,2026-08-21 05:58:37.374764
CC:D5:25:A2:93:9A,None,2026-08-21 05:58:39.545615
E0:19:8F:D8:82:A0,None,2026-08-21 06:00:00.146139
C3:A1:4F:04:BA:D3,None,2026-08-21 06:00:00.248521
EE:29:FA:8B:C3:18,None,2026-08-21 06:00:00.446478
CE:73:6E:C1:43:46,None,2026-08-21 06:00:02.646013
CF:F9:4D:A7:C5:B7,None,2026-08-21 06:00:02.658920
F4:99:9A:19:F6:53,None,2026-08-21 06:00:03.810904
D3:7F:9C:E5:89:61,None,2026-08-21 06:00:04.057322
C8:3A:ED:2D:62:F9,None,2026-08-21 06:00:04.068459
D2:26:FA:5A:9C:A9,None,2026-08-21 06:00:11.755890
0B:EC:5A:2E:D8:7F,None,2026-08-21 06:01:41.026883
DA:00:36:80:95:B9,None,2026-08-21 06:02:10.853652
D0:2B:79:4C:C1:6B,None,2026-08-21 06:02:37.986193
E0:FF:B0:C5:D7:05,None,2026-08-21 06:02:43.108085
7F:9E:BB:B0:86:1B,None,2026-08-21 06:02:49.402798
69:96:EE:75:9A:8B,None,2026-08-21 06:06:29.158469
49:22:24:73:1C:87,None,2026-08-21 06:08:48.794321
6D:F5:1E:88:E0:6F,None,2026-08-21 06:09:44.646946
CE:5E:82:AA:EE:C7,None,2026-08-21 06:09:47.778510
26:F4:EF:34:D2:B4,None,2026-08-21 06:10:58.356957
DB:06:4E:01:F7:7B,None,2026-08-21 06:11:52.588208
48:F5:85:FC:DD:05,None,2026-08-21 06:11:58.496990
DF:C4:67:43:4E:64,None,2026-08-21 06:15:02.057677
CB:06:D5:C3:34:D5,None,2026-08-21 06:15:02.082232
FE:60:28:AF:54:A7,None,2026-08-21 06:15:02.155957
F9:B9:17:F1:0E:40,None,2026-08-21 06:15:02.665422
FE:F3:16:55:38:9D,None,2026-08-21 06:15:04.481118
EB:54:5B:86:7A:57,None,2026-08-21 06:15:04.571506
C8:C4:D3:74:5B:3B,None,2026-08-21 06:15:05.143521
DC:9E:AC:7F:3D:33,None,2026-08-21 06:15:09.297179
DA:A2:87:48:D3:68,None,2026-08-21 06:15:10.694244
69:FC:7C:6A:F5:99,None,2026-08-21 06:15:11.709977
74:C8:6C:9A:AB:23,None,2026-08-21 06:15:57.867449
FF:DC:7A:66:A5:07,None,2026-08-21 06:15:57.885284
5B:9B:6B:57:2F:6A,None,2026-08-21 06:16:19.211239
51:3E:B7:07:9C:F3,None,2026-08-21 06:17:03.630757
78:63:DE:D1:03:28,None,2026-08-21 06:17:33.578039
7B:FD:A7:25:8A:74,None,2026-08-21 06:17:50.878325
D7:96:8C:6B:50:D6,None,2026-08-21 06:17:50.883189
16:9A:72:76:58:C2,None,2026-08-21 06:18:02.282019
67:B3:F1:F9:80:4C,None,2026-08-21 06:18:35.623129
59:CF:A6:F1:87:27,None,2026-08-21 06:19:10.810004
61:C4:14:C7:30:7E,None,2026-08-21 06:19:10.849083
EA:82:9C:1F:77:A1,None,2026-08-21 06:19:10.926256
63:E1:B4:61:AA:E3,None,2026-08-21 06:19:12.651654
C4:F7:50:42:E1:88,None,2026-08-21 06:19:29.592737
53:80:D8:AA:E8:F1,None,2026-08-21 06:19:38.760062
60:A5:33:7F:26:2E,None,2026-08-21 06:19:50.918900
C0:F5:35:B2:CC:F1,SC 220,2026-08-21 06:20:08.262733
40:32:F6:61:9D:B1,None,2026-08-21 06:20:11.978827
7F:C1:B7:4E:3B:D3,None,2026-08-21 06:20:13.178673
79:5F:7E:5E:CB:D4,None,2026-08-21 06:20:20.970695
70:02:04:A2:A7:06,None,2026-08-21 06:20:20.993862
FA:9A:32:97:BA:5D,None,2026-08-21 06:20:40.139966
7B:47:44:5D:DE:FD,None,2026-08-21 06:21:39.639189
49:53:F1:9B:5A:3C,None,2026-08-21 06:25:08.758135
27:C4:C6:56:84:12,None,2026-08-21 06:26:49.104274
F0:8C:AB:8B:15:B6,None,2026-08-21 06:26:55.890787
54:4F:1D:D1:00:CA,None,2026-08-21 06:28:19.971190
77:83:00:D0:C1:66,None,2026-08-21 06:28:24.457789
77:83:00:D1:98:63,None,2026-08-21 06:28:24.464552
4A:A2:F9:EA:FF:4D,None,2026-08-21 06:28:41.113149
75:51:F3:E5:D7:75,None,2026-08-21 06:28:54.550375
EB:90:5E:BC:9D:38,None,2026-08-21 06:30:00.048861
E6:29:8A:3D:1A:73,None,2026-08-21 06:30:00.114128
DF:98:4C:B4:32:A8,None,2026-08-21 06:30:00.203290
E3:6C:73:46:4E:8A,None,2026-08-21 06:30:00.363408
D7:B4:DE:F9:D8:C5,None,2026-08-21 06:30:00.769653
D8:29:22:7E:32:6F,None,2026-08-21 06:30:04.060466
CA:15:F2:C5:0B:E3,None,2026-08-21 06:30:12.642039
5D:54:63:82:8F:C5,None,2026-08-21 06:30:19.579560
DB:C9:7C:F5:14:C9,None,2026-08-21 06:30:39.293495
E5:4E:8D:3A:FD:05,None,2026-08-21 06:30:40.518201
F6:64:9D:4C:F9:AE,None,2026-08-21 06:33:57.777783
74:23:8F:32:8E:97,None,2026-08-21 06:34:00.074541
78:67:0B:DE:C2:47,None,2026-08-21 06:34:39.476364
CE:16:59:92:4E:AE,None,2026-08-21 06:35:28.315502
50:9A:BF:77:09:FA,None,2026-08-21 06:35:34.198050
29:16:6B:4B:F1:53,None,2026-08-21 06:36:27.445278
DC:9E:5B:42:13:D9,None,2026-08-21 06:36:30.955594
19:16:F4:DE:64:79,None,2026-08-21 06:37:47.972338
60:5E:F1:2F:50:A3,None,2026-08-21 06:38:09.715683
4A:C0:68:DF:D0:BC,None,2026-08-21 06:38:10.154908
FC:24:3B:30:A0:F9,None,2026-08-21 06:38:12.515710
6E:45:12:C3:7A:DB,None,2026-08-21 06:38:12.665828
F1:04:F1:6B:6A:32,None,2026-08-21 06:38:18.906024
72:36:BB:72:41:87,None,2026-08-21 06:38:19.165004
6C:8A:2E:EE:57:A6,None,2026-08-21 06:39:29.383223
47:BD:BA:8F:E8:DC,None,2026-08-21 06:39:43.164638
5B:48:A8:84:66:08,None,2026-08-21 06:40:48.419001
60:D5:EA:D1:2D:3E,None,2026-08-21 06:40:48.434910
CE:39:B3:A1:80:C0,None,2026-08-21 06:42:01.838744
4D:4C:C7:AC:4C:9F,None,2026-08-21 06:43:12.279567
29:B5:63:2A:06:C0,None,2026-08-21 06:44:19.686881
D0:64:03:6F:A9:57,None,2026-08-21 06:45:00.107234
C5:3D:E7:96:72:56,None,2026-08-21 06:45:00.402672
F5:06:62:C1:98:2D,None,2026-08-21 06:45:02.037717
F7:8D:2A:3F:36:CE,None,2026-08-21 06:45:02.068378
D9:05:92:15:D7:51,None,2026-08-21 06:45:02.323656
D8:9C:45:41:55:03,None,2026-08-21 06:45:05.759639
CE:BF:37:6B:7E:2F,None,2026-08-21 06:45:11.749548
DE:81:07:B2:FD:59,None,2026-08-21 06:45:13.263841
FF:3F:CD:0F:5A:F5,None,2026-08-21 06:45:15.317663
E0:FE:11:6C:01:86,None,2026-08-21 06:45:48.560328
FA:A2:DC:07:F9:3A,None,2026-08-21 06:46:16.023900
FA:1A:92:79:AA:78,None,2026-08-21 06:48:09.385808
CF:43:E2:EB:60:B5,None,2026-08-21 06:50:30.017862
6F:15:9D:65:8B:6C,None,2026-08-21 06:51:54.077730
ED:6E:7B:C8:CC:3A,None,2026-08-21 06:51:57.490959
69:7A:C3:58:7F:3E,None,2026-08-21 06:52:58.700424
6B:A0:F5:1F:18:3D,None,2026-08-21 06:53:01.202585
6F:49:FA:3F:1F:2B,None,2026-08-21 06:53:17.595698
32:17:A7:0B:6A:C8,None,2026-08-21 06:53:56.207192
54:22:2A:DB:CE:93,None,2026-08-21 06:54:16.719182
F1:93:AD:CA:8B:44,None,2026-08-21 06:57:10.383078
74:4C:B8:3F:74:A7,None,2026-08-21 06:58:22.777778
02:87:B4:57:63:AD,None,2026-08-21 06:59:45.779175
ED:05:2E:A0:9F:5D,None,2026-08-21 07:00:00.013008
C5:13:54:10:A8:86,None,2026-08-21 07:00:00.019993
CE:5B:8C:B6:7A:8B,None,2026-08-21 07:00:00.125978
FA:08:18:98:27:36,None,2026-08-21 07:00:00.149833
EF:C4:CA:C8:DB:FE,None,2026-08-21 07:00:00.740209
DB:2E:5D:3A:61:B6,None,2026-08-21 07:00:01.764172
F2:8C:D3:DB:C5:B4,None,2026-08-21 07:00:06.521108
CA:13:CB:1C:70:64,None,2026-08-21 07:00:08.508317
EF:C8:72:B6:72:8D,None,2026-08-21 07:00:09.841344
EE:E3:73:71:4F:8A,None,2026-08-21 07:00:15.309799
77:47:26:B8:74:7F,None,2026-08-21 07:01:13.676863
76:35:EE:F3:4F:24,None,2026-08-21 07:02:00.382175
61:CB:39:C9:55:39,None,2026-08-21 07:02:00.400576
68:CD:91:4B:74:1C,None,2026-08-21 07:02:37.537256
68:C6:3E:66:38:9D,None,2026-08-21 07:03:10.985636
40:0A:80:0F:04:22,None,2026-08-21 07:03:40.457492
C9:C8:1E:0E:5D:3D,None,2026-08-21 07:04:57.851615
54:20:DC:66:B8:37,None,2026-08-21 07:04:58.166808
6C:4B:30:E1:4E:C2,None,2026-08-21 07:05:34.460566
E4:A8:93:2E:53:E1,None,2026-08-21 07:07:02.229999
EF:70:A9:A9:86:E4,None,2026-08-21 07:07:11.626160
C3:E8:B8:DC:82:73,None,2026-08-21 07:08:07.729345
72:30:BE:5E:75:77,None,2026-08-21 07:08:13.140455
05:43:C3:44:59:EB,None,2026-08-21 07:09:29.707491
C5:87:5C:D6:45:85,None,2026-08-21 07:12:15.663814
67:07:62:73:9F:D2,None,2026-08-21 07:13:07.912502
7A:1A:57:95:2F:D7,None,2026-08-21 07:13:28.955558
CD:B4:E3:9E:D7:7E,None,2026-08-21 07:15:00.080352
F3:2A:75:F2:14:D4,None,2026-08-21 07:15:00.731180
CE:9B:AB:D8:D5:DB,None,2026-08-21 07:15:02.014178
D3:97:98:6E:F5:62,None,2026-08-21 07:15:02.019338
FB:63:8B:C5:EC:CF,None,2026-08-21 07:15:02.337812
C0:27:D9:D9:CB:C9,None,2026-08-21 07:15:04.165967
C3:DA:47:07:D9:52,None,2026-08-21 07:15:15.292628
74:B2:62:51:63:99,None,2026-08-21 07:15:46.537003
F6:83:FE:24:52:04,None,2026-08-21 07:15:52.580433
D1:D5:0B:68:08:15,None,2026-08-21 07:16:13.765188
1E:18:00:69:54:30,None,2026-08-21 07:16:45.904926
63:9D:1B:B6:29:9D,None,2026-08-21 07:17:16.127120
E7:57:78:A2:59:9B,None,2026-08-21 07:17:43.314920
40:24:F7:52:57:CC,None,2026-08-21 07:18:06.492922
6E:27:22:01:CF:9F,None,2026-08-21 07:18:14.678640
43:85:11:E8:30:6F,None,2026-08-21 07:18:14.731126
F9:C7:95:01:99:4B,None,2026-08-21 07:18:20.551258
4C:0C:9E:9E:1F:55,None,2026-08-21 07:18:26.638735
7C:4C:DC:46:97:6A,None,2026-08-21 07:18:48.812369
F5:B4:6E:62:9F:28,None,2026-08-21 07:18:49.586558
4B:70:29:B9:36:3A,None,2026-08-21 07:19:01.083563
F7:42:AB:28:39:3F,None,2026-08-21 07:19:02.533313
5E:E4:CE:9A:1E:BF,None,2026-08-21 07:20:56.613391
DA:7A:56:74:82:A6,None,2026-08-21 07:21:29.166343
41:66:AC:9E:C7:6D,None,2026-08-21 07:22:10.015324
F5:61:06:BB:FC:6C,None,2026-08-21 07:22:32.986277
54:48:1D:A9:A3:EF,None,2026-08-21 07:22:52.315211
41:E6:94:83:92:BB,None,2026-08-21 07:22:59.018606
4E:A3:2F:FF:21:52,None,2026-08-21 07:23:01.635965
6A:B5:C7:69:0A:1B,None,2026-08-21 07:23:07.540258
71:5C:8A:1B:AC:81,None,2026-08-21 07:25:38.168039
C2:B7:F4:2F:94:3A,None,2026-08-21 07:27:29.489914
61:06:1D:CF:9E:0C,None,2026-08-21 07:27:40.912085
7E:23:FC:6F:01:97,None,2026-08-21 07:29:12.947592
47:DE:29:73:39:5E,None,2026-08-21 07:29:13.962355
EA:7D:78:19:D3:5D,None,2026-08-21 07:29:16.399937
09:F7:E2:F8:9C:7F,None,2026-08-21 07:29:58.041597
ED:6E:DB:88:F6:56,None,2026-08-21 07:30:02.302658
EE:F1:ED:11:9F:6F,None,2026-08-21 07:30:02.454034
D0:61:F2:09:59:DC,None,2026-08-21 07:30:03.161033
C7:46:25:03:40:67,None,2026-08-21 07:30:04.090612
E8:0A:89:73:AE:E3,None,2026-08-21 07:30:04.115544
F3:6B:F4:8E:BA:8D,None,2026-08-21 07:30:05.218504
F1:CD:65:11:75:6D,None,2026-08-21 07:30:05.781143
F8:B6:27:C5:4C:8F,None,2026-08-21 07:30:12.067241
3E:66:FF:65:9C:AC,None,2026-08-21 07:30:17.854317
F5:EA:65:54:06:76,None,2026-08-21 07:30:46.454871
61:A1:64:F8:B1:0B,None,2026-08-21 07:31:44.261722
D0:A6:20:EC:D5:D5,None,2026-08-21 07:31:44.288199
7B:C3:CA:FE:43:1B,None,2026-08-21 07:32:29.326040
FF:22:AB:EB:5D:C8,None,2026-08-21 07:33:06.218252
5B:8B:91:8B:C3:CE,None,2026-08-21 07:35:28.626459
5A:AF:0A:06:BA:79,None,2026-08-21 07:35:28.816826
69:44:1F:DA:44:3F,None,2026-08-21 07:35:29.121465
C1:3A:0E:FE:6D:AB,None,2026-08-21 07:35:33.705236
D4:EA:0D:EA:FB:A2,None,2026-08-21 07:35:49.716503
78:58:CA:95:2F:53,None,2026-08-21 07:35:53.847476
F5:C3:D8:59:B0:BF,None,2026-08-21 07:36:33.183489
58:04:46:C7:2C:9F,None,2026-08-21 07:36:43.331772
41:42:A2:1C:6D:B3,None,2026-08-21 07:37:28.562788
7F:58:59:F2:AB:B1,None,2026-08-21 07:37:29.973027
66:FC:F2:0A:22:9F,None,2026-08-21 07:38:10.632086
37:7D:FC:23:6F:47,None,2026-08-21 07:38:22.458410
41:61:60:D8:BC:1D,None,2026-08-21 07:38:39.241414
33:07:80:8A:4E:C8,None,2026-08-21 07:38:39.730227
00:77:D2:52:01:98,None,2026-08-21 07:40:25.353984
F4:63:EF:C0:F7:D2,None,2026-08-21 07:42:28.911958
53:E1:92:51:B2:7B,None,2026-08-21 07:43:04.522961
F1:D0:6C:DF:BC:54,None,2026-08-21 07:44:46.383811
F8:67:08:69:E2:7D,None,2026-08-21 07:45:00.039295
EA:3A:7D:0E:54:90,None,2026-08-21 07:45:00.076953
ED:98:87:50:D9:7A,None,2026-08-21 07:45:00.433170
61:D9:14:42:3C:EC,None,2026-08-21 07:45:00.535664
6A:43:D3:83:8D:B5,None,2026-08-21 07:45:02.775792
FB:B8:D5:FF:EE:9B,None,2026-08-21 07:45:04.038468
EE:4F:E2:0E:21:09,None,2026-08-21 07:45:05.028810
C7:FC:29:BA:65:A1,None,2026-08-21 07:45:09.733576
DC:E5:FE:36:92:79,None,2026-08-21 07:45:11.295402
EC:AF:34:D8:6D:AB,None,2026-08-21 07:45:17.586012
DA:EB:86:89:E5:F3,None,2026-08-21 07:45:25.333043
F4:C7:DB:AF:30:DA,None,2026-08-21 07:45:49.365325
F6:A8:85:CC:EA:AD,None,2026-08-21 07:46:28.088052
E2:1D:5F:94:99:97,None,2026-08-21 07:46:43.066367
49:90:25:84:FE:BB,None,2026-08-21 07:46:44.150433
DD:06:BD:5F:88:F7,None,2026-08-21 07:48:07.583933
44:74:D3:05:66:03,None,2026-08-21 07:48:13.439662
19:03:0F:42:E3:05,None,2026-08-21 07:48:42.612212
D0:34:F0:4E:35:65,None,2026-08-21 07:51:29.918104
4C:3D:C4:0D:86:85,None,2026-08-21 07:51:59.765766
52:A6:09:12:EF:63,None,2026-08-21 07:52:02.211806
6D:A2:52:65:2F:27,None,2026-08-21 07:52:13.928188
40:FB:F7:E2:99:85,None,2026-08-21 07:52:26.657538
53:CD:DB:94:14:CC,None,2026-08-21 07:53:23.485996
60:6E:FC:25:69:E6,None,2026-08-21 07:55:01.141771
69:44:BA:BF:4B:47,None,2026-08-21 07:55:12.569754
52:82:37:3D:C1:28,None,2026-08-21 07:56:08.609749
C0:7C:8C:43:68:E5,None,2026-08-21 07:56:49.453357
18:E7:D4:B2:62:EA,None,2026-08-21 07:57:12.015537
FE:D8:5A:09:E1:F2,None,2026-08-21 07:57:37.676457
41:71:51:28:C5:61,None,2026-08-21 07:59:39.250296
DE:18:5E:7C:21:E6,None,2026-08-21 08:00:00.323640
EC:0E:5B:10:55:0E,None,2026-08-21 08:00:04.049285
EF:8D:8E:2A:D2:E3,None,2026-08-21 08:00:04.551535
FC:D9:5B:07:9F:28,None,2026-08-21 08:00:08.642600
D6:2C:1E:7F:F4:D9,None,2026-08-21 08:00:11.728479
69:59:75:AF:3D:34,None,2026-08-21 08:00:11.853206
EA:A8:BF:AA:48:37,None,2026-08-21 08:00:12.100230
CD:08:C7:B2:EA:AD,None,2026-08-21 08:00:12.128219
C9:18:C6:91:07:E5,None,2026-08-21 08:00:18.101799
C6:36:AF:D6:8E:68,None,2026-08-21 08:00:20.787183
62:7F:64:5B:4E:94,None,2026-08-21 08:00:40.958229
D3:14:C4:C2:F1:4D,None,2026-08-21 08:01:02.891600
63:FB:8A:B5:60:69,None,2026-08-21 08:01:21.947506
E3:0C:F9:99:AD:1F,None,2026-08-21 08:01:24.204346
F7:B9:17:73:A4:7E,None,2026-08-21 08:03:10.939175
C8:63:84:F2:8D:0E,None,2026-08-21 08:04:56.680043
08:A3:74:29:5B:FC,None,2026-08-21 08:06:20.671828
59:DD:48:A1:2D:D9,None,2026-08-21 08:06:38.067322
65:9C:22:DD:31:D7,None,2026-08-21 08:06:38.170490
41:2C:E2:59:61:B3,None,2026-08-21 08:06:52.719204
7E:B5:09:5F:54:53,None,2026-08-21 08:06:53.146194
D1:68:64:40:01:74,None,2026-08-21 08:06:55.688898
55:8D:9A:D3:D6:67,None,2026-08-21 08:06:59.562394
5A:C1:8B:AE:EE:07,None,2026-08-21 08:08:42.587989
65:62:75:AC:D0:78,None,2026-08-21 08:09:48.770569
47:27:CF:EB:38:13,None,2026-08-21 08:11:21.991855
C0:69:95:BD:D4:72,None,2026-08-21 08:12:40.279014
74:13:6E:2C:04:A6,None,2026-08-21 08:12:55.009261
63:45:F6:2E:A9:35,None,2026-08-21 08:12:55.446509
FE:47:5A:96:91:89,None,2026-08-21 08:12:59.355273
40:6C:18:49:E4:41,None,2026-08-21 08:13:06.651156
0C:D1:4E:02:83:1E,None,2026-08-21 08:13:38.356492
E2:CC:BE:59:50:ED,None,2026-08-21 08:15:00.089600
DD:EF:38:16:62:FA,None,2026-08-21 08:15:00.094794
C6:68:55:7A:DB:28,None,2026-08-21 08:15:00.358893
E3:65:CC:7A:32:79,None,2026-08-21 08:15:02.098435
E2:6E:6E:9E:63:35,None,2026-08-21 08:15:02.543987
F8:B7:97:B9:50:C6,None,2026-08-21 08:15:05.757654
E8:0A:09:41:33:FE,None,2026-08-21 08:15:08.876540
C6:F4:94:92:3F:1D,None,2026-08-21 08:15:20.721243
6E:31:20:E0:B5:3E,None,2026-08-21 08:15:37.492903
5F:CE:57:C0:D5:98,None,2026-08-21 08:15:47.730648
F2:41:43:4C:37:00,None,2026-08-21 08:15:59.178911
DF:BF:05:A1:AA:B5,None,2026-08-21 08:16:09.873669
C6:81:02:3F:CB:6E,None,2026-08-21 08:17:29.775529
72:E9:84:CC:B8:36,None,2026-08-21 08:17:30.629068
C4:8F:54:B4:D1:45,None,2026-08-21 08:18:32.559355
70:F7:CE:09:C1:BF,None,2026-08-21 08:18:32.624315
6F:F8:49:DB:6A:A0,None,2026-08-21 08:19:44.023925
57:8B:9A:49:06:03,None,2026-08-21 08:20:09.722716
ED:0B:F6:D7:37:45,None,2026-08-21 08:20:15.556320
78:70:33:C6:DA:AF,None,2026-08-21 08:21:13.734408
4F:A4:FB:21:64:0A,None,2026-08-21 08:21:15.305631
5B:75:17:38:C7:9A,None,2026-08-21 08:21:50.229975
64:C0:FA:6B:9A:5A,None,2026-08-21 08:21:53.353772
1A:A0:B4:6A:90:45,None,2026-08-21 08:22:14.953494
48:32:57:AD:08:40,None,2026-08-21 08:25:53.858167
53:E1:B7:11:BF:F7,None,2026-08-21 08:26:07.014457
C8:92:A2:DB:83:F1,None,2026-08-21 08:27:45.699573
55:B7:9B:3A:C2:92,None,2026-08-21 08:29:16.980453
48:2F:8B:A0:02:08,None,2026-08-21 08:29:20.450451
C5:03:E7:09:D4:04,None,2026-08-21 08:30:00.114569
EA:C2:1B:CD:2D:38,None,2026-08-21 08:30:00.373108
41:9C:8D:46:51:F0,None,2026-08-21 08:30:00.680819
F7:83:5A:DD:46:D5,None,2026-08-21 08:30:00.726264
CD:CB:3B:FC:77:EF,None,2026-08-21 08:30:01.928601
C6:5A:46:BA:6A:33,None,2026-08-21 08:30:02.094037
D6:8C:1B:A4:11:6E,None,2026-08-21 08:30:02.124348
FE:5B:9B:21:FB:EA,None,2026-08-21 08:30:08.852520
FB:91:D3:AA:44:17,None,2026-08-21 08:30:10.446961
D7:8B:38:5A:9E:A6,None,2026-08-21 08:30:13.240533
7F:F6:74:74:81:32,None,2026-08-21 08:31:14.104465
DB:94:9F:FB:7A:AB,None,2026-08-21 08:32:20.148634
62:AC:41:A4:C9:98,None,2026-08-21 08:32:43.472769
2C:7C:E5:8C:BE:EE,None,2026-08-21 08:32:44.602213
5E:C5:2C:84:14:CB,None,2026-08-21 08:32:48.063895
62:9E:C6:6E:9A:BE,None,2026-08-21 08:33:10.898181
F4:DE:48:08:72:97,None,2026-08-21 08:37:13.280869
51:7A:E6:11:AE:D6,None,2026-08-21 08:37:58.595721
C6:FF:84:B1:E3:D6,None,2026-08-21 08:37:58.702420
5A:0D:51:04:83:DC,None,2026-08-21 08:38:14.650166
E9:A2:8D:FB:43:6A,None,2026-08-21 08:38:49.851753
56:EF:BE:24:FD:50,None,2026-08-21 08:38:50.016062
1A:C5:F6:83:DA:A4,None,2026-08-21 08:38:57.515233
5A:6F:E3:2B:62:84,None,2026-08-21 08:39:09.769013
6A:1C:06:64:15:65,None,2026-08-21 08:39:26.077780
53:90:4E:52:2C:5F,None,2026-08-21 08:41:44.420257
53:70:B4:AB:B1:97,None,2026-08-21 08:42:21.390503
FE:AD:A0:9B:00:AF,None,2026-08-21 08:42:54.218077
5A:4F:75:72:A0:0A,None,2026-08-21 08:43:09.383141
45:DE:F9:33:E1:55,None,2026-08-21 08:43:09.998656
4A:A0:A9:7B:BB:BF,None,2026-08-21 08:43:11.871147
5D:B4:2A:98:E3:5D,None,2026-08-21 08:43:12.003013
D3:20:64:6A:09:13,None,2026-08-21 08:45:00.345348
CF:86:A2:40:46:79,None,2026-08-21 08:45:02.075315
E5:4E:98:8C:9D:62,None,2026-08-21 08:45:02.087420
E0:F2:41:A9:CE:67,None,2026-08-21 08:45:02.092919
E7:DA:2F:64:66:10,None,2026-08-21 08:45:02.529491
F4:6A:71:5F:26:A3,None,2026-08-21 08:45:09.007671
CF:36:C6:04:19:90,None,2026-08-21 08:45:10.644576
E0:C7:A2:87:88:37,None,2026-08-21 08:45:14.918687
F3:FD:FD:D1:CA:0D,None,2026-08-21 08:45:30.102442
EF:8E:33:08:09:A0,None,2026-08-21 08:46:08.157177
16:18:ED:F9:14:B6,None,2026-08-21 08:46:32.237727
F7:32:CC:32:70:92,None,2026-08-21 08:46:49.733007
70:4B:70:C9:39:C9,None,2026-08-21 08:47:35.336406
42:9C:42:71:C6:32,None,2026-08-21 08:47:58.243792
66:01:8E:97:C2:C3,None,2026-08-21 08:47:58.249191
48:29:A5:BC:12:3A,None,2026-08-21 08:48:12.832703
C4:58:08:36:20:D5,None,2026-08-21 08:48:19.906924
F8:56:5B:72:45:26,None,2026-08-21 08:50:42.821476
53:DD:78:5F:00:B7,None,2026-08-21 08:52:45.045050
5D:3A:79:A7:DE:53,None,2026-08-21 08:52:45.454070
47:2D:4B:A8:99:00,None,2026-08-21 08:52:45.481026
FB:C2:2A:E7:F7:95,None,2026-08-21 08:52:48.474040
69:49:47:AC:A3:BA,None,2026-08-21 08:52:52.101296
40:75:FF:B9:A4:01,None,2026-08-21 08:53:06.063124
5E:37:F5:62:15:BB,None,2026-08-21 08:53:06.148697
66:8C:FC:BB:1E:1D,None,2026-08-21 08:53:35.780843
52:E5:0E:41:E2:EB,None,2026-08-21 08:53:36.422461
78:05:AD:E2:CE:B6,None,2026-08-21 08:53:36.452902
78:09:F1:2D:09:66,None,2026-08-21 08:54:06.615384
01:64:76:3C:C4:82,None,2026-08-21 08:55:07.579354
67:32:62:5D:DF:EE,None,2026-08-21 08:55:20.612347
D2:4D:FC:7E:4D:EC,None,2026-08-21 08:57:56.557433
7E:92:A7:D9:8E:63,None,2026-08-21 08:59:47.459322
E7:DD:BC:6F:8B:F4,None,2026-08-21 09:00:01.735992
41:4D:19:BF:9C:EE,None,2026-08-21 09:00:01.745675
CB:20:7C:43:FC:B3,None,2026-08-21 09:00:02.027300
C7:50:9E:5A:6E:87,None,2026-08-21 09:00:02.090293
CC:77:9D:BC:69:39,None,2026-08-21 09:00:02.097116
FF:FA:35:0A:91:54,None,2026-08-21 09:00:02.152016
C6:30:37:79:DC:D5,None,2026-08-21 09:00:02.307100
FC:2F:F6:3A:C9:5F,None,2026-08-21 09:00:02.403460
DE:6E:41:73:2F:9D,None,2026-08-21 09:00:04.099613
E0:CE:E0:41:06:F6,None,2026-08-21 09:00:05.007420
F8:E6:38:8E:19:F0,None,2026-08-21 09:00:17.703613
4A:AF:38:29:E3:A7,None,2026-08-21 09:00:48.061565
6F:52:03:34:35:39,None,2026-08-21 09:01:12.028697
23:82:4E:A5:E7:40,None,2026-08-21 09:01:42.722600
DC:67:1D:FB:2D:5B,None,2026-08-21 09:02:30.437226
70:9D:24:FD:F3:1A,None,2026-08-21 09:02:45.785584
E3:9B:F7:2E:7F:A2,None,2026-08-21 09:03:13.362258
54:5C:D9:D5:04:F9,None,2026-08-21 09:03:14.504984
64:C7:3F:35:D3:BA,None,2026-08-21 09:05:32.952497
74:8F:D0:37:69:98,None,2026-08-21 09:08:03.075897
56:73:48:4D:C7:48,None,2026-08-21 09:09:27.403385
75:31:B1:6E:2D:AD,None,2026-08-21 09:10:28.473648
07:00:19:2A:33:CE,None,2026-08-21 09:11:08.246173
46:67:8D:79:D5:1A,None,2026-08-21 09:11:53.688782
7D:E1:D0:1D:90:98,None,2026-08-21 09:12:42.828720
C1:47:61:D9:6E:42,None,2026-08-21 09:13:00.945099
46:7C:D9:8C:53:8C,None,2026-08-21 09:13:10.447201
55:71:E9:95:FE:A8,None,2026-08-21 09:13:11.544155
64:31:FF:25:1B:0E,None,2026-08-21 09:13:11.564246
58:5E:A3:2C:5C:3E,None,2026-08-21 09:13:12.935796
CE:99:24:D1:7C:EA,None,2026-08-21 09:13:13.335132
C6:F1:98:43:9B:11,None,2026-08-21 09:15:00.084208
FC:D7:44:A1:8A:AC,None,2026-08-21 09:15:00.104226
C2:B2:80:BD:3A:B7,None,2026-08-21 09:15:04.099981
C7:60:19:D3:20:5F,None,2026-08-21 09:15:04.538122
F6:A1:6B:6D:52:79,None,2026-08-21 09:15:06.535304
D6:DF:54:D8:F9:F6,None,2026-08-21 09:15:11.281154
FB:28:CD:D6:A9:1B,None,2026-08-21 09:15:19.151330
FF:3D:B6:00:D9:58,None,2026-08-21 09:15:19.568265
CA:44:48:FA:FF:27,None,2026-08-21 09:15:47.425913
5E:06:B0:41:50:21,None,2026-08-21 09:15:53.292826
61:2D:CA:4D:94:3F,None,2026-08-21 09:16:03.747824
CA:02:28:1F:25:C9,None,2026-08-21 09:16:06.506379
6F:28:3F:6E:ED:33,None,2026-08-21 09:16:36.715523
C9:07:87:3E:4B:F7,None,2026-08-21 09:16:37.781755
EF:C8:CF:22:37:85,None,2026-08-21 09:17:05.659353
59:D6:B1:1D:05:D6,None,2026-08-21 09:18:08.443026
0D:2A:94:BB:A2:21,None,2026-08-21 09:18:29.565776
ED:0D:FF:4E:F4:57,None,2026-08-21 09:18:30.883972
2D:B4:C4:50:82:CE,None,2026-08-21 09:18:41.892069
1D:0D:9F:3E:29:09,None,2026-08-21 09:18:42.025726
5F:3C:55:3C:22:E2,None,2026-08-21 09:19:00.088440
46:55:C7:D7:1A:A1,None,2026-08-21 09:20:16.446400
F9:7F:2F:32:91:2C,None,2026-08-21 09:20:34.489034
CD:7A:87:3F:4B:CE,None,2026-08-21 09:21:05.808617
C9:10:3B:A7:34:05,None,2026-08-21 09:22:50.291415
72:EC:F5:0F:8E:5C,None,2026-08-21 09:23:59.886543
78:7C:84:80:66:95,None,2026-08-21 09:24:29.560865
5D:B5:36:CB:94:40,None,2026-08-21 09:24:35.047114
6C:36:99:ED:18:96,None,2026-08-21 09:24:35.244481
72:DB:E5:4F:85:73,None,2026-08-21 09:25:04.179988
7B:C4:BF:0B:0C:6D,None,2026-08-21 09:27:31.317525
D8:F3:D2:87:BA:B0,None,2026-08-21 09:27:32.405229
4B:A5:EF:1E:6B:7A,None,2026-08-21 09:27:32.539242
D6:D1:9F:40:C3:6D,None,2026-08-21 09:28:08.004714
C6:B6:D5:06:AC:53,None,2026-08-21 09:28:23.337119
D2:50:15:5F:D5:2D,None,2026-08-21 09:30:00.080280
F3:03:B7:F4:85:FA,None,2026-08-21 09:30:00.087453
FE:FB:97:D0:90:35,None,2026-08-21 09:30:00.116132
4D:71:AF:94:EF:B8,None,2026-08-21 09:30:00.257657
CD:E7:A0:9E:73:23,None,2026-08-21 09:30:00.390861
D4:F5:5C:1F:CC:4F,None,2026-08-21 09:30:00.411785
56:DD:AA:ED:E1:52,None,2026-08-21 09:30:00.738589
DA:70:1E:50:9F:71,None,2026-08-21 09:30:04.537466
D0:3B:39:59:70:E9,None,2026-08-21 09:30:14.696204
C7:F3:61:36:6A:5D,None,2026-08-21 09:30:18.112759
5A:FC:94:51:F8:BB,None,2026-08-21 09:30:19.085145
C6:63:6A:B5:01:5B,None,2026-08-21 09:30:33.131134
64:B7:A7:1F:93:5E,None,2026-08-21 09:30:33.401005
87:E0:1F:80:8F:AA,JLab GO Tones+-App,2026-08-21 09:30:33.912114
76:F5:95:5E:9E:9E,None,2026-08-21 09:30:42.216487
C6:9C:DC:A6:BC:BE,None,2026-08-21 09:30:48.400525
E6:63:6E:45:71:40,None,2026-08-21 09:30:48.700867
EA:93:6B:6B:E6:10,None,2026-08-21 09:31:11.775632
CB:30:32:96:2D:F3,None,2026-08-21 09:31:22.876995
43:C2:4F:91:1F:CF,None,2026-08-21 09:32:47.742698
66:5A:FE:D1:CE:20,None,2026-08-21 09:33:04.842797
5D:8E:F7:96:62:17,None,2026-08-21 09:33:08.236432
E3:D6:DF:86:61:CB,None,2026-08-21 09:33:21.584516
5E:3B:88:45:6B:4B,None,2026-08-21 09:33:24.508426
59:EF:3F:D8:DB:08,None,2026-08-21 09:33:24.537946
53:B2:E4:C4:C3:7F,None,2026-08-21 09:34:25.849729
5A:C7:61:DC:93:FE,None,2026-08-21 09:34:32.965261
66:EF:F4:7C:CB:BF,None,2026-08-21 09:34:33.293369
6B:17:91:3C:BF:E1,None,2026-08-21 09:34:33.300922
40:89:79:73:AB:9E,None,2026-08-21 09:34:43.157050
51:9C:FD:4D:1A:A9,None,2026-08-21 09:34:55.689357
CE:C3:9C:B4:BB:6E,LE-Beats Solo Buds,2026-08-21 09:35:04.451160
47:6E:5B:57:A4:72,None,2026-08-21 09:35:10.909903
79:B1:19:37:2A:8D,None,2026-08-21 09:36:33.279664
7B:B9:C5:67:70:A5,None,2026-08-21 09:36:53.769617
E3:39:6F:7A:43:42,None,2026-08-21 09:37:07.489391
E2:66:DE:89:69:6C,None,2026-08-21 09:38:04.809228
0E:D0:98:FE:33:2D,None,2026-08-21 09:38:07.427477
7A:B5:90:D3:59:B7,None,2026-08-21 09:39:13.413943
DD:DE:A0:91:34:C4,None,2026-08-21 09:39:34.528701
6C:B1:E5:E6:45:B0,None,2026-08-21 09:41:41.654445
C0:28:64:20:00:33,None,2026-08-21 09:43:15.418424
D2:B1:27:9C:6A:D1,None,2026-08-21 09:45:00.046159
C9:7C:C6:A4:62:6A,None,2026-08-21 09:45:00.109293
FF:EF:A7:F8:CB:79,None,2026-08-21 09:45:00.159351
ED:4B:88:CA:EF:50,None,2026-08-21 09:45:00.426961
D0:AF:AC:87:B5:53,None,2026-08-21 09:45:01.704914
D9:94:26:42:43:28,None,2026-08-21 09:45:02.738320
DB:FD:AC:CF:09:60,None,2026-08-21 09:45:07.947969
E2:A6:99:B3:35:27,None,2026-08-21 09:45:09.252926
F9:2C:A1:56:46:8C,None,2026-08-21 09:46:04.368213
52:B0:67:25:FF:A5,None,2026-08-21 09:46:04.922147
4F:FF:7A:95:EE:4B,None,2026-08-21 09:46:09.201501
43:83:03:D9:15:C3,None,2026-08-21 09:46:19.356371
FE:10:99:8D:35:0B,None,2026-08-21 09:46:34.432646
C7:CD:EE:C3:04:5B,None,2026-08-21 09:47:07.530621
43:CA:7B:53:B4:7B,None,2026-08-21 09:47:22.745581
69:CA:13:EB:C0:5A,None,2026-08-21 09:47:23.804344
F4:67:52:41:F9:C4,None,2026-08-21 09:47:23.831797
5A:71:0F:EC:E4:6A,None,2026-08-21 09:47:26.341182
4D:63:89:80:FD:2F,None,2026-08-21 09:47:51.153636
40:96:C0:53:8B:67,None,2026-08-21 09:50:16.327132
DF:8D:A6:AE:26:EF,None,2026-08-21 09:50:16.847354
C3:6A:ED:D1:AC:DB,None,2026-08-21 09:50:31.349739
4F:12:BE:EA:B8:38,None,2026-08-21 09:50:33.404029
ED:30:51:6D:76:68,None,2026-08-21 09:50:37.357908
F7:CC:EE:2B:A4:77,None,2026-08-21 09:50:38.275950
7A:4F:FE:11:43:FC,None,2026-08-21 09:51:25.601488
56:29:94:5B:78:14,None,2026-08-21 09:51:26.521900
59:0A:D7:24:AE:B3,None,2026-08-21 09:52:22.500355
4F:4E:D7:73:9C:F9,None,2026-08-21 09:53:05.908784
4B:C6:AE:E1:79:04,None,2026-08-21 09:53:14.564857
E9:16:2E:F2:47:B4,None,2026-08-21 09:53:22.000158
7B:86:49:91:02:9B,None,2026-08-21 09:53:22.005886
46:80:90:20:10:73,None,2026-08-21 09:53:41.087301
52:4D:78:1C:1C:30,None,2026-08-21 09:54:07.605138
4B:C5:5A:3E:C2:15,None,2026-08-21 09:54:12.237853
56:F3:2A:44:7E:E3,None,2026-08-21 09:54:24.696420
6B:58:8C:22:81:9D,None,2026-08-21 09:54:24.900935
46:6C:2E:EF:E4:44,None,2026-08-21 09:54:29.184887
F8:A3:EB:0F:4F:B0,None,2026-08-21 09:55:07.589134
61:58:04:57:6A:91,None,2026-08-21 09:56:28.767128
F9:15:94:0A:94:32,None,2026-08-21 09:56:36.014363
0C:70:5A:07:0D:A2,None,2026-08-21 09:56:37.768034
7B:BF:60:5F:E6:84,None,2026-08-21 09:56:51.041530
D0:E9:8C:B3:C6:3E,None,2026-08-21 09:58:22.256134
40:DA:30:E6:4C:B5,None,2026-08-21 09:58:29.757991
6E:EC:E5:74:9F:18,None,2026-08-21 09:58:36.755399
4A:56:A8:47:6E:F9,None,2026-08-21 09:59:56.150244
EF:E1:29:46:83:60,None,2026-08-21 10:00:00.062387
ED:6F:CD:0F:72:09,None,2026-08-21 10:00:00.086117
DE:03:69:2A:37:0B,None,2026-08-21 10:00:00.252485
F9:BA:A8:7D:F1:8B,None,2026-08-21 10:00:00.275270
F8:55:83:6C:38:0B,None,2026-08-21 10:00:00.555548
70:47:8F:B5:06:2D,None,2026-08-21 10:00:01.028528
C5:16:38:A1:17:54,None,2026-08-21 10:00:02.534545
C3:D3:E6:11:0F:50,None,2026-08-21 10:00:03.641953
FD:87:36:2A:37:68,None,2026-08-21 10:00:10.097938
EE:F8:4B:05:D4:4D,None,2026-08-21 10:00:23.694064
DD:26:F1:AD:08:D3,None,2026-08-21 10:00:35.533911
D6:13:5A:1E:00:89,None,2026-08-21 10:01:43.327543
72:FC:4A:98:3E:EF,None,2026-08-21 10:03:03.805112
5B:C8:E4:A5:8D:04,None,2026-08-21 10:03:17.660497
E9:1E:C2:E1:21:F0,None,2026-08-21 10:03:56.855369
C8:DE:03:B4:AB:E5,None,2026-08-21 10:04:16.302124
76:56:0B:BE:42:7A,None,2026-08-21 10:04:36.304303
E8:DE:8F:CC:52:CB,None,2026-08-21 10:06:00.449997
49:1A:51:3C:25:27,None,2026-08-21 10:07:54.906672
66:BE:59:8F:92:C3,None,2026-08-21 10:07:55.152514
52:01:5F:5F:CF:C4,None,2026-08-21 10:08:37.823276
4E:10:38:FF:0C:A2,None,2026-08-21 10:09:02.702640
70:4D:6D:14:CA:91,None,2026-08-21 10:09:02.798503
D7:88:E3:E9:B6:EF,None,2026-08-21 10:09:04.518687
CD:54:C0:A4:43:9B,None,2026-08-21 10:09:06.787918
49:E2:BD:06:2E:4E,None,2026-08-21 10:09:18.306894
C7:89:E1:52:1D:5A,None,2026-08-21 10:09:20.482227
6C:36:B8:03:10:BF,None,2026-08-21 10:11:24.220097
63:60:1A:92:8B:1A,None,2026-08-21 10:11:24.405443
52:0B:82:AF:35:CB,None,2026-08-21 10:11:26.697506
E3:A2:5D:27:CA:92,None,2026-08-21 10:11:49.280663
C9:0B:41:4E:77:ED,None,2026-08-21 10:13:11.209436
DE:AE:0C:9A:E8:4B,None,2026-08-21 10:13:30.589383
45:69:6C:17:E4:1A,None,2026-08-21 10:13:37.761694
65:EA:40:C5:0C:CB,None,2026-08-21 10:14:15.795788
42:C4:1A:D8:4A:AC,None,2026-08-21 10:14:56.390164
67:BF:2C:96:14:42,None,2026-08-21 10:15:01.517485
C2:F5:66:CD:85:E9,None,2026-08-21 10:15:02.060029
6C:32:F9:F4:BC:75,None,2026-08-21 10:15:02.450375
F5:85:39:6D:5F:59,None,2026-08-21 10:15:02.462948
F1:B2:46:AA:1E:8C,None,2026-08-21 10:15:02.470387
C2:3F:EE:D4:25:CB,None,2026-08-21 10:15:02.497085
D9:CE:6D:30:91:4E,None,2026-08-21 10:15:02.569564
72:7F:42:5E:99:15,None,2026-08-21 10:15:03.861206
E6:1D:66:94:73:B4,None,2026-08-21 10:15:03.992173
F9:98:D2:99:BD:F1,None,2026-08-21 10:15:04.076863
7B:DA:2C:EE:88:69,None,2026-08-21 10:15:11.789142
EB:3F:01:0A:2F:48,None,2026-08-21 10:15:16.489282
DB:52:2A:6B:65:FB,None,2026-08-21 10:15:18.813713
E9:16:D3:11:B4:DC,None,2026-08-21 10:16:40.356031
5F:01:EF:24:AC:C8,None,2026-08-21 10:16:40.894669
5F:73:5C:F5:FA:C5,None,2026-08-21 10:16:51.514096
4B:E2:24:E5:1E:3B,None,2026-08-21 10:16:51.542902
C0:4D:D4:7D:D1:5F,None,2026-08-21 10:17:01.989997
D9:E4:E0:39:88:56,None,2026-08-21 10:17:58.103725
65:76:A4:48:28:B3,None,2026-08-21 10:17:58.346271
EB:00:CE:3B:BD:77,None,2026-08-21 10:19:29.821422
4C:7E:DC:2C:47:1D,None,2026-08-21 10:20:05.205313
CC:E8:52:02:9F:E4,None,2026-08-21 10:20:20.123349
41:A8:A9:94:D2:2C,None,2026-08-21 10:20:20.590140
6E:0B:E0:26:89:EB,None,2026-08-21 10:20:56.347663
1D:7C:16:9F:D4:23,None,2026-08-21 10:22:16.010846
A0:85:E3:DE:D2:96,EF-D36C0514,2026-08-21 10:22:28.143018
14:C8:A3:ED:F8:9C,None,2026-08-21 10:24:19.226966
BE:67:00:12:01:75,ELK-BLEDOM05,2026-08-21 10:24:35.584498
46:C1:3C:4A:53:7F,None,2026-08-21 10:24:55.976385
4F:92:8B:9F:9D:A6,None,2026-08-21 10:24:56.236367
64:D8:AA:9D:8F:7B,None,2026-08-21 10:25:02.624317
60:DF:72:38:FF:CA,None,2026-08-21 10:25:53.444074
CD:3A:5F:0A:CD:F4,None,2026-08-21 10:25:53.524222
DC:64:F3:0B:21:6F,None,2026-08-21 10:26:05.140974
7C:CA:30:1D:CB:34,None,2026-08-21 10:28:15.197179
5E:B6:C7:17:8A:DA,None,2026-08-21 10:28:17.365386
EC:D2:78:E7:5F:06,None,2026-08-21 10:28:39.746940
68:41:8A:2C:34:36,None,2026-08-21 10:29:00.084730
C8:57:CB:39:02:57,None,2026-08-21 10:30:00.134707
E1:41:AF:96:81:74,None,2026-08-21 10:30:03.540521
F3:CB:A1:AF:D8:48,None,2026-08-21 10:30:04.261218
D6:32:FA:5A:6B:42,None,2026-08-21 10:30:05.270968
F4:60:9B:95:D9:A9,None,2026-08-21 10:30:05.693086
D8:D3:04:43:15:F2,None,2026-08-21 10:30:06.106734
50:38:DE:2D:D0:00,None,2026-08-21 10:30:07.535889
D0:F9:9F:88:4E:FE,None,2026-08-21 10:30:10.072860
F9:96:42:AA:8F:F6,None,2026-08-21 10:30:14.720524
CE:41:76:E8:25:E9,None,2026-08-21 10:30:17.516186
C0:48:F5:D2:ED:FC,None,2026-08-21 10:30:18.141685
C3:DD:2D:7B:28:84,None,2026-08-21 10:30:53.948438
5F:AC:10:B6:D0:02,None,2026-08-21 10:31:42.291766
7E:92:B1:59:27:68,None,2026-08-21 10:31:53.103647
E5:95:8F:5C:B6:C4,None,2026-08-21 10:32:04.914943
D3:88:CD:A4:2F:C1,None,2026-08-21 10:33:49.982723
D3:7E:30:49:2E:50,None,2026-08-21 10:35:01.891248
3A:89:86:26:37:6F,None,2026-08-21 10:36:06.286827
61:A5:F5:EF:C5:50,None,2026-08-21 10:37:03.373068
E9:EC:9F:4D:93:42,None,2026-08-21 10:37:09.128622
5F:72:A0:42:E2:E9,None,2026-08-21 10:37:15.637018
4C:EB:0F:98:AB:CF,None,2026-08-21 10:38:13.400891
78:66:E1:40:D5:93,None,2026-08-21 10:38:19.628738
43:42:16:5A:DC:61,None,2026-08-21 10:38:27.790214
7B:14:E3:64:A6:C1,None,2026-08-21 10:38:33.426210
5A:6B:DB:83:E6:4A,None,2026-08-21 10:38:33.687160
7E:C7:79:8F:60:14,None,2026-08-21 10:38:35.017389
70:94:92:3A:8E:60,None,2026-08-21 10:38:39.942489
5C:93:DF:A2:0A:C9,None,2026-08-21 10:38:49.074601
6D:C7:EB:93:78:C8,None,2026-08-21 10:38:59.221852
2B:00:D9:29:72:34,None,2026-08-21 10:41:58.094948
EF:1F:F2:55:5A:1C,None,2026-08-21 10:43:43.137969
DA:00:07:73:34:9D,None,2026-08-21 10:45:00.329805
EA:EF:7E:65:CB:54,None,2026-08-21 10:45:00.420639
E1:75:09:86:BB:DD,None,2026-08-21 10:45:01.683522
E1:84:AF:9C:F6:7B,None,2026-08-21 10:45:02.153382
F3:E4:29:EC:A8:59,None,2026-08-21 10:45:03.964411
CD:E4:19:86:84:8D,None,2026-08-21 10:45:04.224263
F1:3E:F1:7A:5F:15,None,2026-08-21 10:45:08.821096
C1:E6:CE:6B:3B:FE,None,2026-08-21 10:45:09.274212
FE:66:AA:D2:0F:03,None,2026-08-21 10:46:26.691394
4E:4F:F6:FC:4A:47,None,2026-08-21 10:46:32.048037
53:79:17:F3:6A:7A,None,2026-08-21 10:46:36.115897
F6:AE:60:78:0F:03,None,2026-08-21 10:47:11.687577
4B:03:12:95:C8:4D,None,2026-08-21 10:47:32.910474
DA:47:CC:31:0E:74,None,2026-08-21 10:47:50.104131
57:C2:01:50:33:8C,None,2026-08-21 10:47:57.194244
62:2F:9D:39:92:4B,None,2026-08-21 10:49:49.956661
51:37:8A:21:8A:8E,None,2026-08-21 10:49:51.405591
5D:9E:03:CA:49:D3,None,2026-08-21 10:49:52.895485
E7:F5:40:E0:28:DF,None,2026-08-21 10:50:19.133602
61:34:AC:C8:4C:02,None,2026-08-21 10:50:25.436995
41:48:A4:2C:6E:B5,None,2026-08-21 10:50:33.703048
1E:B4:FB:DA:90:3D,None,2026-08-21 10:51:58.729233
04:9D:DF:1A:B6:50,None,2026-08-21 10:51:58.962320
4C:81:C1:D6:BD:FE,None,2026-08-21 10:52:48.291396
32:4B:E7:49:53:BD,None,2026-08-21 10:52:54.027726
00:0D:F0:E0:AB:20,None,2026-08-21 10:53:02.884643
45:7B:5F:5C:E0:8F,None,2026-08-21 10:54:06.934081
56:DB:13:9A:51:9D,None,2026-08-21 10:54:35.045118
75:69:EF:66:05:4E,None,2026-08-21 10:54:35.470741
53:81:4F:75:CD:9B,None,2026-08-21 10:54:36.565666
74:26:3D:A8:AE:3B,None,2026-08-21 10:56:24.916838
61:7D:17:95:9C:97,None,2026-08-21 10:58:00.791367
E2:81:36:DA:EB:D5,None,2026-08-21 10:58:01.238891
54:BD:F4:DC:4D:00,None,2026-08-21 10:58:18.530165
61:2D:3D:19:19:C0,None,2026-08-21 10:58:36.380325
66:CE:E2:08:16:09,None,2026-08-21 10:58:36.401820
35:3F:CB:2B:28:40,None,2026-08-21 10:59:31.404671
D0:D3:0A:95:D1:47,None,2026-08-21 11:00:00.023644
FA:96:F4:FF:BA:D1,None,2026-08-21 11:00:00.208781
F4:DA:6A:7C:FE:2E,None,2026-08-21 11:00:00.276754
E3:EB:6E:76:2A:DA,None,2026-08-21 11:00:00.323600
EA:2B:BD:BE:6B:47,None,2026-08-21 11:00:03.271881
7D:30:D7:E1:BC:D9,None,2026-08-21 11:00:03.679836
FE:94:71:B4:4A:E3,None,2026-08-21 11:00:04.193204
D9:D3:83:7F:A7:2F,None,2026-08-21 11:00:10.914412
F9:92:C6:00:55:D0,None,2026-08-21 11:00:10.987564
F1:9F:B6:FF:F0:21,None,2026-08-21 11:00:17.491053
4D:C4:A7:76:C1:33,None,2026-08-21 11:00:49.229672
79:F1:62:A1:8A:E7,None,2026-08-21 11:01:23.145667
C2:B3:A1:FC:91:74,None,2026-08-21 11:02:36.690535
54:1F:9A:F3:FC:FE,None,2026-08-21 11:02:47.877644
CD:17:8A:47:DB:65,None,2026-08-21 11:03:58.222331
ED:77:22:C5:4F:B3,None,2026-08-21 11:05:12.791286
73:97:6D:15:1E:CB,None,2026-08-21 11:05:15.600434
42:EE:B5:60:4D:43,None,2026-08-21 11:05:16.459675
71:F7:57:28:90:9B,None,2026-08-21 11:05:17.460955
FB:B8:14:D7:4F:25,None,2026-08-21 11:05:25.160924
5F:2F:CA:47:E0:1E,None,2026-08-21 11:05:26.054415
F9:AE:A1:19:F1:FC,None,2026-08-21 11:15:01.356832
E8:BE:62:E3:85:3F,None,2026-08-21 11:15:02.089196
DA:9B:09:7D:D6:77,None,2026-08-21 11:15:11.378416
C6:79:95:8A:F5:A4,None,2026-08-21 11:15:14.760607
FF:EE:32:D6:CF:C3,None,2026-08-21 11:15:16.644819
DD:8F:DF:40:87:31,None,2026-08-21 11:15:17.870723
70:BC:06:2F:AD:01,None,2026-08-21 11:15:25.907854
D0:BA:40:1B:78:0F,None,2026-08-21 11:15:40.244645
6D:5E:63:AD:F2:43,None,2026-08-21 11:15:44.617396
C2:DD:5C:B8:66:47,None,2026-08-21 11:15:50.544251
7D:4F:1C:AE:73:7E,None,2026-08-21 11:15:59.657628
53:0D:D6:80:E4:A8,None,2026-08-21 11:15:59.678717
7B:DE:05:66:BA:34,None,2026-08-21 11:16:01.435673
C7:F3:87:03:79:BE,None,2026-08-21 11:16:39.331839
60:51:30:38:CF:C8,None,2026-08-21 11:17:30.016231
F5:40:1E:91:51:D7,None,2026-08-21 11:19:10.711507
4B:ED:92:29:99:FF,None,2026-08-21 11:19:16.426442
7E:A2:C1:83:C0:74,None,2026-08-21 11:19:25.636580
C0:0C:9F:06:C2:D1,L70,2026-08-21 11:19:34.894460
62:0E:D0:9C:EE:00,None,2026-08-21 11:19:52.396864
6A:2D:CC:D7:81:7E,None,2026-08-21 11:20:34.351233
CB:7C:32:42:EB:4B,None,2026-08-21 11:21:31.001288
62:A1:F4:11:E0:EA,None,2026-08-21 11:22:47.568508
6F:5D:19:E1:BF:B7,None,2026-08-21 11:23:06.044220
78:A3:AA:A9:F3:EE,None,2026-08-21 11:23:07.406053
4C:55:F6:45:61:D5,None,2026-08-21 11:24:37.902842
71:54:E4:0C:58:99,None,2026-08-21 11:25:29.195968
66:A6:4C:B0:B6:DE,LE-Bose SoundSport,2026-08-21 11:25:31.286234
7F:29:1A:3C:72:99,None,2026-08-21 11:26:23.854225
7B:F8:76:4B:0F:9E,None,2026-08-21 11:26:35.289892
64:53:37:C7:33:3E,None,2026-08-21 11:26:39.058545
4D:71:FD:65:4F:0A,None,2026-08-21 11:27:09.068180
5C:A5:EE:35:CE:CE,None,2026-08-21 11:27:15.796730
68:F4:85:D6:F2:10,None,2026-08-21 11:28:06.796905
6A:A8:44:A5:74:B6,None,2026-08-21 11:28:06.828319
D7:BF:24:BB:CD:E1,None,2026-08-21 11:30:00.394304
F6:12:41:10:28:AC,None,2026-08-21 11:30:04.272631
D2:5B:F4:ED:13:17,None,2026-08-21 11:30:04.842208
4E:D8:3C:5F:B0:E0,None,2026-08-21 11:30:08.167361
F9:31:04:6E:AB:3D,None,2026-08-21 11:30:20.193350
D4:9B:EC:4B:5E:A7,None,2026-08-21 11:30:20.634150
D4:FC:D8:7D:49:BD,None,2026-08-21 11:30:25.923526
C7:1A:E2:E7:7D:82,None,2026-08-21 11:31:00.859039
67:DD:0B:3E:6F:F8,None,2026-08-21 11:31:28.320425
5D:EB:B4:A6:51:B7,None,2026-08-21 11:32:28.869381
65:E7:BC:9B:F1:14,None,2026-08-21 11:33:03.733950
6A:4B:B7:11:11:B0,None,2026-08-21 11:33:07.115871
69:D3:25:29:CF:1F,None,2026-08-21 11:33:07.481815
C8:56:94:7D:5D:1A,None,2026-08-21 11:34:00.699987
EF:B2:99:EA:EE:54,None,2026-08-21 11:34:19.442062
70:91:65:A6:D4:B4,None,2026-08-21 11:34:32.061331
70:CF:C1:4E:B7:D6,None,2026-08-21 11:34:40.173494
E5:CF:BB:36:23:02,None,2026-08-21 11:34:40.187491
1C:CC:97:53:42:50,None,2026-08-21 11:34:56.937037
5A:A4:20:35:98:5B,None,2026-08-21 11:35:24.327304
5B:3B:C3:43:97:65,None,2026-08-21 11:35:31.205995
76:F1:EC:FE:8D:07,None,2026-08-21 11:35:48.754712
42:C5:BC:45:0F:CC,None,2026-08-21 11:37:09.906105
78:D7:3F:D4:FE:34,None,2026-08-21 11:37:35.704371
1C:DF:75:58:E1:A6,None,2026-08-21 11:38:49.032722
58:1D:60:D1:C7:F2,None,2026-08-21 11:39:04.703457
F3:47:C4:72:20:33,None,2026-08-21 11:41:00.739962
72:82:BD:2C:6E:D4,None,2026-08-21 11:42:33.824801
CE:4E:1C:16:14:2E,None,2026-08-21 11:45:02.392582
DB:13:95:89:DF:83,None,2026-08-21 11:45:04.131657
47:CE:E2:91:AD:31,None,2026-08-21 11:45:07.423731
EE:1B:6D:4D:A0:79,None,2026-08-21 11:45:09.452263
F0:61:66:85:32:75,None,2026-08-21 11:45:15.225642
FE:A5:BE:69:9E:5E,None,2026-08-21 11:45:18.196805
DD:86:D5:48:CB:99,None,2026-08-21 11:45:21.772996
78:50:17:73:3E:B7,None,2026-08-21 11:45:46.031179
78:CC:1E:E4:65:53,None,2026-08-21 11:45:46.391963
70:86:D3:A9:62:02,None,2026-08-21 11:45:50.143453
49:13:A7:BA:7C:FE,None,2026-08-21 11:45:52.446551
CB:37:FA:DE:06:E0,None,2026-08-21 11:46:28.714364
40:8F:47:78:19:AE,None,2026-08-21 11:47:09.693972
51:7F:B9:EB:62:5C,None,2026-08-21 11:47:25.377210
30:26:07:83:86:D6,None,2026-08-21 11:47:39.529098
E8:BD:21:D7:B5:37,None,2026-08-21 11:48:00.475014
62:2A:6C:F0:F7:B6,None,2026-08-21 11:48:39.184546
59:07:5A:82:F0:1A,None,2026-08-21 11:48:40.382470
69:97:DA:D0:F3:9F,None,2026-08-21 11:48:55.451004
72:AF:80:69:37:5F,None,2026-08-21 11:49:38.250977
EF:15:3E:C9:B7:DC,None,2026-08-21 11:49:50.157116
F7:F7:D6:4D:95:DE,None,2026-08-21 11:49:51.550590
D6:CE:3B:46:4C:59,None,2026-08-21 11:50:38.599585
47:5F:C8:4A:8A:94,None,2026-08-21 11:51:00.963525
43:FD:AF:2B:A6:96,None,2026-08-21 11:51:57.377005
59:64:6B:80:60:FB,None,2026-08-21 11:52:28.688920
54:2A:41:79:D2:C4,4,2026-08-21 11:53:09.727467
D8:26:3E:B4:05:6F,None,2026-08-21 11:54:04.725609
49:6A:18:BB:F9:FB,None,2026-08-21 11:54:30.873608
4F:67:48:4E:CF:5C,None,2026-08-21 11:56:13.162606
72:8D:CC:DE:D6:C8,None,2026-08-21 11:57:14.524150
59:58:10:FB:64:F7,None,2026-08-21 11:57:15.108426
4F:50:DA:F7:51:51,None,2026-08-21 11:57:15.688400
63:9F:5C:31:2A:FF,None,2026-08-21 11:57:15.857091
45:FE:23:8E:20:E7,None,2026-08-21 11:59:00.834509
70:9F:BE:AE:08:B0,None,2026-08-21 11:59:30.666359
6E:FC:BC:2F:3B:C6,None,2026-08-21 11:59:57.689013
D1:7B:DD:21:AF:60,None,2026-08-21 12:00:02.410342
C1:AB:3C:11:37:76,None,2026-08-21 12:00:03.105491
D4:10:08:1A:DA:A5,None,2026-08-21 12:00:03.487428
C1:2E:67:C5:53:8C,None,2026-08-21 12:00:03.735881
70:55:E3:10:DC:F9,None,2026-08-21 12:00:51.850099
E3:B5:C2:AC:BA:F7,None,2026-08-21 12:01:00.375326
E1:DD:FE:7C:B9:23,None,2026-08-21 12:01:05.222754
47:60:CF:57:80:40,None,2026-08-21 12:01:37.367441
77:0D:AB:98:9C:B1,None,2026-08-21 12:01:42.748570
DF:82:C0:FA:A7:09,None,2026-08-21 12:01:47.715414
71:B9:CE:D6:BA:81,None,2026-08-21 12:02:25.152213
EB:08:84:F6:37:04,None,2026-08-21 12:02:26.949855
CD:50:15:58:9B:9F,None,2026-08-21 12:02:53.555742
4C:5F:79:EF:26:69,None,2026-08-21 12:03:00.332079
CA:86:71:53:B3:E8,None,2026-08-21 12:03:27.042598
EE:BE:6C:67:23:4D,None,2026-08-21 12:03:41.946594
7C:C5:B2:6C:AE:B6,None,2026-08-21 12:05:48.542689
CC:2A:6C:0B:AE:2D,None,2026-08-21 12:06:02.815338
54:79:25:2B:1B:97,None,2026-08-21 12:07:08.651444
5D:0F:C8:F2:24:0B,None,2026-08-21 12:07:23.735699
D9:CF:4D:8E:9E:60,None,2026-08-21 12:07:23.973182
EB:BF:AE:19:4B:C3,None,2026-08-21 12:07:26.598337
65:4F:F2:76:68:77,None,2026-08-21 12:07:30.784334
DA:46:DE:35:4B:67,None,2026-08-21 12:08:46.105915
47:E3:FD:74:1F:C9,None,2026-08-21 12:09:14.956835
7F:AA:9E:04:77:A9,None,2026-08-21 12:09:14.975641
53:6A:E6:B8:4F:75,None,2026-08-21 12:10:02.384275
6C:13:31:CB:D4:E7,None,2026-08-21 12:10:02.393704
54:FA:B9:73:6E:88,None,2026-08-21 12:10:02.605313
64:15:B8:42:E8:31,None,2026-08-21 12:10:59.133776
53:79:DF:27:D1:E1,None,2026-08-21 12:11:43.666361
6D:50:98:99:83:45,ADBV52JG234158,2026-08-21 12:13:35.976077
73:BF:49:DA:BB:BC,None,2026-08-21 12:13:59.448044
5F:5B:8F:4E:48:1A,None,2026-08-21 12:13:59.659656
77:84:2A:D2:6F:D9,None,2026-08-21 12:14:07.458922
4C:29:0E:89:AE:AA,None,2026-08-21 12:14:10.562920
5B:E5:CC:B9:3E:51,None,2026-08-21 12:14:17.820530
C8:4F:E7:8A:CA:2C,None,2026-08-21 12:15:00.370052
F5:EE:04:2C:DD:C9,None,2026-08-21 12:15:02.178489
C0:B8:4B:CB:C6:33,None,2026-08-21 12:15:03.051295
F1:67:37:34:B2:A2,None,2026-08-21 12:15:08.461463
67:D2:AB:4D:37:80,None,2026-08-21 12:16:36.300472
4E:7C:ED:CB:5F:AC,None,2026-08-21 12:16:39.234878
59:D0:59:05:93:58,None,2026-08-21 12:16:39.292253
52:2D:E5:F9:F3:F0,None,2026-08-21 12:17:06.599659
5B:03:BA:43:3E:19,None,2026-08-21 12:17:22.561245
D1:97:72:44:E5:F0,None,2026-08-21 12:17:57.732454
F2:BB:A9:A6:D3:A5,None,2026-08-21 12:17:59.500452
4F:CD:05:34:8C:66,None,2026-08-21 12:18:00.358362
C1:43:72:54:72:AC,None,2026-08-21 12:18:14.682475
68:5D:6A:09:EB:28,None,2026-08-21 12:18:21.072126
6E:63:E2:BF:2D:E8,None,2026-08-21 12:18:47.420413
57:94:D8:85:4C:1E,None,2026-08-21 12:19:21.593081
C8:F8:8A:4F:6F:00,None,2026-08-21 12:19:28.354565
74:05:42:22:3A:3B,None,2026-08-21 12:20:41.371412
C2:04:65:55:2E:D7,None,2026-08-21 12:22:18.806904
6A:9D:EA:D8:1D:EA,None,2026-08-21 12:22:25.969976
E5:2E:30:D5:0B:AC,None,2026-08-21 12:22:32.618152
71:5F:55:C2:BA:ED,None,2026-08-21 12:24:27.951707
DE:2C:D5:B9:FC:D2,None,2026-08-21 12:25:10.017421
68:8E:02:4E:C0:2E,None,2026-08-21 12:26:25.873217
D2:B0:1B:F6:51:3A,None,2026-08-21 12:26:39.276246
67:65:F2:C3:5F:65,None,2026-08-21 12:26:44.824997
40:69:03:B9:6D:B0,None,2026-08-21 12:26:44.863561
4D:59:B3:6B:90:B6,None,2026-08-21 12:26:53.682790
67:AC:F8:47:10:27,None,2026-08-21 12:27:49.898454
5E:E4:F7:60:5F:E7,None,2026-08-21 12:27:50.037929
CC:1B:02:3A:F6:B3,None,2026-08-21 12:30:02.147916
D3:90:10:91:F5:01,None,2026-08-21 12:30:06.036553
DE:75:BF:FF:BD:E4,None,2026-08-21 12:30:06.539800
56:52:F4:96:26:70,None,2026-08-21 12:30:20.253501
6F:A1:C2:8B:A9:8C,None,2026-08-21 12:30:24.276726
C8:52:E9:62:12:EE,None,2026-08-21 12:30:25.544865
F9:00:A5:46:67:62,None,2026-08-21 12:30:38.836988
D8:B7:7F:CF:B5:55,None,2026-08-21 12:31:41.936483
79:06:AB:39:0D:2C,None,2026-08-21 12:31:42.508799
4C:C5:69:69:DA:A9,None,2026-08-21 12:32:03.219404
CF:9C:D2:E7:75:1A,None,2026-08-21 12:32:32.736880
F9:E2:BB:08:9C:48,None,2026-08-21 12:33:01.202735
6E:E6:9D:1B:82:5F,None,2026-08-21 12:33:09.169868
E0:CB:76:48:B0:4F,None,2026-08-21 12:33:15.619068
51:83:66:4B:6D:A3,None,2026-08-21 12:34:52.119044
C6:58:F0:3D:94:BC,None,2026-08-21 12:35:15.888139
53:E4:08:89:03:8F,None,2026-08-21 12:35:40.489089
53:05:F5:F9:17:54,None,2026-08-21 12:36:17.793601
77:0B:CE:B4:DF:F4,None,2026-08-21 12:36:44.394707
7D:10:40:EE:11:90,None,2026-08-21 12:36:45.441081
FE:ED:BF:3F:85:EC,None,2026-08-21 12:36:45.721793
62:C1:FA:7F:B6:72,None,2026-08-21 12:37:33.061385
5C:A8:D3:ED:3B:F1,None,2026-08-21 12:37:49.343691
52:80:22:6B:87:CB,None,2026-08-21 12:38:36.529010
C0:CF:8E:E1:6C:7C,None,2026-08-21 12:39:34.313065
7E:8C:A7:59:27:F8,None,2026-08-21 12:39:48.987278
7F:5E:53:14:16:EE,None,2026-08-21 12:42:16.767445
47:C2:C7:FB:F4:44,None,2026-08-21 12:43:56.700528
6B:D6:E8:2C:97:AC,None,2026-08-21 12:43:57.060553
52:B9:2C:A3:3D:D8,None,2026-08-21 12:44:08.018743
FD:BB:44:F1:0E:D3,None,2026-08-21 12:44:11.224403
7A:87:A0:43:24:00,None,2026-08-21 12:44:23.467813
66:73:6E:9B:2C:70,None,2026-08-21 12:44:23.934198
4E:64:30:62:8C:6A,None,2026-08-21 12:44:30.129423
4F:8E:44:60:80:6D,None,2026-08-21 12:44:36.048668
F7:6B:B4:81:60:28,None,2026-08-21 12:45:00.212935
FA:CE:C0:49:FB:54,None,2026-08-21 12:45:00.586451
D8:A7:C0:77:F7:9E,None,2026-08-21 12:45:07.669108
DE:D8:78:C4:3D:0B,None,2026-08-21 12:45:12.908790
D0:18:93:09:B4:C8,None,2026-08-21 12:45:14.158466
1B:CB:31:7B:A8:39,None,2026-08-21 12:45:14.887650
79:5A:84:1E:9F:FA,None,2026-08-21 12:45:39.412941
6E:7E:2D:2F:4D:1A,None,2026-08-21 12:46:03.725335
4E:0A:BE:B0:AB:A4,None,2026-08-21 12:46:17.253669
EF:70:61:05:33:50,None,2026-08-21 12:47:07.965837
66:C1:A9:D9:4D:66,None,2026-08-21 12:47:13.974178
F2:EC:44:D6:22:FB,None,2026-08-21 12:47:57.266712
0D:D5:42:2F:EC:81,None,2026-08-21 12:48:04.687460
6E:E4:0B:10:BA:E0,None,2026-08-21 12:48:52.473764
6A:C4:E4:36:D3:4B,None,2026-08-21 12:49:04.582661
4C:0E:FE:45:13:58,None,2026-08-21 12:50:52.923619
57:DA:1A:68:64:B2,None,2026-08-21 12:50:52.945606
6E:AD:73:DB:5F:F8,None,2026-08-21 12:51:35.584161
E5:E3:78:F5:94:7C,None,2026-08-21 12:52:29.501370
4C:73:EB:B4:F5:53,None,2026-08-21 12:53:11.955650
56:A1:29:20:29:73,None,2026-08-21 12:54:31.148731
76:D2:30:CE:1C:B5,None,2026-08-21 12:54:32.229689
78:CB:41:46:D0:1A,None,2026-08-21 12:54:32.304223
79:82:C7:15:B6:6B,None,2026-08-21 12:55:12.349097
6A:56:8B:7B:61:CC,None,2026-08-21 12:56:20.418274
F8:12:60:53:4C:D0,None,2026-08-21 12:57:27.824361
10:47:04:58:7D:BB,None,2026-08-21 12:58:52.460203
41:75:EE:2F:1C:27,None,2026-08-21 12:59:17.747548
EF:28:C7:91:CD:3D,None,2026-08-21 13:00:06.171683
C6:B0:41:7F:5D:22,None,2026-08-21 13:00:06.201523
FE:13:36:F3:79:F9,None,2026-08-21 13:00:12.953038
1E:67:18:B1:3C:81,None,2026-08-21 13:00:14.972717
6B:49:04:51:56:51,None,2026-08-21 13:00:19.900009
DE:CB:AC:BE:19:09,None,2026-08-21 13:00:34.623524
66:40:CC:D4:C7:08,None,2026-08-21 13:01:02.276166
40:99:A2:9B:19:C4,None,2026-08-21 13:01:03.338898
E6:06:D3:07:4A:68,None,2026-08-21 13:01:03.819026
4C:E8:88:C9:BE:DC,None,2026-08-21 13:01:10.353044
CD:20:BE:E2:5D:28,None,2026-08-21 13:02:00.227556
64:53:C1:E3:C3:C9,None,2026-08-21 13:02:05.301155
CC:38:8D:F8:8A:A3,None,2026-08-21 13:02:20.806812
4D:4D:C0:BA:65:0F,None,2026-08-21 13:03:31.797931
41:C3:4A:D8:44:5A,None,2026-08-21 13:03:33.309128
DE:00:C4:28:C5:5F,None,2026-08-21 13:03:34.383405
F4:13:BD:04:23:D3,None,2026-08-21 13:04:17.795176
41:63:48:4D:11:49,None,2026-08-21 13:04:20.911879
73:63:3F:40:9C:5C,None,2026-08-21 13:05:11.311372
EB:6B:05:06:5E:4E,GBK_H6114_5E4E,2026-08-21 13:05:17.225573
74:02:70:BA:CA:A0,None,2026-08-21 13:05:18.211945
ED:15:AF:2E:6C:61,None,2026-08-21 13:05:18.250284
4C:8A:DE:05:B2:6C,None,2026-08-21 13:06:55.499161
55:AC:AC:88:39:FF,None,2026-08-21 13:08:13.561075
66:41:FF:D1:21:19,None,2026-08-21 13:08:23.195821
3B:EB:CC:FF:E1:12,None,2026-08-21 13:08:30.532630
CE:C4:BD:2A:C2:B3,None,2026-08-21 13:08:42.799944
11:44:44:B0:41:C9,None,2026-08-21 13:08:43.943073
40:C9:3E:4B:A6:1C,None,2026-08-21 13:10:14.816524
57:A8:0F:6A:13:59,None,2026-08-21 13:10:16.176589
53:FC:C0:9B:FF:82,None,2026-08-21 13:10:21.817049
7B:89:86:88:39:06,None,2026-08-21 13:10:42.863258
75:94:CE:91:ED:FB,None,2026-08-21 13:11:44.284292
4D:E0:B9:2C:4A:4C,None,2026-08-21 13:11:45.142533
66:4C:1A:76:8D:51,None,2026-08-21 13:13:08.661730
43:47:A9:0A:EA:9D,None,2026-08-21 13:13:32.128265
42:36:6C:51:CA:76,None,2026-08-21 13:13:33.932320
F9:29:13:77:01:AF,None,2026-08-21 13:14:07.867015
43:27:E6:6E:F6:86,None,2026-08-21 13:14:22.460213
C4:7E:0C:31:6B:18,None,2026-08-21 13:15:02.185947
CC:B8:D1:92:26:C9,None,2026-08-21 13:15:03.511528
21:3D:D7:3F:E9:D4,None,2026-08-21 13:15:08.344496
D9:AB:02:73:EF:91,None,2026-08-21 13:15:09.497404
C8:E2:EC:BE:6E:09,None,2026-08-21 13:15:46.212224
47:C7:F6:70:AE:C9,None,2026-08-21 13:16:26.645928
20:3F:38:5C:38:4E,None,2026-08-21 13:16:43.166999
E7:D7:49:70:D0:59,None,2026-08-21 13:17:11.329330
6F:E6:EE:6A:F3:3F,None,2026-08-21 13:17:11.911279
6E:09:D9:DA:59:9E,None,2026-08-21 13:17:15.683013
72:C9:21:61:B7:D8,None,2026-08-21 13:17:16.449622
E0:D4:88:E3:B1:96,None,2026-08-21 13:18:00.985043
C6:CB:68:25:A1:5A,None,2026-08-21 13:19:15.646401
01:96:C9:A9:95:1E,None,2026-08-21 13:19:40.903619
4E:26:BB:E7:9A:8E,None,2026-08-21 13:20:23.034336
62:9D:68:81:96:A6,None,2026-08-21 13:21:50.561562
14:87:4F:0C:CB:2D,None,2026-08-21 13:21:51.012722
0E:1B:28:2D:18:ED,None,2026-08-21 13:23:10.596074
53:D7:06:78:DD:D9,None,2026-08-21 13:25:50.926423
5E:19:7E:90:62:8E,None,2026-08-21 13:26:00.932997
51:E1:40:33:60:33,RB Meta 01LL,2026-08-21 13:26:48.548179
47:68:59:FA:8F:41,None,2026-08-21 13:26:53.787118
6C:3E:1F:3D:13:D4,None,2026-08-21 13:27:02.104268
40:D9:3E:6E:E9:31,None,2026-08-21 13:29:03.020896
47:B6:89:43:CC:5A,None,2026-08-21 13:29:07.508691
F6:A9:93:76:EB:C0,None,2026-08-21 13:29:07.527622
5B:C9:08:01:0A:54,None,2026-08-21 13:29:29.261841
ED:7C:12:8E:7C:B9,None,2026-08-21 13:30:01.769344
ED:E7:47:47:85:D6,None,2026-08-21 13:30:05.396807
CA:AB:EB:B3:C4:CB,None,2026-08-21 13:30:06.310589
FD:FD:12:7F:63:7B,None,2026-08-21 13:30:08.158800
D6:12:25:45:4A:C2,None,2026-08-21 13:30:12.414287
11:88:EE:F1:31:48,None,2026-08-21 13:30:22.971197
2C:DC:A2:79:FF:B3,None,2026-08-21 13:30:52.674270
DE:6F:22:E1:85:F0,None,2026-08-21 13:31:00.046611
4A:AB:AB:B2:73:53,None,2026-08-21 13:31:38.331091
67:21:E7:55:8B:6D,None,2026-08-21 13:32:13.915338
48:61:8B:AF:BC:F2,None,2026-08-21 13:32:38.110340
55:82:B0:E1:3E:15,None,2026-08-21 13:32:40.066755
4E:77:86:44:61:40,None,2026-08-21 13:32:45.725150
EA:1E:F4:0E:08:29,None,2026-08-21 13:32:55.436835
7E:DB:BF:DA:C2:80,None,2026-08-21 13:33:34.680288
66:18:A4:3A:E2:88,None,2026-08-21 13:33:41.629658
59:12:DB:54:7D:CE,None,2026-08-21 13:33:48.451215
C4:1F:8B:E1:8C:E9,None,2026-08-21 13:33:49.440699
E0:11:24:30:6B:DD,None,2026-08-21 13:36:44.943269
7C:02:4C:FB:FC:E4,None,2026-08-21 13:36:45.391888
48:81:A3:A3:53:7E,None,2026-08-21 13:36:45.512615
51:D2:F8:C4:43:10,None,2026-08-21 13:36:45.583008
C5:6A:09:FB:9A:A9,None,2026-08-21 13:37:13.970143
62:54:FB:03:92:1D,None,2026-08-21 13:38:40.505443
CC:77:3F:4E:1F:63,None,2026-08-21 13:39:15.389793
4B:5F:AA:27:71:CA,None,2026-08-21 13:42:26.104118
7A:40:5F:85:72:65,None,2026-08-21 13:43:04.047902
54:97:3F:35:4E:13,None,2026-08-21 13:43:38.921959
E3:5A:1A:14:C5:A3,None,2026-08-21 13:45:02.426974
F1:FC:81:E0:B5:1A,None,2026-08-21 13:45:03.526816
D5:3A:24:98:28:03,None,2026-08-21 13:45:16.180596
F7:10:D1:71:B5:D9,None,2026-08-21 13:46:26.069155
E3:A6:16:BE:F8:FD,None,2026-08-21 13:46:30.588591
D3:2B:88:18:9C:FF,None,2026-08-21 13:46:49.187887
6A:5E:FA:D3:7D:8F,None,2026-08-21 13:47:13.676712
CB:F0:5E:15:1D:B3,None,2026-08-21 13:47:29.242455
48:F7:28:D5:42:9A,None,2026-08-21 13:50:24.877332
C1:5E:47:F3:F3:70,None,2026-08-21 13:50:38.766032
77:D0:7B:D0:B7:BA,None,2026-08-21 13:50:40.497807
45:B3:95:85:15:2D,None,2026-08-21 13:50:41.232886
5F:10:24:A1:D1:F9,None,2026-08-21 13:50:48.236583
FB:E7:BD:17:F3:3C,None,2026-08-21 13:51:15.774186
4C:00:A9:37:8A:B8,None,2026-08-21 13:51:15.951874
54:F6:BF:FD:71:8C,None,2026-08-21 13:51:22.967059
4F:18:19:B3:22:2F,LE_WF-C500,2026-08-21 13:51:35.714980
4E:BF:81:DF:24:9E,None,2026-08-21 13:51:54.681406
5B:EA:F4:19:17:67,None,2026-08-21 13:52:11.388029
64:3C:2E:3D:EE:33,None,2026-08-21 13:52:30.191128
52:C9:0D:1C:25:F5,None,2026-08-21 13:52:31.800800
6A:C5:E7:D7:DA:C5,None,2026-08-21 13:52:37.063141
46:CD:BA:7B:D3:8C,None,2026-08-21 13:53:19.710631
F4:C9:C5:F8:4B:39,None,2026-08-21 13:55:01.602035
4B:BA:A5:D9:EB:E9,None,2026-08-21 13:56:47.294259
68:53:0D:E5:0E:78,None,2026-08-21 13:56:52.617848
76:FA:7A:4F:C6:48,None,2026-08-21 13:57:49.215884
D8:37:6B:C3:6E:6E,None,2026-08-21 14:00:07.831427
69:1E:A1:B4:C1:B0,None,2026-08-21 14:00:14.809608
E5:AC:1E:34:E2:EA,None,2026-08-21 14:00:16.481950
D8:E1:0B:1E:34:42,None,2026-08-21 14:00:16.700579
CB:78:CB:69:80:73,None,2026-08-21 14:00:30.366081
66:D7:47:E2:2D:81,None,2026-08-21 14:01:21.808694
D0:F2:F9:5C:D2:74,None,2026-08-21 14:01:54.336733
D6:2D:B8:CC:AF:C3,None,2026-08-21 14:02:03.924940
75:B1:6F:5F:BC:24,None,2026-08-21 14:03:07.093570
5C:DD:8E:0A:2F:7A,None,2026-08-21 14:03:19.204695
EC:A0:FA:F3:68:DB,None,2026-08-21 14:03:55.400175
43:AA:D0:85:6C:3B,None,2026-08-21 14:05:39.080679
E3:FB:05:35:1E:CA,None,2026-08-21 14:05:55.568877
5A:40:16:23:CD:E2,None,2026-08-21 14:07:55.579351
E9:31:1F:D3:9D:CD,None,2026-08-21 14:08:57.947286
4B:8C:A9:43:EF:73,None,2026-08-21 14:09:41.603419
57:91:1E:6E:8D:D0,None,2026-08-21 14:09:42.524231
59:6C:B9:A6:C7:DB,None,2026-08-21 14:09:55.016482
D2:13:34:13:B1:3D,None,2026-08-21 14:10:09.729171
67:14:78:2E:DD:B0,None,2026-08-21 14:10:16.546755
72:E2:5B:11:46:F3,None,2026-08-21 14:10:24.754054
6C:45:F9:22:6D:A8,None,2026-08-21 14:10:24.898120
7E:2E:37:85:C9:EB,None,2026-08-21 14:10:27.992566
CA:22:D6:65:ED:80,None,2026-08-21 14:10:51.728096
5B:F2:FA:3D:E0:83,None,2026-08-21 14:11:53.171339
77:61:CE:F6:52:80,None,2026-08-21 14:12:22.055923
43:1B:0B:4D:84:36,None,2026-08-21 14:12:43.301958
54:64:9F:19:CB:4E,None,2026-08-21 14:13:27.321245
59:C6:78:7A:51:27,None,2026-08-21 14:15:05.545856
CB:46:C6:C4:31:FA,None,2026-08-21 14:15:11.837289
C3:57:71:07:D4:4D,None,2026-08-21 14:15:20.347700
D1:6C:99:9A:D2:55,None,2026-08-21 14:16:13.350811
C2:46:7F:29:00:44,None,2026-08-21 14:16:37.132961
D7:33:3F:F8:3C:A9,None,2026-08-21 14:18:13.221834
4F:8C:92:F3:EB:34,None,2026-08-21 14:18:22.342370
C4:81:A0:19:18:C5,None,2026-08-21 14:18:43.585251
ED:51:F7:D7:48:2A,None,2026-08-21 14:18:56.301869
60:8E:11:23:1C:E7,None,2026-08-21 14:20:26.719611
79:88:C8:98:28:6F,None,2026-08-21 14:20:26.737654
48:A7:01:C3:21:FD,None,2026-08-21 14:20:49.959248
D5:C1:2C:36:E8:55,None,2026-08-21 14:20:50.803563
CD:09:C1:EC:DC:14,None,2026-08-21 14:20:56.593000
6F:C0:12:48:77:EF,None,2026-08-21 14:22:26.893702
7D:04:66:64:0C:C7,None,2026-08-21 14:23:15.386516
3F:C8:0A:4C:B9:D8,None,2026-08-21 14:24:46.944485
45:A2:00:FF:9E:5C,None,2026-08-21 14:25:52.647747
79:D3:E2:4A:00:84,None,2026-08-21 14:27:42.274275
73:EB:3B:49:B0:24,None,2026-08-21 14:28:04.269297
63:71:B9:94:41:15,None,2026-08-21 14:29:10.572644
58:F6:32:6E:D3:C1,None,2026-08-21 14:29:11.665056
60:5E:43:53:80:E2,None,2026-08-21 14:29:11.722942
DE:6E:43:3D:7D:0F,None,2026-08-21 14:29:39.483365
FE:E2:B7:EB:21:84,None,2026-08-21 14:30:00.171546
D3:6C:32:94:D8:11,None,2026-08-21 14:30:13.189353
FC:91:53:5B:7D:2A,None,2026-08-21 14:30:33.373003
D9:26:F5:E8:D4:F5,None,2026-08-21 14:30:42.858886
D8:37:3B:B9:05:29,JBL Charge 5,2026-08-21 14:31:46.264107
71:48:2E:45:C4:CF,None,2026-08-21 14:32:11.529592
5D:48:14:4A:8E:A4,None,2026-08-21 14:32:47.304567
E3:6D:B3:86:FE:55,None,2026-08-21 14:32:54.556988
68:D9:77:EC:11:F8,None,2026-08-21 14:33:16.772255
C6:38:28:5E:9E:87,None,2026-08-21 14:33:44.189243
4B:D8:5A:2E:D0:EF,None,2026-08-21 14:33:51.512742
E1:CE:9D:1A:EA:97,None,2026-08-21 14:34:12.524094
79:20:7C:57:FC:81,None,2026-08-21 14:34:17.286546
4E:6A:E6:8B:FB:63,None,2026-08-21 14:34:45.751692
59:12:93:6F:FF:CD,None,2026-08-21 14:34:53.057550
7A:86:AE:57:7D:CF,None,2026-08-21 14:35:13.656382
69:AC:F8:DE:25:44,None,2026-08-21 14:35:48.539007
71:74:9C:10:78:CE,None,2026-08-21 14:35:48.877485
4B:E6:03:C5:17:12,None,2026-08-21 14:35:50.897117
EA:85:67:E1:6C:94,None,2026-08-21 14:35:56.073533
58:8E:6F:C2:CD:E4,None,2026-08-21 14:35:57.222551
44:6F:99:DC:AC:C1,None,2026-08-21 14:35:59.817201
52:4A:14:AC:99:A4,None,2026-08-21 14:38:07.182384
60:E5:3B:F2:84:9F,None,2026-08-21 14:38:21.031004
44:24:68:FC:EE:0E,None,2026-08-21 14:38:46.659297
79:83:F0:14:69:03,None,2026-08-21 14:38:55.384279
DB:97:65:E5:BE:16,None,2026-08-21 14:40:46.848116
57:DD:D6:87:B2:53,None,2026-08-21 14:42:20.016966
06:EC:D5:91:25:26,None,2026-08-21 14:43:54.650184
58:5E:59:AE:92:B8,None,2026-08-21 14:43:54.979708
7F:0B:5A:CE:6C:50,None,2026-08-21 14:43:55.114053
6C:46:6E:88:8F:A2,None,2026-08-21 14:43:57.238089
F0:A8:9B:09:CD:90,None,2026-08-21 14:45:00.154657
F6:DC:25:BA:66:DF,None,2026-08-21 14:45:09.999569
EC:E3:BE:06:68:B3,None,2026-08-21 14:45:16.166264
E2:DD:38:A1:F2:D0,None,2026-08-21 14:45:22.496284
49:BA:C4:5C:CD:9C,None,2026-08-21 14:45:26.200639
60:4D:95:EE:E4:8C,None,2026-08-21 14:46:23.128478
54:D3:B2:01:9B:E4,None,2026-08-21 14:46:23.152585
5E:44:40:CB:82:94,None,2026-08-21 14:46:47.586098
6F:8F:65:88:18:DD,None,2026-08-21 14:48:21.068689
57:62:14:2E:02:26,None,2026-08-21 14:49:06.045889
50:CE:A2:22:73:9A,None,2026-08-21 14:49:07.234853
CA:91:7E:30:24:E8,None,2026-08-21 14:49:36.345062
F1:5F:C7:C5:F5:C6,None,2026-08-21 14:50:24.466499
D5:13:4F:34:4A:D4,None,2026-08-21 14:50:25.430077
43:C3:B7:D8:BE:EB,None,2026-08-21 14:51:26.728224
4C:4F:E5:D6:06:A2,None,2026-08-21 14:52:40.763898
43:F7:72:28:3A:25,None,2026-08-21 14:53:07.865057
5E:F1:17:31:5D:9D,None,2026-08-21 14:53:37.248326
D6:D5:26:E6:82:E8,None,2026-08-21 14:54:12.061101
48:3B:06:C3:17:3D,None,2026-08-21 14:54:13.295492
C2:1F:0F:09:74:33,None,2026-08-21 14:54:52.949807
51:21:38:53:12:DD,None,2026-08-21 14:56:37.110702
77:91:53:30:0F:93,None,2026-08-21 14:56:57.613676
5E:95:2C:13:1B:80,None,2026-08-21 14:57:40.230279
6D:17:29:25:34:BA,None,2026-08-21 14:58:09.814146
40:E1:C9:CD:2E:21,None,2026-08-21 14:59:08.993342
D0:72:4F:68:35:3B,None,2026-08-21 15:00:02.133683
DD:A4:AD:81:3C:B0,None,2026-08-21 15:00:04.630651
DC:57:93:8B:55:DE,None,2026-08-21 15:00:11.113951
F2:FC:55:82:4A:4E,None,2026-08-21 15:00:11.822872
4C:68:59:14:81:0E,None,2026-08-21 15:00:15.948028
50:E7:C6:49:D2:A2,None,2026-08-21 15:00:15.967095
4C:38:FD:AE:A3:08,None,2026-08-21 15:00:29.694709
D9:B4:D7:8E:31:0D,None,2026-08-21 15:00:32.653091
7F:40:9A:75:22:49,None,2026-08-21 15:00:57.064432
6E:5C:73:82:98:44,None,2026-08-21 15:01:04.541609
44:1F:ED:4A:12:57,None,2026-08-21 15:01:06.593454
43:2E:00:F0:2A:88,None,2026-08-21 15:01:08.729218
55:2B:8A:DE:94:0F,None,2026-08-21 15:02:09.030360
64:0E:9C:0A:2D:3F,None,2026-08-21 15:02:59.699682
E2:0C:E8:91:EF:55,None,2026-08-21 15:03:07.254255
60:54:48:19:96:D9,None,2026-08-21 15:03:11.081140
48:E9:A4:EF:3A:40,None,2026-08-21 15:03:17.523919
46:D9:B3:4C:B5:8E,4,2026-08-21 15:04:09.961755
CF:15:74:26:45:7C,None,2026-08-21 15:04:17.483153
D7:6E:0F:C5:9B:CE,None,2026-08-21 15:05:56.039100
4A:62:05:1F:EA:97,None,2026-08-21 15:06:19.710518
EE:6E:B1:77:C3:51,None,2026-08-21 15:08:01.009570
7E:69:73:27:27:EB,None,2026-08-21 15:08:32.559297
F3:B5:5D:36:94:C9,None,2026-08-21 15:09:07.636801
DA:83:BC:89:E3:1F,None,2026-08-21 15:10:31.026708
7D:90:80:7E:5D:16,None,2026-08-21 15:10:46.405700
66:F5:18:BD:96:0D,None,2026-08-21 15:10:46.420160
7D:BF:D3:1B:BB:87,None,2026-08-21 15:12:14.347816
49:28:6B:D8:FC:C5,None,2026-08-21 15:12:39.235299
F6:6B:44:0D:9E:EA,None,2026-08-21 15:13:33.970690
4E:14:9F:DE:7A:E5,None,2026-08-21 15:14:52.077625
45:B9:04:5A:DB:E2,None,2026-08-21 15:14:52.506291
56:1B:D6:F0:4A:A8,None,2026-08-21 15:14:52.587110
E6:BC:FF:A8:0B:E0,None,2026-08-21 15:15:00.147087
C6:E3:2A:15:51:F3,None,2026-08-21 15:15:08.083360
DC:28:2A:34:2D:1C,None,2026-08-21 15:15:13.831118
DC:AC:AA:29:47:FE,None,2026-08-21 15:15:19.377485
E4:A8:53:D3:BF:42,None,2026-08-21 15:15:25.225694
CC:2C:6F:AF:4C:CC,None,2026-08-21 15:15:27.890492
70:6F:B3:4B:42:D7,None,2026-08-21 15:15:33.097066
51:83:3B:30:25:DE,None,2026-08-21 15:15:43.397737
4F:9F:83:88:6D:3C,None,2026-08-21 15:15:46.483817
E7:41:AF:2D:6F:C9,None,2026-08-21 15:15:46.991323
D5:E5:CD:B9:BA:F1,None,2026-08-21 15:16:10.709601
C8:49:B3:46:2B:1D,None,2026-08-21 15:16:37.665110
E4:E7:11:0A:C9:FC,None,2026-08-21 15:16:39.370695
6B:72:B4:5D:0C:6E,None,2026-08-21 15:16:46.022375
FC:DC:B8:09:62:9F,None,2026-08-21 15:16:52.550000
65:B5:4D:0D:75:22,None,2026-08-21 15:16:57.450426
4B:AA:22:69:04:8F,None,2026-08-21 15:17:24.719977
5E:21:46:05:98:89,None,2026-08-21 15:18:00.434351
73:7D:0C:33:79:5F,None,2026-08-21 15:18:08.324855
68:7D:92:BF:CB:BB,None,2026-08-21 15:18:17.389641
6D:10:02:EF:75:07,None,2026-08-21 15:18:30.952389
CF:A4:35:3E:63:3A,None,2026-08-21 15:18:31.294973
74:7C:5B:B3:7D:3A,None,2026-08-21 15:18:56.140974
4F:54:73:BF:80:BD,None,2026-08-21 15:19:25.369680
68:7A:61:6D:A2:E0,None,2026-08-21 15:19:54.375292
C1:4E:54:D8:65:87,None,2026-08-21 15:20:09.654748
65:D7:FF:06:95:38,None,2026-08-21 15:20:10.172382
45:C6:C5:48:22:B2,None,2026-08-21 15:20:31.856388
65:D6:BF:50:7B:5B,None,2026-08-21 15:20:34.673119
4A:76:01:49:2C:CA,None,2026-08-21 15:20:35.802379
74:67:7A:C0:AC:0E,None,2026-08-21 15:21:30.943118
43:33:9D:6D:AB:48,None,2026-08-21 15:22:06.563912
43:26:2E:67:44:C7,None,2026-08-21 15:22:08.594076
FB:63:29:26:F2:41,None,2026-08-21 15:22:08.744836
88:0E:85:1A:10:67,None,2026-08-21 15:22:08.989526
E9:50:E9:48:48:DF,None,2026-08-21 15:22:13.390214
69:26:0A:37:33:E3,None,2026-08-21 15:22:15.479151
DD:9C:06:54:B8:17,None,2026-08-21 15:22:21.727166
60:A4:C6:B3:47:4A,None,2026-08-21 15:22:22.943316
64:4B:7B:CF:81:18,None,2026-08-21 15:22:49.025317
74:A7:93:18:BC:64,None,2026-08-21 15:22:49.083009
6A:A8:B4:3C:F8:75,None,2026-08-21 15:22:49.164587
5F:53:4A:C8:F3:F0,None,2026-08-21 15:22:49.226357
77:B9:6F:29:17:82,None,2026-08-21 15:22:50.028825
43:28:6B:CB:17:74,None,2026-08-21 15:23:09.757329
D0:7C:54:F4:0D:07,None,2026-08-21 15:23:35.159501
60:98:8A:2B:CC:55,None,2026-08-21 15:24:51.826595
59:E1:21:30:CA:85,None,2026-08-21 15:24:52.139409
6D:C0:AB:4E:2A:60,None,2026-08-21 15:25:26.242084
F0:61:4B:4B:E7:40,None,2026-08-21 15:25:45.191661
57:18:E0:13:8F:16,None,2026-08-21 15:25:48.661704
40:07:2E:D9:3E:2B,None,2026-08-21 15:25:51.986550
49:C9:A0:25:CB:3E,None,2026-08-21 15:25:52.229124
4D:DA:EC:A9:70:96,None,2026-08-21 15:27:16.959261
7A:63:C8:F6:3C:18,None,2026-08-21 15:27:16.989177
7F:AF:B7:10:27:F4,None,2026-08-21 15:27:18.175952
7B:70:DF:F2:1F:97,None,2026-08-21 15:28:22.834314
76:A1:6B:15:43:8D,None,2026-08-21 15:28:41.415332
60:E0:F1:8D:53:52,None,2026-08-21 15:29:58.204445
FB:5C:47:05:67:62,None,2026-08-21 15:30:42.453176
4F:9A:A6:5A:98:F9,None,2026-08-21 15:30:46.478152
EF:09:19:C9:C9:99,None,2026-08-21 15:30:48.550811
CA:DC:57:EE:37:7E,None,2026-08-21 15:31:08.258589
E0:2F:E7:E5:69:F4,None,2026-08-21 15:31:24.841358
7A:AA:D1:D9:2E:94,None,2026-08-21 15:31:39.862271
F8:81:F6:02:D5:B7,None,2026-08-21 15:31:50.946752
71:C1:1D:5E:C2:BF,None,2026-08-21 15:32:39.644765
41:87:1A:1A:23:FA,None,2026-08-21 15:33:42.881392
D0:23:6B:8D:D9:56,None,2026-08-21 15:33:44.118675
F1:A5:54:94:80:E6,None,2026-08-21 15:33:50.861903
56:C9:15:34:A9:A6,None,2026-08-21 15:33:56.829548
CC:88:63:56:7E:A8,None,2026-08-21 15:34:11.599093
6E:6F:70:A2:7F:4E,None,2026-08-21 15:36:17.561002
F1:AE:ED:33:C7:0C,None,2026-08-21 15:36:25.051584
40:88:DA:A3:7C:BC,None,2026-08-21 15:37:53.161429
47:1F:07:43:86:4E,None,2026-08-21 15:38:12.440144
F1:2E:EA:45:C8:4D,None,2026-08-21 15:38:12.584170
64:B1:F7:2B:D2:9F,None,2026-08-21 15:38:38.961782
50:13:23:65:21:1A,None,2026-08-21 15:40:25.847539
76:D9:8B:9F:72:AF,None,2026-08-21 15:41:15.161951
4F:4E:57:21:B1:22,None,2026-08-21 15:41:34.815701
53:EB:32:A6:87:7F,None,2026-08-21 15:42:17.375389
7F:A8:CA:6C:C2:D6,None,2026-08-21 15:42:17.774756
70:83:40:D2:62:D8,None,2026-08-21 15:44:17.048632
69:9F:E2:F3:F8:7F,None,2026-08-21 15:44:17.294259
F2:97:A0:17:A5:85,None,2026-08-21 15:44:18.563971
52:22:00:9F:C9:0F,None,2026-08-21 15:44:21.101877
F4:3E:88:80:96:6B,None,2026-08-21 15:45:02.227821
F2:1E:7B:82:D5:C5,None,2026-08-21 15:45:08.373331
C3:13:26:8F:31:A4,None,2026-08-21 15:45:08.820768
F6:16:A0:53:7D:AF,None,2026-08-21 15:45:15.021660
C8:85:A9:FB:05:CA,None,2026-08-21 15:45:15.630476
C1:86:DB:8E:73:38,None,2026-08-21 15:46:04.877906
CB:7D:32:47:57:AF,None,2026-08-21 15:46:52.396869
58:6D:7D:C5:40:D2,None,2026-08-21 15:47:13.361025
64:77:27:70:53:0A,None,2026-08-21 15:48:19.623975
7E:51:5D:7C:83:07,None,2026-08-21 15:49:25.498298
42:43:6A:A0:E1:15,None,2026-08-21 15:49:45.792757
66:7C:DA:49:9B:E1,None,2026-08-21 15:50:24.585007
75:3C:64:3D:4B:14,None,2026-08-21 15:51:59.985001
46:56:C0:48:2A:A7,None,2026-08-21 15:52:31.982691
70:C6:D5:CD:BD:ED,None,2026-08-21 15:52:34.224312
F2:F7:50:76:E7:37,None,2026-08-21 15:53:14.602340
57:F6:8D:E2:F4:CE,None,2026-08-21 15:53:17.545023
C4:E8:4B:A3:93:CB,None,2026-08-21 15:53:18.597316
51:A7:6A:A7:80:0C,None,2026-08-21 15:53:21.638779
DF:4F:ED:CF:E1:40,None,2026-08-21 15:53:21.998921
F8:44:A4:BB:37:A3,None,2026-08-21 15:53:22.202466
5C:C1:96:45:17:B5,None,2026-08-21 15:53:22.383558
DF:0D:F9:FD:C5:43,None,2026-08-21 15:53:24.330703
42:93:9A:B0:E4:63,None,2026-08-21 15:54:27.325321
72:6D:2A:D1:E5:B8,None,2026-08-21 15:54:39.494827
5E:14:7B:7D:4C:5D,None,2026-08-21 15:54:39.626171
55:47:12:F0:6B:32,None,2026-08-21 15:54:40.405970
59:8A:6A:B9:A9:88,None,2026-08-21 15:55:48.961868
EC:C9:94:55:89:80,None,2026-08-21 15:55:50.397197
DD:F3:7A:09:9F:69,None,2026-08-21 15:55:52.393527
52:B6:84:8F:4B:7C,None,2026-08-21 15:56:33.057510
6A:45:4B:CD:0E:C9,None,2026-08-21 15:56:40.218181
6A:45:4B:03:F6:8B,None,2026-08-21 15:56:40.346647
46:4B:E0:C9:66:DE,None,2026-08-21 15:58:20.087019
7A:C1:A2:97:ED:9C,None,2026-08-21 15:58:51.868040
4F:BD:F5:BD:0D:31,None,2026-08-21 15:59:19.877072
FB:CE:15:8A:38:F1,None,2026-08-21 16:00:05.419321
D0:74:5A:EB:5A:26,None,2026-08-21 16:00:05.973497
E1:6D:63:17:F5:3D,None,2026-08-21 16:00:08.185499
D6:7F:E3:FD:23:E4,None,2026-08-21 16:00:08.255777
D7:E8:2F:56:1D:78,None,2026-08-21 16:00:09.006870
75:E3:68:74:B0:C0,None,2026-08-21 16:00:12.178823
43:65:A7:20:6B:2D,None,2026-08-21 16:00:14.619368
E3:A1:A5:0D:56:BE,None,2026-08-21 16:00:16.072949
F7:08:6C:F5:2D:3F,None,2026-08-21 16:00:36.161008
E6:0C:AE:E6:4A:40,None,2026-08-21 16:00:42.052621
DA:55:AE:E8:AE:07,None,2026-08-21 16:01:11.383362
72:FE:CE:A6:12:A9,None,2026-08-21 16:02:19.574766
4B:59:4D:C9:31:6B,None,2026-08-21 16:03:11.972193
78:62:F6:28:8B:91,None,2026-08-21 16:03:50.849354
76:72:16:16:2A:40,None,2026-08-21 16:04:55.807288
E9:DD:0A:6D:06:B8,None,2026-08-21 16:06:20.405292
4D:C3:B2:C8:3A:43,None,2026-08-21 16:08:21.484975
48:2E:AC:29:98:D3,None,2026-08-21 16:08:34.131180
45:AB:2F:8D:1F:36,None,2026-08-21 16:08:44.112038
D6:75:7C:06:8A:30,None,2026-08-21 16:08:44.205243
49:AD:E5:7A:67:58,None,2026-08-21 16:10:33.228875
7A:F0:9C:76:61:0A,None,2026-08-21 16:10:48.812889
ED:A9:B5:60:21:64,None,2026-08-21 16:10:50.399703
57:EA:5C:BF:12:90,None,2026-08-21 16:11:01.425243
D9:0B:0D:8E:1B:88,None,2026-08-21 16:11:04.476128
5A:F3:02:DB:5F:3F,None,2026-08-21 16:12:04.467932
56:C6:77:05:66:15,None,2026-08-21 16:12:04.754770
74:32:7E:09:AD:D4,None,2026-08-21 16:12:11.981712
4B:9A:4D:C7:8D:DB,None,2026-08-21 16:12:21.840319
6C:2D:26:51:0E:7E,None,2026-08-21 16:12:23.271742
5B:76:71:D1:CA:82,None,2026-08-21 16:12:25.754599
5E:65:45:8C:FD:7A,None,2026-08-21 16:13:26.186396
43:F4:F1:0A:C4:BA,None,2026-08-21 16:14:09.589245
E0:D3:D4:72:E5:FB,None,2026-08-21 16:15:02.351830
C7:2C:9D:C2:D9:59,None,2026-08-21 16:15:03.197328
C3:50:A8:C1:C3:9F,None,2026-08-21 16:15:03.963344
D8:91:E5:9D:6B:BA,None,2026-08-21 16:15:05.125424
C6:B8:53:D2:54:A9,None,2026-08-21 16:15:37.384904
4E:85:33:33:0A:8C,None,2026-08-21 16:16:05.712617
D8:2C:08:55:E4:60,None,2026-08-21 16:16:07.424825
F0:92:11:A9:07:F4,None,2026-08-21 16:17:08.364634
69:B6:67:60:43:93,None,2026-08-21 16:17:15.133685
CE:B6:F2:13:96:83,None,2026-08-21 16:17:25.078955
FB:61:8E:92:E9:5F,None,2026-08-21 16:17:39.778253
42:C1:E2:34:D5:A0,None,2026-08-21 16:17:42.559136
C2:40:8C:F7:E0:2A,None,2026-08-21 16:18:30.108171
FA:75:1F:8F:04:D1,None,2026-08-21 16:19:46.837552
7B:46:83:77:6E:16,None,2026-08-21 16:20:42.038576
DA:3B:2D:B7:45:79,None,2026-08-21 16:22:22.858552
7F:28:89:6F:95:B0,None,2026-08-21 16:22:35.712678
60:98:1A:C0:24:3B,None,2026-08-21 16:22:43.583443
D8:3E:6A:D1:92:7B,None,2026-08-21 16:22:44.892992
5A:BF:61:42:B6:2E,None,2026-08-21 16:23:01.615553
61:82:AE:B1:44:B0,None,2026-08-21 16:23:12.616899
7F:EE:07:B9:64:B7,None,2026-08-21 16:23:16.551728
50:2B:60:5B:E8:CC,None,2026-08-21 16:25:48.286615
7A:21:B7:FD:44:84,None,2026-08-21 16:25:52.298499
44:B4:B2:1B:78:C8,None,2026-08-21 16:26:30.769737
4C:2F:19:5C:8D:88,None,2026-08-21 16:27:31.517923
61:8B:FE:6B:FA:89,None,2026-08-21 16:27:58.299472
7A:EB:40:39:9B:11,None,2026-08-21 16:27:59.203203
60:1C:4E:CB:8C:4C,None,2026-08-21 16:28:00.402933
E9:E4:1B:E3:18:75,None,2026-08-21 16:28:12.954070
4F:71:DB:62:BF:C7,None,2026-08-21 16:29:50.140189
C2:C2:37:1E:27:0B,None,2026-08-21 16:30:00.376432
D6:84:77:B7:3D:B6,None,2026-08-21 16:30:04.449197
EE:1F:33:55:8C:AA,None,2026-08-21 16:30:04.608512
FB:84:F6:4D:1F:B7,None,2026-08-21 16:30:04.689507
F8:73:AF:66:A7:56,None,2026-08-21 16:30:05.154027
EA:18:BB:EA:F4:60,None,2026-08-21 16:30:05.882296
D7:0E:01:FF:D0:EB,None,2026-08-21 16:30:06.934830
FE:3D:B9:F0:42:B0,None,2026-08-21 16:30:12.780338
FC:23:DF:8C:2C:72,None,2026-08-21 16:30:13.429693
75:E4:A8:91:8B:82,None,2026-08-21 16:30:41.287911
EF:13:60:C4:17:0C,None,2026-08-21 16:31:08.506841
51:75:9F:76:12:5A,None,2026-08-21 16:31:20.614220
6F:A3:E8:E8:3F:DA,None,2026-08-21 16:31:20.645622
63:02:C3:28:AC:47,None,2026-08-21 16:31:27.463522
F8:03:C7:08:82:48,None,2026-08-21 16:31:41.930510
EB:1D:8C:25:83:40,None,2026-08-21 16:32:25.046045
51:E4:C8:84:31:A8,None,2026-08-21 16:32:54.770551
61:95:12:2D:57:35,None,2026-08-21 16:36:06.642383
53:A2:8E:DD:7E:82,None,2026-08-21 16:36:59.016185
63:C9:35:6C:FE:22,None,2026-08-21 16:37:15.392812
52:D1:C0:60:DD:79,None,2026-08-21 16:37:52.421687
46:22:8B:4E:7B:86,None,2026-08-21 16:37:57.989502
4D:DE:A1:0D:3B:D2,None,2026-08-21 16:38:05.738526
6C:EE:33:DE:CF:23,None,2026-08-21 16:38:38.666072
66:52:54:C6:61:F7,None,2026-08-21 16:38:39.286484
5B:87:C7:20:79:05,None,2026-08-21 16:38:40.148271
6D:AE:A4:3D:47:E7,None,2026-08-21 16:39:06.366794
7F:27:7A:90:EA:E8,None,2026-08-21 16:39:07.697195
5A:0A:C5:2B:6A:DD,None,2026-08-21 16:39:14.633461
4D:C5:71:EE:DD:A8,None,2026-08-21 16:39:38.034475
D0:9C:5E:A8:EB:34,None,2026-08-21 16:39:52.676545
74:22:DF:CE:53:D9,None,2026-08-21 16:40:20.323988
46:04:26:73:EF:DA,None,2026-08-21 16:40:48.505474
E5:C7:9C:38:BB:FA,None,2026-08-21 16:41:29.019945
41:74:93:7F:73:EB,None,2026-08-21 16:41:43.810491
63:FE:99:96:D1:73,None,2026-08-21 16:42:24.357011
6F:ED:9B:E9:B5:A6,None,2026-08-21 16:42:27.356413
FC:B0:EE:72:75:D3,None,2026-08-21 16:42:32.341993
4C:2C:12:5E:38:DB,None,2026-08-21 16:42:45.201495
4C:A3:89:7F:4D:14,None,2026-08-21 16:43:06.993370
54:EB:D2:B0:C7:89,None,2026-08-21 16:44:27.423264
4E:7E:5E:59:D9:DE,None,2026-08-21 16:44:38.417761
73:00:CE:8D:3F:09,None,2026-08-21 16:44:39.397784
53:23:93:30:DE:0C,None,2026-08-21 16:44:59.412944
E4:A9:11:5E:C7:74,None,2026-08-21 16:45:00.033635
78:AD:32:05:81:AC,None,2026-08-21 16:45:00.092413
E7:E9:AC:58:58:63,None,2026-08-21 16:45:00.108328
E9:59:90:91:F3:39,None,2026-08-21 16:45:00.156481
C9:F7:1D:EB:CD:17,None,2026-08-21 16:45:00.272641
DF:DF:D2:AE:5B:09,None,2026-08-21 16:45:00.372326
7F:97:4C:79:A6:CF,None,2026-08-21 16:45:01.217314
DB:E3:7A:B9:31:38,None,2026-08-21 16:45:02.370524
FA:AE:51:2E:AC:7B,None,2026-08-21 16:45:06.614520
CF:FB:BE:40:68:43,None,2026-08-21 16:45:06.967843
EF:BA:FA:AF:B4:E5,None,2026-08-21 16:45:08.578693
64:02:14:DD:EE:F4,None,2026-08-21 16:45:13.307844
C2:13:CB:E1:FC:47,None,2026-08-21 16:47:42.004456
E8:B6:FA:74:B8:81,None,2026-08-21 16:49:09.517587
72:A3:4E:10:AE:86,None,2026-08-21 16:50:04.606305
E3:74:36:2A:68:39,None,2026-08-21 16:50:12.348226
37:08:59:75:0C:9F,None,2026-08-21 16:50:27.846492
34:E5:05:9E:70:71,None,2026-08-21 16:50:27.873814
23:EA:4B:3E:FD:EA,None,2026-08-21 16:50:30.416366
15:02:53:2B:AB:08,None,2026-08-21 16:50:46.044276
67:BA:04:1E:0D:B9,None,2026-08-21 16:51:21.386017
7B:2C:CB:1F:B5:4F,None,2026-08-21 16:51:46.007855
7B:2C:CB:3A:AF:DE,None,2026-08-21 16:51:49.514039
75:09:AD:B4:D8:3A,None,2026-08-21 16:53:06.605907
46:12:A4:47:8C:CD,None,2026-08-21 16:55:08.902517
5B:A1:A0:94:BD:DD,None,2026-08-21 16:55:48.664842
55:E1:0C:3B:CC:03,None,2026-08-21 16:56:04.362777
4A:C5:1D:7B:07:7D,None,2026-08-21 16:57:22.196466
6C:FF:6C:80:EF:0D,None,2026-08-21 16:57:35.417533
5F:DD:6F:51:3D:6E,None,2026-08-21 16:58:27.492176
5E:2E:5E:72:34:24,None,2026-08-21 16:58:27.828228
63:05:0F:A1:97:3F,None,2026-08-21 16:58:28.293670
D7:10:F3:5E:92:CF,None,2026-08-21 17:00:02.830356
F7:27:AB:7A:01:49,None,2026-08-21 17:00:03.648171
73:0E:44:13:E2:0F,None,2026-08-21 17:00:03.827886
C6:73:E3:F9:2C:36,None,2026-08-21 17:00:04.367850
FD:B8:F8:20:CA:73,None,2026-08-21 17:00:04.389024
E1:71:56:56:B7:54,None,2026-08-21 17:00:04.499872
D2:06:73:61:4A:3F,None,2026-08-21 17:00:04.516032
DE:DA:A8:5E:75:EB,None,2026-08-21 17:00:05.547938
CD:3C:E3:03:4B:81,None,2026-08-21 17:00:05.803736
73:98:3E:51:99:E4,None,2026-08-21 17:00:42.474399
46:BC:D6:A7:8F:F1,None,2026-08-21 17:01:28.100739
E8:28:DC:63:2D:3E,None,2026-08-21 17:01:42.281174
18:E4:63:20:C1:C2,None,2026-08-21 17:01:43.092054
23:F9:BB:35:E4:74,None,2026-08-21 17:01:43.515494
65:FB:BB:3B:C9:3E,None,2026-08-21 17:01:48.842592
C8:8F:D4:12:A9:81,None,2026-08-21 17:02:12.859164
42:6C:8C:93:7A:0D,None,2026-08-21 17:02:59.671703
75:2B:60:5A:0C:C7,None,2026-08-21 17:03:34.703149
EE:A2:CF:38:A8:9B,None,2026-08-21 17:03:37.804766
7F:F8:1A:53:AF:D7,None,2026-08-21 17:04:39.867618
4C:36:E1:5A:F8:64,None,2026-08-21 17:05:08.836441
68:DC:55:59:89:AA,Apple Pencil,2026-08-21 17:05:09.664602
46:6E:7C:FD:20:64,None,2026-08-21 17:05:33.758661
CF:E1:6D:E4:C9:39,None,2026-08-21 17:05:43.241914
6F:30:62:4D:0E:3D,None,2026-08-21 17:06:01.872424
49:4F:0D:5D:64:F9,None,2026-08-21 17:06:03.820776
46:FA:2F:0A:47:C0,None,2026-08-21 17:06:20.797122
62:D1:A8:DD:03:A5,None,2026-08-21 17:06:51.616771
2C:E6:BE:F4:A0:8E,None,2026-08-21 17:06:51.781384
02:64:93:B5:52:30,None,2026-08-21 17:06:52.268334
7B:61:91:50:30:73,None,2026-08-21 17:06:58.437862
D3:2F:7F:F3:FE:64,None,2026-08-21 17:08:32.101147
54:6F:AE:29:FC:A1,None,2026-08-21 17:10:02.961707
57:73:8C:F2:8C:62,None,2026-08-21 17:10:37.426891
C4:D7:70:70:7D:3B,None,2026-08-21 17:10:38.621869
43:F5:6F:09:56:00,None,2026-08-21 17:10:48.292179
71:7A:97:EF:B6:98,None,2026-08-21 17:11:10.347970
5E:FA:E6:DE:80:B9,None,2026-08-21 17:11:12.697633
5B:9B:BC:7E:7F:23,None,2026-08-21 17:11:13.445355
55:77:24:6A:39:3D,None,2026-08-21 17:11:21.794065
43:2A:62:E3:2D:13,None,2026-08-21 17:11:58.433995
40:A7:EE:2C:42:24,None,2026-08-21 17:12:49.277515
45:98:A5:76:90:37,None,2026-08-21 17:13:45.622049
EE:AF:2F:C1:AF:80,None,2026-08-21 17:13:50.690562
EC:D5:5A:72:02:F8,None,2026-08-21 17:15:00.645570
F3:CF:A7:0B:EE:41,None,2026-08-21 17:15:01.919506
FB:8C:93:4B:83:B1,None,2026-08-21 17:15:02.404869
CB:04:4C:B9:59:D8,None,2026-08-21 17:15:06.339250
FF:21:4C:B1:CD:AF,None,2026-08-21 17:15:06.660014
E6:06:39:2C:01:B9,None,2026-08-21 17:15:10.593711
FC:95:2A:42:F6:B4,None,2026-08-21 17:15:15.665453
F9:00:58:F0:B4:2A,None,2026-08-21 17:15:38.900120
77:D7:A4:3D:07:28,None,2026-08-21 17:15:42.049179
EB:95:94:0F:57:3F,None,2026-08-21 17:16:05.696434
55:F4:36:51:98:EB,None,2026-08-21 17:16:16.490360
D6:E1:04:13:98:3A,None,2026-08-21 17:16:18.584406
45:B1:A6:80:EF:80,None,2026-08-21 17:18:17.799927
DA:37:02:59:EB:FE,None,2026-08-21 17:21:34.817671
70:0C:2B:1F:63:09,None,2026-08-21 17:21:50.394060
5E:F2:DE:19:7C:89,None,2026-08-21 17:21:52.664536
70:63:F5:0C:E2:A0,None,2026-08-21 17:21:52.679265
42:54:BC:4E:82:A4,None,2026-08-21 17:22:17.615195
79:F2:6A:81:B7:EA,None,2026-08-21 17:22:18.135865
6B:DA:AB:B1:F7:DD,None,2026-08-21 17:22:18.481068
47:9F:B5:C9:C0:67,None,2026-08-21 17:22:18.919259
64:13:85:80:9D:07,None,2026-08-21 17:22:31.120546
7E:1F:E9:B7:E1:2C,None,2026-08-21 17:23:56.419622
70:2D:49:69:11:A1,None,2026-08-21 17:24:49.118330
EE:AD:30:E9:44:90,None,2026-08-21 17:25:08.935453
48:BA:D7:FC:BB:9B,None,2026-08-21 17:25:45.907237
7F:21:9A:5C:24:36,None,2026-08-21 17:25:50.171298
69:BE:89:A0:89:2C,None,2026-08-21 17:26:42.470910
71:50:88:71:BE:3C,None,2026-08-21 17:27:08.282683
DA:CF:F5:5B:69:F9,None,2026-08-21 17:30:00.247600
F4:B0:46:91:C1:2E,None,2026-08-21 17:30:00.438040
E9:13:ED:E4:16:1B,None,2026-08-21 17:30:02.952913
C9:7C:07:3E:34:53,None,2026-08-21 17:30:04.370759
E4:3F:4C:94:E0:3D,None,2026-08-21 17:30:06.426363
C9:C1:56:E0:90:98,None,2026-08-21 17:30:06.486840
CA:E6:E0:F4:A4:A2,None,2026-08-21 17:30:23.667275
D4:4B:E0:10:84:39,None,2026-08-21 17:30:33.513990
D6:5D:44:FD:39:F8,None,2026-08-21 17:30:37.873014
53:00:5D:31:97:1F,None,2026-08-21 17:30:45.634223
7B:DC:F0:1F:F5:0D,None,2026-08-21 17:31:07.637945
EA:D2:FD:4D:C0:07,None,2026-08-21 17:32:06.977413
5D:D3:1F:67:F6:66,None,2026-08-21 17:32:09.355768
D1:A7:21:BC:AC:33,None,2026-08-21 17:32:11.483948
5B:E4:D6:CE:E9:9F,None,2026-08-21 17:33:12.781983
41:9E:37:53:F8:8A,None,2026-08-21 17:33:15.183180
49:3A:F2:7C:3B:C7,None,2026-08-21 17:33:15.705852
40:C1:B1:7B:DE:AB,None,2026-08-21 17:33:50.777088
D0:61:52:1A:8D:67,None,2026-08-21 17:33:58.671200
6B:82:8D:C5:26:6A,None,2026-08-21 17:34:32.982295
61:8D:DD:EA:3A:F1,None,2026-08-21 17:35:56.602063
04:B1:39:49:00:7F,None,2026-08-21 17:39:25.430314
69:54:BF:5E:BE:3C,None,2026-08-21 17:39:29.148047
7B:05:BE:62:04:F8,None,2026-08-21 17:39:50.471128
6F:49:A0:80:C7:ED,None,2026-08-21 17:40:07.761010
7A:47:F6:79:E3:41,None,2026-08-21 17:40:48.564848
7D:09:6D:26:52:82,None,2026-08-21 17:42:11.648177
5A:44:D1:77:B8:2B,None,2026-08-21 17:42:25.570254
52:4F:C0:5E:5C:DB,None,2026-08-21 17:42:53.779906
58:08:7B:6A:D9:38,None,2026-08-21 17:42:53.833693
F0:1D:CD:2F:F7:16,None,2026-08-21 17:45:00.244031
78:76:CB:DF:E8:74,None,2026-08-21 17:45:00.264800
C9:72:B0:62:89:37,None,2026-08-21 17:45:00.438184
E5:1D:BA:39:09:B1,None,2026-08-21 17:45:00.738347
D2:11:AB:A1:19:33,None,2026-08-21 17:45:00.907716
E4:AF:56:3F:6D:D3,None,2026-08-21 17:45:02.401735
DE:54:E6:0D:51:C9,None,2026-08-21 17:45:06.487494
F8:8F:04:1A:A0:C6,None,2026-08-21 17:45:06.724816
4C:99:C8:B5:A4:EA,None,2026-08-21 17:45:07.630546
EE:47:F7:1E:80:E9,None,2026-08-21 17:45:07.657723
EA:BE:97:70:0C:52,None,2026-08-21 17:45:36.639544
4E:94:1F:3E:55:52,None,2026-08-21 17:45:49.252290
79:9F:CE:93:D5:FE,None,2026-08-21 17:45:49.284042
48:76:15:45:F6:FB,None,2026-08-21 17:45:49.346544
41:F4:2B:EB:65:0E,None,2026-08-21 17:47:03.257320
55:C1:4F:30:8E:73,None,2026-08-21 17:47:11.537465
FC:26:35:78:FA:33,None,2026-08-21 17:47:24.813587
62:63:2B:90:DC:52,None,2026-08-21 17:47:51.163543
C2:C3:93:43:4A:30,None,2026-08-21 17:48:27.606471
49:8E:5F:E0:B7:BE,None,2026-08-21 17:49:23.599176
4A:96:81:64:BB:C1,None,2026-08-21 17:51:22.880151
7D:A7:1C:5D:71:AC,None,2026-08-21 17:51:57.454438
7D:81:9F:12:3C:F3,4,2026-08-21 17:52:11.718223
65:1F:5E:C3:99:40,None,2026-08-21 17:55:04.239179
64:6E:66:60:55:73,None,2026-08-21 17:55:49.992239
5E:CA:48:72:F2:C5,None,2026-08-21 17:55:59.434616
5A:45:DC:91:9A:2F,None,2026-08-21 17:56:27.499030
63:AB:E0:F9:C5:33,None,2026-08-21 17:59:32.234907
EB:2B:59:20:57:10,None,2026-08-21 18:00:00.674878
EC:06:B0:C3:85:67,None,2026-08-21 18:00:04.981934
E9:1F:93:39:9E:31,None,2026-08-21 18:00:06.314948
C9:63:1C:1D:FB:94,None,2026-08-21 18:00:06.419210
F9:D8:CD:2C:DE:54,None,2026-08-21 18:00:06.786184
DA:86:D9:31:78:CD,None,2026-08-21 18:00:19.803064
FD:2C:9A:D8:29:8F,None,2026-08-21 18:00:28.554458
FC:3B:D1:1B:D8:80,None,2026-08-21 18:00:55.895108
7A:60:6C:33:90:7F,None,2026-08-21 18:03:20.138776
77:41:BE:A0:AD:AA,None,2026-08-21 18:03:20.146567
55:B1:95:A9:EB:21,None,2026-08-21 18:03:51.929564
7F:49:80:D1:79:79,None,2026-08-21 18:04:07.781808
50:7E:C3:FA:3C:B5,None,2026-08-21 18:04:08.350809
54:47:07:AF:FF:5F,None,2026-08-21 18:04:13.782754
C4:5E:13:91:22:68,None,2026-08-21 18:04:30.177318
59:95:D3:E9:FB:50,None,2026-08-21 18:05:38.667039
F0:58:B0:7A:CD:BE,None,2026-08-21 18:06:13.310488
F5:8F:09:C5:90:B6,None,2026-08-21 18:06:15.330753
64:9A:70:94:E5:CB,None,2026-08-21 18:07:22.987621
65:5E:E0:83:1B:49,None,2026-08-21 18:07:27.674106
6A:F8:60:20:C0:82,None,2026-08-21 18:10:48.727722
5C:88:6A:8D:79:D1,None,2026-08-21 18:11:21.407857
59:26:D5:53:07:CB,None,2026-08-21 18:13:24.132972
C0:09:B5:58:6D:25,None,2026-08-21 18:15:03.250044
D3:5A:7A:AF:86:8C,None,2026-08-21 18:15:04.230902
EA:40:75:28:6F:09,None,2026-08-21 18:15:04.399668
EC:B5:6A:5F:1B:CD,None,2026-08-21 18:15:06.504125
F7:B3:BB:9A:DE:91,None,2026-08-21 18:15:06.934546
E8:22:7C:29:3F:32,None,2026-08-21 18:15:09.327872
7B:5F:97:99:52:1C,None,2026-08-21 18:15:12.650934
D7:B8:A1:57:BD:7D,None,2026-08-21 18:15:33.662418
EE:E5:12:00:A4:89,None,2026-08-21 18:16:00.149581
4A:F1:4C:5F:5F:EC,None,2026-08-21 18:16:00.897423
49:BF:51:22:92:51,None,2026-08-21 18:16:02.371884
5C:5A:CF:38:3B:85,None,2026-08-21 18:16:06.166185
44:03:28:B2:98:BE,None,2026-08-21 18:18:37.484540
62:78:E5:0D:4F:31,None,2026-08-21 18:19:06.496814
26:0D:CA:9A:3C:0A,None,2026-08-21 18:20:13.959598
C8:CE:1C:80:D6:AB,None,2026-08-21 18:21:55.450779
68:88:AC:CD:97:58,None,2026-08-21 18:22:50.060249
44:6B:C6:A5:07:DE,None,2026-08-21 18:23:24.860366
77:EF:BF:CF:B2:2B,None,2026-08-21 18:23:24.879015
61:51:5B:8F:04:FA,None,2026-08-21 18:25:14.645037
43:92:A4:E4:F9:0B,None,2026-08-21 18:25:48.738928
C8:26:0C:8D:66:10,None,2026-08-21 18:26:57.961176
F4:F0:CA:8E:10:2D,None,2026-08-21 18:27:07.849181
50:51:1D:FC:D9:FF,None,2026-08-21 18:27:50.757077
5D:F8:EE:44:B4:76,None,2026-08-21 18:28:09.200151
73:95:E3:A5:06:E4,None,2026-08-21 18:28:43.544904
5D:3B:F5:26:B5:47,None,2026-08-21 18:28:45.311118
49:47:F1:30:B2:CD,None,2026-08-21 18:28:45.411711
EF:AC:B9:F0:97:AC,None,2026-08-21 18:30:00.749812
F3:4E:B2:90:61:48,None,2026-08-21 18:30:04.393500
E5:51:16:A7:A3:26,None,2026-08-21 18:30:04.769733
D0:3F:31:F5:27:83,None,2026-08-21 18:30:05.173726
D6:F7:88:51:8C:CE,None,2026-08-21 18:30:05.406882
40:1A:F6:E3:63:AD,None,2026-08-21 18:30:18.906550
49:C4:3A:E6:51:D6,None,2026-08-21 18:30:19.338897
E1:40:C7:E7:24:8C,None,2026-08-21 18:30:22.376351
D6:3E:E2:EF:45:0D,None,2026-08-21 18:30:23.114502
FC:12:23:64:19:05,None,2026-08-21 18:30:24.492336
C0:10:1F:23:A6:BC,None,2026-08-21 18:31:22.808697
C0:EF:E7:82:D9:EC,None,2026-08-21 18:31:43.356255
79:F5:34:A2:99:9F,None,2026-08-21 18:31:55.964042
40:DD:FC:72:32:96,None,2026-08-21 18:32:04.405142
7B:45:93:0B:53:4F,None,2026-08-21 18:37:18.691308
5B:7F:71:D2:87:8C,None,2026-08-21 18:37:35.265959
45:80:70:44:34:85,None,2026-08-21 18:37:35.281460
6C:08:46:92:AE:92,None,2026-08-21 18:37:55.078696
FA:09:C0:2F:87:4E,None,2026-08-21 18:39:41.467688
69:86:C5:C4:26:AD,None,2026-08-21 18:40:50.109823
45:38:29:D8:50:CD,None,2026-08-21 18:41:33.087220
77:BF:3A:2E:DA:97,None,2026-08-21 18:41:33.385984
69:6B:A6:BD:12:26,None,2026-08-21 18:41:33.990684
FA:89:96:63:61:02,None,2026-08-21 18:41:57.623785
79:E8:97:47:3D:CD,None,2026-08-21 18:42:00.974662
7B:FF:34:B2:7C:DE,None,2026-08-21 18:42:01.104307
EF:D5:B2:16:0E:1E,None,2026-08-21 18:42:11.236010
F0:3B:41:E3:8F:61,None,2026-08-21 18:42:11.469715
73:BA:F8:AB:C1:49,None,2026-08-21 18:42:11.776074
48:7A:C6:3D:2C:AD,None,2026-08-21 18:42:17.059349
C5:D4:DD:95:84:CB,None,2026-08-21 18:45:00.296489
FF:02:53:9E:07:3E,None,2026-08-21 18:45:01.663981
E9:DB:C8:78:30:16,None,2026-08-21 18:45:05.002511
CC:08:41:64:00:E1,None,2026-08-21 18:45:06.509421
E0:BD:42:6A:5C:7F,None,2026-08-21 18:45:08.412600
FD:E5:C7:45:86:91,None,2026-08-21 18:45:20.083754
F7:2F:15:74:9E:80,None,2026-08-21 18:45:20.257141
EF:D5:81:9F:51:11,None,2026-08-21 18:45:36.320538
CE:AA:DF:D7:61:C4,None,2026-08-21 18:45:37.501101
40:93:E1:B9:4D:CD,None,2026-08-21 18:45:50.589531
16:A1:E6:1A:60:33,None,2026-08-21 18:45:57.752629
25:EF:4D:65:E9:71,None,2026-08-21 18:45:58.060352
32:0E:D2:57:0D:B5,None,2026-08-21 18:46:02.567147
42:49:C2:EA:C7:DB,None,2026-08-21 18:46:05.244936
EA:C2:69:62:A4:43,None,2026-08-21 18:46:08.195149
FC:68:2F:A4:43:61,None,2026-08-21 18:46:12.191503
73:A3:8A:DB:C7:72,None,2026-08-21 18:46:19.069909
6F:C4:C3:05:DE:BD,None,2026-08-21 18:46:46.676318
FF:07:17:03:C6:5F,None,2026-08-21 18:46:47.664952
49:62:AB:8E:B3:07,None,2026-08-21 18:46:52.004410
69:01:CE:C4:43:74,None,2026-08-21 18:46:52.471418
D0:23:AD:92:3F:C7,None,2026-08-21 18:47:00.697420
71:D8:42:FB:23:43,None,2026-08-21 18:47:19.839026
38:C1:4F:24:09:78,None,2026-08-21 18:47:28.037163
0F:8B:A7:72:BD:15,None,2026-08-21 18:48:05.707621
C2:07:10:8E:75:E3,None,2026-08-21 18:48:06.549305
79:A7:FC:B1:08:7E,None,2026-08-21 18:48:16.473415
24:A0:F3:33:63:DE,None,2026-08-21 18:48:16.809619
7F:C2:4E:67:27:F9,None,2026-08-21 18:48:26.117958
58:A6:50:E9:6C:CF,None,2026-08-21 18:48:26.916459
2C:71:5B:B0:9A:8C,None,2026-08-21 18:48:53.699353
4C:88:66:7A:B7:57,None,2026-08-21 18:48:53.752640
6C:5B:13:5E:A5:04,None,2026-08-21 18:48:53.813731
0F:19:B4:32:C4:FC,None,2026-08-21 18:48:56.752017
48:4C:03:25:C8:26,None,2026-08-21 18:48:56.913782
64:54:E6:2C:C8:2C,None,2026-08-21 18:48:57.729082
7E:BB:04:DA:B0:77,None,2026-08-21 18:49:18.774732
7D:43:83:36:9E:47,None,2026-08-21 18:49:41.052000
71:D7:19:B4:8A:C9,None,2026-08-21 18:49:46.027663
42:64:50:D9:7B:B9,None,2026-08-21 18:49:46.167821
E7:03:D7:71:70:40,None,2026-08-21 18:49:49.440069
1D:04:2F:EE:32:97,None,2026-08-21 18:49:55.516981
17:06:B6:55:97:9E,None,2026-08-21 18:49:56.133079
39:BE:61:45:F1:88,None,2026-08-21 18:49:56.375109
53:22:90:FA:D8:9B,None,2026-08-21 18:50:56.968346
5B:5E:F7:FF:72:30,None,2026-08-21 18:51:26.144220
DF:DC:61:62:CD:6A,None,2026-08-21 18:51:28.492153
5D:AE:70:99:08:D9,None,2026-08-21 18:53:59.239554
40:3F:A4:70:8A:F5,None,2026-08-21 18:54:08.880254
7A:CB:B1:03:9C:56,None,2026-08-21 18:54:26.102647
7E:23:2B:AE:E0:95,None,2026-08-21 18:55:41.190263
46:2E:17:15:A5:07,None,2026-08-21 18:55:41.454328
4A:7C:24:8C:3F:15,None,2026-08-21 18:55:44.842992
76:9B:28:00:28:30,None,2026-08-21 18:55:48.822692
44:1F:3F:64:BC:A1,None,2026-08-21 18:56:02.602787
6F:D5:3A:BD:51:10,None,2026-08-21 18:56:06.075512
75:DC:64:C4:84:96,None,2026-08-21 18:56:18.270262
14:9C:EF:A5:88:A0,None,2026-08-21 18:59:36.984524
F5:DB:57:97:C6:15,None,2026-08-21 19:00:00.244115
F2:65:34:09:53:53,None,2026-08-21 19:00:00.391884
D2:68:7B:23:A6:D3,None,2026-08-21 19:00:04.464427
D4:74:D6:86:BA:0B,None,2026-08-21 19:00:06.305249
DC:19:FE:DE:90:7C,None,2026-08-21 19:00:06.455146
CF:AC:1E:04:90:C8,None,2026-08-21 19:00:06.638361
ED:B8:BC:9E:33:10,None,2026-08-21 19:00:10.393401
E9:BF:99:C4:2D:87,None,2026-08-21 19:00:18.724906
48:D0:59:A9:06:B7,None,2026-08-21 19:02:45.230333
C8:28:1D:72:15:94,None,2026-08-21 19:03:14.606877
54:71:8A:AD:0F:FC,None,2026-08-21 19:03:14.662175
C9:45:7E:7B:BF:49,None,2026-08-21 19:05:00.240178
62:43:E5:B3:A4:68,None,2026-08-21 19:05:34.143957
42:3E:B2:C3:DF:47,None,2026-08-21 19:05:38.212887
1E:24:EF:82:71:D8,None,2026-08-21 19:06:13.470087
65:AC:1F:63:8F:1F,None,2026-08-21 19:08:19.473197
6D:31:60:8E:08:A2,None,2026-08-21 19:08:23.474733
54:68:97:D3:66:FE,None,2026-08-21 19:08:24.830826
57:04:F7:D1:1E:8B,None,2026-08-21 19:09:23.305139
6C:D7:9A:10:55:F9,None,2026-08-21 19:09:24.224360
4F:13:49:A0:AA:D5,None,2026-08-21 19:09:27.079678
7A:CD:1B:D1:43:97,None,2026-08-21 19:10:45.548964
65:E1:43:A1:97:43,None,2026-08-21 19:10:51.409763
88:08:94:E9:38:03,None,2026-08-21 19:13:15.026972
DB:C6:7A:D3:10:AE,None,2026-08-21 19:15:00.153475
E2:CF:34:0F:D6:05,None,2026-08-21 19:15:00.399674
F4:59:86:65:10:6A,None,2026-08-21 19:15:02.400340
FB:FB:EA:32:C6:A8,None,2026-08-21 19:15:02.428737
FB:FA:51:83:59:14,None,2026-08-21 19:15:08.309211
78:E8:41:CD:EA:FA,None,2026-08-21 19:16:07.286609
CD:27:1C:80:9C:CF,None,2026-08-21 19:16:57.534269
76:4E:1E:58:F1:17,None,2026-08-21 19:18:27.252002
CE:34:F3:8A:EB:76,None,2026-08-21 19:19:46.154504
78:FD:63:76:77:35,None,2026-08-21 19:20:48.093391
5B:4C:F8:C9:5D:68,None,2026-08-21 19:21:03.679156
73:DC:72:BD:73:51,None,2026-08-21 19:21:03.868751
79:1D:90:59:7B:60,None,2026-08-21 19:21:24.029649
52:4C:0D:85:2C:C2,None,2026-08-21 19:22:21.215217
DB:8C:DD:8A:9C:5C,None,2026-08-21 19:22:21.371717
DE:EE:2A:C1:54:7F,None,2026-08-21 19:22:22.219567
70:E4:2E:65:8A:9E,None,2026-08-21 19:22:24.931360
61:76:8D:FE:66:19,None,2026-08-21 19:22:45.942000
43:F5:15:1C:8E:01,None,2026-08-21 19:23:18.355506
68:B2:B9:A8:36:43,None,2026-08-21 19:23:30.804046
D7:85:19:E1:76:10,None,2026-08-21 19:23:32.025222
7B:0E:A2:5B:EF:70,None,2026-08-21 19:24:27.675002
7D:CE:CB:B6:F4:2C,None,2026-08-21 19:24:28.100453
53:C3:08:40:B5:78,None,2026-08-21 19:24:29.240716
62:D8:45:0E:AE:29,None,2026-08-21 19:25:31.541650
47:78:94:3A:D5:F8,None,2026-08-21 19:25:46.436382
44:F0:A9:1D:D7:5D,None,2026-08-21 19:25:48.659829
48:5A:D2:CF:9F:79,None,2026-08-21 19:25:48.733868
42:DE:36:7B:F3:8F,None,2026-08-21 19:26:21.168499
46:A3:E2:3C:03:97,None,2026-08-21 19:26:34.253690
EE:E5:07:B8:4B:DD,None,2026-08-21 19:26:37.731216
4B:3E:D1:0E:79:10,None,2026-08-21 19:26:42.747928
79:D6:8B:D3:B5:BF,None,2026-08-21 19:28:59.909806
FF:B7:A4:95:F4:FA,None,2026-08-21 19:29:02.811986
62:C7:88:8B:AB:7D,None,2026-08-21 19:29:02.844596
EC:7B:F7:74:18:2D,None,2026-08-21 19:29:09.787857
F3:00:1B:BD:6C:80,None,2026-08-21 19:30:00.151385
F2:79:DD:E8:3F:9C,None,2026-08-21 19:30:02.410366
E1:3C:6F:FE:56:4B,None,2026-08-21 19:30:08.339302
D0:60:23:B3:BA:A9,None,2026-08-21 19:30:08.661544
D1:C0:04:8E:71:5C,None,2026-08-21 19:30:15.229976
5E:D6:5F:99:D2:E5,None,2026-08-21 19:30:20.852207
CC:E6:F5:58:89:F9,None,2026-08-21 19:31:52.542085
D5:EA:F6:80:DF:78,None,2026-08-21 19:32:01.838283
5F:53:EB:64:FE:37,None,2026-08-21 19:32:02.739301
D1:09:44:59:47:7C,None,2026-08-21 19:32:02.761963
6E:D7:C1:2D:69:C8,None,2026-08-21 19:32:10.813083
6D:5A:4E:1B:67:D4,None,2026-08-21 19:32:31.092024
F0:48:A8:35:DE:74,None,2026-08-21 19:32:52.475828
11:A3:84:64:E1:8A,None,2026-08-21 19:32:53.540207
E8:04:C4:AF:B5:A5,None,2026-08-21 19:32:57.382169
66:42:46:71:9C:4F,None,2026-08-21 19:32:57.978799
CF:27:D0:D1:C8:2E,None,2026-08-21 19:33:53.823134
FE:E6:52:27:7D:9F,None,2026-08-21 19:35:00.367909
C0:46:79:88:90:FA,None,2026-08-21 19:35:55.724546
E8:CA:F8:C8:06:47,None,2026-08-21 19:36:50.106964
E6:D9:62:FF:80:CA,None,2026-08-21 19:36:56.259000
53:B8:B3:84:2A:6D,None,2026-08-21 19:36:56.548885
FC:21:B0:05:0E:53,None,2026-08-21 19:36:56.840383
77:56:61:4D:30:06,None,2026-08-21 19:36:58.880620
0A:A1:CB:A0:5D:7E,None,2026-08-21 19:37:19.166371
65:BA:9D:26:86:25,4,2026-08-21 19:37:38.952786
16:7A:E3:5C:0C:32,None,2026-08-21 19:37:49.152762
F8:5A:C5:02:96:FD,None,2026-08-21 19:38:20.513125
5E:5E:68:5B:E0:78,None,2026-08-21 19:38:21.927787
41:E3:27:98:2D:00,None,2026-08-21 19:39:14.369556
64:ED:F1:F6:16:8F,None,2026-08-21 19:40:49.211923
7B:E1:FE:D5:DB:15,None,2026-08-21 19:40:58.912871
76:DE:F0:F9:9B:59,None,2026-08-21 19:41:07.584999
51:DE:90:64:BE:4D,None,2026-08-21 19:41:11.547963
5D:CA:E7:1E:A1:32,None,2026-08-21 19:42:35.995030
78:B0:22:08:38:57,None,2026-08-21 19:44:15.520685
79:FE:A6:E9:D3:50,None,2026-08-21 19:44:15.581224
7E:4C:F6:F7:4E:1F,None,2026-08-21 19:44:19.061664
77:FB:E9:C0:ED:C5,None,2026-08-21 19:44:38.391971
F1:DB:8E:EE:9A:EB,None,2026-08-21 19:45:00.392006
F5:35:EC:8D:CE:3F,None,2026-08-21 19:45:00.591850
D3:96:A4:FE:C4:27,None,2026-08-21 19:45:04.163806
F6:67:B2:6F:0A:45,None,2026-08-21 19:45:04.472924
C0:72:D2:4B:2B:22,None,2026-08-21 19:45:07.233565
40:84:59:42:B2:16,None,2026-08-21 19:45:13.422012
4A:21:E4:15:32:B8,None,2026-08-21 19:46:00.142608
E6:55:E9:58:A3:6E,None,2026-08-21 19:46:21.205104
1F:B6:2D:1B:2F:74,None,2026-08-21 19:47:31.947681
26:39:EC:4E:44:99,None,2026-08-21 19:47:32.041206
4D:D6:8C:D2:6A:B6,None,2026-08-21 19:47:54.563735
32:F3:62:F5:F7:79,None,2026-08-21 19:48:38.929139
D2:62:5C:B7:9F:37,None,2026-08-21 19:48:43.896332
46:B8:6B:B8:4B:62,None,2026-08-21 19:48:49.478526
50:DD:B8:19:37:02,None,2026-08-21 19:50:21.725508
D1:10:78:0E:E3:84,None,2026-08-21 19:50:24.068687
D3:0F:52:24:69:EE,None,2026-08-21 19:50:28.888375
27:9C:DC:8E:1E:CF,None,2026-08-21 19:52:02.320219
58:6B:6E:11:A7:F1,None,2026-08-21 19:52:07.085735
52:7C:A0:75:42:16,None,2026-08-21 19:52:07.619609
2B:09:3F:C9:36:0E,None,2026-08-21 19:52:08.357184
C4:A3:F1:1E:4A:94,None,2026-08-21 19:52:52.217476
44:7F:E3:11:B9:C2,None,2026-08-21 19:53:20.798429
70:B6:48:25:5F:FC,None,2026-08-21 19:54:06.360624
7A:AF:03:10:8E:25,None,2026-08-21 19:54:21.870384
65:A0:88:65:C5:E0,None,2026-08-21 19:55:45.345865
72:0C:96:71:A9:D7,None,2026-08-21 19:55:48.452525
78:90:78:73:0F:4B,None,2026-08-21 19:56:22.484966
E1:4E:93:93:2D:2C,None,2026-08-21 19:56:23.906324
45:DF:54:5E:75:4D,None,2026-08-21 19:56:46.317759
4A:EA:A9:91:8B:06,None,2026-08-21 19:56:50.272798
4D:14:BF:45:30:7D,None,2026-08-21 19:56:50.464122
01:12:8D:2F:1D:22,None,2026-08-21 19:57:18.150964
52:93:78:B1:21:C7,None,2026-08-21 19:57:54.745203
F7:F3:05:54:7F:31,None,2026-08-21 19:58:10.832135
4A:7F:2A:93:75:65,None,2026-08-21 19:58:17.446717
EE:CA:37:FE:1E:2D,None,2026-08-21 19:58:20.914296
E6:66:58:DC:2E:0C,LED_BLE_58DC2E0C,2026-08-21 19:58:38.457665
A9:E5:FE:7D:76:1B,LED_BLE_FE7D761B,2026-08-21 19:58:42.703202
00:25:CA:5D:D9:D0,01469995,2026-08-21 19:58:43.005433
61:A6:64:B4:2F:3E,None,2026-08-21 19:59:03.999025
52:AC:04:6C:C0:76,None,2026-08-21 19:59:26.309408
DD:D0:BD:44:B2:F6,None,2026-08-21 20:00:03.137275
CE:98:86:E3:5A:3C,None,2026-08-21 20:00:07.198512
E5:6E:57:B6:32:E9,None,2026-08-21 20:00:07.403881
E0:60:90:47:E9:88,None,2026-08-21 20:00:16.046376
D4:02:06:C1:ED:37,None,2026-08-21 20:00:18.547164
FC:88:1A:F8:87:DE,None,2026-08-21 20:00:45.522841
D1:E4:5B:11:87:DF,None,2026-08-21 20:01:08.538669
C8:0E:AB:2A:6D:41,None,2026-08-21 20:01:14.192591
09:F3:CB:D3:D4:79,None,2026-08-21 20:01:35.390162
16:48:6B:A8:FC:FE,None,2026-08-21 20:01:35.451917
E6:19:34:DB:33:0E,None,2026-08-21 20:02:17.252234
65:F2:C8:56:F5:21,None,2026-08-21 20:02:30.183025
73:02:14:37:CB:5A,None,2026-08-21 20:03:01.235782
FB:3F:69:05:47:58,None,2026-08-21 20:03:14.577020
C7:39:35:1E:6A:2E,None,2026-08-21 20:03:21.640667
5A:F1:C0:E2:8C:28,None,2026-08-21 20:03:28.016727
76:2D:5A:2B:72:97,None,2026-08-21 20:05:43.881092
CC:DE:00:A8:A2:80,None,2026-08-21 20:06:29.821649
67:DA:A2:24:5F:C7,None,2026-08-21 20:06:57.995302
4C:58:FE:04:2D:B4,None,2026-08-21 20:07:02.479820
1E:CE:4F:57:9E:92,None,2026-08-21 20:07:12.549983
DA:C4:32:57:8D:D7,None,2026-08-21 20:08:47.276976
7C:59:F7:36:88:7C,None,2026-08-21 20:10:37.217649
68:7A:F5:82:B1:5F,None,2026-08-21 20:10:37.245591
5A:73:78:45:0D:14,None,2026-08-21 20:10:37.860724
70:68:CA:28:1D:4F,None,2026-08-21 20:10:50.708408
5C:0C:33:8F:EE:CD,None,2026-08-21 20:11:12.522577
E9:EC:F7:0E:C1:AD,None,2026-08-21 20:11:36.341628
51:A7:E9:25:5D:6A,None,2026-08-21 20:12:01.951640
4A:45:0A:25:F1:F5,None,2026-08-21 20:13:08.761108
6A:16:5C:B9:D5:20,None,2026-08-21 20:13:11.913609
52:4B:86:57:C6:FF,None,2026-08-21 20:13:40.260998
5B:13:E5:7D:36:CC,None,2026-08-21 20:13:44.635650
74:A1:54:AD:D2:4D,None,2026-08-21 20:14:10.660883
E3:AD:18:DB:99:A9,None,2026-08-21 20:15:02.395944
D4:0F:BC:85:7A:AF,None,2026-08-21 20:15:07.220621
EC:70:0B:75:80:0A,None,2026-08-21 20:15:12.150094
E7:71:FE:02:B5:F0,None,2026-08-21 20:15:20.245400
D5:E7:49:9C:6F:09,None,2026-08-21 20:15:36.711271
4B:4D:D6:04:B0:BB,None,2026-08-21 20:15:54.872576
CE:3E:E0:D1:16:5F,None,2026-08-21 20:16:01.339291
D3:DD:79:CB:DF:96,None,2026-08-21 20:17:06.046697
DB:5F:DB:23:8C:E8,None,2026-08-21 20:17:23.223912
07:12:DE:D8:98:FE,None,2026-08-21 20:17:26.132907
78:8A:64:2B:39:9D,None,2026-08-21 20:18:02.372977
6C:6A:EB:64:1C:D9,None,2026-08-21 20:20:46.992938
64:76:43:C3:4E:71,None,2026-08-21 20:21:26.984911
50:9D:40:9D:88:88,None,2026-08-21 20:21:29.424008
6F:20:68:AB:48:CD,None,2026-08-21 20:21:34.665154
DF:8C:CC:A8:A8:E7,None,2026-08-21 20:21:44.006220
6D:E5:D0:C1:2B:A8,None,2026-08-21 20:23:24.459601
43:0F:92:64:28:2A,None,2026-08-21 20:23:24.917918
49:E8:A1:50:7D:B4,None,2026-08-21 20:23:25.501765
7D:5C:6A:15:A6:14,None,2026-08-21 20:25:17.194675
42:AB:31:C9:24:1D,None,2026-08-21 20:25:33.819790
43:8D:FC:84:7A:D6,4,2026-08-21 20:25:40.818242
FA:A3:7E:09:6E:C1,None,2026-08-21 20:25:44.757750
53:0B:B8:44:CC:D9,None,2026-08-21 20:25:49.073859
F5:66:2E:7C:80:DA,None,2026-08-21 20:26:20.508516
2C:DA:C5:A9:89:52,None,2026-08-21 20:27:13.296351
D7:B8:47:66:86:47,None,2026-08-21 20:27:17.582944
43:01:83:DC:75:97,None,2026-08-21 20:27:34.957578
D7:07:B1:56:53:7B,None,2026-08-21 20:27:40.661912
52:F1:94:46:BC:BE,None,2026-08-21 20:29:34.593820
65:77:12:DF:22:32,None,2026-08-21 20:29:58.645572
C8:9D:10:BD:DF:6D,None,2026-08-21 20:30:00.400352
DC:FD:B0:83:D0:00,None,2026-08-21 20:30:00.535174
DB:CA:70:E1:8D:2A,None,2026-08-21 20:30:02.255541
C2:33:33:CB:4C:DA,None,2026-08-21 20:30:02.802208
FD:A8:99:B5:6E:AE,None,2026-08-21 20:30:07.921559
3C:DB:FB:D6:7D:5A,None,2026-08-21 20:30:14.654192
C5:4A:6C:6A:EB:7E,None,2026-08-21 20:30:15.348827
C4:00:AB:EB:87:9F,None,2026-08-21 20:31:10.459991
7B:32:D5:3C:D7:0F,None,2026-08-21 20:32:07.386935
F8:B2:B8:8A:F6:FA,None,2026-08-21 20:32:28.206561
5B:0E:1F:16:18:64,None,2026-08-21 20:33:04.008045
69:A1:64:DD:1D:3F,None,2026-08-21 20:33:23.862009
50:48:91:BD:9C:B4,None,2026-08-21 20:33:25.970573
46:F7:49:A1:E3:2E,None,2026-08-21 20:33:31.643305
54:5A:DE:F8:26:A2,None,2026-08-21 20:33:42.098012
EE:BF:37:0B:F0:46,None,2026-08-21 20:34:34.494640
5E:0D:FD:56:13:41,None,2026-08-21 20:35:41.851880
D3:98:CC:FB:16:66,None,2026-08-21 20:35:41.884787
7F:86:A7:71:A0:F5,None,2026-08-21 20:37:16.838508
4A:8B:F8:5D:27:BC,None,2026-08-21 20:37:45.202245
54:62:40:71:38:CA,None,2026-08-21 20:38:53.198041
41:8C:8F:43:11:4A,None,2026-08-21 20:38:55.961475
6F:D1:CC:72:84:89,None,2026-08-21 20:38:56.041246
4C:BA:C0:57:4B:56,None,2026-08-21 20:38:56.919439
6A:C8:9E:91:D6:86,None,2026-08-21 20:39:50.098554
CB:8B:EB:9F:C4:89,None,2026-08-21 20:39:53.572935
31:F6:14:A2:54:CD,None,2026-08-21 20:40:35.843220
5B:51:08:AD:07:4A,None,2026-08-21 20:40:49.035544
7E:5C:F6:24:B9:55,None,2026-08-21 20:41:02.912513
7A:73:27:91:FA:77,None,2026-08-21 20:41:40.366984
6A:16:26:19:5E:D7,None,2026-08-21 20:41:41.839509
F9:0D:DC:30:EC:77,None,2026-08-21 20:41:41.872031
CF:56:66:BB:03:8C,None,2026-08-21 20:41:45.139716
7F:F9:DD:C5:82:C7,None,2026-08-21 20:41:48.606245
7C:0D:53:9D:0D:A4,None,2026-08-21 20:42:30.480412
41:B4:29:03:01:19,None,2026-08-21 20:42:31.129089
EC:6A:D3:32:1E:B9,None,2026-08-21 20:42:31.150099
6D:85:E6:33:AF:D0,None,2026-08-21 20:42:46.283326
7E:A0:E6:CD:5C:99,None,2026-08-21 20:44:38.366446
CA:EF:FD:54:B8:4D,None,2026-08-21 20:45:00.542026
C9:0A:A7:88:0E:32,None,2026-08-21 20:45:02.593204
DF:6A:B1:26:49:39,None,2026-08-21 20:45:02.645326
F4:3C:7F:C9:3B:D9,None,2026-08-21 20:45:03.370055
F4:05:7B:63:68:5D,None,2026-08-21 20:45:09.715680
D3:3E:C5:F6:3C:5D,None,2026-08-21 20:45:10.238594
D2:AC:80:D6:29:9C,None,2026-08-21 20:45:10.436881
72:B1:71:E4:B0:A4,None,2026-08-21 20:46:37.063449
D3:8C:5B:B6:AC:9D,None,2026-08-21 20:47:29.722251
76:CA:4F:64:19:65,None,2026-08-21 20:48:46.229155
05:90:F3:01:3D:D1,None,2026-08-21 20:50:09.566053
4B:AE:82:4F:14:E2,None,2026-08-21 20:50:19.802688
7A:CC:20:F9:EC:A0,None,2026-08-21 20:50:20.695180
5D:48:6B:3A:26:B8,None,2026-08-21 20:50:23.310156
DD:60:A5:B5:29:65,None,2026-08-21 20:50:24.384950
4F:C2:0B:3D:18:61,None,2026-08-21 20:51:29.085705
50:B3:2F:A9:B8:F0,None,2026-08-21 20:51:43.658389
E6:D3:C7:FD:07:0A,None,2026-08-21 20:51:45.426188
79:85:62:D3:50:3C,None,2026-08-21 20:52:46.640976
63:3A:C8:41:26:57,None,2026-08-21 20:52:55.437872
54:08:B7:19:A2:AD,None,2026-08-21 20:53:02.122253
73:FC:AF:CF:C5:EA,None,2026-08-21 20:53:13.399500
7D:67:61:44:ED:63,None,2026-08-21 20:55:16.138422
EF:7F:51:75:03:61,None,2026-08-21 20:55:31.063021
6F:62:4E:50:25:3E,None,2026-08-21 20:55:49.213543
71:BE:79:02:D2:F9,None,2026-08-21 20:55:55.897752
70:90:6A:2A:00:94,None,2026-08-21 20:56:07.607598
67:B3:50:B5:17:DF,None,2026-08-21 20:57:08.259710
45:58:A0:26:0A:19,None,2026-08-21 20:57:42.382704
51:28:EB:82:AD:16,None,2026-08-21 20:57:46.373718
61:D6:50:96:12:EB,None,2026-08-21 20:58:10.592745
4B:83:63:29:4D:DB,None,2026-08-21 20:58:31.102957
62:6B:64:9C:2A:8C,None,2026-08-21 20:59:18.022678
CD:66:18:38:12:FF,None,2026-08-21 21:00:00.169276
C4:35:DB:06:A1:5C,None,2026-08-21 21:00:00.538197
D7:A3:CF:44:A5:2F,None,2026-08-21 21:00:00.603029
73:6E:39:96:02:73,None,2026-08-21 21:00:04.240157
CC:F9:97:D7:4D:C8,None,2026-08-21 21:00:06.436211
CD:95:61:4D:DD:84,None,2026-08-21 21:00:07.649628
20:AC:AF:88:14:93,None,2026-08-21 21:00:10.369009
45:FB:0A:34:5E:00,None,2026-08-21 21:01:49.563151
56:93:D2:35:0E:CE,None,2026-08-21 21:01:59.938158
CD:F8:68:62:52:A8,None,2026-08-21 21:02:03.823766
DB:0E:7F:6E:69:84,None,2026-08-21 21:02:26.138211
CD:45:3B:C2:B9:C8,None,2026-08-21 21:03:29.318470
7F:90:20:B9:98:49,None,2026-08-21 21:04:05.605375
F7:D0:48:23:98:28,None,2026-08-21 21:04:54.843449
78:29:3E:1E:18:14,None,2026-08-21 21:05:49.003750
58:DD:82:A7:AB:73,None,2026-08-21 21:06:06.205191
C6:40:A6:8B:25:F9,None,2026-08-21 21:08:55.490713
54:3A:08:FC:4B:DB,None,2026-08-21 21:08:55.903040
79:BE:0C:CB:01:14,None,2026-08-21 21:09:00.204565
66:FA:89:FB:87:54,None,2026-08-21 21:09:00.216531
0C:29:08:E8:01:65,None,2026-08-21 21:10:11.388019
70:8A:83:28:5C:47,None,2026-08-21 21:10:49.049473
65:BC:E6:75:68:4A,None,2026-08-21 21:10:51.862131
62:3C:FB:2F:B1:3C,None,2026-08-21 21:10:51.905995
6C:D5:B8:1A:F8:C0,None,2026-08-21 21:10:55.864894
63:16:0D:1C:6A:E9,None,2026-08-21 21:11:00.147033
4B:F2:96:51:42:C4,None,2026-08-21 21:11:02.083428
C5:D9:1D:26:1E:2E,None,2026-08-21 21:11:02.513627
FE:BF:AB:39:E7:EF,None,2026-08-21 21:11:06.930583
79:F0:EE:1C:E7:9F,None,2026-08-21 21:11:09.191287
E3:20:13:4C:51:88,None,2026-08-21 21:11:24.312609
C5:51:1F:A3:82:A4,None,2026-08-21 21:15:00.410131
E7:E1:52:54:D6:7A,None,2026-08-21 21:15:02.196213
D2:6B:D4:CC:72:1F,None,2026-08-21 21:15:02.333588
D0:E5:F8:A1:97:E5,None,2026-08-21 21:15:02.592942
F4:FA:F4:DD:30:B4,None,2026-08-21 21:15:03.626829
F0:F9:FC:6D:91:89,None,2026-08-21 21:15:08.228204
6B:BE:0A:95:B8:2A,None,2026-08-21 21:15:32.130189
43:91:7B:8F:3D:CF,None,2026-08-21 21:15:46.226801
E1:02:B9:9E:77:CD,None,2026-08-21 21:15:46.360910
58:6D:C9:89:F2:47,None,2026-08-21 21:15:52.451742
D7:CA:67:96:20:3C,None,2026-08-21 21:16:02.512204
43:95:0B:A1:93:70,None,2026-08-21 21:16:09.930459
73:D8:88:05:C9:DD,None,2026-08-21 21:16:13.041948
ED:47:E2:3E:28:C7,None,2026-08-21 21:16:52.829163
FF:54:25:1A:61:BC,None,2026-08-21 21:16:56.253038
7B:63:BF:55:39:F4,None,2026-08-21 21:17:42.292203
6E:0F:93:90:F3:97,None,2026-08-21 21:18:52.143940
0D:D3:80:48:22:84,None,2026-08-21 21:20:10.822909
6C:FA:5C:3D:FD:A3,None,2026-08-21 21:20:18.403673
F1:9B:00:7B:75:B3,None,2026-08-21 21:20:18.946427
57:54:70:CC:56:70,None,2026-08-21 21:21:35.966415
75:3B:14:1D:FD:C7,None,2026-08-21 21:21:36.796980
50:A9:99:91:7B:90,None,2026-08-21 21:21:37.110190
64:CD:12:15:03:7B,None,2026-08-21 21:22:45.301227
47:F5:1B:23:56:80,None,2026-08-21 21:23:14.359776
58:29:D4:CC:E4:E7,None,2026-08-21 21:23:21.575326
42:BE:B9:CB:D9:F6,None,2026-08-21 21:23:42.364837
D5:13:5C:14:8E:F7,None,2026-08-21 21:23:50.829059
5E:0D:8D:F5:0F:D9,None,2026-08-21 21:24:04.044287
61:3C:E4:4F:DE:07,None,2026-08-21 21:24:19.327268
66:96:F0:06:88:1B,None,2026-08-21 21:24:45.311780
73:32:12:DB:CD:E1,None,2026-08-21 21:25:48.871891
72:CE:8E:CA:E6:5A,None,2026-08-21 21:26:11.280156
4E:DF:3F:AA:A8:AC,None,2026-08-21 21:26:30.453669
65:8D:6E:04:5F:8E,None,2026-08-21 21:27:27.725787
45:75:FF:43:BE:C5,None,2026-08-21 21:27:30.087263
F2:D3:E8:DC:B0:9C,None,2026-08-21 21:27:36.091580
64:5A:FC:B5:E6:73,None,2026-08-21 21:28:02.281606
E9:34:EC:AA:77:1D,None,2026-08-21 21:29:30.050158
E4:CF:59:E2:BA:47,None,2026-08-21 21:30:01.136016
FD:31:9D:D8:2F:5E,None,2026-08-21 21:30:04.212949
FE:91:0C:74:16:2B,None,2026-08-21 21:30:04.399279
FD:B8:FD:B9:46:50,None,2026-08-21 21:30:04.536863
CE:2F:65:93:09:F7,None,2026-08-21 21:30:04.645122
44:57:43:C1:A1:49,None,2026-08-21 21:30:06.110416
22:1F:E2:CD:1F:26,None,2026-08-21 21:30:11.174838
FD:2E:4F:32:20:85,None,2026-08-21 21:30:18.245272
F8:DF:D5:4D:A9:A0,None,2026-08-21 21:30:26.043478
CC:96:E1:25:C9:EB,None,2026-08-21 21:31:21.691168
D1:BC:97:CA:07:AE,None,2026-08-21 21:31:29.822844
6C:A4:68:63:4C:02,None,2026-08-21 21:32:32.128791
F8:95:8F:04:9C:6D,None,2026-08-21 21:32:33.043004
4A:E3:B3:F5:14:D2,None,2026-08-21 21:32:53.223454
56:C6:CD:8A:17:4B,None,2026-08-21 21:32:53.570370
57:2A:1C:CC:7A:DC,None,2026-08-21 21:32:54.164180
72:77:A2:7C:DD:8A,None,2026-08-21 21:33:57.784355
7A:36:DF:B2:FC:25,None,2026-08-21 21:34:02.489292
48:7B:B2:22:33:DA,None,2026-08-21 21:36:10.578310
44:F6:62:F8:11:65,None,2026-08-21 21:36:24.566599
49:E7:0E:31:16:4B,None,2026-08-21 21:37:49.358392
4B:2D:4B:9C:B6:79,None,2026-08-21 21:38:01.198571
51:13:6F:F4:53:E8,None,2026-08-21 21:38:56.559107
53:89:81:68:73:D6,None,2026-08-21 21:38:56.788960
5A:D6:DE:65:D4:A2,None,2026-08-21 21:39:14.538501
22:1E:6E:18:5E:91,None,2026-08-21 21:40:09.425637
72:B3:5D:E7:04:90,None,2026-08-21 21:40:50.929439
20:A7:16:57:88:E8,None,2026-08-21 21:42:27.281314
5B:1D:30:6C:BE:15,None,2026-08-21 21:44:17.862778
C9:24:F2:43:D4:C0,None,2026-08-21 21:45:00.532841
C2:00:EB:BD:33:66,None,2026-08-21 21:45:02.243788
E9:25:C2:97:83:00,None,2026-08-21 21:45:02.393952
DA:F8:1D:C2:D0:A6,None,2026-08-21 21:45:05.264361
EC:AA:53:B1:41:C9,None,2026-08-21 21:45:08.177294
73:62:EE:36:61:76,None,2026-08-21 21:45:33.534257
D0:08:33:4C:E9:D7,None,2026-08-21 21:45:34.787836
5D:F8:F7:21:93:3B,None,2026-08-21 21:47:15.864883
25:1E:5F:C4:F7:DA,None,2026-08-21 21:47:37.005054
37:E5:EE:4D:82:E4,None,2026-08-21 21:47:37.617500
75:55:01:53:DD:E6,None,2026-08-21 21:48:59.110064
42:B0:8D:90:F8:E9,None,2026-08-21 21:49:02.450884
65:A1:D8:FC:6C:80,None,2026-08-21 21:49:03.184477
4D:1E:7A:28:0A:4F,None,2026-08-21 21:49:03.425331
65:07:B0:57:91:6D,None,2026-08-21 21:49:10.187919
4A:1C:4D:9E:AF:A7,None,2026-08-21 21:49:17.457332
E3:0C:29:01:9E:7A,None,2026-08-21 21:49:36.746901
56:DF:90:31:8C:9D,None,2026-08-21 21:49:37.130332
D0:BB:E5:EC:89:BF,None,2026-08-21 21:49:51.677245
76:86:C0:C9:DA:09,LE_WF-C500,2026-08-21 21:50:01.699423
1E:26:53:5B:B4:63,None,2026-08-21 21:50:09.850881
68:12:5D:41:84:81,None,2026-08-21 21:50:57.741255
F7:60:E9:B0:62:8A,None,2026-08-21 21:51:30.308566
79:8C:D4:1B:F2:EF,None,2026-08-21 21:51:34.590830
6E:C2:9E:F1:DE:CE,None,2026-08-21 21:51:45.797939
51:04:70:6C:52:47,None,2026-08-21 21:53:36.890302
5C:BF:25:25:30:A5,None,2026-08-21 21:54:15.256945
64:B6:3A:3D:2B:52,None,2026-08-21 21:55:49.078257
6D:D2:41:49:99:1E,None,2026-08-21 21:56:14.262313
78:69:83:FF:55:E4,None,2026-08-21 21:57:13.357682
44:BE:C0:FD:C5:D2,None,2026-08-21 21:57:13.376028
5A:2A:A6:98:B9:C5,None,2026-08-21 21:58:45.380674
68:07:F5:90:A7:C7,None,2026-08-21 21:59:12.909498
E9:F1:6C:FB:4E:7F,None,2026-08-21 21:59:13.028082
2F:C2:BB:8C:90:3C,None,2026-08-21 21:59:31.739864
EE:C5:C4:ED:9A:43,None,2026-08-21 22:00:00.371379
CA:AE:D3:A6:77:D7,None,2026-08-21 22:00:00.391342
CB:6C:E7:E2:5A:6F,None,2026-08-21 22:00:01.892815
0A:35:B2:A6:8F:98,None,2026-08-21 22:00:11.048222
C0:FA:85:97:00:D4,None,2026-08-21 22:00:24.625281
CF:62:B2:2E:1E:B3,None,2026-08-21 22:00:44.668406
41:7A:36:92:A0:C6,None,2026-08-21 22:00:44.913258
F2:57:A5:A9:C4:D6,None,2026-08-21 22:00:50.374207
EB:CD:88:39:B9:18,None,2026-08-21 22:00:51.342906
57:86:B9:6E:2F:C7,None,2026-08-21 22:01:13.259971
7C:51:59:DD:6F:28,None,2026-08-21 22:01:15.076786
45:D8:5F:EF:C2:5C,None,2026-08-21 22:03:41.936402
53:2A:F3:90:47:22,None,2026-08-21 22:04:15.863290
67:67:4C:89:AB:6E,None,2026-08-21 22:05:13.033637
73:4B:C5:BF:5D:A9,None,2026-08-21 22:05:13.190181
70:50:44:1E:85:A1,None,2026-08-21 22:05:14.547282
69:90:B6:C2:B2:FF,None,2026-08-21 22:05:59.911590
59:61:28:46:E4:B8,None,2026-08-21 22:06:35.223773
5E:2F:7A:5C:39:5F,None,2026-08-21 22:06:48.692254
C3:B2:CA:49:48:C2,None,2026-08-21 22:06:50.437843
68:52:AD:6D:8F:6B,None,2026-08-21 22:07:24.738096
66:2B:9B:EF:E4:1D,None,2026-08-21 22:07:25.762844
48:E4:F4:ED:A5:6B,None,2026-08-21 22:07:32.941383
FD:39:FC:95:65:DC,None,2026-08-21 22:07:33.819309
F1:3A:9D:DD:87:CC,None,2026-08-21 22:07:38.696164
F1:C8:8C:30:EE:D6,None,2026-08-21 22:07:40.276940
62:F1:89:08:18:47,None,2026-08-21 22:07:44.977369
63:5C:6E:15:C7:F0,None,2026-08-21 22:10:00.480886
E4:22:E1:85:D9:37,None,2026-08-21 22:10:01.922165
10:4A:9D:AF:8B:49,None,2026-08-21 22:10:10.429602
73:AC:5C:9D:FB:00,None,2026-08-21 22:10:32.246014
77:B7:2A:3F:32:D1,None,2026-08-21 22:10:49.468000
67:BC:EE:BB:F2:AF,None,2026-08-21 22:11:25.676668
65:CC:34:49:F3:2B,None,2026-08-21 22:11:41.059298
4F:35:60:BB:C9:29,None,2026-08-21 22:12:22.351545
CA:D1:FD:1D:EC:86,None,2026-08-21 22:12:22.371191
6C:FD:97:0E:AA:71,None,2026-08-21 22:13:13.536817
5C:E3:C5:BC:62:D2,None,2026-08-21 22:13:20.101094
52:FD:C0:64:88:C7,None,2026-08-21 22:13:20.128285
61:C2:CE:56:96:67,None,2026-08-21 22:13:20.886249
4D:C1:FB:CF:E2:E0,None,2026-08-21 22:14:41.351238
6B:7A:96:DD:92:63,None,2026-08-21 22:14:48.782213
CE:B8:86:1F:3D:88,None,2026-08-21 22:14:51.798648
E9:2C:52:40:ED:89,None,2026-08-21 22:15:02.384707
71:D4:E7:B1:B6:86,None,2026-08-21 22:15:02.761353
D4:E6:CD:DD:69:3F,None,2026-08-21 22:15:03.973808
F2:0F:1B:DC:FA:21,None,2026-08-21 22:15:12.547284
C4:C0:3B:9A:A7:59,None,2026-08-21 22:15:16.531354
78:2A:0D:80:B5:03,None,2026-08-21 22:15:56.231825
EC:41:B8:16:59:B0,None,2026-08-21 22:15:59.471076
F4:E9:54:3D:B9:8C,None,2026-08-21 22:16:03.615558
47:6B:CE:51:C8:01,None,2026-08-21 22:16:06.941800
4F:6B:B3:43:4F:03,None,2026-08-21 22:16:13.204770
5C:87:8B:85:2E:70,None,2026-08-21 22:16:13.748302
6F:62:F5:99:C7:47,None,2026-08-21 22:16:20.154272
53:A0:89:33:BE:C8,None,2026-08-21 22:16:20.224380
EB:7E:35:0A:AD:DF,None,2026-08-21 22:17:02.799646
CC:F7:D6:2F:AE:92,None,2026-08-21 22:17:05.825785
62:8F:AA:55:EE:89,None,2026-08-21 22:17:16.732860
64:23:ED:41:34:28,None,2026-08-21 22:17:18.980279
E5:14:4D:56:06:5D,None,2026-08-21 22:17:39.530721
65:CC:A8:7A:65:73,None,2026-08-21 22:17:46.787319
DC:43:10:AA:3C:4B,None,2026-08-21 22:18:09.500727
4A:DE:19:29:0B:84,None,2026-08-21 22:18:29.489377
7B:7D:B8:91:DA:65,None,2026-08-21 22:19:52.629813
77:12:2A:2F:A9:A9,None,2026-08-21 22:19:54.304581
ED:FC:C2:7E:11:99,None,2026-08-21 22:20:00.738071
6B:48:06:9E:05:4C,None,2026-08-21 22:20:00.794226
49:6C:8C:5F:31:2D,None,2026-08-21 22:20:46.226888
63:65:35:D6:E0:55,None,2026-08-21 22:20:46.292474
7E:83:B7:14:9D:B0,None,2026-08-21 22:20:50.638228
47:5E:0C:80:CF:4A,None,2026-08-21 22:21:18.936368
4C:D5:71:4B:C5:3A,None,2026-08-21 22:21:47.265683
4C:CB:82:06:9B:C1,None,2026-08-21 22:23:11.403670
7C:32:91:BB:7A:0C,None,2026-08-21 22:23:49.007601
6D:08:C1:CB:20:BC,None,2026-08-21 22:24:17.618462
F0:D6:F1:15:DA:64,None,2026-08-21 22:25:35.126708
4B:24:97:F5:FA:E9,None,2026-08-21 22:25:48.721092
7B:4B:A2:D6:85:B1,None,2026-08-21 22:26:11.524584
46:B9:96:A0:B2:B5,None,2026-08-21 22:26:15.701894
EF:B7:49:A4:9F:35,None,2026-08-21 22:27:29.917535
61:F8:B8:C4:25:1B,None,2026-08-21 22:28:24.331268
7C:69:39:3A:57:E8,None,2026-08-21 22:28:24.355487
5A:A1:60:30:8C:C0,None,2026-08-21 22:28:25.413064
F2:21:B6:2B:44:A1,None,2026-08-21 22:30:02.395975
E9:D2:F6:0F:E6:DD,None,2026-08-21 22:30:04.128548
F2:68:0B:5A:01:F2,None,2026-08-21 22:30:04.343688
DE:31:B1:07:33:B8,None,2026-08-21 22:30:04.387728
FE:6C:61:43:42:31,None,2026-08-21 22:30:04.498494
EB:C1:3A:86:17:5B,None,2026-08-21 22:30:31.637675
C8:DF:FF:E6:2D:22,None,2026-08-21 22:30:33.203891
D0:C2:39:0E:31:0C,None,2026-08-21 22:31:02.290367
61:1D:BB:F7:1D:02,None,2026-08-21 22:31:28.548198
6C:B8:6E:0D:D3:2D,None,2026-08-21 22:31:35.072150
68:79:81:47:82:77,None,2026-08-21 22:31:35.330843
F8:93:CE:F7:38:A0,None,2026-08-21 22:31:42.250403
D8:11:6E:40:4F:E2,None,2026-08-21 22:32:22.397459
DE:6A:A4:12:31:CD,None,2026-08-21 22:33:29.072421
73:1E:5A:67:24:C5,None,2026-08-21 22:33:33.375965
6A:43:29:6A:E5:39,None,2026-08-21 22:34:29.499963
5A:75:80:C5:52:C1,None,2026-08-21 22:35:17.009505
C8:84:57:11:1E:3D,None,2026-08-21 22:36:32.477737
7E:BC:F6:DC:F6:6A,None,2026-08-21 22:36:54.866463
D3:E4:1A:72:AC:3D,None,2026-08-21 22:37:43.017956
56:A2:97:51:F7:ED,None,2026-08-21 22:38:03.944268
72:01:CE:31:41:FB,None,2026-08-21 22:38:20.243175
67:FC:5B:99:04:B2,None,2026-08-21 22:38:30.275262
6E:A9:E7:1D:C3:3A,None,2026-08-21 22:38:45.343440
41:57:1C:11:8F:73,None,2026-08-21 22:40:50.750129
52:D3:D7:E6:1E:54,None,2026-08-21 22:42:19.056624
7D:39:12:5E:8C:74,None,2026-08-21 22:43:15.851077
40:59:AD:2B:54:C3,None,2026-08-21 22:43:57.531701
69:5C:78:88:17:E6,None,2026-08-21 22:43:57.923054
C8:43:F4:43:2D:54,None,2026-08-21 22:44:12.314525
D9:E6:F9:DB:B5:69,None,2026-08-21 22:44:12.369291
EB:7F:3B:E2:52:F3,None,2026-08-21 22:45:02.350597
DA:84:C5:3E:4F:6B,None,2026-08-21 22:45:02.468482
CC:F2:14:22:EF:79,None,2026-08-21 22:45:08.460592
C7:7A:E1:E4:84:E4,None,2026-08-21 22:45:12.398118
F0:F8:9E:B7:81:2F,None,2026-08-21 22:45:33.721871
FE:77:48:3B:C4:70,None,2026-08-21 22:45:34.951978
C7:8B:63:43:96:CA,None,2026-08-21 22:45:42.205070
46:28:DD:EC:6A:7D,None,2026-08-21 22:46:08.290975
20:85:39:6A:32:B3,None,2026-08-21 22:46:11.734722
C0:CB:24:3C:1B:7F,None,2026-08-21 22:46:12.523714
56:D0:8D:C6:86:9B,None,2026-08-21 22:46:29.699362
56:88:B1:BA:B2:D5,None,2026-08-21 22:46:36.505250
44:01:25:E6:E3:81,None,2026-08-21 22:46:37.976602
58:17:9F:23:86:95,None,2026-08-21 22:46:53.624220
72:27:30:8E:28:56,None,2026-08-21 22:46:53.664212
7F:F5:31:60:16:B7,None,2026-08-21 22:46:54.448652
4C:87:5D:52:61:A0,None,2026-08-21 22:47:22.241753
53:D3:CB:8D:3F:7C,None,2026-08-21 22:47:42.975060
CA:B3:A0:55:26:77,LE-Beats Studio Pro #2,2026-08-21 22:47:43.048158
53:D3:CB:D6:6E:B5,None,2026-08-21 22:47:44.319289
70:C2:02:56:28:E9,None,2026-08-21 22:47:55.029984
50:39:CC:54:58:F1,None,2026-08-21 22:48:03.156795
74:96:6F:A8:5A:BD,None,2026-08-21 22:48:04.536676
C5:55:37:B2:1C:96,None,2026-08-21 22:48:04.836552
54:62:30:ED:2C:57,None,2026-08-21 22:48:50.876874
5C:5F:55:03:5A:93,None,2026-08-21 22:50:33.375345
58:60:A7:63:7F:FC,None,2026-08-21 22:52:16.463454
F5:86:AF:EE:AD:AE,None,2026-08-21 22:52:17.034267
D2:D3:6F:0A:F3:07,None,2026-08-21 22:53:46.168297
4C:EE:7D:93:C8:EB,None,2026-08-21 22:53:46.371775
26:73:BE:0D:20:6D,None,2026-08-21 22:54:28.473620
EE:FD:46:D6:28:D4,None,2026-08-21 22:55:00.488876
75:FA:0A:D3:87:93,None,2026-08-21 22:55:26.023637
7C:B3:0D:92:C7:06,None,2026-08-21 22:55:37.060180
CF:2D:DF:26:FF:D9,None,2026-08-21 22:55:38.054268
69:0A:ED:35:7C:2D,None,2026-08-21 22:55:48.715284
E3:D8:6A:D6:1E:D2,None,2026-08-21 22:56:22.939436
53:65:4E:95:4E:82,None,2026-08-21 22:56:51.737952
6E:D1:10:ED:92:2F,None,2026-08-21 22:57:26.510790
6A:96:25:EC:4B:8D,None,2026-08-21 22:58:31.714254
EF:5B:17:C7:F0:F9,None,2026-08-21 22:58:32.838172
EB:52:51:6F:04:8B,None,2026-08-21 22:58:55.108453
68:60:82:DE:85:EE,None,2026-08-21 22:58:55.348716
44:81:F7:F5:F6:35,None,2026-08-21 22:59:04.261320
FD:7B:B3:D3:83:A4,None,2026-08-21 23:00:01.964732
FE:18:29:06:55:83,None,2026-08-21 23:00:02.451736
E7:99:73:62:F5:5D,None,2026-08-21 23:00:06.188863
F1:C1:34:FA:85:69,None,2026-08-21 23:00:10.743464
DF:16:FC:B5:BF:3B,None,2026-08-21 23:00:28.518116
FF:13:65:B1:D2:C5,None,2026-08-21 23:00:52.499136
D1:77:30:55:7A:02,None,2026-08-21 23:01:57.195563
FF:B8:86:19:3F:B9,None,2026-08-21 23:01:57.657083
E1:27:BE:51:C7:3A,None,2026-08-21 23:02:27.073850
77:AC:2C:8A:E5:3C,None,2026-08-21 23:02:28.375396
D0:E9:93:75:AE:18,None,2026-08-21 23:04:16.007183
58:71:29:22:C5:71,None,2026-08-21 23:04:33.169483
4A:2A:97:90:C1:27,None,2026-08-21 23:05:17.397273
49:E0:EF:D2:A9:DC,None,2026-08-21 23:05:24.332475
7D:C0:94:91:6D:E7,None,2026-08-21 23:05:42.645927
73:E3:24:FF:B8:43,None,2026-08-21 23:05:43.290053
7A:D4:62:C1:98:DC,None,2026-08-21 23:05:44.372830
6B:CD:76:8F:AC:E2,None,2026-08-21 23:06:08.355928
52:4D:E5:71:36:C6,None,2026-08-21 23:06:19.229230
56:DD:A3:0B:93:84,None,2026-08-21 23:07:22.330236
6E:1F:44:00:98:11,None,2026-08-21 23:09:48.760998
62:3F:28:88:DA:31,None,2026-08-21 23:10:00.839654
63:E5:2E:FD:A5:73,None,2026-08-21 23:10:01.103749
C2:E1:CF:A2:95:6A,None,2026-08-21 23:10:31.366953
47:02:66:49:36:62,None,2026-08-21 23:10:50.042608
67:E7:25:55:E0:5F,None,2026-08-21 23:12:04.691808
62:F2:89:29:74:88,None,2026-08-21 23:12:52.424331
4D:F3:02:61:A9:1E,None,2026-08-21 23:13:48.717471
DA:92:0A:4D:25:08,None,2026-08-21 23:15:00.438045
C5:A9:64:F8:E4:41,None,2026-08-21 23:15:04.133784
ED:E9:41:4F:D1:B5,None,2026-08-21 23:15:06.368914
F2:AA:9A:C4:EF:E4,None,2026-08-21 23:15:07.556558
CF:F4:D1:4A:E0:EB,None,2026-08-21 23:15:11.190078
D8:07:89:48:26:BC,None,2026-08-21 23:15:13.169418
F4:CE:1E:19:9A:2F,None,2026-08-21 23:15:13.750454
FB:BA:C7:BE:06:26,None,2026-08-21 23:15:19.318159
FE:13:01:EA:72:F4,None,2026-08-21 23:15:40.059231
CD:C8:97:5E:4F:4F,None,2026-08-21 23:16:08.578082
75:5F:BB:F0:D1:87,None,2026-08-21 23:16:29.470848
57:46:A6:98:FF:3B,None,2026-08-21 23:16:30.413568
C6:1D:33:61:81:3A,None,2026-08-21 23:18:17.029920
59:3F:EE:8D:5E:B4,None,2026-08-21 23:19:13.022826
6A:A8:FC:ED:3E:A0,None,2026-08-21 23:20:07.378726
C5:71:8E:B7:0B:30,None,2026-08-21 23:20:07.409728
40:B9:01:78:14:3C,None,2026-08-21 23:21:14.252615
6D:18:C4:28:28:81,None,2026-08-21 23:21:57.397650
6E:E2:DF:B9:13:98,None,2026-08-21 23:22:00.865150
54:85:81:30:46:A5,None,2026-08-21 23:22:18.566294
4C:90:E2:62:66:06,None,2026-08-21 23:24:48.286399
79:FE:21:FE:01:52,None,2026-08-21 23:24:48.482244
76:AF:B6:E5:AF:76,None,2026-08-21 23:24:50.690893
65:FD:54:B3:1E:F7,None,2026-08-21 23:25:47.837266
5F:D4:DE:D4:B5:7A,None,2026-08-21 23:25:48.768074
5F:B4:B4:EA:21:8F,None,2026-08-21 23:26:34.561262
79:B5:B1:53:29:B4,None,2026-08-21 23:27:32.987080
54:55:9C:6D:E0:AF,None,2026-08-21 23:27:52.029862
45:14:21:5F:E1:4D,None,2026-08-21 23:27:52.269571
68:73:7B:62:73:BA,None,2026-08-21 23:27:52.796689
6C:8F:6E:5B:2D:A3,None,2026-08-21 23:29:09.497218
4F:03:00:AB:3E:1C,None,2026-08-21 23:29:10.714816
69:FA:F0:17:F6:7E,None,2026-08-21 23:29:11.451996
FE:02:36:3B:C1:D4,None,2026-08-21 23:30:02.532521
E8:F5:D9:E3:B3:4E,None,2026-08-21 23:30:03.652898
D3:27:1F:0E:4B:BA,None,2026-08-21 23:30:08.525197
D1:76:10:C1:48:4D,None,2026-08-21 23:30:10.501070
F6:94:42:06:F2:D9,None,2026-08-21 23:30:14.751782
D0:33:03:C3:4E:33,None,2026-08-21 23:30:16.326001
D9:92:F8:2B:41:74,None,2026-08-21 23:30:27.916956
F8:40:64:70:C7:8D,None,2026-08-21 23:30:29.637527
6C:5E:74:50:66:69,None,2026-08-21 23:31:54.736178
62:7D:72:27:BF:43,None,2026-08-21 23:32:01.930085
F3:16:CA:2C:CE:5D,None,2026-08-21 23:32:20.960471
55:E5:A3:E7:52:15,None,2026-08-21 23:35:03.174931
EF:D0:C1:A0:80:A7,None,2026-08-21 23:36:10.103454
55:D4:8C:FF:05:A9,None,2026-08-21 23:36:20.979290
7C:C9:99:18:32:93,None,2026-08-21 23:37:19.976644
46:E5:89:A9:9F:71,None,2026-08-21 23:38:05.208449
51:09:0E:72:03:42,None,2026-08-21 23:40:48.746147
6C:16:2A:4B:7A:CE,None,2026-08-21 23:41:13.344251
7C:E5:84:63:BA:DA,None,2026-08-21 23:41:19.221895
41:08:E1:23:4F:50,None,2026-08-21 23:42:38.850441
5B:17:96:7E:0B:95,None,2026-08-21 23:42:58.916228
7C:D2:B1:79:11:63,None,2026-08-21 23:43:13.122627
76:48:06:5F:BA:AD,None,2026-08-21 23:43:31.755172
56:87:01:05:A9:B0,None,2026-08-21 23:43:50.389706
50:B1:40:E8:8D:44,None,2026-08-21 23:44:42.312184
EE:B3:39:86:F5:7E,None,2026-08-21 23:45:00.302419
D9:CA:4F:9F:AB:CC,None,2026-08-21 23:45:02.167307
E3:6B:91:61:EA:48,None,2026-08-21 23:45:02.698792
EE:F0:45:F5:7A:F3,None,2026-08-21 23:45:06.540990
C6:24:45:6E:AE:61,None,2026-08-21 23:45:07.828233
CA:29:36:BD:4E:80,None,2026-08-21 23:45:08.844560
CF:78:89:C5:93:D0,None,2026-08-21 23:45:10.091520
E3:05:C0:80:58:7D,None,2026-08-21 23:45:28.694641
C0:A5:57:0A:EC:F0,None,2026-08-21 23:46:00.135359
5A:71:AE:AD:9D:44,None,2026-08-21 23:46:10.601757
42:CE:75:5D:20:7A,None,2026-08-21 23:46:39.999520
45:96:38:83:A5:AB,None,2026-08-21 23:46:40.719028
76:43:57:02:89:2E,None,2026-08-21 23:46:41.999308
DA:45:97:33:7F:96,None,2026-08-21 23:47:25.676498
F0:07:FC:54:A4:EB,None,2026-08-21 23:49:04.677221
52:ED:95:15:FE:4A,None,2026-08-21 23:49:47.580530
40:B8:67:CC:BF:9F,None,2026-08-21 23:49:47.700608
6A:95:A5:23:01:45,None,2026-08-21 23:50:26.762135
5D:38:69:8A:96:BC,None,2026-08-21 23:50:26.807282
7F:6C:65:06:BD:D3,None,2026-08-21 23:51:15.649421
69:3C:94:40:2E:DE,None,2026-08-21 23:53:47.291367
7D:75:F3:26:71:D9,None,2026-08-21 23:54:21.403323
56:6C:91:DB:D5:A3,None,2026-08-21 23:54:22.632896
56:98:01:09:35:F1,None,2026-08-21 23:54:56.533981
72:70:B8:D7:06:E3,None,2026-08-21 23:55:40.603243
C8:F9:8E:1F:6C:ED,None,2026-08-21 23:55:41.256218
77:52:B4:9F:B0:39,None,2026-08-21 23:55:48.763799
69:83:88:26:EC:2E,None,2026-08-21 23:56:05.910617
7F:10:C1:C8:4F:38,None,2026-08-21 23:56:19.785088
67:9D:D9:80:E4:71,None,2026-08-21 23:57:12.325063
64:21:FB:5B:EF:AB,None,2026-08-21 23:57:17.312922
64:02:A2:0B:88:4F,None,2026-08-21 23:59:07.230253
44:25:E5:E8:65:94,None,2026-08-21 23:59:10.308226
CD:CD:BE:E6:12:A6,None,2026-08-22 00:00:00.616346
EB:D2:CF:98:50:C2,None,2026-08-22 00:00:01.322504
CF:20:7F:4F:F3:C7,None,2026-08-22 00:00:02.243731
CC:5E:BF:D9:FC:16,None,2026-08-22 00:00:04.075983
CD:B9:1A:55:1A:B7,None,2026-08-22 00:00:04.145418
D5:4A:E8:2C:B6:80,None,2026-08-22 00:00:04.457749
CC:3D:0E:90:A9:40,None,2026-08-22 00:00:04.597759
C0:FC:F7:70:59:F0,None,2026-08-22 00:01:11.328929
50:49:F3:5B:36:68,None,2026-08-22 00:01:46.117569
C0:0B:79:E1:D8:22,None,2026-08-22 00:01:46.637147
5C:FB:D8:DE:6C:6E,None,2026-08-22 00:03:06.682991
4C:BA:91:E4:85:00,None,2026-08-22 00:03:07.376009
44:5B:54:C2:71:16,None,2026-08-22 00:03:47.400324
DD:54:61:62:52:74,None,2026-08-22 00:04:03.060155
67:A6:F8:7D:6B:AD,None,2026-08-22 00:06:08.032576
7C:95:5B:5D:20:B7,None,2026-08-22 00:06:08.304759
73:5A:55:B9:39:EC,None,2026-08-22 00:06:08.469244
60:1C:B4:4C:1D:DE,None,2026-08-22 00:06:33.647441
4B:F7:8B:CC:49:5C,None,2026-08-22 00:09:07.483677
69:D8:6C:A6:C8:2B,None,2026-08-22 00:09:28.474889
45:DB:EF:F2:EF:C9,None,2026-08-22 00:10:51.516188
6A:16:0D:AB:CF:B1,None,2026-08-22 00:11:10.989509
50:FB:37:56:D4:F8,None,2026-08-22 00:11:41.650614
53:07:3B:6C:0D:08,None,2026-08-22 00:12:29.588289
4D:C0:5E:F6:A6:9C,None,2026-08-22 00:12:53.233333
48:5F:15:4D:24:3B,None,2026-08-22 00:13:07.944142
44:3D:A1:96:5E:15,None,2026-08-22 00:14:01.051262
4E:20:07:52:0B:06,None,2026-08-22 00:14:01.331002
61:9E:BE:AC:C2:57,None,2026-08-22 00:14:17.736009
65:75:7E:58:54:C6,None,2026-08-22 00:14:29.956410
FA:D9:06:8C:CF:C1,None,2026-08-22 00:14:30.801849
E2:B0:7E:C8:7F:16,None,2026-08-22 00:15:04.240776
D4:74:3B:6A:3F:E9,None,2026-08-22 00:15:04.402897
E2:E0:A9:94:AB:DE,None,2026-08-22 00:15:06.740948
C2:B1:3E:EF:BB:09,None,2026-08-22 00:15:06.804524
E2:43:64:AF:87:7D,None,2026-08-22 00:15:12.070429
DE:48:4A:E7:1B:A8,None,2026-08-22 00:15:18.378026
CA:63:4F:E9:6E:00,None,2026-08-22 00:15:28.644364
F4:C2:EF:A6:EF:7F,None,2026-08-22 00:15:54.959097
CC:C6:D2:32:B0:E4,None,2026-08-22 00:16:10.879569
DC:EC:AF:1E:1E:9F,None,2026-08-22 00:17:04.445275
79:39:2B:ED:8F:A1,None,2026-08-22 00:17:09.202587
E7:95:68:38:1B:C7,None,2026-08-22 00:17:28.838970
77:82:36:DB:AD:E5,None,2026-08-22 00:17:33.201683
58:C0:24:0F:50:69,None,2026-08-22 00:17:35.664236
77:69:25:A4:2F:5A,None,2026-08-22 00:17:40.217438
CD:78:A4:16:7C:6F,None,2026-08-22 00:17:49.046853
E7:89:5F:0F:D3:3E,None,2026-08-22 00:17:51.722305
DD:A2:F2:ED:C6:F2,None,2026-08-22 00:17:56.655404
7D:85:7C:7F:FD:1E,None,2026-08-22 00:18:59.608997
75:4C:18:25:B6:0D,None,2026-08-22 00:22:13.011717
57:E8:0C:CD:FF:94,None,2026-08-22 00:22:46.161647
78:DD:31:6C:68:14,None,2026-08-22 00:23:51.937030
76:F0:6A:F6:58:3F,None,2026-08-22 00:24:12.253278
4E:DC:53:25:99:D9,None,2026-08-22 00:25:48.758364
62:2B:2E:ED:63:2C,None,2026-08-22 00:25:50.969718
6A:3F:C9:48:38:2A,None,2026-08-22 00:26:02.296594
56:99:32:A9:2B:58,None,2026-08-22 00:26:02.854895
58:EB:90:46:05:E9,None,2026-08-22 00:26:03.702184
5A:50:3B:8C:70:33,None,2026-08-22 00:27:12.117067
F0:8B:9B:80:AC:4F,None,2026-08-22 00:27:28.345374
6E:68:F1:A4:1F:B4,None,2026-08-22 00:29:19.598882
4B:7D:69:82:56:BA,None,2026-08-22 00:29:21.979997
4C:D3:1C:5F:84:A5,None,2026-08-22 00:29:26.477609
74:7B:CF:1E:BC:0D,None,2026-08-22 00:29:28.781166
76:2D:11:33:CB:03,None,2026-08-22 00:29:50.463989
F9:03:32:4E:62:94,None,2026-08-22 00:30:02.684268
C6:29:E7:E5:E0:86,None,2026-08-22 00:30:02.744338
DE:27:7B:A4:41:FF,None,2026-08-22 00:30:03.548471
F4:2D:84:EE:EA:35,None,2026-08-22 00:30:05.700820
CC:02:7D:99:E8:0F,None,2026-08-22 00:30:05.920400
D1:12:2F:C0:10:E1,None,2026-08-22 00:30:06.085448
FA:51:B1:69:6C:BF,None,2026-08-22 00:30:06.926043
E8:B3:18:F4:A1:75,None,2026-08-22 00:30:06.952528
57:B2:D0:1F:08:EC,None,2026-08-22 00:30:10.361255
52:80:15:BF:2F:FF,None,2026-08-22 00:30:11.163888
DD:B3:6F:95:B4:C0,None,2026-08-22 00:30:12.019107
F0:0B:19:16:EF:B6,None,2026-08-22 00:30:24.386563
CB:5A:7E:A9:0D:AA,None,2026-08-22 00:30:32.344921
4A:E4:A6:6B:DD:6A,None,2026-08-22 00:33:41.399118
EA:0F:88:24:3D:6E,None,2026-08-22 00:34:19.215269
F2:61:DD:C5:1B:4A,None,2026-08-22 00:34:30.920894
78:0A:95:20:1A:6B,None,2026-08-22 00:34:30.953400
7F:77:AD:F9:A0:00,None,2026-08-22 00:37:06.321678
48:75:EF:3F:6D:A7,None,2026-08-22 00:38:13.362028
6C:95:45:71:E7:BB,None,2026-08-22 00:39:30.408944
55:68:CB:0A:FF:38,None,2026-08-22 00:40:48.567071
7C:AB:E4:7E:BA:9F,None,2026-08-22 00:41:50.301139
BC:35:1E:84:34:CD,TUYA_,2026-08-22 00:43:00.539600
5A:AA:E8:18:6F:A8,None,2026-08-22 00:43:43.298793
18:63:8D:BC:98:2F,None,2026-08-22 00:43:45.018714
63:82:34:AD:06:01,None,2026-08-22 00:44:04.552082
63:A4:83:75:ED:88,None,2026-08-22 00:44:47.101634
FD:04:B9:6E:35:48,None,2026-08-22 00:45:00.149079
C6:F1:7C:F6:30:F8,None,2026-08-22 00:45:00.486220
ED:66:80:8A:93:78,None,2026-08-22 00:45:00.806344
FB:F9:2F:71:F7:35,None,2026-08-22 00:45:00.919666
E9:3C:B9:95:9B:19,None,2026-08-22 00:45:02.505994
D8:BC:CD:D5:52:09,None,2026-08-22 00:45:04.254686
C2:58:10:FC:34:B5,None,2026-08-22 00:45:08.540996
F4:E5:6F:FC:49:ED,None,2026-08-22 00:45:34.195105
55:9B:13:4F:1D:51,None,2026-08-22 00:45:45.326844
D3:4E:D1:EA:57:41,None,2026-08-22 00:45:58.765989
D4:A6:83:C6:56:A8,None,2026-08-22 00:47:03.846941
D3:A8:A8:E2:1E:45,None,2026-08-22 00:47:26.118956
47:17:16:84:91:A4,None,2026-08-22 00:47:34.581101
D5:61:AF:B7:B5:69,None,2026-08-22 00:47:34.846353
42:5C:A6:CC:C8:C6,None,2026-08-22 00:47:35.651586
76:66:CA:5B:7C:BD,None,2026-08-22 00:47:35.673837
53:49:99:A3:14:DD,None,2026-08-22 00:47:46.464337
F3:04:E4:79:53:2A,None,2026-08-22 00:48:02.767828
72:48:EA:50:A5:DA,None,2026-08-22 00:48:30.575979
6B:33:BC:62:3E:4F,None,2026-08-22 00:50:08.351603
7E:07:17:9A:CF:05,None,2026-08-22 00:50:09.164653
BE:03:AC:00:02:55,YT*,2026-08-22 00:50:55.173250
0C:9F:54:EF:DD:5E,None,2026-08-22 00:53:06.770887
76:CC:5E:3B:DD:65,None,2026-08-22 00:53:56.107991
72:25:E2:42:4A:D9,None,2026-08-22 00:54:05.552088
57:EF:8D:15:A4:91,None,2026-08-22 00:55:17.919038
48:34:F2:D3:64:70,None,2026-08-22 00:55:48.752120
40:94:10:E3:6C:C4,None,2026-08-22 00:55:49.578241
5E:2F:4B:75:47:27,None,2026-08-22 00:57:50.778993
52:4B:E4:40:A5:09,None,2026-08-22 00:58:49.596696
40:8B:D9:8E:DE:F4,None,2026-08-22 00:59:27.408929
C9:1D:BB:E4:2F:B1,None,2026-08-22 01:00:00.517684
E3:FC:A2:6B:F1:69,None,2026-08-22 01:00:00.882260
FE:C9:E3:88:EC:A0,None,2026-08-22 01:00:01.048129
EB:0D:45:B6:F3:FB,None,2026-08-22 01:00:04.208584
CE:77:26:3A:A7:76,None,2026-08-22 01:00:08.505196
CD:E7:F8:32:2B:1A,None,2026-08-22 01:00:10.243913
CE:18:B5:DD:7A:27,None,2026-08-22 01:00:18.537367
EB:6D:33:07:33:F9,None,2026-08-22 01:00:22.326288
EF:77:4B:75:0E:E3,None,2026-08-22 01:00:36.444818
E6:E7:3C:DE:48:C2,None,2026-08-22 01:01:00.081285
2E:91:3A:25:46:A3,None,2026-08-22 01:01:14.267124
65:88:0F:15:58:AF,None,2026-08-22 01:02:24.268556
4C:35:48:26:6A:07,None,2026-08-22 01:02:32.232026
EE:14:45:00:80:95,None,2026-08-22 01:02:43.147938
F4:10:92:3E:66:1D,None,2026-08-22 01:03:02.103237
C4:DF:46:01:C3:BE,None,2026-08-22 01:03:44.178947
74:A5:6E:A2:73:C7,None,2026-08-22 01:04:44.869115
77:83:9E:B9:9D:4D,None,2026-08-22 01:06:56.422824
5B:4B:B5:9B:3F:E4,None,2026-08-22 01:06:56.536855
70:66:C2:87:57:09,None,2026-08-22 01:06:59.845301
76:D3:C2:47:24:49,None,2026-08-22 01:07:00.529876
6B:5C:91:25:7B:29,None,2026-08-22 01:08:39.522778
51:62:4F:55:61:B5,None,2026-08-22 01:08:40.192935
7C:EF:3C:5F:AF:E1,None,2026-08-22 01:08:43.077575
F8:D2:A2:14:E7:A9,None,2026-08-22 01:10:19.952598
4A:E3:17:7E:A3:24,None,2026-08-22 01:10:48.586146
77:6A:4F:DF:81:05,None,2026-08-22 01:11:10.828695
69:93:7A:E6:A8:71,None,2026-08-22 01:12:04.819971
59:1F:29:E7:5D:11,None,2026-08-22 01:13:45.848818
43:7A:BF:D6:35:2B,None,2026-08-22 01:14:22.452184
47:B3:64:8D:B5:FF,None,2026-08-22 01:14:22.478898
67:1F:E3:46:61:46,None,2026-08-22 01:14:31.962947
E9:6C:49:45:96:A8,None,2026-08-22 01:15:02.202079
FC:3D:E0:C8:59:0B,None,2026-08-22 01:15:04.410287
ED:D9:AE:FA:77:04,None,2026-08-22 01:15:04.442001
F4:D8:37:5D:82:83,None,2026-08-22 01:15:04.697117
F9:44:FC:FF:1D:FF,None,2026-08-22 01:15:04.884693
ED:BF:A8:75:BF:03,None,2026-08-22 01:15:12.398509
EC:45:68:6E:B2:35,None,2026-08-22 01:15:13.050078
ED:91:71:1F:A5:FD,None,2026-08-22 01:15:31.481372
C4:72:C0:91:09:5B,None,2026-08-22 01:15:48.486594
D6:8D:BD:7D:F5:73,None,2026-08-22 01:16:00.875049
C2:34:48:7B:8E:DE,None,2026-08-22 01:16:02.452636
FE:59:FF:0A:BD:70,None,2026-08-22 01:16:07.457888
DA:14:CE:CE:82:86,None,2026-08-22 01:18:02.825605
42:70:3E:08:01:A6,None,2026-08-22 01:19:12.922266
71:CF:0E:8A:58:F9,None,2026-08-22 01:19:13.468252
4C:B9:EC:12:5B:C7,None,2026-08-22 01:19:26.430336
4E:F1:08:68:B9:D2,None,2026-08-22 01:23:14.384584
49:0B:D0:04:C7:CB,None,2026-08-22 01:25:48.953603
73:C6:1C:48:29:B7,None,2026-08-22 01:26:41.401433
53:B7:1F:7E:11:6E,None,2026-08-22 01:26:42.463821
5C:EF:6D:47:3A:AA,None,2026-08-22 01:27:36.787231
4A:1B:70:FB:86:B6,None,2026-08-22 01:28:04.772022
76:08:2A:9D:31:4D,None,2026-08-22 01:29:21.117317
E5:B0:AE:23:E0:9D,None,2026-08-22 01:30:02.481218
DA:2F:60:D8:6C:42,None,2026-08-22 01:30:02.496575
C9:E5:45:99:78:31,None,2026-08-22 01:30:02.511856
E9:5C:2F:EC:B4:26,None,2026-08-22 01:30:02.906946
DC:64:FA:23:AA:16,None,2026-08-22 01:30:04.228092
D9:0E:59:92:25:D8,None,2026-08-22 01:30:06.169039
DC:26:31:F8:17:94,None,2026-08-22 01:30:10.251896
ED:B9:78:08:39:96,None,2026-08-22 01:30:12.704199
D4:4E:E3:75:8C:F2,None,2026-08-22 01:30:37.406050
E6:88:FF:24:A4:9F,None,2026-08-22 01:31:16.047939
7A:41:A9:77:E0:EF,None,2026-08-22 01:31:37.539077
F5:F3:A6:31:18:03,None,2026-08-22 01:32:02.849086
47:0E:5C:C9:BA:58,None,2026-08-22 01:32:12.801408
DF:66:71:77:29:31,None,2026-08-22 01:33:13.046993
4F:8B:CB:19:6E:41,None,2026-08-22 01:33:50.456944
DD:A2:7D:B8:E7:05,None,2026-08-22 01:34:07.891376
49:92:DE:0E:F3:BF,None,2026-08-22 01:35:21.209716
66:FF:E3:E6:61:41,None,2026-08-22 01:35:54.988435
FD:55:80:58:16:58,None,2026-08-22 01:35:55.018381
64:80:6B:AF:E4:59,None,2026-08-22 01:35:59.879324
56:5C:4D:07:99:00,None,2026-08-22 01:36:12.381264
7D:42:2E:6E:5B:9A,None,2026-08-22 01:36:27.964173
42:7E:28:FF:7F:9D,None,2026-08-22 01:36:28.334538
40:45:7F:C7:C1:07,None,2026-08-22 01:36:29.043753
60:C4:9D:DB:00:17,None,2026-08-22 01:40:48.840954
6F:5C:72:B4:D0:2F,None,2026-08-22 01:44:05.411999
C5:A7:73:15:C7:7A,None,2026-08-22 01:45:00.244169
E0:DB:09:72:C9:4A,None,2026-08-22 01:45:04.325328
CF:4A:19:BD:64:C2,None,2026-08-22 01:45:04.594990
C4:F4:A9:59:6B:B9,None,2026-08-22 01:45:04.687187
E9:53:58:75:3E:C1,None,2026-08-22 01:45:04.746321
FB:51:87:57:64:58,None,2026-08-22 01:45:12.456277
5E:D5:5A:6E:75:86,None,2026-08-22 01:45:30.003788
65:C1:EE:97:35:A3,None,2026-08-22 01:45:35.640084
F9:1E:C3:24:08:A8,None,2026-08-22 01:45:36.268028
EC:A9:71:A9:8F:26,None,2026-08-22 01:46:12.022187
57:EC:6B:A4:88:0A,None,2026-08-22 01:46:24.019944
FB:F0:F8:C5:FA:A2,None,2026-08-22 01:46:46.527475
59:4E:17:FB:9E:B8,None,2026-08-22 01:46:50.414268
E5:64:90:73:1D:17,None,2026-08-22 01:47:27.543714
D4:7E:47:38:A7:8F,None,2026-08-22 01:48:01.857665
78:C7:E4:55:0F:AC,None,2026-08-22 01:48:05.194653
78:F9:66:07:DE:4D,None,2026-08-22 01:48:05.929538
50:59:62:38:5D:88,None,2026-08-22 01:48:10.776389
66:BA:34:0D:C6:3F,None,2026-08-22 01:48:23.820123
F5:25:D0:16:40:B3,None,2026-08-22 01:48:23.845008
7E:ED:3A:59:83:D2,None,2026-08-22 01:49:27.789992
5E:A8:2D:97:59:4A,None,2026-08-22 01:50:01.808465
FF:74:19:84:96:41,None,2026-08-22 01:50:44.311599
5E:AF:77:40:80:A6,None,2026-08-22 01:52:17.960710
7F:57:07:44:FF:C2,None,2026-08-22 01:54:23.821770
55:09:3D:14:74:6A,None,2026-08-22 01:55:49.187672
77:5A:B5:F1:0D:B9,None,2026-08-22 01:56:03.349483
5F:C7:9B:74:55:00,None,2026-08-22 01:56:05.208138
64:6B:F5:FE:42:7F,None,2026-08-22 01:56:14.991667
D0:CD:23:80:ED:2D,None,2026-08-22 01:57:24.400020
79:09:5F:38:A2:28,None,2026-08-22 01:57:37.834876
42:B4:0F:AF:DE:0C,None,2026-08-22 01:57:50.414272
64:26:D8:78:B5:77,None,2026-08-22 01:57:51.053448
72:22:31:74:92:28,None,2026-08-22 01:58:11.415593
D3:3D:19:B1:0B:67,None,2026-08-22 02:00:00.088989
CA:88:6B:6C:8E:F4,None,2026-08-22 02:00:00.459094
F9:EF:5D:A9:89:97,None,2026-08-22 02:00:04.659173
D3:4A:72:F4:44:4B,None,2026-08-22 02:00:04.704633
C4:47:28:F7:3C:A9,None,2026-08-22 02:00:05.845321
CE:8C:56:17:4F:94,None,2026-08-22 02:00:05.963986
CD:27:26:AF:C1:1A,None,2026-08-22 02:00:06.112481
E4:AB:40:E6:C6:D3,None,2026-08-22 02:00:06.431753
F3:8C:7B:4C:75:A2,None,2026-08-22 02:00:23.681897
EA:AA:03:AF:E1:95,None,2026-08-22 02:00:34.894235
F2:4B:4F:1A:BF:2C,None,2026-08-22 02:00:37.306636
51:7E:35:DE:C2:83,None,2026-08-22 02:00:56.096543
42:F2:6B:8A:62:34,None,2026-08-22 02:00:57.405756
CA:05:E8:F6:B7:4C,None,2026-08-22 02:01:27.406297
50:B8:D0:33:41:8F,None,2026-08-22 02:01:41.091547
74:EE:B1:77:32:64,None,2026-08-22 02:01:41.710535
59:08:51:6E:FA:07,None,2026-08-22 02:01:45.084839
C0:A9:A0:5A:B0:32,None,2026-08-22 02:02:09.942895
E4:DB:39:C5:BD:C0,None,2026-08-22 02:02:48.813223
57:53:FC:94:FE:16,None,2026-08-22 02:05:52.840864
72:54:C6:41:72:3F,None,2026-08-22 02:06:42.952644
5C:C9:6C:2F:C2:F4,None,2026-08-22 02:07:10.826228
5F:7B:3F:31:D8:81,None,2026-08-22 02:08:06.306902
DF:3C:6F:50:0A:9A,None,2026-08-22 02:09:05.608913
6F:E7:18:50:57:C4,None,2026-08-22 02:10:16.972686
46:1B:23:74:F0:FB,None,2026-08-22 02:10:41.955421
46:8A:A1:D0:4C:9E,None,2026-08-22 02:10:49.527279
79:BA:16:E5:82:BA,None,2026-08-22 02:12:14.483963
7A:57:08:76:A7:24,None,2026-08-22 02:12:58.345060
7F:33:C9:19:69:82,None,2026-08-22 02:12:58.366216
57:3B:84:4B:68:83,None,2026-08-22 02:12:58.425814
70:F0:2A:B1:CA:24,None,2026-08-22 02:14:46.491709
51:C1:13:EB:B6:AE,None,2026-08-22 02:14:50.728906
FC:51:2F:A1:B8:71,None,2026-08-22 02:15:00.124307
DE:CB:28:F8:1B:23,None,2026-08-22 02:15:01.573477
EA:A4:76:5F:BC:71,None,2026-08-22 02:15:04.475638
DE:0D:88:E0:AA:0A,None,2026-08-22 02:15:06.107156
D3:99:DC:81:E7:85,None,2026-08-22 02:15:06.193429
E9:AB:DB:3D:AD:3D,None,2026-08-22 02:15:06.390646
E1:59:B4:FC:CD:5A,None,2026-08-22 02:15:06.678803
C0:E6:CB:90:CF:10,None,2026-08-22 02:15:07.702282
E1:56:B4:51:6B:C5,None,2026-08-22 02:15:27.054812
EF:AD:6E:51:CF:71,None,2026-08-22 02:15:31.910196
DA:67:12:4E:15:88,None,2026-08-22 02:15:37.631408
E7:F8:8B:81:2B:CC,None,2026-08-22 02:15:39.620505
4F:6B:3F:02:3C:7F,None,2026-08-22 02:16:26.357142
F5:4C:7E:8F:61:9D,None,2026-08-22 02:16:37.508328
CD:58:37:62:CD:97,None,2026-08-22 02:17:17.242098
5B:44:20:B5:49:87,None,2026-08-22 02:17:44.917248
55:2F:1D:FB:EE:42,None,2026-08-22 02:17:51.636683
4F:88:5D:BD:22:85,None,2026-08-22 02:18:05.923529
EC:68:D9:F2:1C:4C,None,2026-08-22 02:18:06.313305
52:D5:9F:EE:EF:32,None,2026-08-22 02:18:27.036442
72:BF:2E:AB:A3:69,None,2026-08-22 02:18:48.186014
6B:67:CC:51:3B:65,None,2026-08-22 02:18:49.382306
7D:C0:1B:7F:19:66,None,2026-08-22 02:25:48.800828
42:F1:B5:D1:C7:DB,None,2026-08-22 02:26:54.448460
6F:59:B5:8C:AC:62,None,2026-08-22 02:27:53.301310
62:0E:8D:C8:74:EC,None,2026-08-22 02:27:56.113161
5F:F7:51:38:45:EC,None,2026-08-22 02:27:56.493271
6C:3B:D9:C1:CA:BE,None,2026-08-22 02:27:57.122936
71:B0:3C:B9:46:33,None,2026-08-22 02:29:36.432813
DE:24:B8:95:2D:CA,None,2026-08-22 02:30:00.466682
F9:D2:B5:B1:B1:64,None,2026-08-22 02:30:00.487620
EC:54:3D:63:9B:5E,None,2026-08-22 02:30:04.455251
F9:0D:59:B9:3F:A8,None,2026-08-22 02:30:05.019852
ED:D6:5F:72:54:BC,None,2026-08-22 02:30:05.872016
ED:06:41:62:25:FF,None,2026-08-22 02:30:05.999290
F9:AE:28:54:58:42,None,2026-08-22 02:30:08.664215
D3:E5:73:7B:DF:B2,None,2026-08-22 02:30:14.428764
FB:F2:DD:6A:65:7A,None,2026-08-22 02:30:14.925948
F5:52:70:C6:F0:FA,None,2026-08-22 02:30:18.159185
CC:1B:41:87:FE:4F,None,2026-08-22 02:30:29.726685
EC:19:92:35:9E:2E,None,2026-08-22 02:31:16.663941
5F:65:E8:17:D0:24,None,2026-08-22 02:31:45.361010
67:B0:8B:1E:F6:25,None,2026-08-22 02:31:51.541311
45:8B:48:99:6F:AA,None,2026-08-22 02:31:52.098220
E2:D1:28:E4:6C:42,None,2026-08-22 02:31:59.419455
C7:7F:59:73:2C:D0,None,2026-08-22 02:32:34.489551
4E:9F:44:2C:B1:90,None,2026-08-22 02:38:10.775061
56:ED:34:92:6D:F3,None,2026-08-22 02:40:48.617100
7C:54:E8:2B:50:62,None,2026-08-22 02:40:56.863441
46:1F:AE:63:38:80,None,2026-08-22 02:41:05.295269
6B:A5:C4:B1:8B:4E,None,2026-08-22 02:41:27.737997
4E:C3:45:0F:8C:59,None,2026-08-22 02:42:18.314182
49:BB:5F:9F:50:07,None,2026-08-22 02:43:06.654014
4F:52:E8:34:E2:F7,None,2026-08-22 02:43:06.800460
4D:DA:0E:48:37:D3,None,2026-08-22 02:43:07.638127
FD:BC:D6:73:E2:2D,None,2026-08-22 02:45:00.486757
D6:2C:75:C0:9E:AA,None,2026-08-22 02:45:00.680559
FD:CB:E4:D3:FD:9D,None,2026-08-22 02:45:02.437757
F2:CB:9F:73:20:85,None,2026-08-22 02:45:02.469336
DB:3F:14:B8:ED:F8,None,2026-08-22 02:45:08.118749
79:5F:D5:33:B3:8F,None,2026-08-22 02:45:09.829646
71:32:09:B3:06:E8,None,2026-08-22 02:45:15.585121
F8:AD:FA:CA:86:16,None,2026-08-22 02:45:22.385036
C9:37:5E:F1:90:C9,None,2026-08-22 02:45:44.113536
CA:BA:F5:93:C6:6A,None,2026-08-22 02:47:17.576293
F9:AB:7F:B8:A1:F7,None,2026-08-22 02:48:33.967659
77:D0:D7:33:4D:56,None,2026-08-22 02:49:07.982037
7D:20:4F:D2:A4:24,None,2026-08-22 02:50:21.814492
59:1A:A3:51:11:45,None,2026-08-22 02:50:43.349237
42:F0:01:78:61:EC,None,2026-08-22 02:50:54.976648
EF:FD:C4:B8:6F:66,None,2026-08-22 02:51:02.389702
50:C6:DD:4A:40:3E,None,2026-08-22 02:51:09.285447
42:FB:7E:19:83:18,None,2026-08-22 02:51:10.812048
D3:F5:7E:E5:10:4D,None,2026-08-22 02:51:10.896585
E9:41:97:A3:D6:EC,None,2026-08-22 02:51:15.202034
D5:4C:D4:26:2D:10,None,2026-08-22 02:51:32.928990
7F:80:CA:19:B6:47,None,2026-08-22 02:51:42.895133
DF:9C:04:8D:7E:23,None,2026-08-22 02:52:01.101685
44:84:EE:6B:2E:4E,None,2026-08-22 02:54:33.422684
73:28:87:71:28:BA,None,2026-08-22 02:55:28.908590
72:1B:C4:2E:F0:F0,None,2026-08-22 02:55:32.656885
4D:8E:06:42:D0:71,None,2026-08-22 02:55:48.835177
74:01:22:74:E4:F1,None,2026-08-22 02:56:04.224533
63:1F:DF:61:D3:BE,None,2026-08-22 02:56:06.615523
DD:6D:29:A0:DA:19,None,2026-08-22 03:00:02.276939
E3:36:2C:8A:FD:56,None,2026-08-22 03:00:02.331908
FD:7E:5E:DD:54:7D,None,2026-08-22 03:00:02.363443
EA:AD:3A:01:17:57,None,2026-08-22 03:00:02.762597
DB:A1:BD:85:05:71,None,2026-08-22 03:00:02.811246
DC:C8:35:1D:C7:C7,None,2026-08-22 03:00:04.411036
DC:7E:D7:07:64:36,None,2026-08-22 03:00:07.983315
DF:AD:E5:CF:82:8F,None,2026-08-22 03:00:10.163529
52:3B:08:FF:B3:41,None,2026-08-22 03:00:15.625425
CC:89:64:AB:A6:64,None,2026-08-22 03:00:15.665685
CA:2B:CC:9E:30:BE,None,2026-08-22 03:01:41.811124
6B:7B:E2:42:99:54,None,2026-08-22 03:02:37.665766
74:39:25:0F:30:56,None,2026-08-22 03:02:39.532770
47:59:F8:E5:95:CF,None,2026-08-22 03:03:21.615611
4D:9E:C7:DE:15:AD,None,2026-08-22 03:03:22.138397
51:6C:C0:A1:CF:6B,None,2026-08-22 03:03:26.847072
5C:34:75:D4:3E:C2,None,2026-08-22 03:03:49.015150
CF:5D:A7:C3:38:40,None,2026-08-22 03:03:49.031200
5A:23:FC:F8:0B:00,None,2026-08-22 03:04:03.737192
D7:DD:6E:6A:FB:DB,None,2026-08-22 03:04:05.718878
61:16:A9:7F:51:2C,None,2026-08-22 03:04:18.929297
F6:6B:99:AA:7E:95,None,2026-08-22 03:04:23.008292
E3:F8:FD:5E:B8:36,None,2026-08-22 03:04:30.379172
64:6E:A1:B7:6A:07,None,2026-08-22 03:04:40.129165
62:DF:A6:5D:37:FB,None,2026-08-22 03:06:53.655390
4A:DF:8B:E8:8A:56,None,2026-08-22 03:08:06.662089
47:6C:AF:BF:9B:AB,None,2026-08-22 03:08:11.880571
70:E8:FD:FB:43:6B,None,2026-08-22 03:08:34.033493
4B:B8:44:C9:FA:72,None,2026-08-22 03:10:48.815445
DC:E5:8C:81:91:5D,None,2026-08-22 03:15:00.084836
D2:6D:96:6B:92:22,None,2026-08-22 03:15:00.100390
FB:B9:0E:17:34:20,None,2026-08-22 03:15:00.425104
C1:F9:1F:E9:C9:2C,None,2026-08-22 03:15:00.482082
CB:80:FD:65:2E:8F,None,2026-08-22 03:15:05.546117
EE:87:18:A8:6F:A4,None,2026-08-22 03:15:07.667355
D5:72:A0:19:9F:AE,None,2026-08-22 03:15:14.585109
E6:D0:2D:62:EF:A0,None,2026-08-22 03:15:36.881045
D5:08:3F:CB:EC:06,None,2026-08-22 03:15:55.467540
65:73:F6:B4:90:2A,None,2026-08-22 03:15:55.798373
C6:FC:98:7D:25:01,None,2026-08-22 03:16:12.319956
E8:5A:45:B8:4C:C2,None,2026-08-22 03:16:31.411339
42:29:BC:F2:92:21,None,2026-08-22 03:18:39.844284
F2:E0:80:2E:B8:CC,None,2026-08-22 03:18:54.824178
CC:E1:4E:6B:42:41,None,2026-08-22 03:19:22.176784
63:05:5D:BD:10:A0,None,2026-08-22 03:23:00.865124
58:5D:54:6D:1C:BD,None,2026-08-22 03:23:04.323649
5F:02:EE:31:5D:68,None,2026-08-22 03:23:09.920242
67:6F:0C:21:DB:1F,None,2026-08-22 03:23:14.849986
7C:FE:FF:D6:A2:41,None,2026-08-22 03:23:15.134743
7D:DA:44:B8:1A:A4,None,2026-08-22 03:23:16.023320
50:74:86:94:63:D9,None,2026-08-22 03:23:30.880274
06:75:5B:7B:4F:4D,None,2026-08-22 03:23:39.534290
FC:DC:F7:9B:00:97,None,2026-08-22 03:25:09.407163
55:A2:8D:01:69:22,None,2026-08-22 03:25:09.792308
57:DF:DC:82:4C:69,None,2026-08-22 03:25:50.874214
65:2B:DE:77:6C:5C,None,2026-08-22 03:27:37.816905
45:A9:87:8E:F1:AA,None,2026-08-22 03:27:45.006775
67:5F:EB:A1:10:D3,None,2026-08-22 03:27:45.237517
29:6E:AD:58:0C:05,None,2026-08-22 03:27:59.317108
FF:E6:A2:96:BB:DE,None,2026-08-22 03:30:00.075272
EF:9E:4F:71:2F:0F,None,2026-08-22 03:30:02.455238
DE:4B:44:34:CF:E4,None,2026-08-22 03:30:02.479353
DB:76:D3:14:3F:62,None,2026-08-22 03:30:02.723066
D7:6C:A0:E4:F6:10,None,2026-08-22 03:30:03.493453
C3:6A:AF:BE:72:EA,None,2026-08-22 03:30:14.720283
E1:F0:DE:C0:2E:E5,None,2026-08-22 03:30:49.783372
F4:44:BC:74:2A:E0,None,2026-08-22 03:30:50.274554
68:0F:B7:FF:D1:D5,None,2026-08-22 03:31:10.104874
DB:59:48:74:6B:89,None,2026-08-22 03:31:10.140162
DC:07:1E:D2:27:A7,None,2026-08-22 03:31:32.039194
EF:CF:43:9A:46:3C,None,2026-08-22 03:31:33.441206
F5:CB:90:26:C7:07,None,2026-08-22 03:31:46.332928
E7:24:9D:2B:B3:56,None,2026-08-22 03:32:25.427597
48:4A:C6:6C:7B:43,None,2026-08-22 03:32:57.485642
68:06:E7:91:6D:25,None,2026-08-22 03:36:19.730963
55:00:3E:E5:DD:24,None,2026-08-22 03:37:57.839603
78:A5:AF:61:76:2E,None,2026-08-22 03:37:58.899482
53:1E:62:70:C6:61,None,2026-08-22 03:38:35.276599
7B:35:76:79:7D:1D,None,2026-08-22 03:38:52.624887
63:D4:92:D9:ED:A7,None,2026-08-22 03:38:52.723082
6E:B6:EA:CF:BE:6B,None,2026-08-22 03:38:53.065669
5D:27:E9:7E:E4:1D,None,2026-08-22 03:38:55.491011
53:84:81:6B:BD:27,None,2026-08-22 03:40:50.694410
41:87:21:51:FE:86,None,2026-08-22 03:43:47.807113
74:CE:9E:F2:AB:D0,None,2026-08-22 03:43:50.399084
43:7F:C2:F7:D7:69,None,2026-08-22 03:44:04.357390
DD:F6:51:C5:68:86,None,2026-08-22 03:45:00.860529
EB:41:B3:BD:A5:64,None,2026-08-22 03:45:02.267856
E4:D9:04:CB:46:B7,None,2026-08-22 03:45:02.647910
CC:73:0C:91:F8:3C,None,2026-08-22 03:45:08.494822
DA:D9:7F:0D:98:39,None,2026-08-22 03:45:16.198780
66:D2:D1:90:99:3F,None,2026-08-22 03:45:18.126657
E6:E4:72:7A:27:FD,None,2026-08-22 03:45:18.169565
C3:DD:21:D9:4F:88,None,2026-08-22 03:45:18.314197
E4:6A:97:ED:FE:0D,None,2026-08-22 03:45:19.630833
E5:F4:E7:39:11:C0,None,2026-08-22 03:45:32.423539
63:D9:B4:7E:74:64,None,2026-08-22 03:45:39.651344
FF:C8:24:EF:D4:9C,None,2026-08-22 03:45:39.731802
00:00:00:00:00:00,None,2026-08-22 03:45:43.772508
58:E3:D5:1C:B2:59,None,2026-08-22 03:45:44.322068
51:CF:4A:01:81:2E,None,2026-08-22 03:45:45.042874
42:DB:3F:48:3D:32,None,2026-08-22 03:48:51.478454
50:B7:AB:45:7B:B3,None,2026-08-22 03:48:55.589811
FA:24:3A:39:FF:12,None,2026-08-22 03:49:20.874890
FE:7C:29:FC:FC:F7,None,2026-08-22 03:49:36.151486
7E:E4:47:09:95:91,None,2026-08-22 03:49:54.951503
C8:4F:4B:81:5C:D1,None,2026-08-22 03:50:05.117302
54:0B:FE:EC:A7:E7,None,2026-08-22 03:53:23.447057
57:B7:61:5C:06:FC,None,2026-08-22 03:55:13.829806
47:9F:CF:68:77:E6,None,2026-08-22 03:55:13.885936
7E:EF:A8:FF:75:F9,None,2026-08-22 03:55:14.161487
47:5C:DB:16:40:1A,None,2026-08-22 03:55:48.858227
5A:27:35:A5:0E:05,None,2026-08-22 03:56:02.740222
58:C7:13:6A:2E:68,None,2026-08-22 03:56:56.631327
41:A0:C7:78:07:3E,None,2026-08-22 03:57:07.374638
69:B9:90:E8:6F:6B,None,2026-08-22 03:59:21.686243
64:B2:D8:CF:BA:02,None,2026-08-22 03:59:29.458645
CB:1A:62:F4:3D:1E,None,2026-08-22 03:59:31.281387
65:A2:F3:D4:F3:8E,None,2026-08-22 03:59:32.381236
52:75:C7:D2:EB:9D,None,2026-08-22 03:59:56.219034
F6:8D:09:93:0F:B3,None,2026-08-22 04:00:00.079281
F9:A3:29:E2:CD:59,None,2026-08-22 04:00:00.460846
C2:E3:4A:06:9F:64,None,2026-08-22 04:00:00.523783
CA:E0:28:46:FC:EE,None,2026-08-22 04:00:00.793258
D5:2D:B6:4A:5B:DA,None,2026-08-22 04:00:01.079391
C4:6A:B4:CC:2F:1B,None,2026-08-22 04:00:04.098879
C5:DF:AC:B0:14:58,None,2026-08-22 04:00:05.919175
E6:83:27:1A:EA:1D,None,2026-08-22 04:00:06.087144
DF:A3:9B:99:C9:25,None,2026-08-22 04:00:10.976665
D2:23:54:F9:00:67,None,2026-08-22 04:00:21.749664
F1:54:B9:42:C0:F1,None,2026-08-22 04:00:33.668018
65:4A:28:77:03:AD,None,2026-08-22 04:02:20.745544
68:5A:E8:FF:F3:AA,None,2026-08-22 04:02:51.147931
4E:4B:6D:AF:8F:7A,None,2026-08-22 04:03:56.799271
78:81:C5:E2:C1:B7,None,2026-08-22 04:03:57.059509
77:06:53:AB:C8:4E,None,2026-08-22 04:04:02.983187
74:FA:1F:5C:3F:E9,None,2026-08-22 04:04:28.940791
FD:55:1E:74:CB:D5,None,2026-08-22 04:04:37.035974
7A:40:2D:EB:73:B0,None,2026-08-22 04:05:40.004480
55:CF:2C:BD:FD:FA,None,2026-08-22 04:05:40.517973
45:8E:27:FA:BD:1C,None,2026-08-22 04:05:41.565941
F9:72:48:00:6F:D8,None,2026-08-22 04:05:51.282686
F9:D6:3D:70:6D:BC,None,2026-08-22 04:07:27.354827
76:C3:3E:DD:6F:F7,None,2026-08-22 04:09:41.114974
62:88:8E:CF:AA:1D,None,2026-08-22 04:10:48.672359
5E:FB:76:54:3C:4B,None,2026-08-22 04:13:06.962650
58:09:7C:05:C6:45,None,2026-08-22 04:13:34.319801
41:7C:54:C6:CF:E9,None,2026-08-22 04:14:03.309272
41:F6:62:2C:1A:6D,None,2026-08-22 04:14:05.438900
78:F8:7A:D2:C2:C8,None,2026-08-22 04:14:10.335417
ED:9B:1D:B8:5A:00,None,2026-08-22 04:15:02.077647
FC:C0:EA:2A:E8:16,None,2026-08-22 04:15:02.214984
FB:EE:A5:A8:B9:1C,None,2026-08-22 04:15:02.623814
EA:51:B8:3C:18:66,None,2026-08-22 04:15:02.786420
CA:8C:2F:E5:90:5B,None,2026-08-22 04:15:02.885160
F5:2D:B4:04:18:45,None,2026-08-22 04:15:04.277907
FA:6D:B6:EF:2B:1B,None,2026-08-22 04:15:08.494003
F4:2F:78:3F:40:58,None,2026-08-22 04:15:08.526384
D0:97:C5:95:9B:63,None,2026-08-22 04:15:12.443664
CA:E1:B4:E2:70:18,None,2026-08-22 04:15:47.870136
F5:39:74:36:BF:09,None,2026-08-22 04:16:00.913668
FD:1C:C6:E5:0D:46,None,2026-08-22 04:16:56.998759
D9:E7:64:04:B9:B6,None,2026-08-22 04:17:56.763591
46:66:D7:A9:8B:C3,None,2026-08-22 04:19:18.146148
F9:30:AD:F0:33:4D,None,2026-08-22 04:20:00.908896
6C:6C:95:5B:93:D0,None,2026-08-22 04:20:14.572902
75:C4:23:BD:A1:7C,None,2026-08-22 04:20:14.584597
49:BE:9C:32:77:46,None,2026-08-22 04:21:59.556937
75:E3:61:44:99:7E,None,2026-08-22 04:22:18.405360
60:42:7C:48:DA:30,None,2026-08-22 04:22:19.048006
55:14:12:99:D0:A8,None,2026-08-22 04:22:20.750628
43:58:2A:F6:FB:ED,None,2026-08-22 04:24:53.989871
79:35:30:08:FE:F3,None,2026-08-22 04:25:09.474360
69:04:AB:C4:73:CE,None,2026-08-22 04:25:09.708352
61:2B:12:A7:A2:E2,None,2026-08-22 04:25:51.277416
71:CE:02:84:E7:02,None,2026-08-22 04:27:33.378513
4C:98:9E:2C:A3:78,None,2026-08-22 04:28:53.101913
DE:B6:F1:23:44:B0,None,2026-08-22 04:30:00.090662
E6:A5:82:C7:19:6D,None,2026-08-22 04:30:02.931777
F5:44:9C:62:2F:38,None,2026-08-22 04:30:03.983508
DE:FB:CA:A5:13:57,None,2026-08-22 04:30:04.295868
EA:24:12:EA:6F:27,None,2026-08-22 04:30:04.820885
E0:A9:4C:2D:6B:BA,None,2026-08-22 04:30:05.101469
F6:5D:A1:56:E7:81,None,2026-08-22 04:30:06.458017
D2:11:11:FB:D7:E5,None,2026-08-22 04:30:06.495053
EF:E7:ED:F8:E2:6F,None,2026-08-22 04:30:12.780222
C5:F6:2D:3D:FF:69,None,2026-08-22 04:30:31.851585
56:0B:E2:F4:57:5E,None,2026-08-22 04:30:35.187176
62:47:33:FC:28:DC,None,2026-08-22 04:30:35.210742
CB:A1:3E:E3:A2:5F,None,2026-08-22 04:31:17.121648
76:41:DC:F6:0D:3F,None,2026-08-22 04:31:29.510979
68:29:B8:47:32:7E,None,2026-08-22 04:31:32.094889
6F:D4:8C:C4:94:19,None,2026-08-22 04:33:18.324212
D7:2D:62:AD:DD:F8,None,2026-08-22 04:33:29.337629
C4:9D:69:EC:8E:15,None,2026-08-22 04:33:29.414880
DD:14:5A:37:84:84,None,2026-08-22 04:33:45.386420
7B:3C:E6:54:CD:85,None,2026-08-22 04:33:46.726262
45:A4:50:3B:8F:80,None,2026-08-22 04:33:47.052545
5E:19:91:16:8A:D8,None,2026-08-22 04:35:20.151216
7C:34:10:39:4C:C8,None,2026-08-22 04:36:34.531464
02:CE:95:B7:E5:D8,None,2026-08-22 04:37:36.168010
43:2F:63:2A:0B:88,None,2026-08-22 04:37:53.461573
66:85:A0:C7:64:D9,None,2026-08-22 04:39:04.869456
6F:97:98:97:DB:84,None,2026-08-22 04:39:05.588436
47:B0:D0:2B:FE:83,None,2026-08-22 04:39:06.644429
66:60:39:80:0F:A9,None,2026-08-22 04:40:49.313341
FE:3F:55:9D:EF:7B,None,2026-08-22 04:45:00.320508
F8:10:62:22:9A:49,None,2026-08-22 04:45:00.515958
C4:EC:EF:CB:26:85,None,2026-08-22 04:45:00.746246
FE:32:9C:8A:B4:C9,None,2026-08-22 04:45:02.089104
CE:F9:EC:A9:5A:84,None,2026-08-22 04:45:02.451480
D9:75:58:AE:44:60,None,2026-08-22 04:45:03.303720
E2:F3:F7:7F:64:49,None,2026-08-22 04:45:06.444518
C6:63:B1:4B:9B:6D,None,2026-08-22 04:45:06.661961
D7:96:7D:A3:9E:33,None,2026-08-22 04:45:08.285340
EB:32:D1:A1:09:63,None,2026-08-22 04:45:08.790228
51:2E:FA:34:EF:F9,None,2026-08-22 04:45:18.241907
7A:07:A6:1E:03:0B,None,2026-08-22 04:45:30.924917
69:1A:3F:DD:18:A0,None,2026-08-22 04:45:30.941385
55:1D:3F:7B:5F:D1,None,2026-08-22 04:46:31.244084
57:C8:9B:A4:8B:8A,None,2026-08-22 04:46:31.919860
EB:52:ED:FD:81:9B,None,2026-08-22 04:46:34.346352
66:F3:95:3C:0F:55,None,2026-08-22 04:47:09.836167
7F:01:C1:48:3B:2E,None,2026-08-22 04:48:00.393118
EB:E7:B3:8F:AE:C4,None,2026-08-22 04:48:00.474897
F3:65:31:51:C8:93,None,2026-08-22 04:48:10.793589
CA:00:1E:E5:DA:92,None,2026-08-22 04:48:31.216453
C5:4A:2A:10:5D:92,None,2026-08-22 04:49:18.512892
79:80:6E:A2:6F:74,None,2026-08-22 04:49:39.215830
4E:ED:11:1E:38:2C,None,2026-08-22 04:52:06.890274
77:F1:7D:17:7D:0F,None,2026-08-22 04:54:55.467741
6F:78:BF:2A:46:32,None,2026-08-22 04:55:05.864296
44:74:F7:E3:B3:70,None,2026-08-22 04:55:05.989200
56:92:9F:1B:D6:AA,None,2026-08-22 04:55:09.502975
4F:C7:86:88:85:9C,None,2026-08-22 04:55:48.864406
5D:97:CF:9F:27:AA,None,2026-08-22 04:58:05.788024
54:68:80:0B:F6:F3,None,2026-08-22 04:58:38.224588
40:15:FD:2F:16:E5,None,2026-08-22 04:59:22.321487
5C:F8:B9:FE:6B:6A,None,2026-08-22 04:59:23.718036
DD:CC:AD:BD:52:92,None,2026-08-22 05:00:00.104425
CC:1F:8F:4D:94:2C,None,2026-08-22 05:00:00.448847
C8:1D:C5:A1:F7:EF,None,2026-08-22 05:00:03.425941
D5:B4:E3:2B:41:EF,None,2026-08-22 05:00:04.116246
E4:59:33:1D:1E:60,None,2026-08-22 05:00:04.378675
D7:BF:E6:E6:96:AC,None,2026-08-22 05:00:04.436141
C5:89:EC:DB:23:1C,None,2026-08-22 05:00:04.501963
FA:14:B7:B7:4E:D1,None,2026-08-22 05:00:04.874364
C6:C0:08:2C:AD:5F,None,2026-08-22 05:00:10.530504
FF:60:85:4F:48:A3,None,2026-08-22 05:00:20.084589
FD:FC:01:60:AB:F7,None,2026-08-22 05:00:24.463654
EF:EF:2D:D8:DC:FB,None,2026-08-22 05:01:49.838368
F3:52:09:17:CD:5D,None,2026-08-22 05:02:00.467297
5D:B2:87:9E:9B:8D,None,2026-08-22 05:04:09.782190
77:0D:7A:2A:4C:69,None,2026-08-22 05:04:09.861735
60:29:AE:61:C9:D2,None,2026-08-22 05:04:09.901375
6A:B8:E2:30:01:02,None,2026-08-22 05:04:27.575016
43:0E:2C:BF:56:03,None,2026-08-22 05:05:57.887537
F6:74:73:FC:B3:0A,None,2026-08-22 05:05:59.222086
7A:62:9A:14:22:22,None,2026-08-22 05:10:05.571445
68:AD:5B:45:2A:8C,None,2026-08-22 05:10:19.622149
4B:E6:D6:44:A9:46,None,2026-08-22 05:10:33.461014
71:BA:CB:3D:1C:6E,None,2026-08-22 05:10:34.416135
6C:C1:B0:38:7A:80,None,2026-08-22 05:10:49.264384
F5:5F:68:C6:61:7C,None,2026-08-22 05:11:02.716343
5A:EE:7E:25:63:2E,None,2026-08-22 05:11:30.877341
59:54:52:FF:E6:8C,None,2026-08-22 05:11:42.204125
7A:0D:60:19:1B:33,None,2026-08-22 05:11:52.785694
C4:F0:B2:32:01:95,None,2026-08-22 05:15:00.065775
CC:CF:8E:04:04:56,None,2026-08-22 05:15:00.392190
E7:60:80:9E:33:61,None,2026-08-22 05:15:00.494003
F5:EF:14:AA:12:A6,None,2026-08-22 05:15:00.862998
E8:70:61:0F:44:C4,None,2026-08-22 05:15:01.525654
C6:3D:CE:A4:4C:DE,None,2026-08-22 05:15:02.114586
E3:ED:D3:9A:F2:3D,None,2026-08-22 05:15:06.508471
D5:F7:D8:41:4F:DA,None,2026-08-22 05:15:40.809870
40:0B:2A:36:3B:7A,None,2026-08-22 05:15:41.362945
FE:9A:68:94:18:C4,None,2026-08-22 05:16:07.876893
FF:2D:76:6A:CC:44,None,2026-08-22 05:16:13.475577
CE:E4:50:F5:AA:F8,None,2026-08-22 05:16:31.900396
E3:37:D1:F0:3D:96,None,2026-08-22 05:16:56.382237
F3:CF:9C:D0:82:C0,None,2026-08-22 05:17:34.898791
59:3C:02:90:61:F3,None,2026-08-22 05:22:29.696546
77:32:CC:B8:21:9A,None,2026-08-22 05:22:43.910181
77:F4:7B:C8:82:20,None,2026-08-22 05:22:45.359647
7A:16:60:E7:25:6F,None,2026-08-22 05:22:45.406430
FB:F3:2C:54:02:75,None,2026-08-22 05:23:02.664363
6A:91:89:9C:E4:9A,None,2026-08-22 05:24:34.349648
71:35:46:9B:FB:67,None,2026-08-22 05:25:48.870514
7A:89:A5:CA:4E:61,None,2026-08-22 05:26:33.807011
77:83:E9:08:36:20,None,2026-08-22 05:27:17.231160
69:B7:C7:95:36:6E,None,2026-08-22 05:28:48.848399
53:79:B8:C0:22:17,None,2026-08-22 05:28:48.872221
C4:54:6A:0D:72:4E,None,2026-08-22 05:30:00.716624
FA:51:36:3D:60:FE,None,2026-08-22 05:30:01.067698
ED:8B:6B:43:9A:2B,None,2026-08-22 05:30:04.061624
DC:CA:8B:AF:5C:48,None,2026-08-22 05:30:04.333905
E4:84:D0:1F:3C:08,None,2026-08-22 05:30:05.820094
FF:AA:65:C1:B2:9C,None,2026-08-22 05:30:07.138000
DD:CF:BD:1B:9A:BE,None,2026-08-22 05:30:14.449356
D2:72:00:FA:01:3D,None,2026-08-22 05:30:18.473046
CD:20:94:B5:7E:67,None,2026-08-22 05:30:20.119525
DA:42:B0:76:90:02,None,2026-08-22 05:30:35.316512
F0:10:16:6C:4A:AF,None,2026-08-22 05:31:07.335053
C7:39:82:63:B3:A8,None,2026-08-22 05:31:22.778949
E0:B1:82:BC:AF:92,None,2026-08-22 05:31:25.191660
55:75:1C:80:8E:9B,None,2026-08-22 05:31:42.425063
53:B0:71:7D:7A:AF,None,2026-08-22 05:33:00.960980
E6:D4:F5:8B:20:3E,None,2026-08-22 05:33:58.164791
7E:12:94:54:17:D9,None,2026-08-22 05:39:11.757712
69:8E:0E:EA:AA:13,None,2026-08-22 05:39:12.452970
7E:84:36:38:2E:7B,None,2026-08-22 05:39:16.234266
EA:22:13:1D:CD:68,None,2026-08-22 05:39:23.590115
4A:F4:EE:32:3F:A7,None,2026-08-22 05:39:29.398432
71:85:C9:81:D0:24,None,2026-08-22 05:40:48.721148
72:D6:93:51:F4:3E,None,2026-08-22 05:41:39.897958
EC:C0:5A:28:1D:5E,None,2026-08-22 05:45:01.652072
D8:81:0E:4F:96:79,None,2026-08-22 05:45:02.059684
CD:BA:50:5D:ED:0D,None,2026-08-22 05:45:02.444041
CE:50:F8:F6:44:51,None,2026-08-22 05:45:02.473935
D5:FB:E1:30:B9:40,None,2026-08-22 05:45:02.828381
F8:85:A2:87:0A:94,None,2026-08-22 05:45:04.813850
DF:C1:75:E0:DD:EB,None,2026-08-22 05:45:05.268585
D0:D5:DA:68:BF:8D,None,2026-08-22 05:45:06.071944
47:DD:FF:DD:FF:0B,None,2026-08-22 05:45:16.208234
4C:0E:B9:BD:F8:84,None,2026-08-22 05:45:16.598334
EC:8D:1A:93:7B:BE,None,2026-08-22 05:45:38.632214
E2:E3:60:62:CD:64,None,2026-08-22 05:46:14.824151
D4:8C:59:17:84:3A,None,2026-08-22 05:46:19.864239
CE:35:23:7A:3A:30,None,2026-08-22 05:47:45.520595
40:76:50:47:37:DF,None,2026-08-22 05:49:09.764623
EA:0A:1E:9E:65:3E,None,2026-08-22 05:49:12.893991
68:83:8D:12:87:DC,None,2026-08-22 05:51:53.413151
66:1C:FC:82:72:B7,None,2026-08-22 05:53:39.668637
48:BE:EC:57:0B:7F,None,2026-08-22 05:53:39.968614
49:90:27:CE:5D:2D,None,2026-08-22 05:55:50.752763
67:16:BB:3B:4B:EC,None,2026-08-22 05:56:26.167610
40:71:DB:99:8D:91,None,2026-08-22 05:56:32.854754
78:1F:94:18:4F:96,None,2026-08-22 05:56:33.191490
47:F9:BB:63:FB:99,None,2026-08-22 05:56:33.808321
FF:35:89:46:BD:31,None,2026-08-22 05:56:35.560931
76:BB:E1:EC:2F:E8,None,2026-08-22 05:57:29.604115
6C:88:E7:72:C5:6B,None,2026-08-22 05:57:38.313885
65:AA:F4:65:CA:17,None,2026-08-22 05:58:23.325098
F3:3C:BC:87:E3:84,None,2026-08-22 05:58:35.987691
FB:BA:A4:0A:1B:10,None,2026-08-22 05:58:59.301565
50:8D:CE:C9:5B:73,None,2026-08-22 05:58:59.663622
73:F4:A4:DE:EB:0E,None,2026-08-22 05:59:28.190782
DB:AB:AB:7D:81:D4,None,2026-08-22 06:00:00.193762
E8:21:7D:2F:9C:B1,None,2026-08-22 06:00:00.213090
E8:94:DE:11:5F:EC,None,2026-08-22 06:00:00.817029
C3:FA:0D:A0:CC:CF,None,2026-08-22 06:00:02.380537
D0:C6:7E:52:D9:B9,None,2026-08-22 06:00:02.922263
FF:26:80:08:56:4E,None,2026-08-22 06:00:03.201405
CC:9A:CA:C5:79:2F,None,2026-08-22 06:00:06.442273
D5:90:54:B4:2B:F5,None,2026-08-22 06:00:07.953119
CA:51:67:D7:FA:53,None,2026-08-22 06:00:16.525365
CE:EF:FF:1B:17:43,None,2026-08-22 06:01:03.865833
EB:31:74:66:00:DF,None,2026-08-22 06:01:16.712635
C2:BE:4E:A4:31:8C,None,2026-08-22 06:01:36.550585
6D:21:36:FA:DA:9F,None,2026-08-22 06:02:43.980870
44:63:5B:AC:89:E7,None,2026-08-22 06:02:57.684317
50:F3:7A:1D:6E:1F,None,2026-08-22 06:03:05.509668
F0:D6:BD:C3:50:F8,None,2026-08-22 06:03:05.591482
76:8D:72:89:89:AB,None,2026-08-22 06:04:31.970287
DF:44:2F:ED:73:D3,None,2026-08-22 06:04:41.328889
44:6F:B9:4B:9B:D4,None,2026-08-22 06:05:06.544253
F7:FE:CB:34:34:06,None,2026-08-22 06:06:53.702441
4D:A4:69:B5:E3:92,None,2026-08-22 06:09:21.267094
67:89:A2:34:5F:81,None,2026-08-22 06:10:48.705454
4E:02:87:99:1F:4A,None,2026-08-22 06:12:09.360867
EE:22:DC:4C:C3:B6,None,2026-08-22 06:12:33.763332
46:93:B0:DB:D0:42,None,2026-08-22 06:13:53.111583
62:AA:04:C8:43:63,None,2026-08-22 06:14:40.345538
68:9D:23:04:DD:5A,None,2026-08-22 06:14:40.590974
F9:4A:63:41:73:7B,None,2026-08-22 06:15:00.049171
FF:F7:B1:9F:37:BD,None,2026-08-22 06:15:00.060978
FF:E2:A3:DC:62:D1,None,2026-08-22 06:15:00.368710
D0:78:B4:D1:AF:F9,None,2026-08-22 06:15:00.456311
C4:CA:AB:12:21:AB,None,2026-08-22 06:15:00.497247
D8:C1:81:D0:70:FB,None,2026-08-22 06:15:02.826383
D2:F7:5E:1C:8E:9A,None,2026-08-22 06:15:03.236542
FF:A2:FB:88:A9:13,None,2026-08-22 06:15:04.034401
43:1E:DD:25:52:C5,None,2026-08-22 06:15:22.393874
6C:1B:5C:92:AF:5F,None,2026-08-22 06:15:22.429164
6A:0B:F7:4F:9C:19,None,2026-08-22 06:15:22.761437
FC:4A:32:E9:40:0A,None,2026-08-22 06:15:24.404311
F3:10:CB:AF:3E:BA,None,2026-08-22 06:15:30.878119
EA:1A:2D:D7:02:29,None,2026-08-22 06:15:38.668759
FC:94:90:A2:1F:97,None,2026-08-22 06:16:15.970876
4B:85:F5:39:23:80,None,2026-08-22 06:16:55.135269
F3:06:13:7F:DE:A4,None,2026-08-22 06:17:24.508211
F5:AF:C4:30:77:1D,None,2026-08-22 06:22:11.553067
7E:86:B7:14:A9:DD,None,2026-08-22 06:22:51.480922
58:62:BA:10:28:6A,None,2026-08-22 06:23:08.393817
69:EA:9F:F5:55:BA,None,2026-08-22 06:25:25.914689
D4:AD:CC:2D:32:9E,None,2026-08-22 06:25:26.144970
6A:E0:59:DA:3C:56,None,2026-08-22 06:25:40.284965
6F:22:7D:E1:A8:4D,None,2026-08-22 06:25:49.844171
77:57:69:E5:EE:31,None,2026-08-22 06:27:01.247108
7A:B2:C3:7E:58:3E,None,2026-08-22 06:29:28.275986
42:B0:7A:FC:4D:44,None,2026-08-22 06:29:31.753533
DB:F5:68:F3:88:89,None,2026-08-22 06:29:34.461320
51:57:AB:7A:FF:E3,None,2026-08-22 06:29:43.063535
E6:30:25:13:D4:EC,None,2026-08-22 06:30:00.094185
D6:7E:06:64:9C:40,None,2026-08-22 06:30:02.277606
CC:63:D5:DB:41:B8,None,2026-08-22 06:30:02.794185
DE:31:A4:3B:D1:05,None,2026-08-22 06:30:02.871226
EE:59:17:AC:75:74,None,2026-08-22 06:30:04.107121
C9:DD:B0:69:CF:64,None,2026-08-22 06:30:04.506304
D7:83:54:1C:77:21,None,2026-08-22 06:30:04.729908
F1:E6:BD:7C:50:D9,None,2026-08-22 06:30:05.278136
EB:6A:23:CB:6D:7F,None,2026-08-22 06:30:10.453148
C3:86:37:06:21:C3,None,2026-08-22 06:30:12.532723
DA:7A:A0:71:B4:C8,None,2026-08-22 06:30:14.180879
71:2F:60:7C:E0:33,None,2026-08-22 06:33:09.463439
E1:74:CD:91:62:A5,None,2026-08-22 06:33:15.380315
6C:8F:0B:D7:2D:E9,None,2026-08-22 06:33:18.060370
45:F4:98:EF:A5:3B,None,2026-08-22 06:33:18.468349
76:77:F6:4B:68:67,None,2026-08-22 06:33:19.399399
7F:28:ED:43:3D:6C,None,2026-08-22 06:35:33.647040
6D:C9:38:7C:77:28,None,2026-08-22 06:35:50.959987
56:CA:64:FE:7C:86,None,2026-08-22 06:35:57.848285
7E:7D:AB:3C:CA:C5,None,2026-08-22 06:36:13.237770
45:24:1B:B8:87:DD,None,2026-08-22 06:36:16.033580
5C:2B:04:CD:90:8A,None,2026-08-22 06:36:30.481157
D7:DC:33:64:46:1F,None,2026-08-22 06:36:47.977000
4A:B0:A1:0B:D8:74,None,2026-08-22 06:40:49.739354
4F:03:45:E4:4A:B5,None,2026-08-22 06:42:43.813011
74:24:80:4F:0F:72,None,2026-08-22 06:44:10.738749
DA:A1:84:C6:81:0B,None,2026-08-22 06:45:00.074760
FF:42:6F:92:4F:40,None,2026-08-22 06:45:00.085391
C3:FA:78:C5:62:FB,None,2026-08-22 06:45:00.251810
D5:9E:30:09:75:52,None,2026-08-22 06:45:03.581213
EE:94:83:36:86:72,None,2026-08-22 06:45:04.520284
EE:2F:EB:ED:0B:A9,None,2026-08-22 06:45:04.794408
FF:C7:24:60:DA:1A,None,2026-08-22 06:45:05.142168
4F:92:AB:64:0E:BC,None,2026-08-22 06:45:12.068219
D8:06:44:B7:4D:25,None,2026-08-22 06:45:40.443193
E0:F8:7C:DD:61:41,None,2026-08-22 06:45:46.556663
CA:06:FC:07:85:AD,None,2026-08-22 06:46:16.734830
C8:23:0F:84:4C:B0,None,2026-08-22 06:46:24.045691
CE:CF:56:03:3B:55,None,2026-08-22 06:46:39.091867
66:B0:1A:CD:03:17,None,2026-08-22 06:47:26.613078
6B:D8:F7:38:67:22,None,2026-08-22 06:47:26.958497
63:FE:78:F5:72:16,None,2026-08-22 06:47:29.243941
79:EA:3B:3B:AA:52,None,2026-08-22 06:48:38.525271
7C:4D:30:BA:44:73,None,2026-08-22 06:48:46.572487
C2:A7:29:D2:1A:58,None,2026-08-22 06:49:20.950661
C4:FF:D6:E3:30:8B,None,2026-08-22 06:49:26.154532
6E:C5:2F:7C:FE:C9,None,2026-08-22 06:49:44.151819
67:79:95:84:4D:E0,None,2026-08-22 06:54:51.903186
73:82:A3:CD:2C:49,None,2026-08-22 06:55:48.910325
7A:F4:B2:80:12:7B,None,2026-08-22 06:56:15.813425
5A:4C:1D:45:99:9A,None,2026-08-22 06:58:01.785595
41:AD:EB:A0:98:BD,None,2026-08-22 06:59:35.794947
49:87:08:39:28:18,None,2026-08-22 06:59:36.790700
7F:DB:C3:AB:30:58,None,2026-08-22 06:59:39.647941
7F:BD:F7:F5:6C:3B,None,2026-08-22 06:59:53.661773
1E:4B:53:F0:4B:5E,None,2026-08-22 06:59:54.527305
FE:12:40:8B:34:40,None,2026-08-22 07:00:00.744070
C3:BA:86:D3:D1:3C,None,2026-08-22 07:00:02.077885
D2:37:06:FC:70:64,None,2026-08-22 07:00:02.090959
F3:CB:E0:91:FD:E3,None,2026-08-22 07:00:03.762130
CC:F9:25:6C:75:F7,None,2026-08-22 07:00:04.088769
F9:30:3A:22:1E:BD,None,2026-08-22 07:00:08.285981
FB:D4:8B:92:32:22,None,2026-08-22 07:00:08.462817
D6:77:65:3A:E8:08,None,2026-08-22 07:00:10.317133
D5:E6:38:18:6B:19,None,2026-08-22 07:00:16.398430
E4:6B:C6:F8:D7:25,None,2026-08-22 07:00:30.531613
D9:0A:44:E8:21:53,None,2026-08-22 07:00:46.835435
E2:88:F9:44:59:16,None,2026-08-22 07:01:22.368206
C1:01:3D:3F:25:99,None,2026-08-22 07:03:53.241074
D5:B7:DC:B3:94:14,None,2026-08-22 07:03:58.139010
77:28:6F:7B:F5:69,None,2026-08-22 07:04:25.027904
4F:57:3A:FC:09:07,None,2026-08-22 07:04:30.720542
54:75:0E:3A:8F:6F,None,2026-08-22 07:08:04.702425
F4:5D:CF:61:C8:B0,None,2026-08-22 07:09:38.805492
50:7A:B8:D0:34:58,None,2026-08-22 07:10:11.990593
46:C1:1C:76:24:49,None,2026-08-22 07:10:47.498621
56:23:2A:A1:3B:3E,None,2026-08-22 07:10:48.726440
57:6B:85:72:63:BB,None,2026-08-22 07:11:48.404455
46:C6:05:09:B4:E2,None,2026-08-22 07:11:48.700339
58:B5:12:45:C6:6D,None,2026-08-22 07:11:49.029043
4A:F2:D5:A6:F5:59,None,2026-08-22 07:12:33.495604
65:5F:D2:9F:BF:02,None,2026-08-22 07:12:34.473080
60:E7:13:14:04:FC,None,2026-08-22 07:13:01.295464
5B:AB:D1:D4:B4:1D,None,2026-08-22 07:13:41.474049
76:38:0C:6D:A6:F0,None,2026-08-22 07:14:35.727844
DB:CF:C9:44:4C:CD,None,2026-08-22 07:15:00.089977
D5:88:39:41:FF:9D,None,2026-08-22 07:15:00.107897
F6:56:5C:4A:9C:13,None,2026-08-22 07:15:00.123317
C5:9C:99:A8:A9:2D,None,2026-08-22 07:15:00.355820
C5:7F:4A:9E:24:12,None,2026-08-22 07:15:01.269967
C1:24:08:AE:D7:14,None,2026-08-22 07:15:02.474427
C3:72:78:99:94:84,None,2026-08-22 07:15:06.837645
EF:EE:6F:6B:66:01,None,2026-08-22 07:15:07.419351
EF:52:62:28:73:D8,None,2026-08-22 07:15:08.475555
E0:18:17:CE:B4:9D,None,2026-08-22 07:15:14.741045
C1:B0:E9:C2:41:AB,None,2026-08-22 07:15:17.112541
CF:67:F7:47:42:5C,None,2026-08-22 07:15:42.046891
41:77:CD:C3:FD:AE,None,2026-08-22 07:16:20.580829
69:0F:62:C9:C6:EC,None,2026-08-22 07:17:20.402148
7E:79:9D:5D:A9:25,None,2026-08-22 07:17:21.428139
62:19:94:12:0D:A7,None,2026-08-22 07:17:21.767052
DF:8F:71:AE:32:45,None,2026-08-22 07:17:41.625444
73:AF:3C:6B:69:69,None,2026-08-22 07:18:05.997474
77:9C:4C:7E:AF:AD,None,2026-08-22 07:18:20.762766
62:20:E1:19:76:7D,None,2026-08-22 07:19:38.828815
5E:2F:4D:2A:37:B9,None,2026-08-22 07:20:49.769262
76:15:6D:90:E9:97,None,2026-08-22 07:20:49.859221
C2:C9:64:71:35:87,None,2026-08-22 07:21:00.266639
58:3A:4B:54:F8:86,None,2026-08-22 07:23:08.295777
56:E2:3C:E3:5C:9E,None,2026-08-22 07:24:22.436466
5A:8E:1F:07:EF:AA,None,2026-08-22 07:25:48.945065
69:E4:06:D6:BC:33,None,2026-08-22 07:27:06.416769
76:08:CD:76:1B:0C,None,2026-08-22 07:27:50.272258
23:64:13:C8:F9:B6,None,2026-08-22 07:29:14.811750
E5:B9:CA:1C:8A:92,None,2026-08-22 07:30:00.732586
C6:70:A4:7B:57:9B,None,2026-08-22 07:30:00.770784
F9:09:DD:63:DE:C9,None,2026-08-22 07:30:00.924715
DB:FB:E4:AE:F8:EB,None,2026-08-22 07:30:01.007942
D9:9B:09:A2:5E:A2,None,2026-08-22 07:30:01.266864
C3:5D:81:3E:03:60,None,2026-08-22 07:30:01.301285
CD:06:F5:FC:B2:7F,None,2026-08-22 07:30:04.457109
DF:85:20:96:FB:75,None,2026-08-22 07:30:07.270633
EA:DD:AA:B3:F5:99,None,2026-08-22 07:30:13.202297
F6:19:A7:1C:BE:E4,None,2026-08-22 07:31:17.820843
CA:17:BB:22:39:59,None,2026-08-22 07:32:14.837677
F1:E2:F3:92:1A:E4,None,2026-08-22 07:32:38.583137
7C:4D:FC:E3:15:56,None,2026-08-22 07:33:18.824799
4F:99:96:B3:FD:38,None,2026-08-22 07:33:25.985528
64:11:D8:63:2F:3F,None,2026-08-22 07:33:26.477905
4D:BA:F3:AE:61:0C,None,2026-08-22 07:33:27.581125
C6:C8:ED:53:FA:66,None,2026-08-22 07:34:33.108028
5C:D2:42:0B:E7:C0,None,2026-08-22 07:35:12.806436
6B:66:16:7C:42:D3,None,2026-08-22 07:37:00.053921
65:64:F5:AA:C6:EF,None,2026-08-22 07:37:03.128696
68:B1:5F:2B:D5:61,None,2026-08-22 07:37:15.589012
74:F8:13:71:D2:1A,None,2026-08-22 07:37:16.795539
65:1A:61:54:58:42,None,2026-08-22 07:37:43.201186
38:97:ED:08:83:52,None,2026-08-22 07:38:48.461013
6B:B1:3B:BA:43:F1,None,2026-08-22 07:38:49.736826
44:A9:3F:7C:61:C4,None,2026-08-22 07:39:34.856229
C9:78:59:99:1F:7F,None,2026-08-22 07:40:00.444422
58:E0:E5:B6:90:B8,None,2026-08-22 07:40:49.113028
46:D2:6F:7C:FF:0A,None,2026-08-22 07:41:12.550660
40:33:75:3D:91:4C,None,2026-08-22 07:41:20.190020
6D:F1:8E:02:23:B3,None,2026-08-22 07:42:15.424582
61:71:1F:4D:91:5D,None,2026-08-22 07:44:55.456628
54:EF:40:98:57:7A,None,2026-08-22 07:44:55.676749
4D:72:82:0D:AC:D1,None,2026-08-22 07:44:55.804354
D5:18:C9:6F:B4:C4,None,2026-08-22 07:45:00.046818
CD:40:4E:6B:13:9F,None,2026-08-22 07:45:00.814805
E6:DF:7B:79:96:6C,None,2026-08-22 07:45:01.770693
F5:26:E5:B3:49:DD,None,2026-08-22 07:45:02.078619
C2:56:2F:06:B9:38,None,2026-08-22 07:45:02.492687
E6:D3:1F:FF:E7:7D,None,2026-08-22 07:45:08.318550
C9:8D:F0:44:F6:24,None,2026-08-22 07:45:14.490392
E6:B8:11:D2:B8:7B,None,2026-08-22 07:45:24.113217
D6:8C:16:FB:10:09,None,2026-08-22 07:45:29.132942
C1:6C:26:6F:59:7C,None,2026-08-22 07:46:03.770272
6E:EE:AB:24:5F:AA,None,2026-08-22 07:46:04.631944
F3:45:B9:22:F2:2F,None,2026-08-22 07:46:19.527988
DF:6E:BF:18:A6:98,None,2026-08-22 07:46:21.667319
44:5A:04:E3:6C:9A,None,2026-08-22 07:46:27.502336
65:77:6C:FD:2F:52,None,2026-08-22 07:47:25.183584
6C:74:DB:17:09:5D,None,2026-08-22 07:47:40.133240
FB:5E:F5:2A:03:43,None,2026-08-22 07:47:50.270744
35:A4:31:13:94:76,None,2026-08-22 07:50:57.966275
6D:80:5E:7A:5A:9E,None,2026-08-22 07:52:49.107880
E7:9C:1C:C0:50:EA,None,2026-08-22 07:52:50.327188
64:42:76:D9:89:90,None,2026-08-22 07:52:55.342907
D9:0E:FC:1E:BA:89,None,2026-08-22 07:54:14.287443
6A:36:18:F3:7E:3C,None,2026-08-22 07:55:49.342485
5D:EF:08:73:25:A4,None,2026-08-22 07:56:38.517612
6A:3A:9E:E0:DB:90,None,2026-08-22 07:56:52.733851
50:BB:FB:2D:20:2C,None,2026-08-22 07:58:51.619439
DA:01:74:CF:38:F8,None,2026-08-22 08:00:00.041808
C8:02:F8:13:6F:FE,None,2026-08-22 08:00:00.078515
F6:2B:E3:81:0F:CD,None,2026-08-22 08:00:00.483551
FD:67:45:49:FF:B4,None,2026-08-22 08:00:00.799121
E7:BC:AE:B3:01:19,None,2026-08-22 08:00:02.054122
CC:64:82:C6:FD:7E,None,2026-08-22 08:00:02.562456
5A:EF:5E:4D:D2:9E,None,2026-08-22 08:00:04.408963
D0:2F:3D:A8:7E:5D,None,2026-08-22 08:00:07.271030
DF:AC:FC:64:1B:04,None,2026-08-22 08:00:09.727224
75:C4:35:98:66:66,None,2026-08-22 08:00:14.731710
FA:A3:51:BF:29:5A,None,2026-08-22 08:00:29.636209
C4:93:3E:4D:CA:0E,None,2026-08-22 08:00:54.686982
49:18:95:BA:91:92,None,2026-08-22 08:02:50.483129
CD:37:72:D8:F0:BB,None,2026-08-22 08:02:52.501018
60:90:30:F6:E2:AA,None,2026-08-22 08:03:47.200851
5F:F6:9A:E6:72:14,None,2026-08-22 08:03:47.277085
5C:5D:EC:F6:1B:B8,None,2026-08-22 08:03:47.962946
28:36:EB:76:31:B2,None,2026-08-22 08:04:17.273872
47:8E:8F:B8:D7:E4,None,2026-08-22 08:04:40.339949
FF:8C:0A:96:DD:3C,None,2026-08-22 08:04:40.386834
5B:F5:EA:7F:A2:DD,None,2026-08-22 08:04:52.731456
CE:CA:07:24:F0:5F,None,2026-08-22 08:04:52.862882
57:43:0C:04:5C:05,None,2026-08-22 08:07:44.114147
E6:68:2F:9D:EB:0A,None,2026-08-22 08:07:47.969800
40:FA:1A:37:F2:56,None,2026-08-22 08:10:49.164753
60:01:9F:CB:AF:25,None,2026-08-22 08:10:52.670882
66:2D:FD:96:32:6B,None,2026-08-22 08:12:17.975292
E7:8D:8B:26:A8:72,None,2026-08-22 08:12:19.741864
C9:71:E4:7A:19:A8,None,2026-08-22 08:12:25.432387
51:1C:D4:5C:E8:47,None,2026-08-22 08:12:26.451620
4C:1A:99:12:48:F3,None,2026-08-22 08:12:55.197794
5A:29:8B:D6:A2:8C,None,2026-08-22 08:12:55.220582
47:21:12:32:86:0B,None,2026-08-22 08:14:26.190804
77:40:C2:B6:A2:17,None,2026-08-22 08:14:51.460218
FD:7C:68:2F:FB:75,None,2026-08-22 08:15:02.035112
D3:F1:AD:E5:0D:12,None,2026-08-22 08:15:02.442789
FD:A4:05:4B:97:53,None,2026-08-22 08:15:02.820269
C4:72:D7:F4:23:BD,None,2026-08-22 08:15:04.352729
D0:1A:D3:1A:D7:D1,None,2026-08-22 08:15:04.872531
CE:8C:D3:2B:E1:6C,None,2026-08-22 08:15:10.746577
DE:9B:A4:50:B8:66,None,2026-08-22 08:15:10.792808
1E:E4:6B:A4:08:22,None,2026-08-22 08:15:18.237683
D3:06:52:6D:57:E0,None,2026-08-22 08:15:44.244773
46:59:1E:14:22:27,None,2026-08-22 08:15:46.412972
5F:AF:23:21:B4:02,None,2026-08-22 08:15:48.190179
CD:2A:0D:1A:EC:E7,None,2026-08-22 08:15:58.489425
F7:DD:53:1D:33:02,None,2026-08-22 08:16:13.950226
E5:1A:72:B9:59:CC,None,2026-08-22 08:16:20.577970
3F:B7:17:3E:82:B1,None,2026-08-22 08:16:23.186595
5D:37:67:22:01:2F,None,2026-08-22 08:17:05.743036
42:FB:F0:8B:62:15,None,2026-08-22 08:17:06.325256
48:F8:78:60:B8:F1,None,2026-08-22 08:17:09.920375
CF:18:58:4F:86:91,None,2026-08-22 08:17:41.453308
C3:DF:65:3C:CC:37,None,2026-08-22 08:18:01.235496
F0:32:6E:F5:B2:FF,None,2026-08-22 08:19:11.730990
7B:77:A6:8D:80:ED,None,2026-08-22 08:20:14.288846
69:EA:8E:D3:43:2B,None,2026-08-22 08:25:49.321130
4A:9C:84:CD:37:19,None,2026-08-22 08:28:03.492419
7C:60:6F:9F:F5:39,None,2026-08-22 08:28:04.297067
41:9D:A8:2A:C9:B6,None,2026-08-22 08:28:04.453034
6B:51:CD:B1:15:78,None,2026-08-22 08:28:29.849843
5F:69:D7:90:B8:E5,None,2026-08-22 08:30:00.844886
03:89:DE:B1:97:71,None,2026-08-22 08:30:02.020918
DE:69:74:B0:89:7D,None,2026-08-22 08:30:02.032558
C9:49:23:78:5E:6F,None,2026-08-22 08:30:02.349174
F9:1A:E0:4E:01:2E,None,2026-08-22 08:30:02.436799
E0:EF:9F:A3:A7:0A,None,2026-08-22 08:30:02.643941
E4:8D:D4:8E:0E:45,None,2026-08-22 08:30:02.792118
FF:78:E2:3B:90:FC,None,2026-08-22 08:30:04.072794
FE:B0:2D:78:EF:6D,None,2026-08-22 08:30:04.270211
FB:78:ED:3F:92:26,None,2026-08-22 08:30:08.501191
C4:DF:7D:BF:A1:A5,None,2026-08-22 08:30:19.363418
EE:81:B0:F9:C3:D8,None,2026-08-22 08:30:23.732487
CD:39:6A:0A:15:6D,None,2026-08-22 08:31:16.799244
55:E8:5C:13:7C:8F,None,2026-08-22 08:31:27.051341
DF:E1:8A:71:69:A5,None,2026-08-22 08:31:31.106550
50:A0:10:5D:1D:C2,None,2026-08-22 08:33:45.912954
41:7A:3C:17:03:2B,None,2026-08-22 08:35:37.441974
EA:83:90:2D:9C:21,None,2026-08-22 08:37:49.567592
3F:DF:28:92:AE:24,None,2026-08-22 08:38:48.025036
51:E0:C1:9E:24:2A,None,2026-08-22 08:39:34.262985
55:EA:84:51:B1:00,None,2026-08-22 08:39:39.353966
51:BD:85:A4:DF:94,None,2026-08-22 08:39:39.612473
4A:4E:A4:94:AD:8E,None,2026-08-22 08:40:51.940916
62:67:C1:20:A4:AE,None,2026-08-22 08:41:14.654442
66:FC:77:F4:0A:8C,None,2026-08-22 08:41:14.689572
64:7C:DF:39:DE:E5,None,2026-08-22 08:41:59.503024
E5:89:03:FD:EE:68,None,2026-08-22 08:42:33.493718
51:CE:69:64:37:CA,None,2026-08-22 08:43:52.490012
62:CE:F9:60:F0:53,None,2026-08-22 08:44:04.771525
C1:2A:2A:4E:DA:77,None,2026-08-22 08:45:00.092486
CF:15:B9:E0:0D:86,None,2026-08-22 08:45:00.442631
EA:A8:27:F7:94:65,None,2026-08-22 08:45:00.497551
D2:15:8D:EC:4E:80,None,2026-08-22 08:45:00.621386
C3:68:7E:AB:83:0E,None,2026-08-22 08:45:01.985184
E4:55:56:D9:1A:D8,None,2026-08-22 08:45:02.109420
CE:7A:33:CF:67:24,None,2026-08-22 08:45:18.235316
6C:37:BD:A3:3C:4C,None,2026-08-22 08:45:35.096989
E0:5E:D5:C9:3D:96,None,2026-08-22 08:45:52.198482
40:D8:A1:D9:F4:32,None,2026-08-22 08:46:17.747345
67:AB:1E:CC:B3:86,None,2026-08-22 08:46:20.311976
41:79:96:48:6B:1A,None,2026-08-22 08:46:20.392867
F8:15:96:14:60:C5,None,2026-08-22 08:46:21.063161
6C:AB:0D:1A:E6:43,None,2026-08-22 08:48:34.607931
FF:E2:5E:63:99:01,None,2026-08-22 08:48:36.324826
E9:A4:BA:75:1B:2B,None,2026-08-22 08:49:10.553423
C5:51:B1:5F:F3:6C,None,2026-08-22 08:49:34.766833
42:FE:D8:D4:F8:B9,None,2026-08-22 08:50:21.878717
E4:DC:FF:C3:F6:4D,None,2026-08-22 08:52:21.235678
F9:1D:DA:9F:7B:B4,None,2026-08-22 08:53:08.009489
4B:26:E8:1A:03:E6,None,2026-08-22 08:53:34.513718
54:45:7F:A2:50:2D,None,2026-08-22 08:54:46.288777
52:EA:6F:7F:D8:10,None,2026-08-22 08:55:50.120347
65:CD:4B:68:02:4A,None,2026-08-22 08:57:18.636732
4F:DE:B2:66:2B:D6,None,2026-08-22 08:58:32.855056
77:71:F1:C7:FB:E0,None,2026-08-22 08:58:32.883157
6E:32:A4:1A:4E:C9,None,2026-08-22 08:58:33.157025
F3:88:A6:05:FD:CF,None,2026-08-22 09:00:00.096135
CD:11:16:C1:E6:C7,None,2026-08-22 09:00:00.107438
F7:32:51:CD:41:0B,None,2026-08-22 09:00:00.586718
F8:40:8B:E7:E2:98,None,2026-08-22 09:00:00.755731
C2:5E:79:66:19:2E,None,2026-08-22 09:00:01.385202
CC:70:6C:D6:99:15,None,2026-08-22 09:00:01.850564
C8:09:86:15:A4:98,None,2026-08-22 09:00:04.464407
D5:4B:22:01:06:74,None,2026-08-22 09:00:04.495660
C9:E7:5D:AC:84:CD,None,2026-08-22 09:00:04.741775
C9:C6:D4:69:58:B9,None,2026-08-22 09:00:06.710103
E5:CC:3A:61:8A:BE,None,2026-08-22 09:00:20.311424
E0:59:52:44:35:D5,None,2026-08-22 09:00:51.490900
F6:7C:01:14:F5:B8,None,2026-08-22 09:00:58.407845
79:4F:55:E7:F8:5D,None,2026-08-22 09:02:19.196257
7B:33:06:A5:2E:E1,None,2026-08-22 09:02:23.331638
52:62:42:55:8F:21,None,2026-08-22 09:03:33.815026
7A:38:11:95:4B:7E,LE_L-Phonak hea,2026-08-22 09:05:17.741557
FE:24:DE:AC:BA:3A,None,2026-08-22 09:06:45.042876
56:95:26:24:15:74,None,2026-08-22 09:09:23.877764
4D:D5:74:76:63:4F,None,2026-08-22 09:09:27.610159
53:79:0A:C5:52:C0,None,2026-08-22 09:09:28.123964
48:EB:A8:5E:7C:BD,None,2026-08-22 09:09:28.379713
5F:3B:C3:62:22:1F,None,2026-08-22 09:10:48.814584
5E:20:F5:BC:5A:4B,None,2026-08-22 09:11:18.393352
CF:70:8A:F2:20:96,None,2026-08-22 09:11:30.832137
49:86:9F:9D:AC:C2,None,2026-08-22 09:11:56.744070
C8:2C:85:40:5E:97,None,2026-08-22 09:15:00.120545
E1:7E:84:D6:17:FA,None,2026-08-22 09:15:00.134949
DE:66:FE:30:D0:A9,None,2026-08-22 09:15:00.733119
ED:7C:8D:9F:CD:07,None,2026-08-22 09:15:04.490501
C4:7D:B7:BE:6E:BB,None,2026-08-22 09:15:14.500573
D0:C3:6A:C8:7C:2A,None,2026-08-22 09:15:16.101278
D5:38:C0:DE:36:46,None,2026-08-22 09:15:16.771235
E0:10:5D:F5:69:BD,None,2026-08-22 09:15:36.543578
C5:E0:F9:D4:09:FD,None,2026-08-22 09:15:59.031363
68:76:B8:F6:34:F1,None,2026-08-22 09:15:59.375962
C6:2F:0E:4B:9E:D9,None,2026-08-22 09:15:59.445405
FA:81:8F:B6:1D:8E,None,2026-08-22 09:16:22.188144
7F:50:D1:C9:78:FB,None,2026-08-22 09:16:47.683800
65:9C:FF:3D:2C:5E,None,2026-08-22 09:17:25.007092
C2:78:95:F8:2A:97,None,2026-08-22 09:18:20.224792
D9:13:A4:D3:31:5B,None,2026-08-22 09:19:00.778023
56:06:71:41:1E:12,None,2026-08-22 09:20:12.541546
36:93:B3:58:E0:E3,None,2026-08-22 09:20:37.337961
FD:59:5A:90:47:D2,None,2026-08-22 09:20:44.167318
77:AF:88:3B:72:80,None,2026-08-22 09:23:54.630016
54:42:E6:46:55:AE,None,2026-08-22 09:23:54.878056
75:9D:CC:4B:C5:63,None,2026-08-22 09:25:50.733401
41:57:8D:C1:CD:A8,None,2026-08-22 09:25:51.385130
F4:F4:95:4F:CF:05,None,2026-08-22 09:26:11.933322
64:58:7C:84:A3:E8,None,2026-08-22 09:26:12.693685
76:08:98:59:61:C7,None,2026-08-22 09:28:04.735839
4F:46:BB:D5:79:94,None,2026-08-22 09:28:05.274266
54:3A:1C:05:48:07,None,2026-08-22 09:28:05.793020
53:B0:1A:E0:E1:AD,None,2026-08-22 09:28:05.977421
43:63:72:20:3E:DC,None,2026-08-22 09:29:01.434152
66:1E:00:FB:7E:8C,None,2026-08-22 09:29:01.714676
7E:C1:B8:6D:7C:EE,None,2026-08-22 09:29:02.032812
02:84:E9:26:70:11,None,2026-08-22 09:29:10.509989
60:2E:F6:14:B7:E4,None,2026-08-22 09:29:55.210334
CA:F4:66:E2:11:61,None,2026-08-22 09:30:00.101982
C8:41:1D:DC:0D:B0,None,2026-08-22 09:30:00.725259
40:8B:AF:D7:62:64,None,2026-08-22 09:30:00.752334
EE:93:DA:51:B2:B9,None,2026-08-22 09:30:00.792653
C3:5D:01:C1:F6:66,None,2026-08-22 09:30:02.106629
FB:1F:12:75:FE:2D,None,2026-08-22 09:30:02.500072
E5:03:59:A6:9D:2C,None,2026-08-22 09:30:06.469864
C7:18:A4:BD:C0:D8,None,2026-08-22 09:30:19.275520
F1:D6:1F:0D:19:18,None,2026-08-22 09:30:20.268051
C1:CE:04:B6:65:6F,None,2026-08-22 09:31:02.117697
DA:B5:43:06:AC:51,None,2026-08-22 09:31:16.705260
C0:81:D4:52:61:FA,None,2026-08-22 09:31:34.720807
DB:D3:84:13:29:B7,None,2026-08-22 09:31:48.106619
C8:27:B4:15:65:52,None,2026-08-22 09:32:22.680905
E2:66:CA:7B:F6:0C,None,2026-08-22 09:34:59.154683
74:B5:FE:73:BB:57,None,2026-08-22 09:34:59.222447
47:BF:A9:38:0D:FF,None,2026-08-22 09:36:31.010562
77:3D:93:BB:FE:95,None,2026-08-22 09:38:39.064636
05:35:A9:CD:31:32,None,2026-08-22 09:39:07.614160
4C:71:07:67:B9:BC,None,2026-08-22 09:40:48.859448
CE:13:8A:B8:E9:57,None,2026-08-22 09:42:04.436752
46:D1:E5:3F:CF:78,None,2026-08-22 09:42:12.128788
54:45:FD:5C:CB:55,None,2026-08-22 09:42:50.417371
48:62:94:7C:5F:04,None,2026-08-22 09:43:45.551240
FE:3B:52:62:D3:CD,None,2026-08-22 09:45:02.117490
D8:B8:18:38:67:2D,None,2026-08-22 09:45:02.129497
D2:E7:0E:00:A4:2D,None,2026-08-22 09:45:02.182585
F1:CB:76:AC:39:2B,None,2026-08-22 09:45:02.513488
F4:41:C5:07:29:A4,None,2026-08-22 09:45:04.208475
CC:BB:8A:41:58:29,None,2026-08-22 09:45:04.706152
C9:E1:C7:F6:54:50,None,2026-08-22 09:45:09.700854
CB:E6:65:7C:A2:C5,None,2026-08-22 09:45:10.560608
FA:5A:CF:3E:FE:83,None,2026-08-22 09:45:37.387276
6D:E5:87:B4:D3:74,None,2026-08-22 09:45:43.467027
C3:C0:E6:52:35:A2,None,2026-08-22 09:45:44.223438
56:AA:05:3C:3C:96,None,2026-08-22 09:45:50.906182
F1:6D:60:64:D1:F5,None,2026-08-22 09:45:51.753189
D5:92:6A:13:B3:40,None,2026-08-22 09:46:00.514800
5F:68:8F:ED:66:6A,None,2026-08-22 09:47:11.621072
64:DE:CB:4C:94:F6,None,2026-08-22 09:47:51.328500
44:52:7D:84:46:8C,None,2026-08-22 09:47:51.362677
51:42:95:84:34:45,None,2026-08-22 09:47:53.380005
7F:25:B2:37:BB:BD,None,2026-08-22 09:48:07.487488
C2:D8:6B:80:62:E4,None,2026-08-22 09:49:16.964107
7A:36:96:D5:53:89,None,2026-08-22 09:49:21.152209
25:73:6D:56:96:05,None,2026-08-22 09:49:36.146783
DD:78:19:00:70:09,None,2026-08-22 09:50:51.739054
63:BB:E4:97:70:88,None,2026-08-22 09:50:51.824480
CA:1A:94:F2:00:6A,None,2026-08-22 09:51:36.873571
F4:35:E6:20:7B:D2,None,2026-08-22 09:52:01.755306
53:DA:C5:45:B9:F1,None,2026-08-22 09:53:45.083208
5F:1C:FC:B1:4C:69,None,2026-08-22 09:53:45.110584
21:CB:96:A3:A2:53,None,2026-08-22 09:54:56.907102
1F:C7:F0:BB:23:82,None,2026-08-22 09:55:17.372078
66:84:41:20:3C:1A,None,2026-08-22 09:55:48.803451
6B:A2:93:FF:91:1D,None,2026-08-22 09:57:12.255428
7A:B6:F2:C3:3E:B0,None,2026-08-22 09:57:49.213209
6B:A2:27:8C:56:5F,None,2026-08-22 09:58:06.870194
DA:FA:6D:4C:F2:B6,None,2026-08-22 10:00:01.979902
C1:26:7A:8A:C5:E0,None,2026-08-22 10:00:02.149863
E7:49:25:B0:0B:80,None,2026-08-22 10:00:02.452422
CB:EB:51:5E:1B:E4,None,2026-08-22 10:00:02.502333
4C:B6:8F:97:0B:D6,None,2026-08-22 10:00:02.592145
F7:8D:2F:09:D1:BC,None,2026-08-22 10:00:02.957912
E8:FA:83:9D:5E:2A,None,2026-08-22 10:00:02.992407
E1:84:92:C7:C4:73,None,2026-08-22 10:00:06.133928
43:03:26:CF:53:66,None,2026-08-22 10:00:06.519509
CB:71:1A:CD:BA:6C,None,2026-08-22 10:00:09.137168
CA:46:48:09:97:26,None,2026-08-22 10:00:12.678478
CD:A0:28:B0:9B:CF,None,2026-08-22 10:00:25.588867
E8:52:F0:FD:DB:44,None,2026-08-22 10:00:40.658773
D4:B8:FB:B9:1C:55,None,2026-08-22 10:01:01.288965
6C:FB:A0:B0:12:79,None,2026-08-22 10:01:09.629346
D4:92:DC:41:6B:EF,None,2026-08-22 10:01:10.501394
C1:B1:E4:86:E5:9D,None,2026-08-22 10:01:11.033291
49:F6:4C:E0:25:4E,None,2026-08-22 10:04:11.183451
72:E0:71:97:E0:99,None,2026-08-22 10:04:11.965736
53:2F:7C:E2:CE:12,None,2026-08-22 10:04:12.235653
D8:31:B3:19:36:C4,None,2026-08-22 10:04:21.942379
61:96:85:DF:17:83,None,2026-08-22 10:04:48.913756
E4:BA:B4:E4:D9:9D,None,2026-08-22 10:05:17.794065
31:F1:47:29:B1:53,None,2026-08-22 10:05:19.534951
66:F0:E0:1F:45:0E,None,2026-08-22 10:05:44.159204
6E:A5:9E:CC:71:CF,None,2026-08-22 10:05:44.879425
0E:A0:4C:6C:C5:58,None,2026-08-22 10:06:44.424449
FF:A0:45:DF:70:47,None,2026-08-22 10:08:24.138121
7D:47:A2:56:68:20,None,2026-08-22 10:08:58.065384
C5:EF:32:8E:ED:E8,None,2026-08-22 10:09:23.063517
52:DF:BD:E5:36:61,None,2026-08-22 10:10:49.013798
1C:48:A2:A5:3D:1E,None,2026-08-22 10:10:57.880302
EC:47:0C:95:F4:26,P-PR3 EntOS RCU,2026-08-22 10:11:33.868668
44:47:CE:FC:67:69,None,2026-08-22 10:12:13.731896
73:6B:AE:79:FD:09,None,2026-08-22 10:12:22.201709
47:15:15:F7:4C:B0,None,2026-08-22 10:13:09.803424
4F:8E:FE:9F:B4:DD,None,2026-08-22 10:13:44.378854
D0:F9:D2:57:8B:74,None,2026-08-22 10:15:00.428729
C5:75:01:93:6F:04,None,2026-08-22 10:15:04.072631
C4:80:F6:49:F6:3E,None,2026-08-22 10:15:04.488214
FA:3E:6D:94:8A:2F,None,2026-08-22 10:15:04.667926
D1:22:61:9E:A4:3C,None,2026-08-22 10:15:05.582620
CA:3E:A8:4E:0D:C6,None,2026-08-22 10:15:06.560827
CC:AC:EA:BB:26:E0,None,2026-08-22 10:15:09.806495
DD:AA:A9:3C:7E:3B,None,2026-08-22 10:15:14.493110
7E:9A:8E:3B:B5:9B,None,2026-08-22 10:15:16.618101
D0:71:B4:C7:AA:84,None,2026-08-22 10:15:19.006427
E4:8E:F5:B1:B6:ED,None,2026-08-22 10:15:20.804152
DE:78:CC:62:47:DD,None,2026-08-22 10:15:30.800996
D6:52:63:22:56:39,None,2026-08-22 10:15:40.939597
40:CE:61:86:D4:FC,None,2026-08-22 10:16:20.502388
F8:C2:21:C8:BD:D7,None,2026-08-22 10:16:23.978911
6F:54:D2:6A:81:5C,None,2026-08-22 10:16:28.426019
53:37:5B:3F:A6:96,None,2026-08-22 10:17:49.527341
64:52:E3:8E:44:D8,None,2026-08-22 10:17:50.414583
6C:74:7F:6A:BA:AE,None,2026-08-22 10:19:22.622052
D5:9E:C9:92:21:2C,None,2026-08-22 10:20:08.113507
6D:C5:4B:CD:6A:EF,None,2026-08-22 10:20:50.494387
FB:6D:EF:8B:3D:18,None,2026-08-22 10:20:50.819190
47:72:4F:12:68:D3,None,2026-08-22 10:21:37.475288
75:3E:A0:65:E4:AA,None,2026-08-22 10:21:37.520249
63:63:F6:19:7E:61,None,2026-08-22 10:21:40.854391
60:87:8B:F8:3A:97,None,2026-08-22 10:21:47.273699
E1:FA:0E:43:68:75,None,2026-08-22 10:21:47.289218
60:AB:9B:33:48:5E,None,2026-08-22 10:23:06.150812
4D:E8:86:51:0C:41,None,2026-08-22 10:23:26.638977
44:44:BE:FD:1B:F9,None,2026-08-22 10:23:27.833986
CB:58:41:86:39:CA,None,2026-08-22 10:23:34.018400
71:5E:78:C2:3C:13,None,2026-08-22 10:25:28.145119
6D:89:99:80:82:F0,None,2026-08-22 10:25:46.960741
4E:39:4E:61:2A:4D,None,2026-08-22 10:25:49.268292
6D:4B:65:AF:91:65,None,2026-08-22 10:27:03.037336
6C:3C:9B:3C:2C:84,None,2026-08-22 10:27:39.717454
F4:5E:63:1B:B7:47,None,2026-08-22 10:30:00.421626
40:76:98:C3:4B:02,None,2026-08-22 10:30:00.651884
C6:21:04:7C:30:00,None,2026-08-22 10:30:01.463637
F6:98:5C:A9:F2:EE,None,2026-08-22 10:30:02.063498
FF:89:CD:A1:48:3E,None,2026-08-22 10:30:02.402948
CE:19:AA:00:FE:07,None,2026-08-22 10:30:02.447097
DD:EE:D3:CF:8A:1A,None,2026-08-22 10:30:05.370994
77:11:15:BD:1B:34,None,2026-08-22 10:30:05.790067
D1:93:3C:C2:68:24,None,2026-08-22 10:30:06.092380
D0:D1:D3:F4:1D:CA,None,2026-08-22 10:30:11.193951
C9:5F:25:45:41:42,None,2026-08-22 10:30:23.755488
DF:27:E6:D1:D5:B5,None,2026-08-22 10:30:36.507021
54:9C:BE:00:9E:A4,None,2026-08-22 10:31:08.242670
75:5F:1F:9E:F2:6A,None,2026-08-22 10:31:12.277977
78:83:1E:C6:7D:7C,None,2026-08-22 10:31:22.404090
6C:34:C4:94:2F:A5,None,2026-08-22 10:31:36.578376
F5:97:40:60:31:F4,None,2026-08-22 10:31:37.683870
6A:4D:71:5E:98:BB,None,2026-08-22 10:31:41.074373
6F:85:17:69:8F:29,None,2026-08-22 10:32:05.918073
D1:60:D0:B7:33:A6,None,2026-08-22 10:32:07.747778
C4:E5:E6:EB:78:66,None,2026-08-22 10:32:25.564865
56:E0:43:4F:46:24,None,2026-08-22 10:32:29.330296
6C:E7:44:64:8F:CB,None,2026-08-22 10:32:36.180703
D9:E2:65:20:31:C1,None,2026-08-22 10:33:33.673204
27:0F:24:E9:D4:4B,None,2026-08-22 10:33:42.749966
65:13:DE:01:29:0C,None,2026-08-22 10:35:05.558576
5B:0D:98:D6:DD:F0,None,2026-08-22 10:35:05.735738
63:DC:B3:88:D0:09,None,2026-08-22 10:35:05.899539
C6:E7:21:BA:AC:97,None,2026-08-22 10:35:34.034217
71:A3:39:29:12:53,None,2026-08-22 10:39:11.469068
7C:D0:71:B6:0B:7D,None,2026-08-22 10:39:38.268526
7F:84:90:B4:91:40,None,2026-08-22 10:39:58.015621
E4:FD:EC:E6:43:52,None,2026-08-22 10:40:06.338513
4D:9E:7C:55:A3:7B,None,2026-08-22 10:40:11.562739
CA:64:8F:61:0C:C0,None,2026-08-22 10:40:38.256893
6D:AE:61:31:45:C5,None,2026-08-22 10:40:49.032945
76:9C:54:16:CD:DE,None,2026-08-22 10:40:57.344500
32:22:55:A3:F7:12,None,2026-08-22 10:41:39.689231
6A:11:20:53:01:64,None,2026-08-22 10:42:39.383236
4A:43:E2:CE:BB:8F,None,2026-08-22 10:42:50.048038
DC:AE:FC:8E:67:C3,None,2026-08-22 10:44:26.436238
41:88:95:1D:62:61,None,2026-08-22 10:44:26.615520
53:BB:1C:6F:4B:DD,None,2026-08-22 10:44:26.809349
47:B7:58:B0:46:E4,None,2026-08-22 10:44:29.577914
41:E7:AE:81:75:FA,None,2026-08-22 10:44:29.621324
66:DD:9E:C5:5D:94,None,2026-08-22 10:44:32.824954
54:78:C9:1E:BA:B7,X4 5KJKFV,2026-08-22 10:44:54.838303
CC:50:38:A1:E6:09,None,2026-08-22 10:45:00.821406
F3:EF:01:AC:91:35,None,2026-08-22 10:45:00.858262
FD:44:64:84:85:39,None,2026-08-22 10:45:00.990264
C7:05:91:CD:99:C5,None,2026-08-22 10:45:01.369191
F7:A6:42:FE:53:40,None,2026-08-22 10:45:01.637204
ED:BA:BC:11:A2:8A,None,2026-08-22 10:45:04.118308
DC:AC:0E:37:31:55,None,2026-08-22 10:45:04.445924
E7:79:6A:02:56:0F,None,2026-08-22 10:45:05.533006
C1:6A:87:91:9F:28,None,2026-08-22 10:45:05.727258
CF:74:4E:1A:67:94,None,2026-08-22 10:45:06.492951
DB:AB:C8:0D:23:1B,None,2026-08-22 10:45:11.890843
F1:FA:EC:49:4E:C2,None,2026-08-22 10:46:27.171493
E7:16:44:B9:86:88,None,2026-08-22 10:46:31.774287
90:7B:C6:EB:24:C9,S857cf90a94f73267C,2026-08-22 10:49:30.753536
6D:5E:9C:F5:C7:4A,None,2026-08-22 10:49:38.693690
77:10:E9:BB:4F:01,None,2026-08-22 10:50:57.064173
F0:89:E2:62:E5:8C,None,2026-08-22 10:51:03.817176
24:DC:16:10:3C:2B,None,2026-08-22 10:51:06.495450
51:25:9D:E4:65:CC,None,2026-08-22 10:51:46.861577
70:B9:32:41:49:72,None,2026-08-22 10:51:46.883655
55:E1:F8:08:45:E8,None,2026-08-22 10:53:43.185257
5C:DC:D3:29:AD:D7,None,2026-08-22 10:54:27.649945
50:1E:58:E8:61:11,None,2026-08-22 10:55:49.192542
7A:55:4B:75:44:81,None,2026-08-22 10:56:41.716468
5E:0C:50:DF:A8:2B,None,2026-08-22 10:57:04.742410
4F:6D:CB:92:70:96,None,2026-08-22 10:57:05.867826
C0:E8:B4:69:B9:46,None,2026-08-22 10:58:09.309350
46:C0:28:13:E9:64,None,2026-08-22 10:58:25.128536
66:3F:E9:01:48:EA,None,2026-08-22 10:58:29.174673
F4:9E:7A:B8:D8:BC,None,2026-08-22 10:58:35.939400
45:0F:20:18:B1:09,None,2026-08-22 10:58:35.954662
5B:2A:2F:F5:12:02,None,2026-08-22 10:58:43.442329
F2:85:2D:B0:0A:9E,None,2026-08-22 11:00:00.548539
F2:EC:AA:D3:18:97,None,2026-08-22 11:00:00.811293
E6:ED:7D:A5:86:E3,None,2026-08-22 11:00:01.911901
EA:3D:54:6A:5F:F0,None,2026-08-22 11:00:06.810289
E5:5B:FE:65:C2:80,None,2026-08-22 11:00:07.139233
F0:05:02:96:7E:38,None,2026-08-22 11:00:10.457226
F1:FF:2C:D4:EC:00,None,2026-08-22 11:00:53.781690
43:7A:CE:69:3A:E3,None,2026-08-22 11:01:24.694553
57:80:E2:87:0A:42,None,2026-08-22 11:01:25.854167
64:4F:8F:25:4D:64,None,2026-08-22 11:01:45.679227
58:D9:FB:0A:AF:67,None,2026-08-22 11:01:46.037873
7E:91:00:A3:AF:A2,None,2026-08-22 11:01:46.968849
F3:92:C5:6C:8E:1D,None,2026-08-22 11:01:53.215307
E7:B5:63:21:A4:0B,None,2026-08-22 11:02:00.611806
E8:23:78:91:5F:A5,None,2026-08-22 11:03:18.065766
51:DA:86:13:16:B3,None,2026-08-22 11:03:24.388513
4A:DA:58:CE:53:33,None,2026-08-22 11:05:01.900039
7E:BE:B2:2C:73:0A,None,2026-08-22 11:05:02.589314
4B:8B:5C:30:9B:D3,None,2026-08-22 11:05:04.376408
E3:44:3D:8F:9C:D2,None,2026-08-22 11:05:19.605852
34:72:91:25:CA:B0,None,2026-08-22 11:05:40.709264
47:8C:C1:47:F1:33,None,2026-08-22 11:05:47.536354
DC:6A:0D:D4:8D:E0,None,2026-08-22 11:05:49.155455
C9:B4:31:1D:D4:8A,None,2026-08-22 11:05:54.023122
DC:63:92:57:A1:4A,None,2026-08-22 11:05:54.221546
44:40:06:0D:F4:8A,None,2026-08-22 11:05:59.593506
69:6F:73:59:CA:A7,None,2026-08-22 11:06:00.245484
50:A1:84:A9:44:34,None,2026-08-22 11:06:13.992130
5E:95:3B:30:DF:16,None,2026-08-22 11:07:01.639485
6A:92:26:FA:49:55,None,2026-08-22 11:08:14.983323
5D:F5:3D:C1:71:F4,None,2026-08-22 11:08:15.072361
F0:37:3F:48:F4:2B,None,2026-08-22 11:08:17.357969
79:9F:5A:57:34:36,None,2026-08-22 11:08:54.399470
7F:2A:D8:9D:EC:B8,None,2026-08-22 11:09:43.887937
68:36:8F:ED:D3:C9,None,2026-08-22 11:10:42.837118
51:DE:3A:A2:B4:31,None,2026-08-22 11:10:48.821760
7E:98:FE:DB:E5:F4,None,2026-08-22 11:11:27.725657
77:20:4A:60:7D:4E,None,2026-08-22 11:11:42.978067
CF:9D:75:9A:ED:53,None,2026-08-22 11:11:43.364644
74:58:41:B7:CC:AE,None,2026-08-22 11:11:54.067299
41:53:09:A1:72:2C,None,2026-08-22 11:12:43.309444
43:80:92:FD:C9:66,None,2026-08-22 11:12:43.455950
6D:CD:E9:AE:78:B9,None,2026-08-22 11:12:43.647049
6A:7E:54:D9:A9:04,None,2026-08-22 11:13:40.859086
50:E1:FA:05:CB:71,None,2026-08-22 11:13:41.309261
3C:C8:34:F3:D5:D5,None,2026-08-22 11:14:33.008560
CB:1B:C6:FC:0D:F9,None,2026-08-22 11:15:01.587880
F5:C5:30:76:96:73,None,2026-08-22 11:15:02.848764
C1:04:28:44:97:F0,None,2026-08-22 11:15:04.729725
CA:83:6C:0E:AC:15,None,2026-08-22 11:15:04.748696
C8:2B:46:55:AA:21,None,2026-08-22 11:15:05.554286
DE:1B:D1:28:2F:44,None,2026-08-22 11:15:09.062316
FB:D3:81:59:5C:37,None,2026-08-22 11:15:44.370780
CC:0E:AF:D8:E6:0C,None,2026-08-22 11:16:27.654542
FC:A1:94:B0:E9:F9,None,2026-08-22 11:16:35.755007
D3:03:FD:5E:3D:73,None,2026-08-22 11:17:06.700720
E1:6A:B0:68:01:44,None,2026-08-22 11:17:19.275931
7D:67:33:4F:6E:20,None,2026-08-22 11:18:15.997524
C5:BE:C7:58:97:89,None,2026-08-22 11:18:26.074118
73:7B:0D:32:B7:D3,None,2026-08-22 11:19:50.722274
DA:F3:F8:49:B3:B1,None,2026-08-22 11:20:04.508212
4C:2F:F6:52:FF:F6,None,2026-08-22 11:20:10.199133
E3:88:55:03:54:E8,None,2026-08-22 11:20:13.182625
E8:8A:49:3D:8F:ED,None,2026-08-22 11:20:18.315558
E4:2F:C8:18:01:42,None,2026-08-22 11:21:15.654259
57:87:C8:63:5B:E2,None,2026-08-22 11:22:33.626451
4D:40:D2:9D:51:65,None,2026-08-22 11:22:39.790781
1B:7A:31:0A:6C:35,None,2026-08-22 11:24:04.805855
75:30:87:93:24:47,None,2026-08-22 11:24:55.920333
CA:98:1F:61:6E:26,None,2026-08-22 11:24:56.647924
66:6F:3B:1E:AA:3D,None,2026-08-22 11:25:00.634378
68:90:AB:AE:A7:BD,None,2026-08-22 11:25:04.557043
60:4F:50:49:CC:68,None,2026-08-22 11:25:52.412801
4A:30:B8:99:38:6D,None,2026-08-22 11:25:52.697998
7C:96:C6:79:41:D0,None,2026-08-22 11:25:53.032472
45:43:20:A2:8B:BC,4,2026-08-22 11:26:05.530662
62:24:34:DD:67:A5,None,2026-08-22 11:26:06.590825
5A:EF:C8:2A:F6:79,None,2026-08-22 11:26:17.546812
5F:56:D9:01:D2:E9,None,2026-08-22 11:26:59.311644
78:53:8D:44:41:8F,None,2026-08-22 11:26:59.978977
75:CA:86:FA:C3:5E,None,2026-08-22 11:27:01.859343
73:61:B8:24:FD:06,None,2026-08-22 11:29:12.609898
D5:0C:B0:33:8B:08,None,2026-08-22 11:30:02.674329
CE:91:4D:23:60:A0,None,2026-08-22 11:30:02.763515
C9:7D:7E:74:20:64,None,2026-08-22 11:30:02.850192
DD:BE:60:F8:6D:C2,None,2026-08-22 11:30:03.121956
E2:39:E9:44:1E:2D,None,2026-08-22 11:30:03.285293
E8:FF:8F:82:8C:47,None,2026-08-22 11:30:03.604206
D1:5D:3C:82:9D:88,None,2026-08-22 11:30:04.785706
DA:F8:32:C6:F3:56,None,2026-08-22 11:30:06.481418
F4:56:CE:29:3F:0D,None,2026-08-22 11:30:10.862376
E7:F1:51:C3:70:5C,None,2026-08-22 11:30:17.937687
FF:15:D5:F5:6C:B8,None,2026-08-22 11:30:20.183682
55:38:C1:ED:41:8B,None,2026-08-22 11:30:20.501523
C7:6B:19:5C:AD:9B,None,2026-08-22 11:31:06.770478
DB:DD:EB:14:13:EA,None,2026-08-22 11:31:14.913893
52:EF:9A:D4:31:C2,None,2026-08-22 11:31:43.104948
5F:6F:DF:99:60:78,None,2026-08-22 11:31:43.283650
DB:95:FE:B0:9D:D1,None,2026-08-22 11:31:46.487281
4C:76:4E:EE:8F:B5,None,2026-08-22 11:31:47.086111
C1:C3:14:E7:45:6F,None,2026-08-22 11:32:19.301018
44:C7:5D:4E:31:0C,None,2026-08-22 11:32:25.824502
FF:E5:16:8D:A5:C5,None,2026-08-22 11:32:32.840499
E9:EE:DD:CF:C4:E7,None,2026-08-22 11:32:48.754224
60:67:F5:7D:23:F7,None,2026-08-22 11:32:50.356132
56:73:E0:F9:BB:68,None,2026-08-22 11:34:18.076548
67:FE:1A:EF:81:B3,None,2026-08-22 11:34:35.708382
35:0B:CE:50:F9:27,None,2026-08-22 11:34:47.466296
63:2A:7D:EC:AB:20,None,2026-08-22 11:34:58.529974
66:6A:A0:7C:DB:89,None,2026-08-22 11:36:03.543885
6B:4D:04:BB:6E:80,None,2026-08-22 11:39:27.736274
55:22:04:51:BA:A6,None,2026-08-22 11:39:31.609983
63:50:2C:94:3F:12,None,2026-08-22 11:39:32.887462
5A:23:17:21:B7:6D,None,2026-08-22 11:40:49.445249
5E:C8:70:D1:9F:96,None,2026-08-22 11:41:56.354877
46:6D:82:7A:CF:AF,None,2026-08-22 11:43:01.083357
DE:AC:57:B9:BE:CD,None,2026-08-22 11:43:01.339069
CF:AC:DC:57:19:9F,None,2026-08-22 11:43:01.359800
7C:0F:03:27:F9:03,None,2026-08-22 11:43:05.186707
F8:5A:AA:C4:FE:2A,None,2026-08-22 11:45:00.124003
F1:89:02:02:E3:2C,None,2026-08-22 11:45:00.166450
67:F0:0F:D2:79:E2,None,2026-08-22 11:45:00.263252
E4:74:6A:89:49:67,None,2026-08-22 11:45:00.390145
ED:38:AE:86:EA:C9,None,2026-08-22 11:45:00.487749
D0:C1:E9:33:53:A3,None,2026-08-22 11:45:00.535412
DD:2F:77:4F:03:50,None,2026-08-22 11:45:00.655016
F1:9D:63:DC:FC:FB,None,2026-08-22 11:45:01.342476
EC:CA:C4:55:48:EA,None,2026-08-22 11:45:02.746194
FB:86:D9:8C:B8:2D,None,2026-08-22 11:45:04.064274
D5:CA:CA:8C:2D:49,None,2026-08-22 11:45:14.086765
6C:CF:0E:9B:45:D4,None,2026-08-22 11:45:15.316749
F7:34:41:D5:01:BD,None,2026-08-22 11:45:30.531162
FF:35:AB:21:CB:37,None,2026-08-22 11:45:46.151339
1A:2F:4B:53:AE:E7,None,2026-08-22 11:46:15.821744
7A:48:58:ED:D8:49,None,2026-08-22 11:46:33.530891
CE:A3:6A:7C:87:9F,None,2026-08-22 11:47:04.150191
CB:F2:8E:E5:62:E7,None,2026-08-22 11:49:44.498096
51:0E:F6:85:2B:C3,None,2026-08-22 11:49:46.638250
49:F1:D0:A3:D2:29,None,2026-08-22 11:49:46.791723
41:8B:A9:A2:FB:97,None,2026-08-22 11:49:49.944658
41:B6:95:67:2F:A3,None,2026-08-22 11:50:02.437263
35:53:9C:7E:F7:26,None,2026-08-22 11:51:26.690354
7A:92:1B:00:6E:70,None,2026-08-22 11:51:27.643670
59:54:EC:2C:89:27,None,2026-08-22 11:51:27.680116
55:17:00:4D:37:61,None,2026-08-22 11:52:37.282436
55:17:00:E2:C2:77,None,2026-08-22 11:52:37.299231
6D:0F:00:A8:4D:31,None,2026-08-22 11:52:41.486738
6D:0F:00:22:D7:03,None,2026-08-22 11:52:42.092021
4B:AF:C1:D6:CC:D3,None,2026-08-22 11:52:49.407525
4F:B2:7D:4F:07:A3,None,2026-08-22 11:53:04.422638
CC:D5:F7:7C:6A:94,None,2026-08-22 11:53:21.832279
4C:9E:0C:0C:4A:DC,None,2026-08-22 11:53:36.790923
45:01:AD:82:5E:59,None,2026-08-22 11:54:24.483528
71:89:32:AC:6E:49,None,2026-08-22 11:54:59.354545
58:16:6F:5F:31:2A,None,2026-08-22 11:55:51.521235
52:C8:1E:9C:68:CB,None,2026-08-22 11:56:41.114408
49:89:CF:7D:27:35,None,2026-08-22 11:57:57.028655
6E:50:7D:37:9D:00,None,2026-08-22 11:58:35.760190
7C:02:B8:35:0F:65,None,2026-08-22 11:59:11.489302
54:B1:22:EC:33:B9,None,2026-08-22 11:59:52.712712
EE:50:21:60:0D:35,None,2026-08-22 12:00:00.432055
ED:49:A9:FB:97:0A,None,2026-08-22 12:00:03.351862
4D:2D:C5:EA:73:DA,None,2026-08-22 12:00:03.375867
FF:A2:1E:90:91:7F,None,2026-08-22 12:00:04.244297
E8:10:40:6B:CB:8D,None,2026-08-22 12:00:04.460841
EF:B2:32:BA:44:3F,None,2026-08-22 12:00:04.527562
E9:DA:87:A5:D5:98,None,2026-08-22 12:00:04.833733
C1:0D:96:64:A7:8C,None,2026-08-22 12:00:18.817274
5B:3C:CD:6A:6F:F6,None,2026-08-22 12:00:23.457849
C1:5E:CB:63:AF:D5,None,2026-08-22 12:00:25.678114
DE:C8:EB:DF:F8:96,None,2026-08-22 12:00:27.865144
F0:64:DE:5E:A2:24,None,2026-08-22 12:00:44.608417
7C:D3:E7:36:84:12,None,2026-08-22 12:02:54.356275
4D:9C:43:A2:7F:19,None,2026-08-22 12:03:17.774612
7A:2A:CE:B4:55:0F,None,2026-08-22 12:03:37.821283
40:79:1C:C4:1B:8E,None,2026-08-22 12:03:37.864656
6F:04:13:FB:C9:E2,None,2026-08-22 12:04:48.338280
43:58:27:13:7C:17,None,2026-08-22 12:05:55.163435
60:EB:32:52:1C:CD,None,2026-08-22 12:06:25.798500
74:F5:7A:79:67:7D,None,2026-08-22 12:06:25.940066
75:62:63:92:06:A5,None,2026-08-22 12:06:27.118989
1F:E3:8F:8B:CD:7E,None,2026-08-22 12:07:44.269849
09:16:95:36:2F:45,None,2026-08-22 12:07:45.055303
E5:CB:55:96:74:84,None,2026-08-22 12:07:57.806703
43:A5:B6:F2:1B:92,None,2026-08-22 12:08:13.346334
64:34:C4:6B:4B:70,None,2026-08-22 12:10:49.980486
48:B7:C0:B5:C5:05,None,2026-08-22 12:13:12.565484
E5:7E:44:93:77:9E,None,2026-08-22 12:15:02.875119
D3:5C:4F:16:9C:A7,None,2026-08-22 12:15:06.456075
EA:E1:8A:12:7B:C5,None,2026-08-22 12:15:12.550415
E7:DA:03:41:D0:B4,None,2026-08-22 12:15:18.924930
67:C5:96:E4:78:B8,None,2026-08-22 12:15:32.002965
46:4B:40:90:54:7E,None,2026-08-22 12:15:36.544455
CA:41:7C:49:B8:63,None,2026-08-22 12:15:39.320941
D9:36:3E:02:BD:5A,None,2026-08-22 12:15:41.107748
DA:8C:4E:1C:96:44,None,2026-08-22 12:15:41.610532
C9:42:BF:28:C4:A1,None,2026-08-22 12:16:31.098486
4E:67:1B:3A:80:9B,None,2026-08-22 12:16:48.601052
C6:65:ED:43:63:A9,None,2026-08-22 12:17:18.298158
56:C9:44:A5:A1:91,None,2026-08-22 12:17:38.246100
55:EB:5D:F9:47:71,None,2026-08-22 12:17:52.270483
F2:92:F9:B7:A9:B3,None,2026-08-22 12:17:56.829243
E8:7D:C9:25:C7:1A,None,2026-08-22 12:17:56.960233
43:24:04:4E:01:42,None,2026-08-22 12:20:02.432457
E1:E4:B9:29:85:D2,None,2026-08-22 12:22:15.787640
76:48:25:B1:8D:52,None,2026-08-22 12:22:31.285315
63:46:0A:23:6F:94,None,2026-08-22 12:22:36.638612
6A:70:7D:97:78:3F,None,2026-08-22 12:22:51.704733
60:1B:77:DE:7E:55,None,2026-08-22 12:22:51.747462
4A:5B:66:54:FA:09,None,2026-08-22 12:23:21.973099
E9:BE:34:A0:1B:C1,None,2026-08-22 12:24:12.751677
70:8C:B5:3E:EA:1B,None,2026-08-22 12:24:32.882882
44:3F:3C:CC:22:2A,None,2026-08-22 12:24:34.662691
7D:3A:5C:5C:F1:46,None,2026-08-22 12:24:36.617380
C1:E1:CC:C0:13:21,None,2026-08-22 12:24:57.690040
5D:06:8F:BE:3B:65,None,2026-08-22 12:25:50.549226
78:5C:D0:7E:2D:32,None,2026-08-22 12:25:53.797530
0F:9F:85:45:E0:DB,None,2026-08-22 12:28:14.417325
5C:67:02:C5:E5:D4,None,2026-08-22 12:29:00.757723
54:27:E2:57:AB:E7,None,2026-08-22 12:29:46.196077
C7:72:31:73:10:26,None,2026-08-22 12:30:00.497425
C7:E8:B2:79:60:6F,None,2026-08-22 12:30:00.622234
C9:6C:FD:1A:41:2C,None,2026-08-22 12:30:02.011842
C6:E5:D7:E2:4D:61,None,2026-08-22 12:30:04.939313
CD:AD:EA:D9:78:94,None,2026-08-22 12:30:07.636157
F1:6B:9B:5B:2D:F5,None,2026-08-22 12:30:07.830977
F0:D6:43:C2:29:2C,None,2026-08-22 12:30:15.802019
DF:FE:B3:3C:15:00,None,2026-08-22 12:30:18.612901
58:65:31:C6:61:40,None,2026-08-22 12:30:40.467979
F5:6E:2A:4C:C4:51,None,2026-08-22 12:30:44.084620
FA:DF:03:51:8E:40,None,2026-08-22 12:30:48.610287
47:39:B9:44:80:35,None,2026-08-22 12:32:19.454271
5C:FF:87:09:00:F1,None,2026-08-22 12:32:58.784858
FC:8F:33:3A:8B:6D,None,2026-08-22 12:34:09.380462
F2:60:A2:47:61:FB,None,2026-08-22 12:35:01.418770
73:C8:31:17:3C:05,None,2026-08-22 12:35:01.647584
34:C8:D7:EE:AE:56,AR,2026-08-22 12:35:10.217944
7D:88:8E:E9:0D:3F,None,2026-08-22 12:35:41.137060
77:6B:47:98:49:49,None,2026-08-22 12:35:43.722968
63:63:E0:95:57:64,None,2026-08-22 12:35:54.022008
49:02:EC:25:91:59,None,2026-08-22 12:36:32.178235
58:F7:59:7A:4C:86,None,2026-08-22 12:36:36.728359
E7:AA:FD:BC:8B:43,None,2026-08-22 12:37:08.632188
E8:E0:47:70:02:D9,None,2026-08-22 12:37:08.830314
75:AA:85:2C:A2:27,None,2026-08-22 12:37:09.573699
51:7B:6B:CC:67:0D,None,2026-08-22 12:37:25.287105
6F:05:77:1F:30:53,None,2026-08-22 12:37:31.561671
46:36:AF:35:CC:84,None,2026-08-22 12:37:32.227747
65:63:00:6A:46:7D,None,2026-08-22 12:37:33.242860
DD:77:9F:1B:A5:5F,None,2026-08-22 12:38:57.946253
5E:26:CD:CD:F7:E6,None,2026-08-22 12:40:37.847756
4C:08:DA:6B:6B:BB,None,2026-08-22 12:40:38.090987
61:14:59:95:17:13,None,2026-08-22 12:40:50.925080
65:BF:40:FF:09:F4,None,2026-08-22 12:42:31.376338
78:8D:E2:76:6B:D3,None,2026-08-22 12:43:43.904312
6C:4F:63:50:52:CD,None,2026-08-22 12:44:14.560849
46:3E:FC:48:3A:3B,None,2026-08-22 12:44:15.060719
C0:F4:E0:D7:D9:F3,None,2026-08-22 12:45:01.041267
F1:A3:16:A5:C0:BD,None,2026-08-22 12:45:01.313876
F6:28:55:2F:BB:AD,None,2026-08-22 12:45:03.146053
D4:FB:9A:E0:DE:16,None,2026-08-22 12:45:03.163757
F3:1F:5F:FE:47:1D,None,2026-08-22 12:45:08.180382
F5:E9:11:63:E3:B4,None,2026-08-22 12:45:14.974586
E0:78:B4:09:60:A1,None,2026-08-22 12:45:24.338869
49:BE:96:C4:50:F8,None,2026-08-22 12:45:37.970918
F2:43:74:66:E2:78,None,2026-08-22 12:45:39.392427
69:EA:0C:6A:14:7E,None,2026-08-22 12:45:46.590808
CD:D2:09:50:F7:62,None,2026-08-22 12:45:54.696877
D2:88:0E:28:4A:F9,None,2026-08-22 12:46:09.917701
FB:0D:D6:E6:8A:A6,None,2026-08-22 12:47:08.149556
F4:FD:93:A8:F3:11,None,2026-08-22 12:47:57.266595
6E:94:FD:DE:2E:DA,None,2026-08-22 12:48:19.094530
63:F1:43:CB:EC:85,None,2026-08-22 12:48:27.539112
FC:EE:EE:E5:47:F2,None,2026-08-22 12:48:57.460965
4F:25:17:D9:E2:33,None,2026-08-22 12:49:46.638023
42:D9:C8:A3:84:FB,None,2026-08-22 12:51:02.871432
7A:37:48:DB:FF:97,None,2026-08-22 12:51:03.386903
4F:23:D5:B2:8C:2E,None,2026-08-22 12:51:04.572473
4A:D8:1F:5C:66:69,None,2026-08-22 12:51:53.109971
49:42:AA:23:E8:24,None,2026-08-22 12:55:51.480206
62:A8:88:5C:F5:3E,None,2026-08-22 12:56:00.671903
60:B6:FB:87:87:C6,None,2026-08-22 12:57:58.439994
7F:D0:1A:27:7F:92,None,2026-08-22 12:58:01.133819
6A:F1:C7:D4:70:52,None,2026-08-22 12:58:20.010868
59:FC:A0:2D:22:96,None,2026-08-22 12:58:29.447490
51:E2:B6:64:91:AB,None,2026-08-22 12:59:11.893405
F7:B7:79:22:87:B4,None,2026-08-22 13:00:00.428544
D2:0E:CF:97:23:CC,None,2026-08-22 13:00:00.456718
D2:71:33:C2:FC:4B,None,2026-08-22 13:00:00.513296
76:69:7F:BC:0E:85,None,2026-08-22 13:00:00.588628
FB:48:CA:2F:B5:B3,None,2026-08-22 13:00:02.492811
ED:29:CA:8F:B8:88,None,2026-08-22 13:00:02.759636
FA:35:44:DD:24:74,None,2026-08-22 13:00:03.253835
DC:47:B5:04:B2:7E,None,2026-08-22 13:00:05.709411
53:DD:74:2C:A9:FE,None,2026-08-22 13:00:05.873389
E5:E7:75:54:44:BC,None,2026-08-22 13:00:20.978308
F5:35:50:C7:A7:38,None,2026-08-22 13:00:29.355987
F1:3F:66:1E:A5:20,None,2026-08-22 13:00:30.505887
CD:71:88:FB:00:D9,None,2026-08-22 13:00:37.601108
52:BF:82:EF:33:C8,None,2026-08-22 13:02:06.362062
5E:43:5E:40:D3:D0,None,2026-08-22 13:02:11.461236
30:FC:C7:16:01:1D,None,2026-08-22 13:02:13.925825
F0:F0:7C:9B:D4:5F,None,2026-08-22 13:08:11.297292
73:FC:6C:E0:7B:38,None,2026-08-22 13:08:23.139401
79:BF:F6:48:FB:72,None,2026-08-22 13:08:50.355923
68:4F:2B:8A:67:8C,None,2026-08-22 13:08:50.478775
76:F2:FD:04:BE:29,None,2026-08-22 13:08:52.231878
6B:FE:ED:1D:CF:60,None,2026-08-22 13:09:02.763654
6C:FF:3F:25:4D:F7,None,2026-08-22 13:10:00.243665
5A:84:E3:47:C2:8D,None,2026-08-22 13:10:07.774347
6B:9E:C4:51:C4:A6,None,2026-08-22 13:10:09.416892
67:72:35:FD:2E:AC,None,2026-08-22 13:10:20.432560
5A:CB:85:AD:D7:67,None,2026-08-22 13:10:48.886341
54:69:00:E5:01:70,None,2026-08-22 13:12:20.641710
F1:BB:8E:F9:E4:98,None,2026-08-22 13:12:25.283714
58:1F:5F:F3:97:E5,None,2026-08-22 13:12:31.295075
43:61:CB:96:C3:37,None,2026-08-22 13:12:31.599907
FF:79:BE:72:69:28,None,2026-08-22 13:12:31.629427
E7:50:12:3D:EE:A7,None,2026-08-22 13:12:37.044887
5B:30:BC:7F:A3:05,None,2026-08-22 13:12:40.191176
40:BC:FE:5D:0B:BE,None,2026-08-22 13:14:32.582542
F2:D5:77:7D:00:C7,None,2026-08-22 13:14:33.474914
10:97:BD:66:8E:0E,WQ-NOTACTIVATED,2026-08-22 13:14:33.997869
D7:B5:86:D2:ED:91,None,2026-08-22 13:15:01.085019
C2:A7:2D:7D:E0:1B,None,2026-08-22 13:15:01.419049
CF:BA:B4:FC:EA:33,None,2026-08-22 13:15:01.623671
FB:20:3A:22:2D:6D,None,2026-08-22 13:15:02.198988
DF:AF:E3:0F:D6:02,None,2026-08-22 13:15:02.651572
FD:3F:0E:87:B4:E1,None,2026-08-22 13:15:02.982628
D2:36:8A:19:57:CC,None,2026-08-22 13:15:03.296693
DA:67:84:A6:0D:6F,None,2026-08-22 13:15:13.977303
E5:30:14:37:34:1B,None,2026-08-22 13:15:22.744346
66:E4:3B:7C:A3:4D,None,2026-08-22 13:15:47.420749
63:50:11:A4:9B:98,None,2026-08-22 13:15:51.473086
E4:51:0C:F3:0B:6D,None,2026-08-22 13:15:51.778382
CF:6B:E2:A9:4A:6E,None,2026-08-22 13:15:52.207562
DB:62:59:D5:77:2A,None,2026-08-22 13:15:52.835511
E8:4E:F4:12:3D:DF,None,2026-08-22 13:16:14.360223
62:0B:F8:00:39:A0,None,2026-08-22 13:16:15.472759
D9:66:67:95:E1:CB,None,2026-08-22 13:16:52.614756
ED:19:98:8D:C5:15,None,2026-08-22 13:18:14.745677
51:FE:54:68:AA:A1,None,2026-08-22 13:18:26.651025
7A:D5:62:43:1F:4A,None,2026-08-22 13:19:35.372234
78:9C:DC:63:08:CE,None,2026-08-22 13:20:21.690200
D5:B4:AD:AD:4B:2F,None,2026-08-22 13:20:35.992154
6B:5B:2A:07:5E:C3,None,2026-08-22 13:22:57.207262
64:A8:92:13:86:0F,None,2026-08-22 13:23:07.314948
60:03:47:67:FD:92,None,2026-08-22 13:23:07.458634
5D:C3:32:AD:35:58,None,2026-08-22 13:23:08.773679
42:52:49:0E:D0:8C,None,2026-08-22 13:23:41.080364
46:FF:03:F6:E8:3D,None,2026-08-22 13:25:48.874343
60:75:62:65:65:04,None,2026-08-22 13:26:04.200565
41:0B:08:5F:0E:4F,None,2026-08-22 13:26:41.609210
DC:5A:A0:BE:8E:3A,None,2026-08-22 13:26:46.547313
7D:F0:9C:E3:42:35,None,2026-08-22 13:29:53.033213
E1:77:96:CF:15:D4,None,2026-08-22 13:30:01.597911
D0:F9:2C:30:25:3C,None,2026-08-22 13:30:02.271479
F9:D3:62:76:29:E8,None,2026-08-22 13:30:02.684520
F1:47:95:BF:E3:8E,None,2026-08-22 13:30:02.890979
FD:E3:23:68:A1:DA,None,2026-08-22 13:30:02.950851
CA:0D:E7:A3:7D:39,None,2026-08-22 13:30:04.051973
C9:68:31:2D:94:FF,None,2026-08-22 13:30:04.131746
ED:CC:74:97:9F:84,None,2026-08-22 13:30:05.844618
D3:54:F3:A8:55:E9,None,2026-08-22 13:30:05.955462
E4:AB:53:0D:60:E2,None,2026-08-22 13:30:06.576019
F1:BB:BB:8D:6E:BF,None,2026-08-22 13:30:49.157760
40:6A:16:56:0A:3B,None,2026-08-22 13:31:05.692524
CD:D5:C2:66:90:FB,None,2026-08-22 13:31:46.387033
EB:73:46:2E:67:C8,None,2026-08-22 13:33:40.816837
E3:0B:83:ED:86:A9,None,2026-08-22 13:34:33.387113
20:35:E3:2D:D1:9B,None,2026-08-22 13:34:38.375445
66:3E:9E:5F:22:D9,None,2026-08-22 13:35:57.222741
48:30:00:02:97:69,None,2026-08-22 13:35:57.293140
5D:66:E2:AF:5D:22,None,2026-08-22 13:36:56.627327
E1:2B:5D:20:04:B6,None,2026-08-22 13:37:04.305043
54:E9:FF:E3:D3:E4,None,2026-08-22 13:37:21.966271
64:70:F2:CB:08:56,None,2026-08-22 13:38:25.694859
64:BE:70:D1:15:2E,None,2026-08-22 13:40:49.086670
4C:A5:F7:ED:0C:96,None,2026-08-22 13:40:58.517246
79:EF:19:26:B6:CF,None,2026-08-22 13:40:59.101107
7E:FF:FD:40:47:FE,None,2026-08-22 13:40:59.843863
65:06:EA:48:87:7E,None,2026-08-22 13:41:32.595967
43:81:B0:99:5D:36,None,2026-08-22 13:42:49.381048
47:81:7E:FD:E2:DC,None,2026-08-22 13:43:47.656263
FF:21:02:49:1B:68,None,2026-08-22 13:45:00.054282
E6:04:3A:89:E9:CA,None,2026-08-22 13:45:02.367263
D1:EF:12:E0:24:E8,None,2026-08-22 13:45:02.480560
CD:9B:F3:85:63:2D,None,2026-08-22 13:45:04.647617
F5:B5:4D:A1:20:51,None,2026-08-22 13:45:05.153578
CF:BD:E6:89:4B:47,None,2026-08-22 13:45:05.175431
E5:7B:4C:2B:85:7C,None,2026-08-22 13:45:18.068239
D2:F8:90:1B:A5:F4,None,2026-08-22 13:46:21.686529
EE:9C:9A:0B:9D:C5,None,2026-08-22 13:46:29.722593
CA:A9:DB:13:19:F5,None,2026-08-22 13:46:47.047851
CF:92:C5:54:35:33,None,2026-08-22 13:46:51.754471
5E:B1:7B:60:13:FE,None,2026-08-22 13:48:03.186580
CD:1D:B5:59:BB:19,None,2026-08-22 13:49:53.277682
58:B3:51:4F:BB:F2,None,2026-08-22 13:50:22.917225
52:5F:53:08:15:00,None,2026-08-22 13:50:28.812996
79:A5:08:EF:C9:25,None,2026-08-22 13:51:39.924045
45:03:AE:00:16:6A,None,2026-08-22 13:51:41.614184
DA:27:26:6D:04:D7,None,2026-08-22 13:51:41.659917
7A:7F:DF:79:AC:C2,None,2026-08-22 13:53:02.715545
77:70:12:A3:F9:E4,None,2026-08-22 13:55:49.642569
40:E3:CC:86:9E:25,None,2026-08-22 13:58:21.120764
7C:17:C8:8E:34:2E,None,2026-08-22 13:58:31.256798
6C:EA:B6:47:8D:00,None,2026-08-22 13:58:50.675840
E3:9F:BC:B0:AE:79,None,2026-08-22 14:00:00.110434
F5:A1:A9:56:35:6D,None,2026-08-22 14:00:00.153664
FA:9E:3E:B8:56:CE,None,2026-08-22 14:00:00.526817
F6:C5:7F:B5:9B:18,None,2026-08-22 14:00:00.757262
EC:70:E1:73:59:FE,None,2026-08-22 14:00:04.440731
D4:FE:86:58:25:F8,None,2026-08-22 14:00:04.858229
C3:86:E6:22:D1:79,None,2026-08-22 14:00:06.524642
C1:24:15:05:B8:F6,None,2026-08-22 14:00:07.928906
D6:3F:DD:92:96:1C,None,2026-08-22 14:00:12.635658
D8:D7:11:58:EC:1D,None,2026-08-22 14:00:16.223631
6E:31:9B:52:9B:0B,None,2026-08-22 14:00:32.952432
FF:72:05:6A:F9:0F,None,2026-08-22 14:00:47.482198
50:19:A2:53:F6:F6,None,2026-08-22 14:00:48.611283
48:E7:EE:C8:17:12,None,2026-08-22 14:00:59.726165
69:11:3C:52:C8:FA,None,2026-08-22 14:01:02.775494
7C:C4:EE:20:49:E6,None,2026-08-22 14:01:03.624958
FA:13:B5:AC:30:D8,None,2026-08-22 14:01:03.744989
52:06:FD:0C:F3:D8,None,2026-08-22 14:03:22.330524
42:92:7B:77:62:F8,None,2026-08-22 14:04:26.434002
74:7D:EA:9E:68:42,None,2026-08-22 14:05:03.172492
4E:6A:72:DB:0C:5B,None,2026-08-22 14:07:09.433750
77:36:73:56:A2:7B,None,2026-08-22 14:08:45.250592
5C:F3:25:8B:A0:8E,None,2026-08-22 14:10:49.676372
50:95:5A:05:E0:6F,None,2026-08-22 14:12:02.902814
65:F3:7A:26:AE:F7,None,2026-08-22 14:12:03.435790
7F:EA:6B:28:08:A8,None,2026-08-22 14:12:03.740581
6E:67:50:CD:74:F1,None,2026-08-22 14:13:00.633669
43:01:54:E5:C0:4A,None,2026-08-22 14:14:58.461335
D0:4C:96:88:60:CF,None,2026-08-22 14:15:00.042409
E8:89:0F:4F:38:B5,None,2026-08-22 14:15:00.351313
EF:AF:19:F7:38:21,None,2026-08-22 14:15:02.570440
C5:04:8E:0A:D0:00,None,2026-08-22 14:15:04.069999
E2:3D:5C:75:2A:EA,None,2026-08-22 14:15:04.445084
C4:6A:73:2B:40:9A,None,2026-08-22 14:15:04.506160
E6:0F:26:40:CC:43,None,2026-08-22 14:15:11.754067
D8:81:79:50:3E:95,None,2026-08-22 14:15:18.430006
D8:E0:A7:41:DA:89,None,2026-08-22 14:15:19.543369
08:B4:00:52:44:A3,None,2026-08-22 14:15:19.904512
DC:F6:46:2F:6C:D0,None,2026-08-22 14:15:57.050284
F2:5D:45:23:F3:C9,None,2026-08-22 14:16:37.867760
59:15:A1:F0:71:A3,None,2026-08-22 14:16:57.375975
70:5A:00:05:40:32,None,2026-08-22 14:17:33.938798
78:3D:8C:06:47:01,None,2026-08-22 14:18:35.305824
DC:D4:29:AD:B2:0F,None,2026-08-22 14:18:36.077765
48:B8:9E:31:02:D9,None,2026-08-22 14:18:38.922646
6F:E1:0D:4F:D6:13,None,2026-08-22 14:19:09.301200
71:E4:29:42:4F:20,None,2026-08-22 14:20:55.751692
79:66:EA:6E:AC:1D,None,2026-08-22 14:20:55.774780
4E:32:B0:46:22:F5,None,2026-08-22 14:21:06.448304
5E:8E:E4:47:06:6C,None,2026-08-22 14:21:35.011033
49:04:8D:B6:FB:1F,None,2026-08-22 14:22:11.063016
58:81:3C:36:AA:61,None,2026-08-22 14:23:41.667028
64:CB:31:B0:41:87,None,2026-08-22 14:24:37.046550
56:7B:4D:D8:F6:CD,None,2026-08-22 14:25:20.635545
50:67:58:87:5B:15,None,2026-08-22 14:25:50.206441
A4:C1:38:60:E0:AE,LEDBLE-02-E0AE,2026-08-22 14:26:14.898630
6F:E0:0F:B5:9A:DD,None,2026-08-22 14:26:25.879195
E7:BB:20:70:D1:E8,None,2026-08-22 14:26:29.196806
3C:24:1C:BA:28:2A,None,2026-08-22 14:27:02.637048
76:20:67:7A:B2:06,None,2026-08-22 14:27:31.061493
64:98:46:DC:0B:BF,None,2026-08-22 14:27:32.118076
62:0B:70:2D:37:54,None,2026-08-22 14:27:32.925078
7F:17:86:A7:6F:6A,None,2026-08-22 14:28:51.105302
40:F1:36:31:E5:4B,None,2026-08-22 14:29:25.565742
47:F5:FE:C0:72:0B,None,2026-08-22 14:29:36.147389
C1:B3:1D:00:95:75,None,2026-08-22 14:30:00.114816
F6:0E:4B:E6:04:F2,None,2026-08-22 14:30:00.493304
D5:7F:F2:63:83:46,None,2026-08-22 14:30:02.064295
FB:FE:65:CD:1F:17,None,2026-08-22 14:30:06.682316
E2:5D:7A:1D:33:A6,None,2026-08-22 14:30:09.210142
D6:9A:D2:F8:87:8F,None,2026-08-22 14:30:09.694123
C9:76:B7:90:3B:AF,None,2026-08-22 14:30:12.487499
FE:C4:39:84:19:D4,None,2026-08-22 14:30:14.742513
F6:95:A0:95:AE:31,None,2026-08-22 14:30:16.602210
E5:AA:21:92:41:31,None,2026-08-22 14:31:00.285457
F1:35:DC:B8:2E:77,None,2026-08-22 14:31:04.333355
79:77:5D:A7:B5:50,None,2026-08-22 14:31:10.403180
51:03:6B:A3:4B:E4,None,2026-08-22 14:32:35.019112
5B:74:DC:4C:F7:64,None,2026-08-22 14:36:29.442754
E3:43:A7:8D:0B:75,None,2026-08-22 14:37:33.345065
C5:C7:90:F4:22:77,None,2026-08-22 14:38:35.150082
76:82:5A:1A:9A:DB,None,2026-08-22 14:40:20.546741
41:32:C1:A8:B9:02,None,2026-08-22 14:40:50.202205
76:C2:A6:21:9D:4E,None,2026-08-22 14:41:06.786556
6C:D2:23:5C:6B:A0,None,2026-08-22 14:41:09.654396
57:C8:5B:5E:95:03,None,2026-08-22 14:41:30.939126
D4:B2:64:8D:7D:E5,None,2026-08-22 14:42:38.299107
76:F9:9D:A1:5C:37,None,2026-08-22 14:43:20.057901
CB:BC:21:C2:0D:8A,None,2026-08-22 14:45:09.821273
EE:03:04:82:49:8D,None,2026-08-22 14:45:10.051547
D2:C0:58:EE:C9:13,None,2026-08-22 14:45:11.992999
FA:FB:C1:E8:BD:28,None,2026-08-22 14:45:13.820894
F9:8B:C9:AA:B6:F2,None,2026-08-22 14:45:14.180570
DD:A3:B5:0D:53:2F,None,2026-08-22 14:45:16.165189
55:D9:D2:BA:6C:42,None,2026-08-22 14:45:16.822261
72:FE:F7:92:B2:60,None,2026-08-22 14:45:17.616399
F4:97:BD:BA:23:4C,None,2026-08-22 14:45:18.057360
ED:5F:10:F2:EE:1B,None,2026-08-22 14:45:22.321053
75:40:9F:A9:E2:C4,None,2026-08-22 14:45:26.907437
E0:43:A7:6D:66:DE,None,2026-08-22 14:45:29.786580
E9:E7:64:70:CB:87,None,2026-08-22 14:45:30.688459
6A:61:44:BC:E2:3C,None,2026-08-22 14:46:19.451204
41:19:33:90:A7:8F,None,2026-08-22 14:46:19.550636
D3:EF:35:68:07:40,None,2026-08-22 14:46:22.009728
6E:C8:0D:1A:11:7A,None,2026-08-22 14:46:22.962362
5B:98:34:F4:72:98,None,2026-08-22 14:46:25.411385
4E:F8:77:22:BA:72,None,2026-08-22 14:46:25.530438
F5:30:4F:CE:14:0A,None,2026-08-22 14:46:56.002368
57:71:50:84:9A:65,None,2026-08-22 14:47:44.950376
4C:9E:B1:33:70:86,None,2026-08-22 14:48:35.762648
41:B6:2B:01:6B:8F,None,2026-08-22 14:49:07.737266
45:A6:33:AB:64:41,None,2026-08-22 14:49:09.371483
63:32:C6:0C:35:D3,None,2026-08-22 14:50:00.877002
70:E7:0F:B7:B6:C8,None,2026-08-22 14:51:15.625591
5F:18:92:08:0E:01,None,2026-08-22 14:51:16.803546
60:85:C1:57:DB:51,None,2026-08-22 14:51:33.427089
7F:BC:F9:B6:32:07,None,2026-08-22 14:51:47.134544
7A:28:E8:74:8B:33,None,2026-08-22 14:53:38.389047
E9:97:FE:3C:CB:72,None,2026-08-22 14:53:57.671352
70:8F:A7:44:B8:9A,None,2026-08-22 14:55:49.312004
61:8F:21:A4:2E:9B,None,2026-08-22 14:57:10.026878
7A:FC:FB:32:D8:D2,None,2026-08-22 14:57:10.164710
C4:03:1E:FF:87:51,None,2026-08-22 14:57:10.587569
D4:9E:DF:CD:A1:88,None,2026-08-22 14:57:10.853340
C8:6D:4A:A7:6E:71,None,2026-08-22 15:00:00.051793
F4:C0:50:53:E0:E8,None,2026-08-22 15:00:00.375953
DA:46:63:60:B3:21,None,2026-08-22 15:00:04.061821
E3:56:93:EC:82:41,None,2026-08-22 15:00:04.333149
FA:75:91:1A:9B:25,None,2026-08-22 15:00:05.697250
DA:8F:6B:32:F5:67,None,2026-08-22 15:00:08.968027
FD:E4:C2:61:77:B2,None,2026-08-22 15:00:09.240007
E2:BF:CE:00:1C:CC,None,2026-08-22 15:00:14.616115
7A:42:7A:F6:70:95,None,2026-08-22 15:00:30.298838
C3:EF:B4:E7:76:FF,None,2026-08-22 15:00:43.699190
48:96:D9:CA:2E:C2,None,2026-08-22 15:00:49.449127
55:BA:6D:9D:C6:DE,None,2026-08-22 15:01:06.476010
C9:94:66:9B:27:55,None,2026-08-22 15:01:06.681227
F6:29:31:2F:3C:00,None,2026-08-22 15:01:10.164089
EE:15:4B:09:44:FF,None,2026-08-22 15:01:21.693467
5D:47:21:09:F0:B0,None,2026-08-22 15:02:06.835517
68:1E:11:FA:82:B5,None,2026-08-22 15:02:09.092183
7E:0F:91:CF:40:F3,None,2026-08-22 15:02:09.127346
45:55:BA:C8:D6:BF,None,2026-08-22 15:03:05.532627
47:C9:51:4C:E0:FC,None,2026-08-22 15:03:57.246137
52:37:FB:D5:69:FA,None,2026-08-22 15:06:06.603967
62:9C:95:19:8E:58,None,2026-08-22 15:06:21.128579
F6:09:09:D1:6A:BC,None,2026-08-22 15:06:34.123632
4B:B0:24:CF:6F:DE,None,2026-08-22 15:07:14.669402
64:FB:F4:0D:35:54,None,2026-08-22 15:07:40.430535
52:F3:F2:1D:A3:C5,None,2026-08-22 15:08:01.261176
66:68:C8:04:5E:58,None,2026-08-22 15:08:04.075072
6C:8A:1C:1F:72:14,None,2026-08-22 15:08:51.920181
7E:F0:95:65:78:79,None,2026-08-22 15:10:02.643010
6B:64:F5:ED:1B:63,None,2026-08-22 15:10:20.950956
70:DF:7B:3B:AF:BE,None,2026-08-22 15:10:36.403982
E2:B4:93:18:0C:B7,None,2026-08-22 15:10:36.860578
73:78:8E:32:0E:CC,None,2026-08-22 15:10:36.900780
79:C2:D7:0E:94:4E,None,2026-08-22 15:10:37.086134
FB:B3:68:E3:08:2B,None,2026-08-22 15:10:37.829545
5E:97:82:31:3D:25,None,2026-08-22 15:10:50.960831
45:F3:3E:B3:BC:CD,None,2026-08-22 15:11:13.742278
73:3A:C1:12:35:BB,None,2026-08-22 15:12:07.514210
C2:BC:D1:F7:1D:FD,None,2026-08-22 15:15:00.062734
EB:80:49:DF:4C:75,None,2026-08-22 15:15:02.193191
F5:10:C7:34:0C:A1,None,2026-08-22 15:15:04.086385
EF:E0:C5:52:82:84,None,2026-08-22 15:15:08.463288
C4:4A:C7:04:8C:DF,None,2026-08-22 15:15:10.527776
D1:54:48:60:BC:F2,None,2026-08-22 15:15:21.628831
DF:CF:3B:1A:DD:70,None,2026-08-22 15:15:36.104586
7D:45:7C:B3:25:C9,None,2026-08-22 15:15:42.951373
62:9A:F6:A6:F3:E3,None,2026-08-22 15:15:53.063996
F2:15:6C:B8:97:73,None,2026-08-22 15:16:40.874393
FB:C2:16:92:D6:95,None,2026-08-22 15:17:48.802450
FA:88:69:45:30:91,None,2026-08-22 15:17:49.096350
53:34:AC:D6:8A:B8,None,2026-08-22 15:18:49.205884
6B:39:BC:89:89:F6,None,2026-08-22 15:18:49.751694
5A:5A:1E:60:39:B6,None,2026-08-22 15:18:50.713266
5C:6A:8C:27:75:7D,None,2026-08-22 15:18:57.420384
E5:99:F3:C1:A1:C4,None,2026-08-22 15:19:00.214119
EA:0D:9E:1F:08:D2,None,2026-08-22 15:19:08.378248
C5:72:57:D4:5F:BA,None,2026-08-22 15:19:46.597660
42:3F:96:38:FB:67,None,2026-08-22 15:20:27.550793
49:D1:B2:70:AE:D7,None,2026-08-22 15:21:45.788617
50:43:0C:62:C4:D2,None,2026-08-22 15:22:20.934655
7C:ED:A4:43:7C:45,None,2026-08-22 15:22:32.063147
E8:34:AD:4B:F9:54,None,2026-08-22 15:23:58.058913
4B:D4:7F:21:8E:07,None,2026-08-22 15:25:33.289308
73:3D:D1:4D:F1:6A,None,2026-08-22 15:25:48.955913
46:0B:E6:52:E4:C2,None,2026-08-22 15:25:54.679916
71:73:9A:CE:2E:36,None,2026-08-22 15:27:01.050204
71:56:D9:0B:C0:BD,None,2026-08-22 15:27:04.715317
CB:F3:E6:17:23:CE,None,2026-08-22 15:28:30.513832
66:8F:E4:1A:C4:80,None,2026-08-22 15:28:31.200990
47:64:1F:95:40:F1,None,2026-08-22 15:29:40.219959
DE:39:4A:4B:7F:49,None,2026-08-22 15:30:01.208453
D1:B5:E3:10:1A:FA,None,2026-08-22 15:30:02.572186
D1:94:43:BD:01:87,None,2026-08-22 15:30:05.224358
E1:5D:E6:00:AC:03,None,2026-08-22 15:30:05.465027
D8:8D:57:F0:14:B6,None,2026-08-22 15:30:06.124348
D8:AC:92:D6:37:98,None,2026-08-22 15:30:12.181151
E4:66:74:75:87:0A,None,2026-08-22 15:30:12.724250
52:7E:B8:CF:15:B5,None,2026-08-22 15:30:26.573945
F6:0C:CC:E4:95:FA,None,2026-08-22 15:30:28.290920
CB:59:08:48:2B:E2,None,2026-08-22 15:30:34.379643
58:CA:7B:98:F5:D0,None,2026-08-22 15:30:36.443961
57:1F:2C:7C:7A:B1,None,2026-08-22 15:30:36.487005
F9:B3:67:1A:54:37,None,2026-08-22 15:30:38.586679
FE:40:8C:F5:A3:69,None,2026-08-22 15:30:38.624865
77:33:58:C0:5B:CE,None,2026-08-22 15:30:53.540778
D1:8D:08:81:5E:62,None,2026-08-22 15:31:25.083869
6F:4D:1B:B9:94:A5,None,2026-08-22 15:31:50.789686
40:EE:34:9A:1B:FA,None,2026-08-22 15:31:51.452187
54:69:55:59:A6:7D,None,2026-08-22 15:31:52.823055
D6:17:86:09:1C:73,None,2026-08-22 15:32:58.858212
40:27:F6:9C:95:64,None,2026-08-22 15:33:34.812898
7F:30:46:10:95:07,None,2026-08-22 15:33:43.526870
71:61:F1:38:DB:E6,None,2026-08-22 15:34:46.048810
59:A0:01:FC:6F:9E,None,2026-08-22 15:36:31.509057
E3:80:E6:B5:13:84,None,2026-08-22 15:36:40.962163
D1:17:77:55:7F:BF,None,2026-08-22 15:36:42.798715
51:26:9D:FA:D5:2A,None,2026-08-22 15:37:45.950962
FE:7C:63:EB:AA:58,None,2026-08-22 15:38:37.140887
6A:F7:9E:27:6B:DD,None,2026-08-22 15:39:08.257652
40:4B:A4:00:6C:8B,None,2026-08-22 15:39:30.476090
64:93:36:29:55:98,None,2026-08-22 15:40:07.377260
C3:1F:B6:4D:FF:1B,None,2026-08-22 15:40:31.498695
64:CF:8F:8B:0E:50,None,2026-08-22 15:40:32.486191
4A:74:77:DE:B3:9F,None,2026-08-22 15:40:32.543716
48:2B:97:4D:79:B4,None,2026-08-22 15:40:34.838820
72:44:20:97:34:3C,None,2026-08-22 15:40:37.115570
76:BC:3A:87:F6:C1,None,2026-08-22 15:40:56.968091
59:34:9B:29:C3:22,None,2026-08-22 15:41:19.295549
C9:4E:8C:51:6A:D2,None,2026-08-22 15:41:38.464604
7C:60:4A:B7:7D:9D,None,2026-08-22 15:41:39.540755
EB:E3:01:72:5C:2B,None,2026-08-22 15:43:43.394891
DC:3B:4D:A0:85:42,None,2026-08-22 15:45:04.148188
C2:83:7C:72:E6:BF,None,2026-08-22 15:45:04.616228
FF:72:20:CB:D3:11,None,2026-08-22 15:45:04.680804
D2:4A:8D:3C:E0:D3,None,2026-08-22 15:45:04.820803
E1:09:6C:58:83:5D,None,2026-08-22 15:45:05.863063
E1:02:B1:87:FC:14,None,2026-08-22 15:45:06.142407
D8:D0:31:0D:D8:2E,None,2026-08-22 15:45:06.696963
CE:16:58:AC:61:46,None,2026-08-22 15:45:13.784632
C3:B7:49:A9:1C:89,None,2026-08-22 15:45:18.640807
52:04:40:7F:AF:F4,None,2026-08-22 15:45:19.096346
43:51:E6:23:40:D5,None,2026-08-22 15:46:27.084721
5E:83:F2:93:90:3A,None,2026-08-22 15:46:27.317303
72:9F:9D:D0:F9:5F,None,2026-08-22 15:46:27.755467
F5:4E:B0:54:C7:57,None,2026-08-22 15:47:08.867941
E7:E6:F7:5C:3A:AE,None,2026-08-22 15:47:12.108996
EC:67:FC:EA:4D:F5,None,2026-08-22 15:47:28.905407
CA:57:33:C6:46:9F,None,2026-08-22 15:49:54.546934
6A:A8:42:B2:30:23,None,2026-08-22 15:50:00.004451
7E:2C:71:96:56:E7,None,2026-08-22 15:50:44.770711
5C:FB:62:B5:8D:21,None,2026-08-22 15:52:08.596359
DE:62:E3:54:3F:1F,None,2026-08-22 15:52:10.781029
55:77:37:18:D6:06,None,2026-08-22 15:53:08.943377
57:EC:9D:B8:C3:C9,None,2026-08-22 15:53:08.979952
                                                  